date,location,fuel_type,price_usd_mt,source
2019-01-01,SGP_SIN,VLSFO,629.74,SYNTHETIC_DEMO
2019-01-01,SGP_SIN,MGO,806.61,SYNTHETIC_DEMO
2019-01-01,LKA_CMB,VLSFO,645.49,SYNTHETIC_DEMO
2019-01-01,LKA_CMB,MGO,826.78,SYNTHETIC_DEMO
2019-01-01,ARE_FUJ,VLSFO,623.45,SYNTHETIC_DEMO
2019-01-01,ARE_FUJ,MGO,798.54,SYNTHETIC_DEMO
2019-01-02,SGP_SIN,VLSFO,621.92,SYNTHETIC_DEMO
2019-01-02,SGP_SIN,MGO,793.81,SYNTHETIC_DEMO
2019-01-02,LKA_CMB,VLSFO,637.47,SYNTHETIC_DEMO
2019-01-02,LKA_CMB,MGO,813.66,SYNTHETIC_DEMO
2019-01-02,ARE_FUJ,VLSFO,615.7,SYNTHETIC_DEMO
2019-01-02,ARE_FUJ,MGO,785.88,SYNTHETIC_DEMO
2019-01-03,SGP_SIN,VLSFO,613.73,SYNTHETIC_DEMO
2019-01-03,SGP_SIN,MGO,787.17,SYNTHETIC_DEMO
2019-01-03,LKA_CMB,VLSFO,629.08,SYNTHETIC_DEMO
2019-01-03,LKA_CMB,MGO,806.85,SYNTHETIC_DEMO
2019-01-03,ARE_FUJ,VLSFO,607.6,SYNTHETIC_DEMO
2019-01-03,ARE_FUJ,MGO,779.29,SYNTHETIC_DEMO
2019-01-04,SGP_SIN,VLSFO,620.24,SYNTHETIC_DEMO
2019-01-04,SGP_SIN,MGO,801.25,SYNTHETIC_DEMO
2019-01-04,LKA_CMB,VLSFO,635.75,SYNTHETIC_DEMO
2019-01-04,LKA_CMB,MGO,821.28,SYNTHETIC_DEMO
2019-01-04,ARE_FUJ,VLSFO,614.04,SYNTHETIC_DEMO
2019-01-04,ARE_FUJ,MGO,793.24,SYNTHETIC_DEMO
2019-01-05,SGP_SIN,VLSFO,615.16,SYNTHETIC_DEMO
2019-01-05,SGP_SIN,MGO,791.47,SYNTHETIC_DEMO
2019-01-05,LKA_CMB,VLSFO,630.54,SYNTHETIC_DEMO
2019-01-05,LKA_CMB,MGO,811.26,SYNTHETIC_DEMO
2019-01-05,ARE_FUJ,VLSFO,609.01,SYNTHETIC_DEMO
2019-01-05,ARE_FUJ,MGO,783.55,SYNTHETIC_DEMO
2019-01-06,SGP_SIN,VLSFO,605.32,SYNTHETIC_DEMO
2019-01-06,SGP_SIN,MGO,768.94,SYNTHETIC_DEMO
2019-01-06,LKA_CMB,VLSFO,620.46,SYNTHETIC_DEMO
2019-01-06,LKA_CMB,MGO,788.16,SYNTHETIC_DEMO
2019-01-06,ARE_FUJ,VLSFO,599.27,SYNTHETIC_DEMO
2019-01-06,ARE_FUJ,MGO,761.25,SYNTHETIC_DEMO
2019-01-07,SGP_SIN,VLSFO,599.58,SYNTHETIC_DEMO
2019-01-07,SGP_SIN,MGO,765.45,SYNTHETIC_DEMO
2019-01-07,LKA_CMB,VLSFO,614.57,SYNTHETIC_DEMO
2019-01-07,LKA_CMB,MGO,784.59,SYNTHETIC_DEMO
2019-01-07,ARE_FUJ,VLSFO,593.58,SYNTHETIC_DEMO
2019-01-07,ARE_FUJ,MGO,757.8,SYNTHETIC_DEMO
2019-01-08,SGP_SIN,VLSFO,608.07,SYNTHETIC_DEMO
2019-01-08,SGP_SIN,MGO,777.92,SYNTHETIC_DEMO
2019-01-08,LKA_CMB,VLSFO,623.27,SYNTHETIC_DEMO
2019-01-08,LKA_CMB,MGO,797.37,SYNTHETIC_DEMO
2019-01-08,ARE_FUJ,VLSFO,601.98,SYNTHETIC_DEMO
2019-01-08,ARE_FUJ,MGO,770.14,SYNTHETIC_DEMO
2019-01-09,SGP_SIN,VLSFO,604.99,SYNTHETIC_DEMO
2019-01-09,SGP_SIN,MGO,764.71,SYNTHETIC_DEMO
2019-01-09,LKA_CMB,VLSFO,620.12,SYNTHETIC_DEMO
2019-01-09,LKA_CMB,MGO,783.83,SYNTHETIC_DEMO
2019-01-09,ARE_FUJ,VLSFO,598.94,SYNTHETIC_DEMO
2019-01-09,ARE_FUJ,MGO,757.06,SYNTHETIC_DEMO
2019-01-10,SGP_SIN,VLSFO,613.27,SYNTHETIC_DEMO
2019-01-10,SGP_SIN,MGO,789.95,SYNTHETIC_DEMO
2019-01-10,LKA_CMB,VLSFO,628.61,SYNTHETIC_DEMO
2019-01-10,LKA_CMB,MGO,809.7,SYNTHETIC_DEMO
2019-01-10,ARE_FUJ,VLSFO,607.14,SYNTHETIC_DEMO
2019-01-10,ARE_FUJ,MGO,782.06,SYNTHETIC_DEMO
2019-01-11,SGP_SIN,VLSFO,605.93,SYNTHETIC_DEMO
2019-01-11,SGP_SIN,MGO,771.81,SYNTHETIC_DEMO
2019-01-11,LKA_CMB,VLSFO,621.08,SYNTHETIC_DEMO
2019-01-11,LKA_CMB,MGO,791.1,SYNTHETIC_DEMO
2019-01-11,ARE_FUJ,VLSFO,599.87,SYNTHETIC_DEMO
2019-01-11,ARE_FUJ,MGO,764.09,SYNTHETIC_DEMO
2019-01-12,SGP_SIN,VLSFO,614.1,SYNTHETIC_DEMO
2019-01-12,SGP_SIN,MGO,793.99,SYNTHETIC_DEMO
2019-01-12,LKA_CMB,VLSFO,629.46,SYNTHETIC_DEMO
2019-01-12,LKA_CMB,MGO,813.84,SYNTHETIC_DEMO
2019-01-12,ARE_FUJ,VLSFO,607.96,SYNTHETIC_DEMO
2019-01-12,ARE_FUJ,MGO,786.05,SYNTHETIC_DEMO
2019-01-13,SGP_SIN,VLSFO,618.15,SYNTHETIC_DEMO
2019-01-13,SGP_SIN,MGO,787.55,SYNTHETIC_DEMO
2019-01-13,LKA_CMB,VLSFO,633.61,SYNTHETIC_DEMO
2019-01-13,LKA_CMB,MGO,807.24,SYNTHETIC_DEMO
2019-01-13,ARE_FUJ,VLSFO,611.97,SYNTHETIC_DEMO
2019-01-13,ARE_FUJ,MGO,779.68,SYNTHETIC_DEMO
2019-01-14,SGP_SIN,VLSFO,621.03,SYNTHETIC_DEMO
2019-01-14,SGP_SIN,MGO,801.29,SYNTHETIC_DEMO
2019-01-14,LKA_CMB,VLSFO,636.56,SYNTHETIC_DEMO
2019-01-14,LKA_CMB,MGO,821.32,SYNTHETIC_DEMO
2019-01-14,ARE_FUJ,VLSFO,614.82,SYNTHETIC_DEMO
2019-01-14,ARE_FUJ,MGO,793.27,SYNTHETIC_DEMO
2019-01-15,SGP_SIN,VLSFO,622.8,SYNTHETIC_DEMO
2019-01-15,SGP_SIN,MGO,806.71,SYNTHETIC_DEMO
2019-01-15,LKA_CMB,VLSFO,638.37,SYNTHETIC_DEMO
2019-01-15,LKA_CMB,MGO,826.88,SYNTHETIC_DEMO
2019-01-15,ARE_FUJ,VLSFO,616.57,SYNTHETIC_DEMO
2019-01-15,ARE_FUJ,MGO,798.64,SYNTHETIC_DEMO
2019-01-16,SGP_SIN,VLSFO,622.88,SYNTHETIC_DEMO
2019-01-16,SGP_SIN,MGO,793.93,SYNTHETIC_DEMO
2019-01-16,LKA_CMB,VLSFO,638.45,SYNTHETIC_DEMO
2019-01-16,LKA_CMB,MGO,813.78,SYNTHETIC_DEMO
2019-01-16,ARE_FUJ,VLSFO,616.65,SYNTHETIC_DEMO
2019-01-16,ARE_FUJ,MGO,785.99,SYNTHETIC_DEMO
2019-01-17,SGP_SIN,VLSFO,630.98,SYNTHETIC_DEMO
2019-01-17,SGP_SIN,MGO,799.49,SYNTHETIC_DEMO
2019-01-17,LKA_CMB,VLSFO,646.76,SYNTHETIC_DEMO
2019-01-17,LKA_CMB,MGO,819.47,SYNTHETIC_DEMO
2019-01-17,ARE_FUJ,VLSFO,624.67,SYNTHETIC_DEMO
2019-01-17,ARE_FUJ,MGO,791.49,SYNTHETIC_DEMO
2019-01-18,SGP_SIN,VLSFO,634.22,SYNTHETIC_DEMO
2019-01-18,SGP_SIN,MGO,800.09,SYNTHETIC_DEMO
2019-01-18,LKA_CMB,VLSFO,650.07,SYNTHETIC_DEMO
2019-01-18,LKA_CMB,MGO,820.1,SYNTHETIC_DEMO
2019-01-18,ARE_FUJ,VLSFO,627.87,SYNTHETIC_DEMO
2019-01-18,ARE_FUJ,MGO,792.09,SYNTHETIC_DEMO
2019-01-19,SGP_SIN,VLSFO,623.02,SYNTHETIC_DEMO
2019-01-19,SGP_SIN,MGO,807.62,SYNTHETIC_DEMO
2019-01-19,LKA_CMB,VLSFO,638.59,SYNTHETIC_DEMO
2019-01-19,LKA_CMB,MGO,827.81,SYNTHETIC_DEMO
2019-01-19,ARE_FUJ,VLSFO,616.79,SYNTHETIC_DEMO
2019-01-19,ARE_FUJ,MGO,799.54,SYNTHETIC_DEMO
2019-01-20,SGP_SIN,VLSFO,624.93,SYNTHETIC_DEMO
2019-01-20,SGP_SIN,MGO,801.57,SYNTHETIC_DEMO
2019-01-20,LKA_CMB,VLSFO,640.55,SYNTHETIC_DEMO
2019-01-20,LKA_CMB,MGO,821.61,SYNTHETIC_DEMO
2019-01-20,ARE_FUJ,VLSFO,618.68,SYNTHETIC_DEMO
2019-01-20,ARE_FUJ,MGO,793.55,SYNTHETIC_DEMO
2019-01-21,SGP_SIN,VLSFO,617.65,SYNTHETIC_DEMO
2019-01-21,SGP_SIN,MGO,802.18,SYNTHETIC_DEMO
2019-01-21,LKA_CMB,VLSFO,633.1,SYNTHETIC_DEMO
2019-01-21,LKA_CMB,MGO,822.24,SYNTHETIC_DEMO
2019-01-21,ARE_FUJ,VLSFO,611.48,SYNTHETIC_DEMO
2019-01-21,ARE_FUJ,MGO,794.16,SYNTHETIC_DEMO
2019-01-22,SGP_SIN,VLSFO,621.17,SYNTHETIC_DEMO
2019-01-22,SGP_SIN,MGO,792.43,SYNTHETIC_DEMO
2019-01-22,LKA_CMB,VLSFO,636.7,SYNTHETIC_DEMO
2019-01-22,LKA_CMB,MGO,812.24,SYNTHETIC_DEMO
2019-01-22,ARE_FUJ,VLSFO,614.96,SYNTHETIC_DEMO
2019-01-22,ARE_FUJ,MGO,784.51,SYNTHETIC_DEMO
2019-01-23,SGP_SIN,VLSFO,621.48,SYNTHETIC_DEMO
2019-01-23,SGP_SIN,MGO,778.94,SYNTHETIC_DEMO
2019-01-23,LKA_CMB,VLSFO,637.02,SYNTHETIC_DEMO
2019-01-23,LKA_CMB,MGO,798.41,SYNTHETIC_DEMO
2019-01-23,ARE_FUJ,VLSFO,615.26,SYNTHETIC_DEMO
2019-01-23,ARE_FUJ,MGO,771.15,SYNTHETIC_DEMO
2019-01-24,SGP_SIN,VLSFO,620.94,SYNTHETIC_DEMO
2019-01-24,SGP_SIN,MGO,793.84,SYNTHETIC_DEMO
2019-01-24,LKA_CMB,VLSFO,636.47,SYNTHETIC_DEMO
2019-01-24,LKA_CMB,MGO,813.68,SYNTHETIC_DEMO
2019-01-24,ARE_FUJ,VLSFO,614.73,SYNTHETIC_DEMO
2019-01-24,ARE_FUJ,MGO,785.9,SYNTHETIC_DEMO
2019-01-25,SGP_SIN,VLSFO,627.19,SYNTHETIC_DEMO
2019-01-25,SGP_SIN,MGO,800.45,SYNTHETIC_DEMO
2019-01-25,LKA_CMB,VLSFO,642.87,SYNTHETIC_DEMO
2019-01-25,LKA_CMB,MGO,820.46,SYNTHETIC_DEMO
2019-01-25,ARE_FUJ,VLSFO,620.92,SYNTHETIC_DEMO
2019-01-25,ARE_FUJ,MGO,792.45,SYNTHETIC_DEMO
2019-01-26,SGP_SIN,VLSFO,615.57,SYNTHETIC_DEMO
2019-01-26,SGP_SIN,MGO,786.56,SYNTHETIC_DEMO
2019-01-26,LKA_CMB,VLSFO,630.96,SYNTHETIC_DEMO
2019-01-26,LKA_CMB,MGO,806.22,SYNTHETIC_DEMO
2019-01-26,ARE_FUJ,VLSFO,609.41,SYNTHETIC_DEMO
2019-01-26,ARE_FUJ,MGO,778.69,SYNTHETIC_DEMO
2019-01-27,SGP_SIN,VLSFO,621.09,SYNTHETIC_DEMO
2019-01-27,SGP_SIN,MGO,790.55,SYNTHETIC_DEMO
2019-01-27,LKA_CMB,VLSFO,636.62,SYNTHETIC_DEMO
2019-01-27,LKA_CMB,MGO,810.31,SYNTHETIC_DEMO
2019-01-27,ARE_FUJ,VLSFO,614.88,SYNTHETIC_DEMO
2019-01-27,ARE_FUJ,MGO,782.64,SYNTHETIC_DEMO
2019-01-28,SGP_SIN,VLSFO,614.02,SYNTHETIC_DEMO
2019-01-28,SGP_SIN,MGO,791.44,SYNTHETIC_DEMO
2019-01-28,LKA_CMB,VLSFO,629.37,SYNTHETIC_DEMO
2019-01-28,LKA_CMB,MGO,811.22,SYNTHETIC_DEMO
2019-01-28,ARE_FUJ,VLSFO,607.88,SYNTHETIC_DEMO
2019-01-28,ARE_FUJ,MGO,783.52,SYNTHETIC_DEMO
2019-01-29,SGP_SIN,VLSFO,624.83,SYNTHETIC_DEMO
2019-01-29,SGP_SIN,MGO,791.83,SYNTHETIC_DEMO
2019-01-29,LKA_CMB,VLSFO,640.45,SYNTHETIC_DEMO
2019-01-29,LKA_CMB,MGO,811.62,SYNTHETIC_DEMO
2019-01-29,ARE_FUJ,VLSFO,618.58,SYNTHETIC_DEMO
2019-01-29,ARE_FUJ,MGO,783.91,SYNTHETIC_DEMO
2019-01-30,SGP_SIN,VLSFO,612.79,SYNTHETIC_DEMO
2019-01-30,SGP_SIN,MGO,784.48,SYNTHETIC_DEMO
2019-01-30,LKA_CMB,VLSFO,628.11,SYNTHETIC_DEMO
2019-01-30,LKA_CMB,MGO,804.09,SYNTHETIC_DEMO
2019-01-30,ARE_FUJ,VLSFO,606.67,SYNTHETIC_DEMO
2019-01-30,ARE_FUJ,MGO,776.63,SYNTHETIC_DEMO
2019-01-31,SGP_SIN,VLSFO,603.7,SYNTHETIC_DEMO
2019-01-31,SGP_SIN,MGO,775.66,SYNTHETIC_DEMO
2019-01-31,LKA_CMB,VLSFO,618.79,SYNTHETIC_DEMO
2019-01-31,LKA_CMB,MGO,795.06,SYNTHETIC_DEMO
2019-01-31,ARE_FUJ,VLSFO,597.66,SYNTHETIC_DEMO
2019-01-31,ARE_FUJ,MGO,767.91,SYNTHETIC_DEMO
2019-02-01,SGP_SIN,VLSFO,616.33,SYNTHETIC_DEMO
2019-02-01,SGP_SIN,MGO,792.66,SYNTHETIC_DEMO
2019-02-01,LKA_CMB,VLSFO,631.74,SYNTHETIC_DEMO
2019-02-01,LKA_CMB,MGO,812.48,SYNTHETIC_DEMO
2019-02-01,ARE_FUJ,VLSFO,610.17,SYNTHETIC_DEMO
2019-02-01,ARE_FUJ,MGO,784.74,SYNTHETIC_DEMO
2019-02-02,SGP_SIN,VLSFO,624.97,SYNTHETIC_DEMO
2019-02-02,SGP_SIN,MGO,809.06,SYNTHETIC_DEMO
2019-02-02,LKA_CMB,VLSFO,640.6,SYNTHETIC_DEMO
2019-02-02,LKA_CMB,MGO,829.28,SYNTHETIC_DEMO
2019-02-02,ARE_FUJ,VLSFO,618.72,SYNTHETIC_DEMO
2019-02-02,ARE_FUJ,MGO,800.97,SYNTHETIC_DEMO
2019-02-03,SGP_SIN,VLSFO,613.77,SYNTHETIC_DEMO
2019-02-03,SGP_SIN,MGO,783.64,SYNTHETIC_DEMO
2019-02-03,LKA_CMB,VLSFO,629.11,SYNTHETIC_DEMO
2019-02-03,LKA_CMB,MGO,803.23,SYNTHETIC_DEMO
2019-02-03,ARE_FUJ,VLSFO,607.63,SYNTHETIC_DEMO
2019-02-03,ARE_FUJ,MGO,775.8,SYNTHETIC_DEMO
2019-02-04,SGP_SIN,VLSFO,611.85,SYNTHETIC_DEMO
2019-02-04,SGP_SIN,MGO,795.61,SYNTHETIC_DEMO
2019-02-04,LKA_CMB,VLSFO,627.15,SYNTHETIC_DEMO
2019-02-04,LKA_CMB,MGO,815.5,SYNTHETIC_DEMO
2019-02-04,ARE_FUJ,VLSFO,605.73,SYNTHETIC_DEMO
2019-02-04,ARE_FUJ,MGO,787.66,SYNTHETIC_DEMO
2019-02-05,SGP_SIN,VLSFO,626.89,SYNTHETIC_DEMO
2019-02-05,SGP_SIN,MGO,795.14,SYNTHETIC_DEMO
2019-02-05,LKA_CMB,VLSFO,642.56,SYNTHETIC_DEMO
2019-02-05,LKA_CMB,MGO,815.02,SYNTHETIC_DEMO
2019-02-05,ARE_FUJ,VLSFO,620.62,SYNTHETIC_DEMO
2019-02-05,ARE_FUJ,MGO,787.19,SYNTHETIC_DEMO
2019-02-06,SGP_SIN,VLSFO,620.16,SYNTHETIC_DEMO
2019-02-06,SGP_SIN,MGO,813.33,SYNTHETIC_DEMO
2019-02-06,LKA_CMB,VLSFO,635.66,SYNTHETIC_DEMO
2019-02-06,LKA_CMB,MGO,833.66,SYNTHETIC_DEMO
2019-02-06,ARE_FUJ,VLSFO,613.95,SYNTHETIC_DEMO
2019-02-06,ARE_FUJ,MGO,805.2,SYNTHETIC_DEMO
2019-02-07,SGP_SIN,VLSFO,635.02,SYNTHETIC_DEMO
2019-02-07,SGP_SIN,MGO,827.53,SYNTHETIC_DEMO
2019-02-07,LKA_CMB,VLSFO,650.89,SYNTHETIC_DEMO
2019-02-07,LKA_CMB,MGO,848.21,SYNTHETIC_DEMO
2019-02-07,ARE_FUJ,VLSFO,628.67,SYNTHETIC_DEMO
2019-02-07,ARE_FUJ,MGO,819.25,SYNTHETIC_DEMO
2019-02-08,SGP_SIN,VLSFO,626.22,SYNTHETIC_DEMO
2019-02-08,SGP_SIN,MGO,805.25,SYNTHETIC_DEMO
2019-02-08,LKA_CMB,VLSFO,641.87,SYNTHETIC_DEMO
2019-02-08,LKA_CMB,MGO,825.38,SYNTHETIC_DEMO
2019-02-08,ARE_FUJ,VLSFO,619.96,SYNTHETIC_DEMO
2019-02-08,ARE_FUJ,MGO,797.2,SYNTHETIC_DEMO
2019-02-09,SGP_SIN,VLSFO,621.0,SYNTHETIC_DEMO
2019-02-09,SGP_SIN,MGO,810.1,SYNTHETIC_DEMO
2019-02-09,LKA_CMB,VLSFO,636.52,SYNTHETIC_DEMO
2019-02-09,LKA_CMB,MGO,830.35,SYNTHETIC_DEMO
2019-02-09,ARE_FUJ,VLSFO,614.79,SYNTHETIC_DEMO
2019-02-09,ARE_FUJ,MGO,802.0,SYNTHETIC_DEMO
2019-02-10,SGP_SIN,VLSFO,630.01,SYNTHETIC_DEMO
2019-02-10,SGP_SIN,MGO,809.62,SYNTHETIC_DEMO
2019-02-10,LKA_CMB,VLSFO,645.76,SYNTHETIC_DEMO
2019-02-10,LKA_CMB,MGO,829.86,SYNTHETIC_DEMO
2019-02-10,ARE_FUJ,VLSFO,623.71,SYNTHETIC_DEMO
2019-02-10,ARE_FUJ,MGO,801.52,SYNTHETIC_DEMO
2019-02-11,SGP_SIN,VLSFO,626.97,SYNTHETIC_DEMO
2019-02-11,SGP_SIN,MGO,818.16,SYNTHETIC_DEMO
2019-02-11,LKA_CMB,VLSFO,642.65,SYNTHETIC_DEMO
2019-02-11,LKA_CMB,MGO,838.61,SYNTHETIC_DEMO
2019-02-11,ARE_FUJ,VLSFO,620.7,SYNTHETIC_DEMO
2019-02-11,ARE_FUJ,MGO,809.98,SYNTHETIC_DEMO
2019-02-12,SGP_SIN,VLSFO,641.87,SYNTHETIC_DEMO
2019-02-12,SGP_SIN,MGO,822.94,SYNTHETIC_DEMO
2019-02-12,LKA_CMB,VLSFO,657.91,SYNTHETIC_DEMO
2019-02-12,LKA_CMB,MGO,843.52,SYNTHETIC_DEMO
2019-02-12,ARE_FUJ,VLSFO,635.45,SYNTHETIC_DEMO
2019-02-12,ARE_FUJ,MGO,814.71,SYNTHETIC_DEMO
2019-02-13,SGP_SIN,VLSFO,624.15,SYNTHETIC_DEMO
2019-02-13,SGP_SIN,MGO,780.57,SYNTHETIC_DEMO
2019-02-13,LKA_CMB,VLSFO,639.75,SYNTHETIC_DEMO
2019-02-13,LKA_CMB,MGO,800.08,SYNTHETIC_DEMO
2019-02-13,ARE_FUJ,VLSFO,617.91,SYNTHETIC_DEMO
2019-02-13,ARE_FUJ,MGO,772.76,SYNTHETIC_DEMO
2019-02-14,SGP_SIN,VLSFO,633.15,SYNTHETIC_DEMO
2019-02-14,SGP_SIN,MGO,813.7,SYNTHETIC_DEMO
2019-02-14,LKA_CMB,VLSFO,648.98,SYNTHETIC_DEMO
2019-02-14,LKA_CMB,MGO,834.04,SYNTHETIC_DEMO
2019-02-14,ARE_FUJ,VLSFO,626.82,SYNTHETIC_DEMO
2019-02-14,ARE_FUJ,MGO,805.56,SYNTHETIC_DEMO
2019-02-15,SGP_SIN,VLSFO,637.79,SYNTHETIC_DEMO
2019-02-15,SGP_SIN,MGO,816.03,SYNTHETIC_DEMO
2019-02-15,LKA_CMB,VLSFO,653.74,SYNTHETIC_DEMO
2019-02-15,LKA_CMB,MGO,836.43,SYNTHETIC_DEMO
2019-02-15,ARE_FUJ,VLSFO,631.42,SYNTHETIC_DEMO
2019-02-15,ARE_FUJ,MGO,807.87,SYNTHETIC_DEMO
2019-02-16,SGP_SIN,VLSFO,632.25,SYNTHETIC_DEMO
2019-02-16,SGP_SIN,MGO,802.65,SYNTHETIC_DEMO
2019-02-16,LKA_CMB,VLSFO,648.05,SYNTHETIC_DEMO
2019-02-16,LKA_CMB,MGO,822.72,SYNTHETIC_DEMO
2019-02-16,ARE_FUJ,VLSFO,625.92,SYNTHETIC_DEMO
2019-02-16,ARE_FUJ,MGO,794.63,SYNTHETIC_DEMO
2019-02-17,SGP_SIN,VLSFO,634.95,SYNTHETIC_DEMO
2019-02-17,SGP_SIN,MGO,818.06,SYNTHETIC_DEMO
2019-02-17,LKA_CMB,VLSFO,650.83,SYNTHETIC_DEMO
2019-02-17,LKA_CMB,MGO,838.51,SYNTHETIC_DEMO
2019-02-17,ARE_FUJ,VLSFO,628.6,SYNTHETIC_DEMO
2019-02-17,ARE_FUJ,MGO,809.88,SYNTHETIC_DEMO
2019-02-18,SGP_SIN,VLSFO,637.83,SYNTHETIC_DEMO
2019-02-18,SGP_SIN,MGO,827.6,SYNTHETIC_DEMO
2019-02-18,LKA_CMB,VLSFO,653.78,SYNTHETIC_DEMO
2019-02-18,LKA_CMB,MGO,848.29,SYNTHETIC_DEMO
2019-02-18,ARE_FUJ,VLSFO,631.45,SYNTHETIC_DEMO
2019-02-18,ARE_FUJ,MGO,819.32,SYNTHETIC_DEMO
2019-02-19,SGP_SIN,VLSFO,619.5,SYNTHETIC_DEMO
2019-02-19,SGP_SIN,MGO,780.12,SYNTHETIC_DEMO
2019-02-19,LKA_CMB,VLSFO,634.99,SYNTHETIC_DEMO
2019-02-19,LKA_CMB,MGO,799.62,SYNTHETIC_DEMO
2019-02-19,ARE_FUJ,VLSFO,613.3,SYNTHETIC_DEMO
2019-02-19,ARE_FUJ,MGO,772.32,SYNTHETIC_DEMO
2019-02-20,SGP_SIN,VLSFO,638.84,SYNTHETIC_DEMO
2019-02-20,SGP_SIN,MGO,812.25,SYNTHETIC_DEMO
2019-02-20,LKA_CMB,VLSFO,654.81,SYNTHETIC_DEMO
2019-02-20,LKA_CMB,MGO,832.56,SYNTHETIC_DEMO
2019-02-20,ARE_FUJ,VLSFO,632.45,SYNTHETIC_DEMO
2019-02-20,ARE_FUJ,MGO,804.13,SYNTHETIC_DEMO
2019-02-21,SGP_SIN,VLSFO,634.92,SYNTHETIC_DEMO
2019-02-21,SGP_SIN,MGO,804.1,SYNTHETIC_DEMO
2019-02-21,LKA_CMB,VLSFO,650.79,SYNTHETIC_DEMO
2019-02-21,LKA_CMB,MGO,824.2,SYNTHETIC_DEMO
2019-02-21,ARE_FUJ,VLSFO,628.57,SYNTHETIC_DEMO
2019-02-21,ARE_FUJ,MGO,796.06,SYNTHETIC_DEMO
2019-02-22,SGP_SIN,VLSFO,643.54,SYNTHETIC_DEMO
2019-02-22,SGP_SIN,MGO,821.27,SYNTHETIC_DEMO
2019-02-22,LKA_CMB,VLSFO,659.63,SYNTHETIC_DEMO
2019-02-22,LKA_CMB,MGO,841.81,SYNTHETIC_DEMO
2019-02-22,ARE_FUJ,VLSFO,637.11,SYNTHETIC_DEMO
2019-02-22,ARE_FUJ,MGO,813.06,SYNTHETIC_DEMO
2019-02-23,SGP_SIN,VLSFO,617.29,SYNTHETIC_DEMO
2019-02-23,SGP_SIN,MGO,804.67,SYNTHETIC_DEMO
2019-02-23,LKA_CMB,VLSFO,632.72,SYNTHETIC_DEMO
2019-02-23,LKA_CMB,MGO,824.79,SYNTHETIC_DEMO
2019-02-23,ARE_FUJ,VLSFO,611.12,SYNTHETIC_DEMO
2019-02-23,ARE_FUJ,MGO,796.62,SYNTHETIC_DEMO
2019-02-24,SGP_SIN,VLSFO,636.5,SYNTHETIC_DEMO
2019-02-24,SGP_SIN,MGO,817.69,SYNTHETIC_DEMO
2019-02-24,LKA_CMB,VLSFO,652.41,SYNTHETIC_DEMO
2019-02-24,LKA_CMB,MGO,838.14,SYNTHETIC_DEMO
2019-02-24,ARE_FUJ,VLSFO,630.13,SYNTHETIC_DEMO
2019-02-24,ARE_FUJ,MGO,809.52,SYNTHETIC_DEMO
2019-02-25,SGP_SIN,VLSFO,630.8,SYNTHETIC_DEMO
2019-02-25,SGP_SIN,MGO,808.54,SYNTHETIC_DEMO
2019-02-25,LKA_CMB,VLSFO,646.57,SYNTHETIC_DEMO
2019-02-25,LKA_CMB,MGO,828.76,SYNTHETIC_DEMO
2019-02-25,ARE_FUJ,VLSFO,624.49,SYNTHETIC_DEMO
2019-02-25,ARE_FUJ,MGO,800.46,SYNTHETIC_DEMO
2019-02-26,SGP_SIN,VLSFO,638.17,SYNTHETIC_DEMO
2019-02-26,SGP_SIN,MGO,810.87,SYNTHETIC_DEMO
2019-02-26,LKA_CMB,VLSFO,654.13,SYNTHETIC_DEMO
2019-02-26,LKA_CMB,MGO,831.14,SYNTHETIC_DEMO
2019-02-26,ARE_FUJ,VLSFO,631.79,SYNTHETIC_DEMO
2019-02-26,ARE_FUJ,MGO,802.76,SYNTHETIC_DEMO
2019-02-27,SGP_SIN,VLSFO,629.71,SYNTHETIC_DEMO
2019-02-27,SGP_SIN,MGO,808.38,SYNTHETIC_DEMO
2019-02-27,LKA_CMB,VLSFO,645.45,SYNTHETIC_DEMO
2019-02-27,LKA_CMB,MGO,828.58,SYNTHETIC_DEMO
2019-02-27,ARE_FUJ,VLSFO,623.41,SYNTHETIC_DEMO
2019-02-27,ARE_FUJ,MGO,800.29,SYNTHETIC_DEMO
2019-02-28,SGP_SIN,VLSFO,636.54,SYNTHETIC_DEMO
2019-02-28,SGP_SIN,MGO,813.73,SYNTHETIC_DEMO
2019-02-28,LKA_CMB,VLSFO,652.45,SYNTHETIC_DEMO
2019-02-28,LKA_CMB,MGO,834.08,SYNTHETIC_DEMO
2019-02-28,ARE_FUJ,VLSFO,630.18,SYNTHETIC_DEMO
2019-02-28,ARE_FUJ,MGO,805.6,SYNTHETIC_DEMO
2019-03-01,SGP_SIN,VLSFO,626.3,SYNTHETIC_DEMO
2019-03-01,SGP_SIN,MGO,802.2,SYNTHETIC_DEMO
2019-03-01,LKA_CMB,VLSFO,641.96,SYNTHETIC_DEMO
2019-03-01,LKA_CMB,MGO,822.25,SYNTHETIC_DEMO
2019-03-01,ARE_FUJ,VLSFO,620.04,SYNTHETIC_DEMO
2019-03-01,ARE_FUJ,MGO,794.17,SYNTHETIC_DEMO
2019-03-02,SGP_SIN,VLSFO,645.03,SYNTHETIC_DEMO
2019-03-02,SGP_SIN,MGO,822.36,SYNTHETIC_DEMO
2019-03-02,LKA_CMB,VLSFO,661.16,SYNTHETIC_DEMO
2019-03-02,LKA_CMB,MGO,842.91,SYNTHETIC_DEMO
2019-03-02,ARE_FUJ,VLSFO,638.58,SYNTHETIC_DEMO
2019-03-02,ARE_FUJ,MGO,814.13,SYNTHETIC_DEMO
2019-03-03,SGP_SIN,VLSFO,639.61,SYNTHETIC_DEMO
2019-03-03,SGP_SIN,MGO,827.99,SYNTHETIC_DEMO
2019-03-03,LKA_CMB,VLSFO,655.6,SYNTHETIC_DEMO
2019-03-03,LKA_CMB,MGO,848.69,SYNTHETIC_DEMO
2019-03-03,ARE_FUJ,VLSFO,633.21,SYNTHETIC_DEMO
2019-03-03,ARE_FUJ,MGO,819.71,SYNTHETIC_DEMO
2019-03-04,SGP_SIN,VLSFO,631.27,SYNTHETIC_DEMO
2019-03-04,SGP_SIN,MGO,817.21,SYNTHETIC_DEMO
2019-03-04,LKA_CMB,VLSFO,647.05,SYNTHETIC_DEMO
2019-03-04,LKA_CMB,MGO,837.64,SYNTHETIC_DEMO
2019-03-04,ARE_FUJ,VLSFO,624.96,SYNTHETIC_DEMO
2019-03-04,ARE_FUJ,MGO,809.04,SYNTHETIC_DEMO
2019-03-05,SGP_SIN,VLSFO,612.86,SYNTHETIC_DEMO
2019-03-05,SGP_SIN,MGO,785.31,SYNTHETIC_DEMO
2019-03-05,LKA_CMB,VLSFO,628.18,SYNTHETIC_DEMO
2019-03-05,LKA_CMB,MGO,804.95,SYNTHETIC_DEMO
2019-03-05,ARE_FUJ,VLSFO,606.73,SYNTHETIC_DEMO
2019-03-05,ARE_FUJ,MGO,777.46,SYNTHETIC_DEMO
2019-03-06,SGP_SIN,VLSFO,629.28,SYNTHETIC_DEMO
2019-03-06,SGP_SIN,MGO,816.14,SYNTHETIC_DEMO
2019-03-06,LKA_CMB,VLSFO,645.02,SYNTHETIC_DEMO
2019-03-06,LKA_CMB,MGO,836.54,SYNTHETIC_DEMO
2019-03-06,ARE_FUJ,VLSFO,622.99,SYNTHETIC_DEMO
2019-03-06,ARE_FUJ,MGO,807.97,SYNTHETIC_DEMO
2019-03-07,SGP_SIN,VLSFO,619.09,SYNTHETIC_DEMO
2019-03-07,SGP_SIN,MGO,797.37,SYNTHETIC_DEMO
2019-03-07,LKA_CMB,VLSFO,634.56,SYNTHETIC_DEMO
2019-03-07,LKA_CMB,MGO,817.3,SYNTHETIC_DEMO
2019-03-07,ARE_FUJ,VLSFO,612.9,SYNTHETIC_DEMO
2019-03-07,ARE_FUJ,MGO,789.39,SYNTHETIC_DEMO
2019-03-08,SGP_SIN,VLSFO,620.47,SYNTHETIC_DEMO
2019-03-08,SGP_SIN,MGO,791.86,SYNTHETIC_DEMO
2019-03-08,LKA_CMB,VLSFO,635.98,SYNTHETIC_DEMO
2019-03-08,LKA_CMB,MGO,811.65,SYNTHETIC_DEMO
2019-03-08,ARE_FUJ,VLSFO,614.26,SYNTHETIC_DEMO
2019-03-08,ARE_FUJ,MGO,783.94,SYNTHETIC_DEMO
2019-03-09,SGP_SIN,VLSFO,618.06,SYNTHETIC_DEMO
2019-03-09,SGP_SIN,MGO,794.19,SYNTHETIC_DEMO
2019-03-09,LKA_CMB,VLSFO,633.51,SYNTHETIC_DEMO
2019-03-09,LKA_CMB,MGO,814.05,SYNTHETIC_DEMO
2019-03-09,ARE_FUJ,VLSFO,611.88,SYNTHETIC_DEMO
2019-03-09,ARE_FUJ,MGO,786.25,SYNTHETIC_DEMO
2019-03-10,SGP_SIN,VLSFO,625.1,SYNTHETIC_DEMO
2019-03-10,SGP_SIN,MGO,787.62,SYNTHETIC_DEMO
2019-03-10,LKA_CMB,VLSFO,640.73,SYNTHETIC_DEMO
2019-03-10,LKA_CMB,MGO,807.31,SYNTHETIC_DEMO
2019-03-10,ARE_FUJ,VLSFO,618.85,SYNTHETIC_DEMO
2019-03-10,ARE_FUJ,MGO,779.74,SYNTHETIC_DEMO
2019-03-11,SGP_SIN,VLSFO,613.38,SYNTHETIC_DEMO
2019-03-11,SGP_SIN,MGO,788.59,SYNTHETIC_DEMO
2019-03-11,LKA_CMB,VLSFO,628.72,SYNTHETIC_DEMO
2019-03-11,LKA_CMB,MGO,808.3,SYNTHETIC_DEMO
2019-03-11,ARE_FUJ,VLSFO,607.25,SYNTHETIC_DEMO
2019-03-11,ARE_FUJ,MGO,780.7,SYNTHETIC_DEMO
2019-03-12,SGP_SIN,VLSFO,612.13,SYNTHETIC_DEMO
2019-03-12,SGP_SIN,MGO,778.46,SYNTHETIC_DEMO
2019-03-12,LKA_CMB,VLSFO,627.43,SYNTHETIC_DEMO
2019-03-12,LKA_CMB,MGO,797.93,SYNTHETIC_DEMO
2019-03-12,ARE_FUJ,VLSFO,606.01,SYNTHETIC_DEMO
2019-03-12,ARE_FUJ,MGO,770.68,SYNTHETIC_DEMO
2019-03-13,SGP_SIN,VLSFO,641.28,SYNTHETIC_DEMO
2019-03-13,SGP_SIN,MGO,825.55,SYNTHETIC_DEMO
2019-03-13,LKA_CMB,VLSFO,657.31,SYNTHETIC_DEMO
2019-03-13,LKA_CMB,MGO,846.19,SYNTHETIC_DEMO
2019-03-13,ARE_FUJ,VLSFO,634.86,SYNTHETIC_DEMO
2019-03-13,ARE_FUJ,MGO,817.29,SYNTHETIC_DEMO
2019-03-14,SGP_SIN,VLSFO,633.25,SYNTHETIC_DEMO
2019-03-14,SGP_SIN,MGO,791.68,SYNTHETIC_DEMO
2019-03-14,LKA_CMB,VLSFO,649.08,SYNTHETIC_DEMO
2019-03-14,LKA_CMB,MGO,811.47,SYNTHETIC_DEMO
2019-03-14,ARE_FUJ,VLSFO,626.92,SYNTHETIC_DEMO
2019-03-14,ARE_FUJ,MGO,783.76,SYNTHETIC_DEMO
2019-03-15,SGP_SIN,VLSFO,637.96,SYNTHETIC_DEMO
2019-03-15,SGP_SIN,MGO,822.45,SYNTHETIC_DEMO
2019-03-15,LKA_CMB,VLSFO,653.91,SYNTHETIC_DEMO
2019-03-15,LKA_CMB,MGO,843.02,SYNTHETIC_DEMO
2019-03-15,ARE_FUJ,VLSFO,631.58,SYNTHETIC_DEMO
2019-03-15,ARE_FUJ,MGO,814.23,SYNTHETIC_DEMO
2019-03-16,SGP_SIN,VLSFO,631.73,SYNTHETIC_DEMO
2019-03-16,SGP_SIN,MGO,808.94,SYNTHETIC_DEMO
2019-03-16,LKA_CMB,VLSFO,647.53,SYNTHETIC_DEMO
2019-03-16,LKA_CMB,MGO,829.17,SYNTHETIC_DEMO
2019-03-16,ARE_FUJ,VLSFO,625.42,SYNTHETIC_DEMO
2019-03-16,ARE_FUJ,MGO,800.85,SYNTHETIC_DEMO
2019-03-17,SGP_SIN,VLSFO,631.53,SYNTHETIC_DEMO
2019-03-17,SGP_SIN,MGO,801.5,SYNTHETIC_DEMO
2019-03-17,LKA_CMB,VLSFO,647.32,SYNTHETIC_DEMO
2019-03-17,LKA_CMB,MGO,821.54,SYNTHETIC_DEMO
2019-03-17,ARE_FUJ,VLSFO,625.22,SYNTHETIC_DEMO
2019-03-17,ARE_FUJ,MGO,793.49,SYNTHETIC_DEMO
2019-03-18,SGP_SIN,VLSFO,629.84,SYNTHETIC_DEMO
2019-03-18,SGP_SIN,MGO,803.44,SYNTHETIC_DEMO
2019-03-18,LKA_CMB,VLSFO,645.58,SYNTHETIC_DEMO
2019-03-18,LKA_CMB,MGO,823.53,SYNTHETIC_DEMO
2019-03-18,ARE_FUJ,VLSFO,623.54,SYNTHETIC_DEMO
2019-03-18,ARE_FUJ,MGO,795.41,SYNTHETIC_DEMO
2019-03-19,SGP_SIN,VLSFO,626.12,SYNTHETIC_DEMO
2019-03-19,SGP_SIN,MGO,800.28,SYNTHETIC_DEMO
2019-03-19,LKA_CMB,VLSFO,641.77,SYNTHETIC_DEMO
2019-03-19,LKA_CMB,MGO,820.29,SYNTHETIC_DEMO
2019-03-19,ARE_FUJ,VLSFO,619.85,SYNTHETIC_DEMO
2019-03-19,ARE_FUJ,MGO,792.28,SYNTHETIC_DEMO
2019-03-20,SGP_SIN,VLSFO,630.47,SYNTHETIC_DEMO
2019-03-20,SGP_SIN,MGO,807.31,SYNTHETIC_DEMO
2019-03-20,LKA_CMB,VLSFO,646.23,SYNTHETIC_DEMO
2019-03-20,LKA_CMB,MGO,827.5,SYNTHETIC_DEMO
2019-03-20,ARE_FUJ,VLSFO,624.16,SYNTHETIC_DEMO
2019-03-20,ARE_FUJ,MGO,799.24,SYNTHETIC_DEMO
2019-03-21,SGP_SIN,VLSFO,627.69,SYNTHETIC_DEMO
2019-03-21,SGP_SIN,MGO,791.23,SYNTHETIC_DEMO
2019-03-21,LKA_CMB,VLSFO,643.39,SYNTHETIC_DEMO
2019-03-21,LKA_CMB,MGO,811.01,SYNTHETIC_DEMO
2019-03-21,ARE_FUJ,VLSFO,621.42,SYNTHETIC_DEMO
2019-03-21,ARE_FUJ,MGO,783.32,SYNTHETIC_DEMO
2019-03-22,SGP_SIN,VLSFO,633.23,SYNTHETIC_DEMO
2019-03-22,SGP_SIN,MGO,813.63,SYNTHETIC_DEMO
2019-03-22,LKA_CMB,VLSFO,649.06,SYNTHETIC_DEMO
2019-03-22,LKA_CMB,MGO,833.97,SYNTHETIC_DEMO
2019-03-22,ARE_FUJ,VLSFO,626.9,SYNTHETIC_DEMO
2019-03-22,ARE_FUJ,MGO,805.49,SYNTHETIC_DEMO
2019-03-23,SGP_SIN,VLSFO,622.35,SYNTHETIC_DEMO
2019-03-23,SGP_SIN,MGO,780.88,SYNTHETIC_DEMO
2019-03-23,LKA_CMB,VLSFO,637.91,SYNTHETIC_DEMO
2019-03-23,LKA_CMB,MGO,800.41,SYNTHETIC_DEMO
2019-03-23,ARE_FUJ,VLSFO,616.13,SYNTHETIC_DEMO
2019-03-23,ARE_FUJ,MGO,773.08,SYNTHETIC_DEMO
2019-03-24,SGP_SIN,VLSFO,611.72,SYNTHETIC_DEMO
2019-03-24,SGP_SIN,MGO,779.21,SYNTHETIC_DEMO
2019-03-24,LKA_CMB,VLSFO,627.01,SYNTHETIC_DEMO
2019-03-24,LKA_CMB,MGO,798.69,SYNTHETIC_DEMO
2019-03-24,ARE_FUJ,VLSFO,605.6,SYNTHETIC_DEMO
2019-03-24,ARE_FUJ,MGO,771.42,SYNTHETIC_DEMO
2019-03-25,SGP_SIN,VLSFO,597.53,SYNTHETIC_DEMO
2019-03-25,SGP_SIN,MGO,751.93,SYNTHETIC_DEMO
2019-03-25,LKA_CMB,VLSFO,612.46,SYNTHETIC_DEMO
2019-03-25,LKA_CMB,MGO,770.73,SYNTHETIC_DEMO
2019-03-25,ARE_FUJ,VLSFO,591.55,SYNTHETIC_DEMO
2019-03-25,ARE_FUJ,MGO,744.41,SYNTHETIC_DEMO
2019-03-26,SGP_SIN,VLSFO,612.49,SYNTHETIC_DEMO
2019-03-26,SGP_SIN,MGO,786.88,SYNTHETIC_DEMO
2019-03-26,LKA_CMB,VLSFO,627.8,SYNTHETIC_DEMO
2019-03-26,LKA_CMB,MGO,806.56,SYNTHETIC_DEMO
2019-03-26,ARE_FUJ,VLSFO,606.36,SYNTHETIC_DEMO
2019-03-26,ARE_FUJ,MGO,779.01,SYNTHETIC_DEMO
2019-03-27,SGP_SIN,VLSFO,611.49,SYNTHETIC_DEMO
2019-03-27,SGP_SIN,MGO,778.92,SYNTHETIC_DEMO
2019-03-27,LKA_CMB,VLSFO,626.78,SYNTHETIC_DEMO
2019-03-27,LKA_CMB,MGO,798.39,SYNTHETIC_DEMO
2019-03-27,ARE_FUJ,VLSFO,605.37,SYNTHETIC_DEMO
2019-03-27,ARE_FUJ,MGO,771.13,SYNTHETIC_DEMO
2019-03-28,SGP_SIN,VLSFO,603.24,SYNTHETIC_DEMO
2019-03-28,SGP_SIN,MGO,764.68,SYNTHETIC_DEMO
2019-03-28,LKA_CMB,VLSFO,618.32,SYNTHETIC_DEMO
2019-03-28,LKA_CMB,MGO,783.79,SYNTHETIC_DEMO
2019-03-28,ARE_FUJ,VLSFO,597.21,SYNTHETIC_DEMO
2019-03-28,ARE_FUJ,MGO,757.03,SYNTHETIC_DEMO
2019-03-29,SGP_SIN,VLSFO,609.35,SYNTHETIC_DEMO
2019-03-29,SGP_SIN,MGO,757.97,SYNTHETIC_DEMO
2019-03-29,LKA_CMB,VLSFO,624.58,SYNTHETIC_DEMO
2019-03-29,LKA_CMB,MGO,776.92,SYNTHETIC_DEMO
2019-03-29,ARE_FUJ,VLSFO,603.26,SYNTHETIC_DEMO
2019-03-29,ARE_FUJ,MGO,750.39,SYNTHETIC_DEMO
2019-03-30,SGP_SIN,VLSFO,616.45,SYNTHETIC_DEMO
2019-03-30,SGP_SIN,MGO,792.92,SYNTHETIC_DEMO
2019-03-30,LKA_CMB,VLSFO,631.86,SYNTHETIC_DEMO
2019-03-30,LKA_CMB,MGO,812.75,SYNTHETIC_DEMO
2019-03-30,ARE_FUJ,VLSFO,610.29,SYNTHETIC_DEMO
2019-03-30,ARE_FUJ,MGO,784.99,SYNTHETIC_DEMO
2019-03-31,SGP_SIN,VLSFO,624.49,SYNTHETIC_DEMO
2019-03-31,SGP_SIN,MGO,798.82,SYNTHETIC_DEMO
2019-03-31,LKA_CMB,VLSFO,640.1,SYNTHETIC_DEMO
2019-03-31,LKA_CMB,MGO,818.8,SYNTHETIC_DEMO
2019-03-31,ARE_FUJ,VLSFO,618.24,SYNTHETIC_DEMO
2019-03-31,ARE_FUJ,MGO,790.84,SYNTHETIC_DEMO
2019-04-01,SGP_SIN,VLSFO,611.88,SYNTHETIC_DEMO
2019-04-01,SGP_SIN,MGO,785.93,SYNTHETIC_DEMO
2019-04-01,LKA_CMB,VLSFO,627.18,SYNTHETIC_DEMO
2019-04-01,LKA_CMB,MGO,805.58,SYNTHETIC_DEMO
2019-04-01,ARE_FUJ,VLSFO,605.76,SYNTHETIC_DEMO
2019-04-01,ARE_FUJ,MGO,778.07,SYNTHETIC_DEMO
2019-04-02,SGP_SIN,VLSFO,627.38,SYNTHETIC_DEMO
2019-04-02,SGP_SIN,MGO,791.57,SYNTHETIC_DEMO
2019-04-02,LKA_CMB,VLSFO,643.06,SYNTHETIC_DEMO
2019-04-02,LKA_CMB,MGO,811.36,SYNTHETIC_DEMO
2019-04-02,ARE_FUJ,VLSFO,621.11,SYNTHETIC_DEMO
2019-04-02,ARE_FUJ,MGO,783.65,SYNTHETIC_DEMO
2019-04-03,SGP_SIN,VLSFO,633.79,SYNTHETIC_DEMO
2019-04-03,SGP_SIN,MGO,819.9,SYNTHETIC_DEMO
2019-04-03,LKA_CMB,VLSFO,649.64,SYNTHETIC_DEMO
2019-04-03,LKA_CMB,MGO,840.4,SYNTHETIC_DEMO
2019-04-03,ARE_FUJ,VLSFO,627.45,SYNTHETIC_DEMO
2019-04-03,ARE_FUJ,MGO,811.71,SYNTHETIC_DEMO
2019-04-04,SGP_SIN,VLSFO,621.49,SYNTHETIC_DEMO
2019-04-04,SGP_SIN,MGO,784.72,SYNTHETIC_DEMO
2019-04-04,LKA_CMB,VLSFO,637.02,SYNTHETIC_DEMO
2019-04-04,LKA_CMB,MGO,804.34,SYNTHETIC_DEMO
2019-04-04,ARE_FUJ,VLSFO,615.27,SYNTHETIC_DEMO
2019-04-04,ARE_FUJ,MGO,776.88,SYNTHETIC_DEMO
2019-04-05,SGP_SIN,VLSFO,618.94,SYNTHETIC_DEMO
2019-04-05,SGP_SIN,MGO,779.06,SYNTHETIC_DEMO
2019-04-05,LKA_CMB,VLSFO,634.41,SYNTHETIC_DEMO
2019-04-05,LKA_CMB,MGO,798.54,SYNTHETIC_DEMO
2019-04-05,ARE_FUJ,VLSFO,612.75,SYNTHETIC_DEMO
2019-04-05,ARE_FUJ,MGO,771.27,SYNTHETIC_DEMO
2019-04-06,SGP_SIN,VLSFO,622.18,SYNTHETIC_DEMO
2019-04-06,SGP_SIN,MGO,810.57,SYNTHETIC_DEMO
2019-04-06,LKA_CMB,VLSFO,637.74,SYNTHETIC_DEMO
2019-04-06,LKA_CMB,MGO,830.83,SYNTHETIC_DEMO
2019-04-06,ARE_FUJ,VLSFO,615.96,SYNTHETIC_DEMO
2019-04-06,ARE_FUJ,MGO,802.46,SYNTHETIC_DEMO
2019-04-07,SGP_SIN,VLSFO,621.38,SYNTHETIC_DEMO
2019-04-07,SGP_SIN,MGO,795.52,SYNTHETIC_DEMO
2019-04-07,LKA_CMB,VLSFO,636.91,SYNTHETIC_DEMO
2019-04-07,LKA_CMB,MGO,815.41,SYNTHETIC_DEMO
2019-04-07,ARE_FUJ,VLSFO,615.16,SYNTHETIC_DEMO
2019-04-07,ARE_FUJ,MGO,787.56,SYNTHETIC_DEMO
2019-04-08,SGP_SIN,VLSFO,616.02,SYNTHETIC_DEMO
2019-04-08,SGP_SIN,MGO,778.21,SYNTHETIC_DEMO
2019-04-08,LKA_CMB,VLSFO,631.42,SYNTHETIC_DEMO
2019-04-08,LKA_CMB,MGO,797.67,SYNTHETIC_DEMO
2019-04-08,ARE_FUJ,VLSFO,609.86,SYNTHETIC_DEMO
2019-04-08,ARE_FUJ,MGO,770.43,SYNTHETIC_DEMO
2019-04-09,SGP_SIN,VLSFO,617.89,SYNTHETIC_DEMO
2019-04-09,SGP_SIN,MGO,791.41,SYNTHETIC_DEMO
2019-04-09,LKA_CMB,VLSFO,633.34,SYNTHETIC_DEMO
2019-04-09,LKA_CMB,MGO,811.2,SYNTHETIC_DEMO
2019-04-09,ARE_FUJ,VLSFO,611.71,SYNTHETIC_DEMO
2019-04-09,ARE_FUJ,MGO,783.5,SYNTHETIC_DEMO
2019-04-10,SGP_SIN,VLSFO,610.73,SYNTHETIC_DEMO
2019-04-10,SGP_SIN,MGO,775.09,SYNTHETIC_DEMO
2019-04-10,LKA_CMB,VLSFO,626.0,SYNTHETIC_DEMO
2019-04-10,LKA_CMB,MGO,794.47,SYNTHETIC_DEMO
2019-04-10,ARE_FUJ,VLSFO,604.63,SYNTHETIC_DEMO
2019-04-10,ARE_FUJ,MGO,767.34,SYNTHETIC_DEMO
2019-04-11,SGP_SIN,VLSFO,621.47,SYNTHETIC_DEMO
2019-04-11,SGP_SIN,MGO,809.06,SYNTHETIC_DEMO
2019-04-11,LKA_CMB,VLSFO,637.0,SYNTHETIC_DEMO
2019-04-11,LKA_CMB,MGO,829.29,SYNTHETIC_DEMO
2019-04-11,ARE_FUJ,VLSFO,615.25,SYNTHETIC_DEMO
2019-04-11,ARE_FUJ,MGO,800.97,SYNTHETIC_DEMO
2019-04-12,SGP_SIN,VLSFO,611.2,SYNTHETIC_DEMO
2019-04-12,SGP_SIN,MGO,779.25,SYNTHETIC_DEMO
2019-04-12,LKA_CMB,VLSFO,626.48,SYNTHETIC_DEMO
2019-04-12,LKA_CMB,MGO,798.73,SYNTHETIC_DEMO
2019-04-12,ARE_FUJ,VLSFO,605.09,SYNTHETIC_DEMO
2019-04-12,ARE_FUJ,MGO,771.45,SYNTHETIC_DEMO
2019-04-13,SGP_SIN,VLSFO,619.4,SYNTHETIC_DEMO
2019-04-13,SGP_SIN,MGO,791.99,SYNTHETIC_DEMO
2019-04-13,LKA_CMB,VLSFO,634.89,SYNTHETIC_DEMO
2019-04-13,LKA_CMB,MGO,811.79,SYNTHETIC_DEMO
2019-04-13,ARE_FUJ,VLSFO,613.21,SYNTHETIC_DEMO
2019-04-13,ARE_FUJ,MGO,784.07,SYNTHETIC_DEMO
2019-04-14,SGP_SIN,VLSFO,612.81,SYNTHETIC_DEMO
2019-04-14,SGP_SIN,MGO,782.2,SYNTHETIC_DEMO
2019-04-14,LKA_CMB,VLSFO,628.13,SYNTHETIC_DEMO
2019-04-14,LKA_CMB,MGO,801.75,SYNTHETIC_DEMO
2019-04-14,ARE_FUJ,VLSFO,606.68,SYNTHETIC_DEMO
2019-04-14,ARE_FUJ,MGO,774.38,SYNTHETIC_DEMO
2019-04-15,SGP_SIN,VLSFO,626.47,SYNTHETIC_DEMO
2019-04-15,SGP_SIN,MGO,797.66,SYNTHETIC_DEMO
2019-04-15,LKA_CMB,VLSFO,642.13,SYNTHETIC_DEMO
2019-04-15,LKA_CMB,MGO,817.6,SYNTHETIC_DEMO
2019-04-15,ARE_FUJ,VLSFO,620.21,SYNTHETIC_DEMO
2019-04-15,ARE_FUJ,MGO,789.68,SYNTHETIC_DEMO
2019-04-16,SGP_SIN,VLSFO,630.09,SYNTHETIC_DEMO
2019-04-16,SGP_SIN,MGO,800.82,SYNTHETIC_DEMO
2019-04-16,LKA_CMB,VLSFO,645.84,SYNTHETIC_DEMO
2019-04-16,LKA_CMB,MGO,820.85,SYNTHETIC_DEMO
2019-04-16,ARE_FUJ,VLSFO,623.79,SYNTHETIC_DEMO
2019-04-16,ARE_FUJ,MGO,792.82,SYNTHETIC_DEMO
2019-04-17,SGP_SIN,VLSFO,628.29,SYNTHETIC_DEMO
2019-04-17,SGP_SIN,MGO,800.06,SYNTHETIC_DEMO
2019-04-17,LKA_CMB,VLSFO,644.0,SYNTHETIC_DEMO
2019-04-17,LKA_CMB,MGO,820.06,SYNTHETIC_DEMO
2019-04-17,ARE_FUJ,VLSFO,622.01,SYNTHETIC_DEMO
2019-04-17,ARE_FUJ,MGO,792.06,SYNTHETIC_DEMO
2019-04-18,SGP_SIN,VLSFO,624.01,SYNTHETIC_DEMO
2019-04-18,SGP_SIN,MGO,799.79,SYNTHETIC_DEMO
2019-04-18,LKA_CMB,VLSFO,639.61,SYNTHETIC_DEMO
2019-04-18,LKA_CMB,MGO,819.79,SYNTHETIC_DEMO
2019-04-18,ARE_FUJ,VLSFO,617.77,SYNTHETIC_DEMO
2019-04-18,ARE_FUJ,MGO,791.8,SYNTHETIC_DEMO
2019-04-19,SGP_SIN,VLSFO,616.59,SYNTHETIC_DEMO
2019-04-19,SGP_SIN,MGO,793.31,SYNTHETIC_DEMO
2019-04-19,LKA_CMB,VLSFO,632.01,SYNTHETIC_DEMO
2019-04-19,LKA_CMB,MGO,813.14,SYNTHETIC_DEMO
2019-04-19,ARE_FUJ,VLSFO,610.43,SYNTHETIC_DEMO
2019-04-19,ARE_FUJ,MGO,785.38,SYNTHETIC_DEMO
2019-04-20,SGP_SIN,VLSFO,624.98,SYNTHETIC_DEMO
2019-04-20,SGP_SIN,MGO,804.35,SYNTHETIC_DEMO
2019-04-20,LKA_CMB,VLSFO,640.61,SYNTHETIC_DEMO
2019-04-20,LKA_CMB,MGO,824.45,SYNTHETIC_DEMO
2019-04-20,ARE_FUJ,VLSFO,618.73,SYNTHETIC_DEMO
2019-04-20,ARE_FUJ,MGO,796.3,SYNTHETIC_DEMO
2019-04-21,SGP_SIN,VLSFO,631.1,SYNTHETIC_DEMO
2019-04-21,SGP_SIN,MGO,793.29,SYNTHETIC_DEMO
2019-04-21,LKA_CMB,VLSFO,646.87,SYNTHETIC_DEMO
2019-04-21,LKA_CMB,MGO,813.13,SYNTHETIC_DEMO
2019-04-21,ARE_FUJ,VLSFO,624.78,SYNTHETIC_DEMO
2019-04-21,ARE_FUJ,MGO,785.36,SYNTHETIC_DEMO
2019-04-22,SGP_SIN,VLSFO,630.16,SYNTHETIC_DEMO
2019-04-22,SGP_SIN,MGO,800.95,SYNTHETIC_DEMO
2019-04-22,LKA_CMB,VLSFO,645.92,SYNTHETIC_DEMO
2019-04-22,LKA_CMB,MGO,820.97,SYNTHETIC_DEMO
2019-04-22,ARE_FUJ,VLSFO,623.86,SYNTHETIC_DEMO
2019-04-22,ARE_FUJ,MGO,792.94,SYNTHETIC_DEMO
2019-04-23,SGP_SIN,VLSFO,620.4,SYNTHETIC_DEMO
2019-04-23,SGP_SIN,MGO,799.16,SYNTHETIC_DEMO
2019-04-23,LKA_CMB,VLSFO,635.91,SYNTHETIC_DEMO
2019-04-23,LKA_CMB,MGO,819.14,SYNTHETIC_DEMO
2019-04-23,ARE_FUJ,VLSFO,614.2,SYNTHETIC_DEMO
2019-04-23,ARE_FUJ,MGO,791.17,SYNTHETIC_DEMO
2019-04-24,SGP_SIN,VLSFO,629.38,SYNTHETIC_DEMO
2019-04-24,SGP_SIN,MGO,812.11,SYNTHETIC_DEMO
2019-04-24,LKA_CMB,VLSFO,645.11,SYNTHETIC_DEMO
2019-04-24,LKA_CMB,MGO,832.41,SYNTHETIC_DEMO
2019-04-24,ARE_FUJ,VLSFO,623.08,SYNTHETIC_DEMO
2019-04-24,ARE_FUJ,MGO,803.99,SYNTHETIC_DEMO
2019-04-25,SGP_SIN,VLSFO,621.04,SYNTHETIC_DEMO
2019-04-25,SGP_SIN,MGO,796.55,SYNTHETIC_DEMO
2019-04-25,LKA_CMB,VLSFO,636.56,SYNTHETIC_DEMO
2019-04-25,LKA_CMB,MGO,816.47,SYNTHETIC_DEMO
2019-04-25,ARE_FUJ,VLSFO,614.83,SYNTHETIC_DEMO
2019-04-25,ARE_FUJ,MGO,788.59,SYNTHETIC_DEMO
2019-04-26,SGP_SIN,VLSFO,622.48,SYNTHETIC_DEMO
2019-04-26,SGP_SIN,MGO,792.62,SYNTHETIC_DEMO
2019-04-26,LKA_CMB,VLSFO,638.04,SYNTHETIC_DEMO
2019-04-26,LKA_CMB,MGO,812.43,SYNTHETIC_DEMO
2019-04-26,ARE_FUJ,VLSFO,616.26,SYNTHETIC_DEMO
2019-04-26,ARE_FUJ,MGO,784.69,SYNTHETIC_DEMO
2019-04-27,SGP_SIN,VLSFO,627.61,SYNTHETIC_DEMO
2019-04-27,SGP_SIN,MGO,793.41,SYNTHETIC_DEMO
2019-04-27,LKA_CMB,VLSFO,643.3,SYNTHETIC_DEMO
2019-04-27,LKA_CMB,MGO,813.25,SYNTHETIC_DEMO
2019-04-27,ARE_FUJ,VLSFO,621.34,SYNTHETIC_DEMO
2019-04-27,ARE_FUJ,MGO,785.48,SYNTHETIC_DEMO
2019-04-28,SGP_SIN,VLSFO,636.0,SYNTHETIC_DEMO
2019-04-28,SGP_SIN,MGO,821.56,SYNTHETIC_DEMO
2019-04-28,LKA_CMB,VLSFO,651.9,SYNTHETIC_DEMO
2019-04-28,LKA_CMB,MGO,842.1,SYNTHETIC_DEMO
2019-04-28,ARE_FUJ,VLSFO,629.64,SYNTHETIC_DEMO
2019-04-28,ARE_FUJ,MGO,813.34,SYNTHETIC_DEMO
2019-04-29,SGP_SIN,VLSFO,623.41,SYNTHETIC_DEMO
2019-04-29,SGP_SIN,MGO,796.59,SYNTHETIC_DEMO
2019-04-29,LKA_CMB,VLSFO,639.0,SYNTHETIC_DEMO
2019-04-29,LKA_CMB,MGO,816.51,SYNTHETIC_DEMO
2019-04-29,ARE_FUJ,VLSFO,617.18,SYNTHETIC_DEMO
2019-04-29,ARE_FUJ,MGO,788.62,SYNTHETIC_DEMO
2019-04-30,SGP_SIN,VLSFO,625.39,SYNTHETIC_DEMO
2019-04-30,SGP_SIN,MGO,798.19,SYNTHETIC_DEMO
2019-04-30,LKA_CMB,VLSFO,641.03,SYNTHETIC_DEMO
2019-04-30,LKA_CMB,MGO,818.14,SYNTHETIC_DEMO
2019-04-30,ARE_FUJ,VLSFO,619.14,SYNTHETIC_DEMO
2019-04-30,ARE_FUJ,MGO,790.21,SYNTHETIC_DEMO
2019-05-01,SGP_SIN,VLSFO,632.87,SYNTHETIC_DEMO
2019-05-01,SGP_SIN,MGO,811.37,SYNTHETIC_DEMO
2019-05-01,LKA_CMB,VLSFO,648.69,SYNTHETIC_DEMO
2019-05-01,LKA_CMB,MGO,831.65,SYNTHETIC_DEMO
2019-05-01,ARE_FUJ,VLSFO,626.54,SYNTHETIC_DEMO
2019-05-01,ARE_FUJ,MGO,803.25,SYNTHETIC_DEMO
2019-05-02,SGP_SIN,VLSFO,617.41,SYNTHETIC_DEMO
2019-05-02,SGP_SIN,MGO,786.85,SYNTHETIC_DEMO
2019-05-02,LKA_CMB,VLSFO,632.85,SYNTHETIC_DEMO
2019-05-02,LKA_CMB,MGO,806.52,SYNTHETIC_DEMO
2019-05-02,ARE_FUJ,VLSFO,611.24,SYNTHETIC_DEMO
2019-05-02,ARE_FUJ,MGO,778.98,SYNTHETIC_DEMO
2019-05-03,SGP_SIN,VLSFO,627.49,SYNTHETIC_DEMO
2019-05-03,SGP_SIN,MGO,805.67,SYNTHETIC_DEMO
2019-05-03,LKA_CMB,VLSFO,643.17,SYNTHETIC_DEMO
2019-05-03,LKA_CMB,MGO,825.81,SYNTHETIC_DEMO
2019-05-03,ARE_FUJ,VLSFO,621.21,SYNTHETIC_DEMO
2019-05-03,ARE_FUJ,MGO,797.61,SYNTHETIC_DEMO
2019-05-04,SGP_SIN,VLSFO,627.39,SYNTHETIC_DEMO
2019-05-04,SGP_SIN,MGO,807.32,SYNTHETIC_DEMO
2019-05-04,LKA_CMB,VLSFO,643.08,SYNTHETIC_DEMO
2019-05-04,LKA_CMB,MGO,827.5,SYNTHETIC_DEMO
2019-05-04,ARE_FUJ,VLSFO,621.12,SYNTHETIC_DEMO
2019-05-04,ARE_FUJ,MGO,799.25,SYNTHETIC_DEMO
2019-05-05,SGP_SIN,VLSFO,620.15,SYNTHETIC_DEMO
2019-05-05,SGP_SIN,MGO,795.33,SYNTHETIC_DEMO
2019-05-05,LKA_CMB,VLSFO,635.66,SYNTHETIC_DEMO
2019-05-05,LKA_CMB,MGO,815.21,SYNTHETIC_DEMO
2019-05-05,ARE_FUJ,VLSFO,613.95,SYNTHETIC_DEMO
2019-05-05,ARE_FUJ,MGO,787.37,SYNTHETIC_DEMO
2019-05-06,SGP_SIN,VLSFO,622.18,SYNTHETIC_DEMO
2019-05-06,SGP_SIN,MGO,791.24,SYNTHETIC_DEMO
2019-05-06,LKA_CMB,VLSFO,637.73,SYNTHETIC_DEMO
2019-05-06,LKA_CMB,MGO,811.02,SYNTHETIC_DEMO
2019-05-06,ARE_FUJ,VLSFO,615.96,SYNTHETIC_DEMO
2019-05-06,ARE_FUJ,MGO,783.33,SYNTHETIC_DEMO
2019-05-07,SGP_SIN,VLSFO,624.32,SYNTHETIC_DEMO
2019-05-07,SGP_SIN,MGO,804.3,SYNTHETIC_DEMO
2019-05-07,LKA_CMB,VLSFO,639.93,SYNTHETIC_DEMO
2019-05-07,LKA_CMB,MGO,824.4,SYNTHETIC_DEMO
2019-05-07,ARE_FUJ,VLSFO,618.08,SYNTHETIC_DEMO
2019-05-07,ARE_FUJ,MGO,796.25,SYNTHETIC_DEMO
2019-05-08,SGP_SIN,VLSFO,610.74,SYNTHETIC_DEMO
2019-05-08,SGP_SIN,MGO,789.36,SYNTHETIC_DEMO
2019-05-08,LKA_CMB,VLSFO,626.0,SYNTHETIC_DEMO
2019-05-08,LKA_CMB,MGO,809.09,SYNTHETIC_DEMO
2019-05-08,ARE_FUJ,VLSFO,604.63,SYNTHETIC_DEMO
2019-05-08,ARE_FUJ,MGO,781.47,SYNTHETIC_DEMO
2019-05-09,SGP_SIN,VLSFO,606.62,SYNTHETIC_DEMO
2019-05-09,SGP_SIN,MGO,781.74,SYNTHETIC_DEMO
2019-05-09,LKA_CMB,VLSFO,621.78,SYNTHETIC_DEMO
2019-05-09,LKA_CMB,MGO,801.29,SYNTHETIC_DEMO
2019-05-09,ARE_FUJ,VLSFO,600.55,SYNTHETIC_DEMO
2019-05-09,ARE_FUJ,MGO,773.92,SYNTHETIC_DEMO
2019-05-10,SGP_SIN,VLSFO,608.68,SYNTHETIC_DEMO
2019-05-10,SGP_SIN,MGO,769.43,SYNTHETIC_DEMO
2019-05-10,LKA_CMB,VLSFO,623.9,SYNTHETIC_DEMO
2019-05-10,LKA_CMB,MGO,788.66,SYNTHETIC_DEMO
2019-05-10,ARE_FUJ,VLSFO,602.59,SYNTHETIC_DEMO
2019-05-10,ARE_FUJ,MGO,761.73,SYNTHETIC_DEMO
2019-05-11,SGP_SIN,VLSFO,609.67,SYNTHETIC_DEMO
2019-05-11,SGP_SIN,MGO,769.41,SYNTHETIC_DEMO
2019-05-11,LKA_CMB,VLSFO,624.91,SYNTHETIC_DEMO
2019-05-11,LKA_CMB,MGO,788.64,SYNTHETIC_DEMO
2019-05-11,ARE_FUJ,VLSFO,603.57,SYNTHETIC_DEMO
2019-05-11,ARE_FUJ,MGO,761.71,SYNTHETIC_DEMO
2019-05-12,SGP_SIN,VLSFO,601.33,SYNTHETIC_DEMO
2019-05-12,SGP_SIN,MGO,759.58,SYNTHETIC_DEMO
2019-05-12,LKA_CMB,VLSFO,616.36,SYNTHETIC_DEMO
2019-05-12,LKA_CMB,MGO,778.57,SYNTHETIC_DEMO
2019-05-12,ARE_FUJ,VLSFO,595.31,SYNTHETIC_DEMO
2019-05-12,ARE_FUJ,MGO,751.98,SYNTHETIC_DEMO
2019-05-13,SGP_SIN,VLSFO,594.56,SYNTHETIC_DEMO
2019-05-13,SGP_SIN,MGO,772.65,SYNTHETIC_DEMO
2019-05-13,LKA_CMB,VLSFO,609.42,SYNTHETIC_DEMO
2019-05-13,LKA_CMB,MGO,791.97,SYNTHETIC_DEMO
2019-05-13,ARE_FUJ,VLSFO,588.61,SYNTHETIC_DEMO
2019-05-13,ARE_FUJ,MGO,764.92,SYNTHETIC_DEMO
2019-05-14,SGP_SIN,VLSFO,592.35,SYNTHETIC_DEMO
2019-05-14,SGP_SIN,MGO,766.12,SYNTHETIC_DEMO
2019-05-14,LKA_CMB,VLSFO,607.16,SYNTHETIC_DEMO
2019-05-14,LKA_CMB,MGO,785.28,SYNTHETIC_DEMO
2019-05-14,ARE_FUJ,VLSFO,586.43,SYNTHETIC_DEMO
2019-05-14,ARE_FUJ,MGO,758.46,SYNTHETIC_DEMO
2019-05-15,SGP_SIN,VLSFO,578.34,SYNTHETIC_DEMO
2019-05-15,SGP_SIN,MGO,736.37,SYNTHETIC_DEMO
2019-05-15,LKA_CMB,VLSFO,592.8,SYNTHETIC_DEMO
2019-05-15,LKA_CMB,MGO,754.78,SYNTHETIC_DEMO
2019-05-15,ARE_FUJ,VLSFO,572.56,SYNTHETIC_DEMO
2019-05-15,ARE_FUJ,MGO,729.01,SYNTHETIC_DEMO
2019-05-16,SGP_SIN,VLSFO,590.96,SYNTHETIC_DEMO
2019-05-16,SGP_SIN,MGO,745.99,SYNTHETIC_DEMO
2019-05-16,LKA_CMB,VLSFO,605.74,SYNTHETIC_DEMO
2019-05-16,LKA_CMB,MGO,764.64,SYNTHETIC_DEMO
2019-05-16,ARE_FUJ,VLSFO,585.05,SYNTHETIC_DEMO
2019-05-16,ARE_FUJ,MGO,738.53,SYNTHETIC_DEMO
2019-05-17,SGP_SIN,VLSFO,593.08,SYNTHETIC_DEMO
2019-05-17,SGP_SIN,MGO,763.02,SYNTHETIC_DEMO
2019-05-17,LKA_CMB,VLSFO,607.91,SYNTHETIC_DEMO
2019-05-17,LKA_CMB,MGO,782.1,SYNTHETIC_DEMO
2019-05-17,ARE_FUJ,VLSFO,587.15,SYNTHETIC_DEMO
2019-05-17,ARE_FUJ,MGO,755.39,SYNTHETIC_DEMO
2019-05-18,SGP_SIN,VLSFO,587.64,SYNTHETIC_DEMO
2019-05-18,SGP_SIN,MGO,737.65,SYNTHETIC_DEMO
2019-05-18,LKA_CMB,VLSFO,602.33,SYNTHETIC_DEMO
2019-05-18,LKA_CMB,MGO,756.1,SYNTHETIC_DEMO
2019-05-18,ARE_FUJ,VLSFO,581.76,SYNTHETIC_DEMO
2019-05-18,ARE_FUJ,MGO,730.28,SYNTHETIC_DEMO
2019-05-19,SGP_SIN,VLSFO,590.39,SYNTHETIC_DEMO
2019-05-19,SGP_SIN,MGO,739.9,SYNTHETIC_DEMO
2019-05-19,LKA_CMB,VLSFO,605.15,SYNTHETIC_DEMO
2019-05-19,LKA_CMB,MGO,758.4,SYNTHETIC_DEMO
2019-05-19,ARE_FUJ,VLSFO,584.49,SYNTHETIC_DEMO
2019-05-19,ARE_FUJ,MGO,732.5,SYNTHETIC_DEMO
2019-05-20,SGP_SIN,VLSFO,598.01,SYNTHETIC_DEMO
2019-05-20,SGP_SIN,MGO,766.77,SYNTHETIC_DEMO
2019-05-20,LKA_CMB,VLSFO,612.96,SYNTHETIC_DEMO
2019-05-20,LKA_CMB,MGO,785.94,SYNTHETIC_DEMO
2019-05-20,ARE_FUJ,VLSFO,592.03,SYNTHETIC_DEMO
2019-05-20,ARE_FUJ,MGO,759.1,SYNTHETIC_DEMO
2019-05-21,SGP_SIN,VLSFO,601.59,SYNTHETIC_DEMO
2019-05-21,SGP_SIN,MGO,766.87,SYNTHETIC_DEMO
2019-05-21,LKA_CMB,VLSFO,616.63,SYNTHETIC_DEMO
2019-05-21,LKA_CMB,MGO,786.04,SYNTHETIC_DEMO
2019-05-21,ARE_FUJ,VLSFO,595.57,SYNTHETIC_DEMO
2019-05-21,ARE_FUJ,MGO,759.2,SYNTHETIC_DEMO
2019-05-22,SGP_SIN,VLSFO,604.49,SYNTHETIC_DEMO
2019-05-22,SGP_SIN,MGO,778.23,SYNTHETIC_DEMO
2019-05-22,LKA_CMB,VLSFO,619.6,SYNTHETIC_DEMO
2019-05-22,LKA_CMB,MGO,797.69,SYNTHETIC_DEMO
2019-05-22,ARE_FUJ,VLSFO,598.44,SYNTHETIC_DEMO
2019-05-22,ARE_FUJ,MGO,770.45,SYNTHETIC_DEMO
2019-05-23,SGP_SIN,VLSFO,613.87,SYNTHETIC_DEMO
2019-05-23,SGP_SIN,MGO,792.48,SYNTHETIC_DEMO
2019-05-23,LKA_CMB,VLSFO,629.22,SYNTHETIC_DEMO
2019-05-23,LKA_CMB,MGO,812.3,SYNTHETIC_DEMO
2019-05-23,ARE_FUJ,VLSFO,607.73,SYNTHETIC_DEMO
2019-05-23,ARE_FUJ,MGO,784.56,SYNTHETIC_DEMO
2019-05-24,SGP_SIN,VLSFO,604.24,SYNTHETIC_DEMO
2019-05-24,SGP_SIN,MGO,770.36,SYNTHETIC_DEMO
2019-05-24,LKA_CMB,VLSFO,619.34,SYNTHETIC_DEMO
2019-05-24,LKA_CMB,MGO,789.62,SYNTHETIC_DEMO
2019-05-24,ARE_FUJ,VLSFO,598.19,SYNTHETIC_DEMO
2019-05-24,ARE_FUJ,MGO,762.66,SYNTHETIC_DEMO
2019-05-25,SGP_SIN,VLSFO,604.17,SYNTHETIC_DEMO
2019-05-25,SGP_SIN,MGO,766.07,SYNTHETIC_DEMO
2019-05-25,LKA_CMB,VLSFO,619.27,SYNTHETIC_DEMO
2019-05-25,LKA_CMB,MGO,785.22,SYNTHETIC_DEMO
2019-05-25,ARE_FUJ,VLSFO,598.13,SYNTHETIC_DEMO
2019-05-25,ARE_FUJ,MGO,758.41,SYNTHETIC_DEMO
2019-05-26,SGP_SIN,VLSFO,601.22,SYNTHETIC_DEMO
2019-05-26,SGP_SIN,MGO,774.76,SYNTHETIC_DEMO
2019-05-26,LKA_CMB,VLSFO,616.25,SYNTHETIC_DEMO
2019-05-26,LKA_CMB,MGO,794.13,SYNTHETIC_DEMO
2019-05-26,ARE_FUJ,VLSFO,595.21,SYNTHETIC_DEMO
2019-05-26,ARE_FUJ,MGO,767.02,SYNTHETIC_DEMO
2019-05-27,SGP_SIN,VLSFO,609.42,SYNTHETIC_DEMO
2019-05-27,SGP_SIN,MGO,760.93,SYNTHETIC_DEMO
2019-05-27,LKA_CMB,VLSFO,624.65,SYNTHETIC_DEMO
2019-05-27,LKA_CMB,MGO,779.96,SYNTHETIC_DEMO
2019-05-27,ARE_FUJ,VLSFO,603.32,SYNTHETIC_DEMO
2019-05-27,ARE_FUJ,MGO,753.32,SYNTHETIC_DEMO
2019-05-28,SGP_SIN,VLSFO,609.41,SYNTHETIC_DEMO
2019-05-28,SGP_SIN,MGO,783.59,SYNTHETIC_DEMO
2019-05-28,LKA_CMB,VLSFO,624.65,SYNTHETIC_DEMO
2019-05-28,LKA_CMB,MGO,803.18,SYNTHETIC_DEMO
2019-05-28,ARE_FUJ,VLSFO,603.32,SYNTHETIC_DEMO
2019-05-28,ARE_FUJ,MGO,775.76,SYNTHETIC_DEMO
2019-05-29,SGP_SIN,VLSFO,609.53,SYNTHETIC_DEMO
2019-05-29,SGP_SIN,MGO,800.93,SYNTHETIC_DEMO
2019-05-29,LKA_CMB,VLSFO,624.77,SYNTHETIC_DEMO
2019-05-29,LKA_CMB,MGO,820.96,SYNTHETIC_DEMO
2019-05-29,ARE_FUJ,VLSFO,603.43,SYNTHETIC_DEMO
2019-05-29,ARE_FUJ,MGO,792.92,SYNTHETIC_DEMO
2019-05-30,SGP_SIN,VLSFO,615.27,SYNTHETIC_DEMO
2019-05-30,SGP_SIN,MGO,785.37,SYNTHETIC_DEMO
2019-05-30,LKA_CMB,VLSFO,630.65,SYNTHETIC_DEMO
2019-05-30,LKA_CMB,MGO,805.01,SYNTHETIC_DEMO
2019-05-30,ARE_FUJ,VLSFO,609.11,SYNTHETIC_DEMO
2019-05-30,ARE_FUJ,MGO,777.52,SYNTHETIC_DEMO
2019-05-31,SGP_SIN,VLSFO,598.53,SYNTHETIC_DEMO
2019-05-31,SGP_SIN,MGO,765.61,SYNTHETIC_DEMO
2019-05-31,LKA_CMB,VLSFO,613.49,SYNTHETIC_DEMO
2019-05-31,LKA_CMB,MGO,784.75,SYNTHETIC_DEMO
2019-05-31,ARE_FUJ,VLSFO,592.54,SYNTHETIC_DEMO
2019-05-31,ARE_FUJ,MGO,757.96,SYNTHETIC_DEMO
2019-06-01,SGP_SIN,VLSFO,603.67,SYNTHETIC_DEMO
2019-06-01,SGP_SIN,MGO,767.46,SYNTHETIC_DEMO
2019-06-01,LKA_CMB,VLSFO,618.76,SYNTHETIC_DEMO
2019-06-01,LKA_CMB,MGO,786.64,SYNTHETIC_DEMO
2019-06-01,ARE_FUJ,VLSFO,597.63,SYNTHETIC_DEMO
2019-06-01,ARE_FUJ,MGO,759.78,SYNTHETIC_DEMO
2019-06-02,SGP_SIN,VLSFO,597.53,SYNTHETIC_DEMO
2019-06-02,SGP_SIN,MGO,765.31,SYNTHETIC_DEMO
2019-06-02,LKA_CMB,VLSFO,612.47,SYNTHETIC_DEMO
2019-06-02,LKA_CMB,MGO,784.45,SYNTHETIC_DEMO
2019-06-02,ARE_FUJ,VLSFO,591.56,SYNTHETIC_DEMO
2019-06-02,ARE_FUJ,MGO,757.66,SYNTHETIC_DEMO
2019-06-03,SGP_SIN,VLSFO,595.54,SYNTHETIC_DEMO
2019-06-03,SGP_SIN,MGO,773.07,SYNTHETIC_DEMO
2019-06-03,LKA_CMB,VLSFO,610.43,SYNTHETIC_DEMO
2019-06-03,LKA_CMB,MGO,792.39,SYNTHETIC_DEMO
2019-06-03,ARE_FUJ,VLSFO,589.59,SYNTHETIC_DEMO
2019-06-03,ARE_FUJ,MGO,765.33,SYNTHETIC_DEMO
2019-06-04,SGP_SIN,VLSFO,596.05,SYNTHETIC_DEMO
2019-06-04,SGP_SIN,MGO,754.85,SYNTHETIC_DEMO
2019-06-04,LKA_CMB,VLSFO,610.95,SYNTHETIC_DEMO
2019-06-04,LKA_CMB,MGO,773.72,SYNTHETIC_DEMO
2019-06-04,ARE_FUJ,VLSFO,590.09,SYNTHETIC_DEMO
2019-06-04,ARE_FUJ,MGO,747.3,SYNTHETIC_DEMO
2019-06-05,SGP_SIN,VLSFO,589.87,SYNTHETIC_DEMO
2019-06-05,SGP_SIN,MGO,751.84,SYNTHETIC_DEMO
2019-06-05,LKA_CMB,VLSFO,604.62,SYNTHETIC_DEMO
2019-06-05,LKA_CMB,MGO,770.63,SYNTHETIC_DEMO
2019-06-05,ARE_FUJ,VLSFO,583.97,SYNTHETIC_DEMO
2019-06-05,ARE_FUJ,MGO,744.32,SYNTHETIC_DEMO
2019-06-06,SGP_SIN,VLSFO,594.65,SYNTHETIC_DEMO
2019-06-06,SGP_SIN,MGO,751.95,SYNTHETIC_DEMO
2019-06-06,LKA_CMB,VLSFO,609.52,SYNTHETIC_DEMO
2019-06-06,LKA_CMB,MGO,770.75,SYNTHETIC_DEMO
2019-06-06,ARE_FUJ,VLSFO,588.7,SYNTHETIC_DEMO
2019-06-06,ARE_FUJ,MGO,744.43,SYNTHETIC_DEMO
2019-06-07,SGP_SIN,VLSFO,605.98,SYNTHETIC_DEMO
2019-06-07,SGP_SIN,MGO,777.63,SYNTHETIC_DEMO
2019-06-07,LKA_CMB,VLSFO,621.13,SYNTHETIC_DEMO
2019-06-07,LKA_CMB,MGO,797.07,SYNTHETIC_DEMO
2019-06-07,ARE_FUJ,VLSFO,599.92,SYNTHETIC_DEMO
2019-06-07,ARE_FUJ,MGO,769.85,SYNTHETIC_DEMO
2019-06-08,SGP_SIN,VLSFO,586.42,SYNTHETIC_DEMO
2019-06-08,SGP_SIN,MGO,748.01,SYNTHETIC_DEMO
2019-06-08,LKA_CMB,VLSFO,601.09,SYNTHETIC_DEMO
2019-06-08,LKA_CMB,MGO,766.71,SYNTHETIC_DEMO
2019-06-08,ARE_FUJ,VLSFO,580.56,SYNTHETIC_DEMO
2019-06-08,ARE_FUJ,MGO,740.53,SYNTHETIC_DEMO
2019-06-09,SGP_SIN,VLSFO,595.01,SYNTHETIC_DEMO
2019-06-09,SGP_SIN,MGO,754.71,SYNTHETIC_DEMO
2019-06-09,LKA_CMB,VLSFO,609.89,SYNTHETIC_DEMO
2019-06-09,LKA_CMB,MGO,773.58,SYNTHETIC_DEMO
2019-06-09,ARE_FUJ,VLSFO,589.06,SYNTHETIC_DEMO
2019-06-09,ARE_FUJ,MGO,747.17,SYNTHETIC_DEMO
2019-06-10,SGP_SIN,VLSFO,610.0,SYNTHETIC_DEMO
2019-06-10,SGP_SIN,MGO,777.95,SYNTHETIC_DEMO
2019-06-10,LKA_CMB,VLSFO,625.25,SYNTHETIC_DEMO
2019-06-10,LKA_CMB,MGO,797.39,SYNTHETIC_DEMO
2019-06-10,ARE_FUJ,VLSFO,603.9,SYNTHETIC_DEMO
2019-06-10,ARE_FUJ,MGO,770.17,SYNTHETIC_DEMO
2019-06-11,SGP_SIN,VLSFO,599.56,SYNTHETIC_DEMO
2019-06-11,SGP_SIN,MGO,761.31,SYNTHETIC_DEMO
2019-06-11,LKA_CMB,VLSFO,614.54,SYNTHETIC_DEMO
2019-06-11,LKA_CMB,MGO,780.34,SYNTHETIC_DEMO
2019-06-11,ARE_FUJ,VLSFO,593.56,SYNTHETIC_DEMO
2019-06-11,ARE_FUJ,MGO,753.69,SYNTHETIC_DEMO
2019-06-12,SGP_SIN,VLSFO,599.25,SYNTHETIC_DEMO
2019-06-12,SGP_SIN,MGO,775.31,SYNTHETIC_DEMO
2019-06-12,LKA_CMB,VLSFO,614.23,SYNTHETIC_DEMO
2019-06-12,LKA_CMB,MGO,794.69,SYNTHETIC_DEMO
2019-06-12,ARE_FUJ,VLSFO,593.26,SYNTHETIC_DEMO
2019-06-12,ARE_FUJ,MGO,767.56,SYNTHETIC_DEMO
2019-06-13,SGP_SIN,VLSFO,599.12,SYNTHETIC_DEMO
2019-06-13,SGP_SIN,MGO,760.53,SYNTHETIC_DEMO
2019-06-13,LKA_CMB,VLSFO,614.1,SYNTHETIC_DEMO
2019-06-13,LKA_CMB,MGO,779.55,SYNTHETIC_DEMO
2019-06-13,ARE_FUJ,VLSFO,593.13,SYNTHETIC_DEMO
2019-06-13,ARE_FUJ,MGO,752.93,SYNTHETIC_DEMO
2019-06-14,SGP_SIN,VLSFO,593.15,SYNTHETIC_DEMO
2019-06-14,SGP_SIN,MGO,763.34,SYNTHETIC_DEMO
2019-06-14,LKA_CMB,VLSFO,607.98,SYNTHETIC_DEMO
2019-06-14,LKA_CMB,MGO,782.42,SYNTHETIC_DEMO
2019-06-14,ARE_FUJ,VLSFO,587.22,SYNTHETIC_DEMO
2019-06-14,ARE_FUJ,MGO,755.71,SYNTHETIC_DEMO
2019-06-15,SGP_SIN,VLSFO,588.05,SYNTHETIC_DEMO
2019-06-15,SGP_SIN,MGO,746.68,SYNTHETIC_DEMO
2019-06-15,LKA_CMB,VLSFO,602.75,SYNTHETIC_DEMO
2019-06-15,LKA_CMB,MGO,765.35,SYNTHETIC_DEMO
2019-06-15,ARE_FUJ,VLSFO,582.17,SYNTHETIC_DEMO
2019-06-15,ARE_FUJ,MGO,739.21,SYNTHETIC_DEMO
2019-06-16,SGP_SIN,VLSFO,597.34,SYNTHETIC_DEMO
2019-06-16,SGP_SIN,MGO,778.01,SYNTHETIC_DEMO
2019-06-16,LKA_CMB,VLSFO,612.28,SYNTHETIC_DEMO
2019-06-16,LKA_CMB,MGO,797.46,SYNTHETIC_DEMO
2019-06-16,ARE_FUJ,VLSFO,591.37,SYNTHETIC_DEMO
2019-06-16,ARE_FUJ,MGO,770.23,SYNTHETIC_DEMO
2019-06-17,SGP_SIN,VLSFO,592.9,SYNTHETIC_DEMO
2019-06-17,SGP_SIN,MGO,763.11,SYNTHETIC_DEMO
2019-06-17,LKA_CMB,VLSFO,607.72,SYNTHETIC_DEMO
2019-06-17,LKA_CMB,MGO,782.19,SYNTHETIC_DEMO
2019-06-17,ARE_FUJ,VLSFO,586.97,SYNTHETIC_DEMO
2019-06-17,ARE_FUJ,MGO,755.48,SYNTHETIC_DEMO
2019-06-18,SGP_SIN,VLSFO,588.4,SYNTHETIC_DEMO
2019-06-18,SGP_SIN,MGO,753.95,SYNTHETIC_DEMO
2019-06-18,LKA_CMB,VLSFO,603.11,SYNTHETIC_DEMO
2019-06-18,LKA_CMB,MGO,772.8,SYNTHETIC_DEMO
2019-06-18,ARE_FUJ,VLSFO,582.52,SYNTHETIC_DEMO
2019-06-18,ARE_FUJ,MGO,746.41,SYNTHETIC_DEMO
2019-06-19,SGP_SIN,VLSFO,587.29,SYNTHETIC_DEMO
2019-06-19,SGP_SIN,MGO,750.23,SYNTHETIC_DEMO
2019-06-19,LKA_CMB,VLSFO,601.97,SYNTHETIC_DEMO
2019-06-19,LKA_CMB,MGO,768.99,SYNTHETIC_DEMO
2019-06-19,ARE_FUJ,VLSFO,581.42,SYNTHETIC_DEMO
2019-06-19,ARE_FUJ,MGO,742.73,SYNTHETIC_DEMO
2019-06-20,SGP_SIN,VLSFO,592.18,SYNTHETIC_DEMO
2019-06-20,SGP_SIN,MGO,750.47,SYNTHETIC_DEMO
2019-06-20,LKA_CMB,VLSFO,606.98,SYNTHETIC_DEMO
2019-06-20,LKA_CMB,MGO,769.23,SYNTHETIC_DEMO
2019-06-20,ARE_FUJ,VLSFO,586.25,SYNTHETIC_DEMO
2019-06-20,ARE_FUJ,MGO,742.97,SYNTHETIC_DEMO
2019-06-21,SGP_SIN,VLSFO,588.43,SYNTHETIC_DEMO
2019-06-21,SGP_SIN,MGO,764.1,SYNTHETIC_DEMO
2019-06-21,LKA_CMB,VLSFO,603.14,SYNTHETIC_DEMO
2019-06-21,LKA_CMB,MGO,783.2,SYNTHETIC_DEMO
2019-06-21,ARE_FUJ,VLSFO,582.55,SYNTHETIC_DEMO
2019-06-21,ARE_FUJ,MGO,756.46,SYNTHETIC_DEMO
2019-06-22,SGP_SIN,VLSFO,585.21,SYNTHETIC_DEMO
2019-06-22,SGP_SIN,MGO,747.07,SYNTHETIC_DEMO
2019-06-22,LKA_CMB,VLSFO,599.84,SYNTHETIC_DEMO
2019-06-22,LKA_CMB,MGO,765.74,SYNTHETIC_DEMO
2019-06-22,ARE_FUJ,VLSFO,579.36,SYNTHETIC_DEMO
2019-06-22,ARE_FUJ,MGO,739.6,SYNTHETIC_DEMO
2019-06-23,SGP_SIN,VLSFO,587.66,SYNTHETIC_DEMO
2019-06-23,SGP_SIN,MGO,746.25,SYNTHETIC_DEMO
2019-06-23,LKA_CMB,VLSFO,602.35,SYNTHETIC_DEMO
2019-06-23,LKA_CMB,MGO,764.91,SYNTHETIC_DEMO
2019-06-23,ARE_FUJ,VLSFO,581.79,SYNTHETIC_DEMO
2019-06-23,ARE_FUJ,MGO,738.79,SYNTHETIC_DEMO
2019-06-24,SGP_SIN,VLSFO,594.49,SYNTHETIC_DEMO
2019-06-24,SGP_SIN,MGO,768.35,SYNTHETIC_DEMO
2019-06-24,LKA_CMB,VLSFO,609.36,SYNTHETIC_DEMO
2019-06-24,LKA_CMB,MGO,787.55,SYNTHETIC_DEMO
2019-06-24,ARE_FUJ,VLSFO,588.55,SYNTHETIC_DEMO
2019-06-24,ARE_FUJ,MGO,760.66,SYNTHETIC_DEMO
2019-06-25,SGP_SIN,VLSFO,593.69,SYNTHETIC_DEMO
2019-06-25,SGP_SIN,MGO,767.23,SYNTHETIC_DEMO
2019-06-25,LKA_CMB,VLSFO,608.53,SYNTHETIC_DEMO
2019-06-25,LKA_CMB,MGO,786.41,SYNTHETIC_DEMO
2019-06-25,ARE_FUJ,VLSFO,587.75,SYNTHETIC_DEMO
2019-06-25,ARE_FUJ,MGO,759.56,SYNTHETIC_DEMO
2019-06-26,SGP_SIN,VLSFO,587.78,SYNTHETIC_DEMO
2019-06-26,SGP_SIN,MGO,740.82,SYNTHETIC_DEMO
2019-06-26,LKA_CMB,VLSFO,602.48,SYNTHETIC_DEMO
2019-06-26,LKA_CMB,MGO,759.34,SYNTHETIC_DEMO
2019-06-26,ARE_FUJ,VLSFO,581.9,SYNTHETIC_DEMO
2019-06-26,ARE_FUJ,MGO,733.41,SYNTHETIC_DEMO
2019-06-27,SGP_SIN,VLSFO,589.78,SYNTHETIC_DEMO
2019-06-27,SGP_SIN,MGO,743.96,SYNTHETIC_DEMO
2019-06-27,LKA_CMB,VLSFO,604.52,SYNTHETIC_DEMO
2019-06-27,LKA_CMB,MGO,762.55,SYNTHETIC_DEMO
2019-06-27,ARE_FUJ,VLSFO,583.88,SYNTHETIC_DEMO
2019-06-27,ARE_FUJ,MGO,736.52,SYNTHETIC_DEMO
2019-06-28,SGP_SIN,VLSFO,580.24,SYNTHETIC_DEMO
2019-06-28,SGP_SIN,MGO,732.97,SYNTHETIC_DEMO
2019-06-28,LKA_CMB,VLSFO,594.75,SYNTHETIC_DEMO
2019-06-28,LKA_CMB,MGO,751.29,SYNTHETIC_DEMO
2019-06-28,ARE_FUJ,VLSFO,574.44,SYNTHETIC_DEMO
2019-06-28,ARE_FUJ,MGO,725.64,SYNTHETIC_DEMO
2019-06-29,SGP_SIN,VLSFO,584.94,SYNTHETIC_DEMO
2019-06-29,SGP_SIN,MGO,757.48,SYNTHETIC_DEMO
2019-06-29,LKA_CMB,VLSFO,599.56,SYNTHETIC_DEMO
2019-06-29,LKA_CMB,MGO,776.42,SYNTHETIC_DEMO
2019-06-29,ARE_FUJ,VLSFO,579.09,SYNTHETIC_DEMO
2019-06-29,ARE_FUJ,MGO,749.91,SYNTHETIC_DEMO
2019-06-30,SGP_SIN,VLSFO,593.38,SYNTHETIC_DEMO
2019-06-30,SGP_SIN,MGO,755.44,SYNTHETIC_DEMO
2019-06-30,LKA_CMB,VLSFO,608.21,SYNTHETIC_DEMO
2019-06-30,LKA_CMB,MGO,774.33,SYNTHETIC_DEMO
2019-06-30,ARE_FUJ,VLSFO,587.45,SYNTHETIC_DEMO
2019-06-30,ARE_FUJ,MGO,747.89,SYNTHETIC_DEMO
2019-07-01,SGP_SIN,VLSFO,593.0,SYNTHETIC_DEMO
2019-07-01,SGP_SIN,MGO,757.57,SYNTHETIC_DEMO
2019-07-01,LKA_CMB,VLSFO,607.83,SYNTHETIC_DEMO
2019-07-01,LKA_CMB,MGO,776.51,SYNTHETIC_DEMO
2019-07-01,ARE_FUJ,VLSFO,587.07,SYNTHETIC_DEMO
2019-07-01,ARE_FUJ,MGO,749.99,SYNTHETIC_DEMO
2019-07-02,SGP_SIN,VLSFO,581.47,SYNTHETIC_DEMO
2019-07-02,SGP_SIN,MGO,736.78,SYNTHETIC_DEMO
2019-07-02,LKA_CMB,VLSFO,596.01,SYNTHETIC_DEMO
2019-07-02,LKA_CMB,MGO,755.2,SYNTHETIC_DEMO
2019-07-02,ARE_FUJ,VLSFO,575.66,SYNTHETIC_DEMO
2019-07-02,ARE_FUJ,MGO,729.41,SYNTHETIC_DEMO
2019-07-03,SGP_SIN,VLSFO,596.33,SYNTHETIC_DEMO
2019-07-03,SGP_SIN,MGO,773.99,SYNTHETIC_DEMO
2019-07-03,LKA_CMB,VLSFO,611.24,SYNTHETIC_DEMO
2019-07-03,LKA_CMB,MGO,793.34,SYNTHETIC_DEMO
2019-07-03,ARE_FUJ,VLSFO,590.36,SYNTHETIC_DEMO
2019-07-03,ARE_FUJ,MGO,766.25,SYNTHETIC_DEMO
2019-07-04,SGP_SIN,VLSFO,601.66,SYNTHETIC_DEMO
2019-07-04,SGP_SIN,MGO,760.46,SYNTHETIC_DEMO
2019-07-04,LKA_CMB,VLSFO,616.7,SYNTHETIC_DEMO
2019-07-04,LKA_CMB,MGO,779.47,SYNTHETIC_DEMO
2019-07-04,ARE_FUJ,VLSFO,595.65,SYNTHETIC_DEMO
2019-07-04,ARE_FUJ,MGO,752.86,SYNTHETIC_DEMO
2019-07-05,SGP_SIN,VLSFO,605.88,SYNTHETIC_DEMO
2019-07-05,SGP_SIN,MGO,783.01,SYNTHETIC_DEMO
2019-07-05,LKA_CMB,VLSFO,621.02,SYNTHETIC_DEMO
2019-07-05,LKA_CMB,MGO,802.58,SYNTHETIC_DEMO
2019-07-05,ARE_FUJ,VLSFO,599.82,SYNTHETIC_DEMO
2019-07-05,ARE_FUJ,MGO,775.18,SYNTHETIC_DEMO
2019-07-06,SGP_SIN,VLSFO,604.62,SYNTHETIC_DEMO
2019-07-06,SGP_SIN,MGO,764.53,SYNTHETIC_DEMO
2019-07-06,LKA_CMB,VLSFO,619.73,SYNTHETIC_DEMO
2019-07-06,LKA_CMB,MGO,783.64,SYNTHETIC_DEMO
2019-07-06,ARE_FUJ,VLSFO,598.57,SYNTHETIC_DEMO
2019-07-06,ARE_FUJ,MGO,756.88,SYNTHETIC_DEMO
2019-07-07,SGP_SIN,VLSFO,587.4,SYNTHETIC_DEMO
2019-07-07,SGP_SIN,MGO,760.93,SYNTHETIC_DEMO
2019-07-07,LKA_CMB,VLSFO,602.08,SYNTHETIC_DEMO
2019-07-07,LKA_CMB,MGO,779.96,SYNTHETIC_DEMO
2019-07-07,ARE_FUJ,VLSFO,581.52,SYNTHETIC_DEMO
2019-07-07,ARE_FUJ,MGO,753.32,SYNTHETIC_DEMO
2019-07-08,SGP_SIN,VLSFO,602.44,SYNTHETIC_DEMO
2019-07-08,SGP_SIN,MGO,776.34,SYNTHETIC_DEMO
2019-07-08,LKA_CMB,VLSFO,617.5,SYNTHETIC_DEMO
2019-07-08,LKA_CMB,MGO,795.75,SYNTHETIC_DEMO
2019-07-08,ARE_FUJ,VLSFO,596.41,SYNTHETIC_DEMO
2019-07-08,ARE_FUJ,MGO,768.57,SYNTHETIC_DEMO
2019-07-09,SGP_SIN,VLSFO,584.12,SYNTHETIC_DEMO
2019-07-09,SGP_SIN,MGO,734.31,SYNTHETIC_DEMO
2019-07-09,LKA_CMB,VLSFO,598.73,SYNTHETIC_DEMO
2019-07-09,LKA_CMB,MGO,752.67,SYNTHETIC_DEMO
2019-07-09,ARE_FUJ,VLSFO,578.28,SYNTHETIC_DEMO
2019-07-09,ARE_FUJ,MGO,726.97,SYNTHETIC_DEMO
2019-07-10,SGP_SIN,VLSFO,587.99,SYNTHETIC_DEMO
2019-07-10,SGP_SIN,MGO,751.06,SYNTHETIC_DEMO
2019-07-10,LKA_CMB,VLSFO,602.69,SYNTHETIC_DEMO
2019-07-10,LKA_CMB,MGO,769.84,SYNTHETIC_DEMO
2019-07-10,ARE_FUJ,VLSFO,582.11,SYNTHETIC_DEMO
2019-07-10,ARE_FUJ,MGO,743.55,SYNTHETIC_DEMO
2019-07-11,SGP_SIN,VLSFO,581.61,SYNTHETIC_DEMO
2019-07-11,SGP_SIN,MGO,738.17,SYNTHETIC_DEMO
2019-07-11,LKA_CMB,VLSFO,596.15,SYNTHETIC_DEMO
2019-07-11,LKA_CMB,MGO,756.62,SYNTHETIC_DEMO
2019-07-11,ARE_FUJ,VLSFO,575.79,SYNTHETIC_DEMO
2019-07-11,ARE_FUJ,MGO,730.79,SYNTHETIC_DEMO
2019-07-12,SGP_SIN,VLSFO,587.13,SYNTHETIC_DEMO
2019-07-12,SGP_SIN,MGO,755.45,SYNTHETIC_DEMO
2019-07-12,LKA_CMB,VLSFO,601.81,SYNTHETIC_DEMO
2019-07-12,LKA_CMB,MGO,774.34,SYNTHETIC_DEMO
2019-07-12,ARE_FUJ,VLSFO,581.26,SYNTHETIC_DEMO
2019-07-12,ARE_FUJ,MGO,747.9,SYNTHETIC_DEMO
2019-07-13,SGP_SIN,VLSFO,586.96,SYNTHETIC_DEMO
2019-07-13,SGP_SIN,MGO,750.36,SYNTHETIC_DEMO
2019-07-13,LKA_CMB,VLSFO,601.63,SYNTHETIC_DEMO
2019-07-13,LKA_CMB,MGO,769.12,SYNTHETIC_DEMO
2019-07-13,ARE_FUJ,VLSFO,581.09,SYNTHETIC_DEMO
2019-07-13,ARE_FUJ,MGO,742.86,SYNTHETIC_DEMO
2019-07-14,SGP_SIN,VLSFO,588.35,SYNTHETIC_DEMO
2019-07-14,SGP_SIN,MGO,758.77,SYNTHETIC_DEMO
2019-07-14,LKA_CMB,VLSFO,603.06,SYNTHETIC_DEMO
2019-07-14,LKA_CMB,MGO,777.74,SYNTHETIC_DEMO
2019-07-14,ARE_FUJ,VLSFO,582.47,SYNTHETIC_DEMO
2019-07-14,ARE_FUJ,MGO,751.18,SYNTHETIC_DEMO
2019-07-15,SGP_SIN,VLSFO,598.75,SYNTHETIC_DEMO
2019-07-15,SGP_SIN,MGO,792.68,SYNTHETIC_DEMO
2019-07-15,LKA_CMB,VLSFO,613.72,SYNTHETIC_DEMO
2019-07-15,LKA_CMB,MGO,812.5,SYNTHETIC_DEMO
2019-07-15,ARE_FUJ,VLSFO,592.76,SYNTHETIC_DEMO
2019-07-15,ARE_FUJ,MGO,784.75,SYNTHETIC_DEMO
2019-07-16,SGP_SIN,VLSFO,584.24,SYNTHETIC_DEMO
2019-07-16,SGP_SIN,MGO,747.24,SYNTHETIC_DEMO
2019-07-16,LKA_CMB,VLSFO,598.85,SYNTHETIC_DEMO
2019-07-16,LKA_CMB,MGO,765.93,SYNTHETIC_DEMO
2019-07-16,ARE_FUJ,VLSFO,578.4,SYNTHETIC_DEMO
2019-07-16,ARE_FUJ,MGO,739.77,SYNTHETIC_DEMO
2019-07-17,SGP_SIN,VLSFO,587.01,SYNTHETIC_DEMO
2019-07-17,SGP_SIN,MGO,766.76,SYNTHETIC_DEMO
2019-07-17,LKA_CMB,VLSFO,601.68,SYNTHETIC_DEMO
2019-07-17,LKA_CMB,MGO,785.93,SYNTHETIC_DEMO
2019-07-17,ARE_FUJ,VLSFO,581.14,SYNTHETIC_DEMO
2019-07-17,ARE_FUJ,MGO,759.1,SYNTHETIC_DEMO
2019-07-18,SGP_SIN,VLSFO,584.74,SYNTHETIC_DEMO
2019-07-18,SGP_SIN,MGO,744.2,SYNTHETIC_DEMO
2019-07-18,LKA_CMB,VLSFO,599.36,SYNTHETIC_DEMO
2019-07-18,LKA_CMB,MGO,762.8,SYNTHETIC_DEMO
2019-07-18,ARE_FUJ,VLSFO,578.9,SYNTHETIC_DEMO
2019-07-18,ARE_FUJ,MGO,736.76,SYNTHETIC_DEMO
2019-07-19,SGP_SIN,VLSFO,595.46,SYNTHETIC_DEMO
2019-07-19,SGP_SIN,MGO,763.41,SYNTHETIC_DEMO
2019-07-19,LKA_CMB,VLSFO,610.35,SYNTHETIC_DEMO
2019-07-19,LKA_CMB,MGO,782.5,SYNTHETIC_DEMO
2019-07-19,ARE_FUJ,VLSFO,589.5,SYNTHETIC_DEMO
2019-07-19,ARE_FUJ,MGO,755.78,SYNTHETIC_DEMO
2019-07-20,SGP_SIN,VLSFO,565.79,SYNTHETIC_DEMO
2019-07-20,SGP_SIN,MGO,715.44,SYNTHETIC_DEMO
2019-07-20,LKA_CMB,VLSFO,579.94,SYNTHETIC_DEMO
2019-07-20,LKA_CMB,MGO,733.33,SYNTHETIC_DEMO
2019-07-20,ARE_FUJ,VLSFO,560.14,SYNTHETIC_DEMO
2019-07-20,ARE_FUJ,MGO,708.29,SYNTHETIC_DEMO
2019-07-21,SGP_SIN,VLSFO,574.2,SYNTHETIC_DEMO
2019-07-21,SGP_SIN,MGO,729.81,SYNTHETIC_DEMO
2019-07-21,LKA_CMB,VLSFO,588.56,SYNTHETIC_DEMO
2019-07-21,LKA_CMB,MGO,748.05,SYNTHETIC_DEMO
2019-07-21,ARE_FUJ,VLSFO,568.46,SYNTHETIC_DEMO
2019-07-21,ARE_FUJ,MGO,722.51,SYNTHETIC_DEMO
2019-07-22,SGP_SIN,VLSFO,565.7,SYNTHETIC_DEMO
2019-07-22,SGP_SIN,MGO,724.42,SYNTHETIC_DEMO
2019-07-22,LKA_CMB,VLSFO,579.84,SYNTHETIC_DEMO
2019-07-22,LKA_CMB,MGO,742.53,SYNTHETIC_DEMO
2019-07-22,ARE_FUJ,VLSFO,560.04,SYNTHETIC_DEMO
2019-07-22,ARE_FUJ,MGO,717.18,SYNTHETIC_DEMO
2019-07-23,SGP_SIN,VLSFO,559.1,SYNTHETIC_DEMO
2019-07-23,SGP_SIN,MGO,718.46,SYNTHETIC_DEMO
2019-07-23,LKA_CMB,VLSFO,573.08,SYNTHETIC_DEMO
2019-07-23,LKA_CMB,MGO,736.42,SYNTHETIC_DEMO
2019-07-23,ARE_FUJ,VLSFO,553.51,SYNTHETIC_DEMO
2019-07-23,ARE_FUJ,MGO,711.27,SYNTHETIC_DEMO
2019-07-24,SGP_SIN,VLSFO,574.49,SYNTHETIC_DEMO
2019-07-24,SGP_SIN,MGO,737.13,SYNTHETIC_DEMO
2019-07-24,LKA_CMB,VLSFO,588.85,SYNTHETIC_DEMO
2019-07-24,LKA_CMB,MGO,755.56,SYNTHETIC_DEMO
2019-07-24,ARE_FUJ,VLSFO,568.74,SYNTHETIC_DEMO
2019-07-24,ARE_FUJ,MGO,729.76,SYNTHETIC_DEMO
2019-07-25,SGP_SIN,VLSFO,556.71,SYNTHETIC_DEMO
2019-07-25,SGP_SIN,MGO,711.08,SYNTHETIC_DEMO
2019-07-25,LKA_CMB,VLSFO,570.62,SYNTHETIC_DEMO
2019-07-25,LKA_CMB,MGO,728.86,SYNTHETIC_DEMO
2019-07-25,ARE_FUJ,VLSFO,551.14,SYNTHETIC_DEMO
2019-07-25,ARE_FUJ,MGO,703.97,SYNTHETIC_DEMO
2019-07-26,SGP_SIN,VLSFO,566.87,SYNTHETIC_DEMO
2019-07-26,SGP_SIN,MGO,721.04,SYNTHETIC_DEMO
2019-07-26,LKA_CMB,VLSFO,581.04,SYNTHETIC_DEMO
2019-07-26,LKA_CMB,MGO,739.07,SYNTHETIC_DEMO
2019-07-26,ARE_FUJ,VLSFO,561.2,SYNTHETIC_DEMO
2019-07-26,ARE_FUJ,MGO,713.83,SYNTHETIC_DEMO
2019-07-27,SGP_SIN,VLSFO,567.51,SYNTHETIC_DEMO
2019-07-27,SGP_SIN,MGO,719.26,SYNTHETIC_DEMO
2019-07-27,LKA_CMB,VLSFO,581.7,SYNTHETIC_DEMO
2019-07-27,LKA_CMB,MGO,737.24,SYNTHETIC_DEMO
2019-07-27,ARE_FUJ,VLSFO,561.84,SYNTHETIC_DEMO
2019-07-27,ARE_FUJ,MGO,712.07,SYNTHETIC_DEMO
2019-07-28,SGP_SIN,VLSFO,567.01,SYNTHETIC_DEMO
2019-07-28,SGP_SIN,MGO,721.43,SYNTHETIC_DEMO
2019-07-28,LKA_CMB,VLSFO,581.18,SYNTHETIC_DEMO
2019-07-28,LKA_CMB,MGO,739.46,SYNTHETIC_DEMO
2019-07-28,ARE_FUJ,VLSFO,561.34,SYNTHETIC_DEMO
2019-07-28,ARE_FUJ,MGO,714.21,SYNTHETIC_DEMO
2019-07-29,SGP_SIN,VLSFO,577.56,SYNTHETIC_DEMO
2019-07-29,SGP_SIN,MGO,737.39,SYNTHETIC_DEMO
2019-07-29,LKA_CMB,VLSFO,592.0,SYNTHETIC_DEMO
2019-07-29,LKA_CMB,MGO,755.83,SYNTHETIC_DEMO
2019-07-29,ARE_FUJ,VLSFO,571.79,SYNTHETIC_DEMO
2019-07-29,ARE_FUJ,MGO,730.02,SYNTHETIC_DEMO
2019-07-30,SGP_SIN,VLSFO,572.82,SYNTHETIC_DEMO
2019-07-30,SGP_SIN,MGO,726.37,SYNTHETIC_DEMO
2019-07-30,LKA_CMB,VLSFO,587.14,SYNTHETIC_DEMO
2019-07-30,LKA_CMB,MGO,744.53,SYNTHETIC_DEMO
2019-07-30,ARE_FUJ,VLSFO,567.09,SYNTHETIC_DEMO
2019-07-30,ARE_FUJ,MGO,719.11,SYNTHETIC_DEMO
2019-07-31,SGP_SIN,VLSFO,596.0,SYNTHETIC_DEMO
2019-07-31,SGP_SIN,MGO,742.61,SYNTHETIC_DEMO
2019-07-31,LKA_CMB,VLSFO,610.9,SYNTHETIC_DEMO
2019-07-31,LKA_CMB,MGO,761.18,SYNTHETIC_DEMO
2019-07-31,ARE_FUJ,VLSFO,590.04,SYNTHETIC_DEMO
2019-07-31,ARE_FUJ,MGO,735.19,SYNTHETIC_DEMO
2019-08-01,SGP_SIN,VLSFO,575.01,SYNTHETIC_DEMO
2019-08-01,SGP_SIN,MGO,729.46,SYNTHETIC_DEMO
2019-08-01,LKA_CMB,VLSFO,589.39,SYNTHETIC_DEMO
2019-08-01,LKA_CMB,MGO,747.7,SYNTHETIC_DEMO
2019-08-01,ARE_FUJ,VLSFO,569.26,SYNTHETIC_DEMO
2019-08-01,ARE_FUJ,MGO,722.17,SYNTHETIC_DEMO
2019-08-02,SGP_SIN,VLSFO,577.8,SYNTHETIC_DEMO
2019-08-02,SGP_SIN,MGO,742.46,SYNTHETIC_DEMO
2019-08-02,LKA_CMB,VLSFO,592.24,SYNTHETIC_DEMO
2019-08-02,LKA_CMB,MGO,761.02,SYNTHETIC_DEMO
2019-08-02,ARE_FUJ,VLSFO,572.02,SYNTHETIC_DEMO
2019-08-02,ARE_FUJ,MGO,735.03,SYNTHETIC_DEMO
2019-08-03,SGP_SIN,VLSFO,596.08,SYNTHETIC_DEMO
2019-08-03,SGP_SIN,MGO,738.1,SYNTHETIC_DEMO
2019-08-03,LKA_CMB,VLSFO,610.99,SYNTHETIC_DEMO
2019-08-03,LKA_CMB,MGO,756.55,SYNTHETIC_DEMO
2019-08-03,ARE_FUJ,VLSFO,590.12,SYNTHETIC_DEMO
2019-08-03,ARE_FUJ,MGO,730.72,SYNTHETIC_DEMO
2019-08-04,SGP_SIN,VLSFO,581.06,SYNTHETIC_DEMO
2019-08-04,SGP_SIN,MGO,748.76,SYNTHETIC_DEMO
2019-08-04,LKA_CMB,VLSFO,595.59,SYNTHETIC_DEMO
2019-08-04,LKA_CMB,MGO,767.48,SYNTHETIC_DEMO
2019-08-04,ARE_FUJ,VLSFO,575.25,SYNTHETIC_DEMO
2019-08-04,ARE_FUJ,MGO,741.27,SYNTHETIC_DEMO
2019-08-05,SGP_SIN,VLSFO,581.88,SYNTHETIC_DEMO
2019-08-05,SGP_SIN,MGO,735.02,SYNTHETIC_DEMO
2019-08-05,LKA_CMB,VLSFO,596.43,SYNTHETIC_DEMO
2019-08-05,LKA_CMB,MGO,753.4,SYNTHETIC_DEMO
2019-08-05,ARE_FUJ,VLSFO,576.06,SYNTHETIC_DEMO
2019-08-05,ARE_FUJ,MGO,727.67,SYNTHETIC_DEMO
2019-08-06,SGP_SIN,VLSFO,587.59,SYNTHETIC_DEMO
2019-08-06,SGP_SIN,MGO,749.14,SYNTHETIC_DEMO
2019-08-06,LKA_CMB,VLSFO,602.28,SYNTHETIC_DEMO
2019-08-06,LKA_CMB,MGO,767.86,SYNTHETIC_DEMO
2019-08-06,ARE_FUJ,VLSFO,581.72,SYNTHETIC_DEMO
2019-08-06,ARE_FUJ,MGO,741.64,SYNTHETIC_DEMO
2019-08-07,SGP_SIN,VLSFO,575.71,SYNTHETIC_DEMO
2019-08-07,SGP_SIN,MGO,726.74,SYNTHETIC_DEMO
2019-08-07,LKA_CMB,VLSFO,590.1,SYNTHETIC_DEMO
2019-08-07,LKA_CMB,MGO,744.91,SYNTHETIC_DEMO
2019-08-07,ARE_FUJ,VLSFO,569.95,SYNTHETIC_DEMO
2019-08-07,ARE_FUJ,MGO,719.47,SYNTHETIC_DEMO
2019-08-08,SGP_SIN,VLSFO,587.31,SYNTHETIC_DEMO
2019-08-08,SGP_SIN,MGO,754.9,SYNTHETIC_DEMO
2019-08-08,LKA_CMB,VLSFO,601.99,SYNTHETIC_DEMO
2019-08-08,LKA_CMB,MGO,773.77,SYNTHETIC_DEMO
2019-08-08,ARE_FUJ,VLSFO,581.44,SYNTHETIC_DEMO
2019-08-08,ARE_FUJ,MGO,747.35,SYNTHETIC_DEMO
2019-08-09,SGP_SIN,VLSFO,572.94,SYNTHETIC_DEMO
2019-08-09,SGP_SIN,MGO,726.54,SYNTHETIC_DEMO
2019-08-09,LKA_CMB,VLSFO,587.26,SYNTHETIC_DEMO
2019-08-09,LKA_CMB,MGO,744.71,SYNTHETIC_DEMO
2019-08-09,ARE_FUJ,VLSFO,567.21,SYNTHETIC_DEMO
2019-08-09,ARE_FUJ,MGO,719.28,SYNTHETIC_DEMO
2019-08-10,SGP_SIN,VLSFO,570.41,SYNTHETIC_DEMO
2019-08-10,SGP_SIN,MGO,730.4,SYNTHETIC_DEMO
2019-08-10,LKA_CMB,VLSFO,584.67,SYNTHETIC_DEMO
2019-08-10,LKA_CMB,MGO,748.66,SYNTHETIC_DEMO
2019-08-10,ARE_FUJ,VLSFO,564.71,SYNTHETIC_DEMO
2019-08-10,ARE_FUJ,MGO,723.09,SYNTHETIC_DEMO
2019-08-11,SGP_SIN,VLSFO,569.55,SYNTHETIC_DEMO
2019-08-11,SGP_SIN,MGO,716.38,SYNTHETIC_DEMO
2019-08-11,LKA_CMB,VLSFO,583.79,SYNTHETIC_DEMO
2019-08-11,LKA_CMB,MGO,734.29,SYNTHETIC_DEMO
2019-08-11,ARE_FUJ,VLSFO,563.86,SYNTHETIC_DEMO
2019-08-11,ARE_FUJ,MGO,709.22,SYNTHETIC_DEMO
2019-08-12,SGP_SIN,VLSFO,566.3,SYNTHETIC_DEMO
2019-08-12,SGP_SIN,MGO,738.74,SYNTHETIC_DEMO
2019-08-12,LKA_CMB,VLSFO,580.46,SYNTHETIC_DEMO
2019-08-12,LKA_CMB,MGO,757.21,SYNTHETIC_DEMO
2019-08-12,ARE_FUJ,VLSFO,560.64,SYNTHETIC_DEMO
2019-08-12,ARE_FUJ,MGO,731.35,SYNTHETIC_DEMO
2019-08-13,SGP_SIN,VLSFO,581.27,SYNTHETIC_DEMO
2019-08-13,SGP_SIN,MGO,736.01,SYNTHETIC_DEMO
2019-08-13,LKA_CMB,VLSFO,595.81,SYNTHETIC_DEMO
2019-08-13,LKA_CMB,MGO,754.41,SYNTHETIC_DEMO
2019-08-13,ARE_FUJ,VLSFO,575.46,SYNTHETIC_DEMO
2019-08-13,ARE_FUJ,MGO,728.65,SYNTHETIC_DEMO
2019-08-14,SGP_SIN,VLSFO,577.26,SYNTHETIC_DEMO
2019-08-14,SGP_SIN,MGO,728.63,SYNTHETIC_DEMO
2019-08-14,LKA_CMB,VLSFO,591.69,SYNTHETIC_DEMO
2019-08-14,LKA_CMB,MGO,746.85,SYNTHETIC_DEMO
2019-08-14,ARE_FUJ,VLSFO,571.49,SYNTHETIC_DEMO
2019-08-14,ARE_FUJ,MGO,721.34,SYNTHETIC_DEMO
2019-08-15,SGP_SIN,VLSFO,573.86,SYNTHETIC_DEMO
2019-08-15,SGP_SIN,MGO,730.89,SYNTHETIC_DEMO
2019-08-15,LKA_CMB,VLSFO,588.21,SYNTHETIC_DEMO
2019-08-15,LKA_CMB,MGO,749.17,SYNTHETIC_DEMO
2019-08-15,ARE_FUJ,VLSFO,568.12,SYNTHETIC_DEMO
2019-08-15,ARE_FUJ,MGO,723.59,SYNTHETIC_DEMO
2019-08-16,SGP_SIN,VLSFO,579.29,SYNTHETIC_DEMO
2019-08-16,SGP_SIN,MGO,751.16,SYNTHETIC_DEMO
2019-08-16,LKA_CMB,VLSFO,593.77,SYNTHETIC_DEMO
2019-08-16,LKA_CMB,MGO,769.94,SYNTHETIC_DEMO
2019-08-16,ARE_FUJ,VLSFO,573.49,SYNTHETIC_DEMO
2019-08-16,ARE_FUJ,MGO,743.65,SYNTHETIC_DEMO
2019-08-17,SGP_SIN,VLSFO,585.66,SYNTHETIC_DEMO
2019-08-17,SGP_SIN,MGO,752.48,SYNTHETIC_DEMO
2019-08-17,LKA_CMB,VLSFO,600.3,SYNTHETIC_DEMO
2019-08-17,LKA_CMB,MGO,771.29,SYNTHETIC_DEMO
2019-08-17,ARE_FUJ,VLSFO,579.8,SYNTHETIC_DEMO
2019-08-17,ARE_FUJ,MGO,744.96,SYNTHETIC_DEMO
2019-08-18,SGP_SIN,VLSFO,570.52,SYNTHETIC_DEMO
2019-08-18,SGP_SIN,MGO,725.12,SYNTHETIC_DEMO
2019-08-18,LKA_CMB,VLSFO,584.78,SYNTHETIC_DEMO
2019-08-18,LKA_CMB,MGO,743.25,SYNTHETIC_DEMO
2019-08-18,ARE_FUJ,VLSFO,564.81,SYNTHETIC_DEMO
2019-08-18,ARE_FUJ,MGO,717.87,SYNTHETIC_DEMO
2019-08-19,SGP_SIN,VLSFO,578.32,SYNTHETIC_DEMO
2019-08-19,SGP_SIN,MGO,734.07,SYNTHETIC_DEMO
2019-08-19,LKA_CMB,VLSFO,592.78,SYNTHETIC_DEMO
2019-08-19,LKA_CMB,MGO,752.42,SYNTHETIC_DEMO
2019-08-19,ARE_FUJ,VLSFO,572.54,SYNTHETIC_DEMO
2019-08-19,ARE_FUJ,MGO,726.73,SYNTHETIC_DEMO
2019-08-20,SGP_SIN,VLSFO,581.45,SYNTHETIC_DEMO
2019-08-20,SGP_SIN,MGO,735.65,SYNTHETIC_DEMO
2019-08-20,LKA_CMB,VLSFO,595.98,SYNTHETIC_DEMO
2019-08-20,LKA_CMB,MGO,754.04,SYNTHETIC_DEMO
2019-08-20,ARE_FUJ,VLSFO,575.63,SYNTHETIC_DEMO
2019-08-20,ARE_FUJ,MGO,728.29,SYNTHETIC_DEMO
2019-08-21,SGP_SIN,VLSFO,574.76,SYNTHETIC_DEMO
2019-08-21,SGP_SIN,MGO,731.24,SYNTHETIC_DEMO
2019-08-21,LKA_CMB,VLSFO,589.13,SYNTHETIC_DEMO
2019-08-21,LKA_CMB,MGO,749.52,SYNTHETIC_DEMO
2019-08-21,ARE_FUJ,VLSFO,569.01,SYNTHETIC_DEMO
2019-08-21,ARE_FUJ,MGO,723.92,SYNTHETIC_DEMO
2019-08-22,SGP_SIN,VLSFO,585.49,SYNTHETIC_DEMO
2019-08-22,SGP_SIN,MGO,746.6,SYNTHETIC_DEMO
2019-08-22,LKA_CMB,VLSFO,600.13,SYNTHETIC_DEMO
2019-08-22,LKA_CMB,MGO,765.27,SYNTHETIC_DEMO
2019-08-22,ARE_FUJ,VLSFO,579.64,SYNTHETIC_DEMO
2019-08-22,ARE_FUJ,MGO,739.14,SYNTHETIC_DEMO
2019-08-23,SGP_SIN,VLSFO,581.78,SYNTHETIC_DEMO
2019-08-23,SGP_SIN,MGO,745.42,SYNTHETIC_DEMO
2019-08-23,LKA_CMB,VLSFO,596.33,SYNTHETIC_DEMO
2019-08-23,LKA_CMB,MGO,764.06,SYNTHETIC_DEMO
2019-08-23,ARE_FUJ,VLSFO,575.97,SYNTHETIC_DEMO
2019-08-23,ARE_FUJ,MGO,737.97,SYNTHETIC_DEMO
2019-08-24,SGP_SIN,VLSFO,567.91,SYNTHETIC_DEMO
2019-08-24,SGP_SIN,MGO,731.22,SYNTHETIC_DEMO
2019-08-24,LKA_CMB,VLSFO,582.11,SYNTHETIC_DEMO
2019-08-24,LKA_CMB,MGO,749.5,SYNTHETIC_DEMO
2019-08-24,ARE_FUJ,VLSFO,562.23,SYNTHETIC_DEMO
2019-08-24,ARE_FUJ,MGO,723.91,SYNTHETIC_DEMO
2019-08-25,SGP_SIN,VLSFO,561.32,SYNTHETIC_DEMO
2019-08-25,SGP_SIN,MGO,720.24,SYNTHETIC_DEMO
2019-08-25,LKA_CMB,VLSFO,575.36,SYNTHETIC_DEMO
2019-08-25,LKA_CMB,MGO,738.24,SYNTHETIC_DEMO
2019-08-25,ARE_FUJ,VLSFO,555.71,SYNTHETIC_DEMO
2019-08-25,ARE_FUJ,MGO,713.03,SYNTHETIC_DEMO
2019-08-26,SGP_SIN,VLSFO,577.2,SYNTHETIC_DEMO
2019-08-26,SGP_SIN,MGO,737.82,SYNTHETIC_DEMO
2019-08-26,LKA_CMB,VLSFO,591.63,SYNTHETIC_DEMO
2019-08-26,LKA_CMB,MGO,756.27,SYNTHETIC_DEMO
2019-08-26,ARE_FUJ,VLSFO,571.43,SYNTHETIC_DEMO
2019-08-26,ARE_FUJ,MGO,730.45,SYNTHETIC_DEMO
2019-08-27,SGP_SIN,VLSFO,570.03,SYNTHETIC_DEMO
2019-08-27,SGP_SIN,MGO,731.01,SYNTHETIC_DEMO
2019-08-27,LKA_CMB,VLSFO,584.28,SYNTHETIC_DEMO
2019-08-27,LKA_CMB,MGO,749.29,SYNTHETIC_DEMO
2019-08-27,ARE_FUJ,VLSFO,564.33,SYNTHETIC_DEMO
2019-08-27,ARE_FUJ,MGO,723.7,SYNTHETIC_DEMO
2019-08-28,SGP_SIN,VLSFO,560.98,SYNTHETIC_DEMO
2019-08-28,SGP_SIN,MGO,719.87,SYNTHETIC_DEMO
2019-08-28,LKA_CMB,VLSFO,575.0,SYNTHETIC_DEMO
2019-08-28,LKA_CMB,MGO,737.87,SYNTHETIC_DEMO
2019-08-28,ARE_FUJ,VLSFO,555.37,SYNTHETIC_DEMO
2019-08-28,ARE_FUJ,MGO,712.67,SYNTHETIC_DEMO
2019-08-29,SGP_SIN,VLSFO,576.77,SYNTHETIC_DEMO
2019-08-29,SGP_SIN,MGO,740.18,SYNTHETIC_DEMO
2019-08-29,LKA_CMB,VLSFO,591.19,SYNTHETIC_DEMO
2019-08-29,LKA_CMB,MGO,758.68,SYNTHETIC_DEMO
2019-08-29,ARE_FUJ,VLSFO,571.0,SYNTHETIC_DEMO
2019-08-29,ARE_FUJ,MGO,732.77,SYNTHETIC_DEMO
2019-08-30,SGP_SIN,VLSFO,566.96,SYNTHETIC_DEMO
2019-08-30,SGP_SIN,MGO,728.04,SYNTHETIC_DEMO
2019-08-30,LKA_CMB,VLSFO,581.14,SYNTHETIC_DEMO
2019-08-30,LKA_CMB,MGO,746.24,SYNTHETIC_DEMO
2019-08-30,ARE_FUJ,VLSFO,561.29,SYNTHETIC_DEMO
2019-08-30,ARE_FUJ,MGO,720.76,SYNTHETIC_DEMO
2019-08-31,SGP_SIN,VLSFO,580.37,SYNTHETIC_DEMO
2019-08-31,SGP_SIN,MGO,739.54,SYNTHETIC_DEMO
2019-08-31,LKA_CMB,VLSFO,594.88,SYNTHETIC_DEMO
2019-08-31,LKA_CMB,MGO,758.03,SYNTHETIC_DEMO
2019-08-31,ARE_FUJ,VLSFO,574.57,SYNTHETIC_DEMO
2019-08-31,ARE_FUJ,MGO,732.15,SYNTHETIC_DEMO
2019-09-01,SGP_SIN,VLSFO,572.77,SYNTHETIC_DEMO
2019-09-01,SGP_SIN,MGO,722.18,SYNTHETIC_DEMO
2019-09-01,LKA_CMB,VLSFO,587.09,SYNTHETIC_DEMO
2019-09-01,LKA_CMB,MGO,740.24,SYNTHETIC_DEMO
2019-09-01,ARE_FUJ,VLSFO,567.04,SYNTHETIC_DEMO
2019-09-01,ARE_FUJ,MGO,714.96,SYNTHETIC_DEMO
2019-09-02,SGP_SIN,VLSFO,578.48,SYNTHETIC_DEMO
2019-09-02,SGP_SIN,MGO,742.09,SYNTHETIC_DEMO
2019-09-02,LKA_CMB,VLSFO,592.94,SYNTHETIC_DEMO
2019-09-02,LKA_CMB,MGO,760.65,SYNTHETIC_DEMO
2019-09-02,ARE_FUJ,VLSFO,572.69,SYNTHETIC_DEMO
2019-09-02,ARE_FUJ,MGO,734.67,SYNTHETIC_DEMO
2019-09-03,SGP_SIN,VLSFO,579.3,SYNTHETIC_DEMO
2019-09-03,SGP_SIN,MGO,741.75,SYNTHETIC_DEMO
2019-09-03,LKA_CMB,VLSFO,593.78,SYNTHETIC_DEMO
2019-09-03,LKA_CMB,MGO,760.29,SYNTHETIC_DEMO
2019-09-03,ARE_FUJ,VLSFO,573.51,SYNTHETIC_DEMO
2019-09-03,ARE_FUJ,MGO,734.33,SYNTHETIC_DEMO
2019-09-04,SGP_SIN,VLSFO,585.46,SYNTHETIC_DEMO
2019-09-04,SGP_SIN,MGO,756.15,SYNTHETIC_DEMO
2019-09-04,LKA_CMB,VLSFO,600.1,SYNTHETIC_DEMO
2019-09-04,LKA_CMB,MGO,775.05,SYNTHETIC_DEMO
2019-09-04,ARE_FUJ,VLSFO,579.61,SYNTHETIC_DEMO
2019-09-04,ARE_FUJ,MGO,748.59,SYNTHETIC_DEMO
2019-09-05,SGP_SIN,VLSFO,587.67,SYNTHETIC_DEMO
2019-09-05,SGP_SIN,MGO,748.68,SYNTHETIC_DEMO
2019-09-05,LKA_CMB,VLSFO,602.36,SYNTHETIC_DEMO
2019-09-05,LKA_CMB,MGO,767.4,SYNTHETIC_DEMO
2019-09-05,ARE_FUJ,VLSFO,581.79,SYNTHETIC_DEMO
2019-09-05,ARE_FUJ,MGO,741.19,SYNTHETIC_DEMO
2019-09-06,SGP_SIN,VLSFO,589.73,SYNTHETIC_DEMO
2019-09-06,SGP_SIN,MGO,767.49,SYNTHETIC_DEMO
2019-09-06,LKA_CMB,VLSFO,604.48,SYNTHETIC_DEMO
2019-09-06,LKA_CMB,MGO,786.68,SYNTHETIC_DEMO
2019-09-06,ARE_FUJ,VLSFO,583.84,SYNTHETIC_DEMO
2019-09-06,ARE_FUJ,MGO,759.81,SYNTHETIC_DEMO
2019-09-07,SGP_SIN,VLSFO,571.44,SYNTHETIC_DEMO
2019-09-07,SGP_SIN,MGO,739.24,SYNTHETIC_DEMO
2019-09-07,LKA_CMB,VLSFO,585.73,SYNTHETIC_DEMO
2019-09-07,LKA_CMB,MGO,757.72,SYNTHETIC_DEMO
2019-09-07,ARE_FUJ,VLSFO,565.73,SYNTHETIC_DEMO
2019-09-07,ARE_FUJ,MGO,731.85,SYNTHETIC_DEMO
2019-09-08,SGP_SIN,VLSFO,582.87,SYNTHETIC_DEMO
2019-09-08,SGP_SIN,MGO,752.6,SYNTHETIC_DEMO
2019-09-08,LKA_CMB,VLSFO,597.45,SYNTHETIC_DEMO
2019-09-08,LKA_CMB,MGO,771.42,SYNTHETIC_DEMO
2019-09-08,ARE_FUJ,VLSFO,577.04,SYNTHETIC_DEMO
2019-09-08,ARE_FUJ,MGO,745.08,SYNTHETIC_DEMO
2019-09-09,SGP_SIN,VLSFO,578.76,SYNTHETIC_DEMO
2019-09-09,SGP_SIN,MGO,731.41,SYNTHETIC_DEMO
2019-09-09,LKA_CMB,VLSFO,593.23,SYNTHETIC_DEMO
2019-09-09,LKA_CMB,MGO,749.69,SYNTHETIC_DEMO
2019-09-09,ARE_FUJ,VLSFO,572.98,SYNTHETIC_DEMO
2019-09-09,ARE_FUJ,MGO,724.09,SYNTHETIC_DEMO
2019-09-10,SGP_SIN,VLSFO,579.94,SYNTHETIC_DEMO
2019-09-10,SGP_SIN,MGO,748.02,SYNTHETIC_DEMO
2019-09-10,LKA_CMB,VLSFO,594.44,SYNTHETIC_DEMO
2019-09-10,LKA_CMB,MGO,766.72,SYNTHETIC_DEMO
2019-09-10,ARE_FUJ,VLSFO,574.14,SYNTHETIC_DEMO
2019-09-10,ARE_FUJ,MGO,740.54,SYNTHETIC_DEMO
2019-09-11,SGP_SIN,VLSFO,574.9,SYNTHETIC_DEMO
2019-09-11,SGP_SIN,MGO,728.1,SYNTHETIC_DEMO
2019-09-11,LKA_CMB,VLSFO,589.27,SYNTHETIC_DEMO
2019-09-11,LKA_CMB,MGO,746.31,SYNTHETIC_DEMO
2019-09-11,ARE_FUJ,VLSFO,569.15,SYNTHETIC_DEMO
2019-09-11,ARE_FUJ,MGO,720.82,SYNTHETIC_DEMO
2019-09-12,SGP_SIN,VLSFO,575.35,SYNTHETIC_DEMO
2019-09-12,SGP_SIN,MGO,736.31,SYNTHETIC_DEMO
2019-09-12,LKA_CMB,VLSFO,589.73,SYNTHETIC_DEMO
2019-09-12,LKA_CMB,MGO,754.71,SYNTHETIC_DEMO
2019-09-12,ARE_FUJ,VLSFO,569.6,SYNTHETIC_DEMO
2019-09-12,ARE_FUJ,MGO,728.94,SYNTHETIC_DEMO
2019-09-13,SGP_SIN,VLSFO,582.72,SYNTHETIC_DEMO
2019-09-13,SGP_SIN,MGO,749.53,SYNTHETIC_DEMO
2019-09-13,LKA_CMB,VLSFO,597.28,SYNTHETIC_DEMO
2019-09-13,LKA_CMB,MGO,768.26,SYNTHETIC_DEMO
2019-09-13,ARE_FUJ,VLSFO,576.89,SYNTHETIC_DEMO
2019-09-13,ARE_FUJ,MGO,742.03,SYNTHETIC_DEMO
2019-09-14,SGP_SIN,VLSFO,575.28,SYNTHETIC_DEMO
2019-09-14,SGP_SIN,MGO,727.88,SYNTHETIC_DEMO
2019-09-14,LKA_CMB,VLSFO,589.67,SYNTHETIC_DEMO
2019-09-14,LKA_CMB,MGO,746.08,SYNTHETIC_DEMO
2019-09-14,ARE_FUJ,VLSFO,569.53,SYNTHETIC_DEMO
2019-09-14,ARE_FUJ,MGO,720.61,SYNTHETIC_DEMO
2019-09-15,SGP_SIN,VLSFO,578.3,SYNTHETIC_DEMO
2019-09-15,SGP_SIN,MGO,737.73,SYNTHETIC_DEMO
2019-09-15,LKA_CMB,VLSFO,592.76,SYNTHETIC_DEMO
2019-09-15,LKA_CMB,MGO,756.17,SYNTHETIC_DEMO
2019-09-15,ARE_FUJ,VLSFO,572.52,SYNTHETIC_DEMO
2019-09-15,ARE_FUJ,MGO,730.35,SYNTHETIC_DEMO
2019-09-16,SGP_SIN,VLSFO,580.23,SYNTHETIC_DEMO
2019-09-16,SGP_SIN,MGO,750.69,SYNTHETIC_DEMO
2019-09-16,LKA_CMB,VLSFO,594.73,SYNTHETIC_DEMO
2019-09-16,LKA_CMB,MGO,769.46,SYNTHETIC_DEMO
2019-09-16,ARE_FUJ,VLSFO,574.43,SYNTHETIC_DEMO
2019-09-16,ARE_FUJ,MGO,743.18,SYNTHETIC_DEMO
2019-09-17,SGP_SIN,VLSFO,565.35,SYNTHETIC_DEMO
2019-09-17,SGP_SIN,MGO,740.32,SYNTHETIC_DEMO
2019-09-17,LKA_CMB,VLSFO,579.48,SYNTHETIC_DEMO
2019-09-17,LKA_CMB,MGO,758.83,SYNTHETIC_DEMO
2019-09-17,ARE_FUJ,VLSFO,559.69,SYNTHETIC_DEMO
2019-09-17,ARE_FUJ,MGO,732.92,SYNTHETIC_DEMO
2019-09-18,SGP_SIN,VLSFO,574.38,SYNTHETIC_DEMO
2019-09-18,SGP_SIN,MGO,732.02,SYNTHETIC_DEMO
2019-09-18,LKA_CMB,VLSFO,588.74,SYNTHETIC_DEMO
2019-09-18,LKA_CMB,MGO,750.32,SYNTHETIC_DEMO
2019-09-18,ARE_FUJ,VLSFO,568.63,SYNTHETIC_DEMO
2019-09-18,ARE_FUJ,MGO,724.7,SYNTHETIC_DEMO
2019-09-19,SGP_SIN,VLSFO,587.69,SYNTHETIC_DEMO
2019-09-19,SGP_SIN,MGO,758.22,SYNTHETIC_DEMO
2019-09-19,LKA_CMB,VLSFO,602.39,SYNTHETIC_DEMO
2019-09-19,LKA_CMB,MGO,777.17,SYNTHETIC_DEMO
2019-09-19,ARE_FUJ,VLSFO,581.82,SYNTHETIC_DEMO
2019-09-19,ARE_FUJ,MGO,750.64,SYNTHETIC_DEMO
2019-09-20,SGP_SIN,VLSFO,576.07,SYNTHETIC_DEMO
2019-09-20,SGP_SIN,MGO,743.7,SYNTHETIC_DEMO
2019-09-20,LKA_CMB,VLSFO,590.48,SYNTHETIC_DEMO
2019-09-20,LKA_CMB,MGO,762.3,SYNTHETIC_DEMO
2019-09-20,ARE_FUJ,VLSFO,570.31,SYNTHETIC_DEMO
2019-09-20,ARE_FUJ,MGO,736.27,SYNTHETIC_DEMO
2019-09-21,SGP_SIN,VLSFO,568.74,SYNTHETIC_DEMO
2019-09-21,SGP_SIN,MGO,710.3,SYNTHETIC_DEMO
2019-09-21,LKA_CMB,VLSFO,582.95,SYNTHETIC_DEMO
2019-09-21,LKA_CMB,MGO,728.05,SYNTHETIC_DEMO
2019-09-21,ARE_FUJ,VLSFO,563.05,SYNTHETIC_DEMO
2019-09-21,ARE_FUJ,MGO,703.19,SYNTHETIC_DEMO
2019-09-22,SGP_SIN,VLSFO,570.4,SYNTHETIC_DEMO
2019-09-22,SGP_SIN,MGO,733.95,SYNTHETIC_DEMO
2019-09-22,LKA_CMB,VLSFO,584.66,SYNTHETIC_DEMO
2019-09-22,LKA_CMB,MGO,752.29,SYNTHETIC_DEMO
2019-09-22,ARE_FUJ,VLSFO,564.7,SYNTHETIC_DEMO
2019-09-22,ARE_FUJ,MGO,726.61,SYNTHETIC_DEMO
2019-09-23,SGP_SIN,VLSFO,568.86,SYNTHETIC_DEMO
2019-09-23,SGP_SIN,MGO,723.26,SYNTHETIC_DEMO
2019-09-23,LKA_CMB,VLSFO,583.08,SYNTHETIC_DEMO
2019-09-23,LKA_CMB,MGO,741.34,SYNTHETIC_DEMO
2019-09-23,ARE_FUJ,VLSFO,563.17,SYNTHETIC_DEMO
2019-09-23,ARE_FUJ,MGO,716.03,SYNTHETIC_DEMO
2019-09-24,SGP_SIN,VLSFO,567.88,SYNTHETIC_DEMO
2019-09-24,SGP_SIN,MGO,716.14,SYNTHETIC_DEMO
2019-09-24,LKA_CMB,VLSFO,582.08,SYNTHETIC_DEMO
2019-09-24,LKA_CMB,MGO,734.04,SYNTHETIC_DEMO
2019-09-24,ARE_FUJ,VLSFO,562.2,SYNTHETIC_DEMO
2019-09-24,ARE_FUJ,MGO,708.98,SYNTHETIC_DEMO
2019-09-25,SGP_SIN,VLSFO,564.4,SYNTHETIC_DEMO
2019-09-25,SGP_SIN,MGO,731.72,SYNTHETIC_DEMO
2019-09-25,LKA_CMB,VLSFO,578.51,SYNTHETIC_DEMO
2019-09-25,LKA_CMB,MGO,750.02,SYNTHETIC_DEMO
2019-09-25,ARE_FUJ,VLSFO,558.76,SYNTHETIC_DEMO
2019-09-25,ARE_FUJ,MGO,724.41,SYNTHETIC_DEMO
2019-09-26,SGP_SIN,VLSFO,573.33,SYNTHETIC_DEMO
2019-09-26,SGP_SIN,MGO,737.03,SYNTHETIC_DEMO
2019-09-26,LKA_CMB,VLSFO,587.66,SYNTHETIC_DEMO
2019-09-26,LKA_CMB,MGO,755.46,SYNTHETIC_DEMO
2019-09-26,ARE_FUJ,VLSFO,567.59,SYNTHETIC_DEMO
2019-09-26,ARE_FUJ,MGO,729.66,SYNTHETIC_DEMO
2019-09-27,SGP_SIN,VLSFO,563.2,SYNTHETIC_DEMO
2019-09-27,SGP_SIN,MGO,737.22,SYNTHETIC_DEMO
2019-09-27,LKA_CMB,VLSFO,577.28,SYNTHETIC_DEMO
2019-09-27,LKA_CMB,MGO,755.65,SYNTHETIC_DEMO
2019-09-27,ARE_FUJ,VLSFO,557.57,SYNTHETIC_DEMO
2019-09-27,ARE_FUJ,MGO,729.85,SYNTHETIC_DEMO
2019-09-28,SGP_SIN,VLSFO,565.45,SYNTHETIC_DEMO
2019-09-28,SGP_SIN,MGO,729.84,SYNTHETIC_DEMO
2019-09-28,LKA_CMB,VLSFO,579.59,SYNTHETIC_DEMO
2019-09-28,LKA_CMB,MGO,748.09,SYNTHETIC_DEMO
2019-09-28,ARE_FUJ,VLSFO,559.8,SYNTHETIC_DEMO
2019-09-28,ARE_FUJ,MGO,722.54,SYNTHETIC_DEMO
2019-09-29,SGP_SIN,VLSFO,562.89,SYNTHETIC_DEMO
2019-09-29,SGP_SIN,MGO,719.63,SYNTHETIC_DEMO
2019-09-29,LKA_CMB,VLSFO,576.96,SYNTHETIC_DEMO
2019-09-29,LKA_CMB,MGO,737.62,SYNTHETIC_DEMO
2019-09-29,ARE_FUJ,VLSFO,557.26,SYNTHETIC_DEMO
2019-09-29,ARE_FUJ,MGO,712.43,SYNTHETIC_DEMO
2019-09-30,SGP_SIN,VLSFO,558.33,SYNTHETIC_DEMO
2019-09-30,SGP_SIN,MGO,710.26,SYNTHETIC_DEMO
2019-09-30,LKA_CMB,VLSFO,572.29,SYNTHETIC_DEMO
2019-09-30,LKA_CMB,MGO,728.02,SYNTHETIC_DEMO
2019-09-30,ARE_FUJ,VLSFO,552.75,SYNTHETIC_DEMO
2019-09-30,ARE_FUJ,MGO,703.16,SYNTHETIC_DEMO
2019-10-01,SGP_SIN,VLSFO,566.21,SYNTHETIC_DEMO
2019-10-01,SGP_SIN,MGO,712.5,SYNTHETIC_DEMO
2019-10-01,LKA_CMB,VLSFO,580.36,SYNTHETIC_DEMO
2019-10-01,LKA_CMB,MGO,730.31,SYNTHETIC_DEMO
2019-10-01,ARE_FUJ,VLSFO,560.54,SYNTHETIC_DEMO
2019-10-01,ARE_FUJ,MGO,705.37,SYNTHETIC_DEMO
2019-10-02,SGP_SIN,VLSFO,566.35,SYNTHETIC_DEMO
2019-10-02,SGP_SIN,MGO,733.88,SYNTHETIC_DEMO
2019-10-02,LKA_CMB,VLSFO,580.51,SYNTHETIC_DEMO
2019-10-02,LKA_CMB,MGO,752.23,SYNTHETIC_DEMO
2019-10-02,ARE_FUJ,VLSFO,560.68,SYNTHETIC_DEMO
2019-10-02,ARE_FUJ,MGO,726.54,SYNTHETIC_DEMO
2019-10-03,SGP_SIN,VLSFO,575.49,SYNTHETIC_DEMO
2019-10-03,SGP_SIN,MGO,742.84,SYNTHETIC_DEMO
2019-10-03,LKA_CMB,VLSFO,589.88,SYNTHETIC_DEMO
2019-10-03,LKA_CMB,MGO,761.41,SYNTHETIC_DEMO
2019-10-03,ARE_FUJ,VLSFO,569.74,SYNTHETIC_DEMO
2019-10-03,ARE_FUJ,MGO,735.41,SYNTHETIC_DEMO
2019-10-04,SGP_SIN,VLSFO,573.95,SYNTHETIC_DEMO
2019-10-04,SGP_SIN,MGO,736.8,SYNTHETIC_DEMO
2019-10-04,LKA_CMB,VLSFO,588.3,SYNTHETIC_DEMO
2019-10-04,LKA_CMB,MGO,755.22,SYNTHETIC_DEMO
2019-10-04,ARE_FUJ,VLSFO,568.21,SYNTHETIC_DEMO
2019-10-04,ARE_FUJ,MGO,729.43,SYNTHETIC_DEMO
2019-10-05,SGP_SIN,VLSFO,575.73,SYNTHETIC_DEMO
2019-10-05,SGP_SIN,MGO,747.06,SYNTHETIC_DEMO
2019-10-05,LKA_CMB,VLSFO,590.13,SYNTHETIC_DEMO
2019-10-05,LKA_CMB,MGO,765.74,SYNTHETIC_DEMO
2019-10-05,ARE_FUJ,VLSFO,569.98,SYNTHETIC_DEMO
2019-10-05,ARE_FUJ,MGO,739.59,SYNTHETIC_DEMO
2019-10-06,SGP_SIN,VLSFO,564.8,SYNTHETIC_DEMO
2019-10-06,SGP_SIN,MGO,722.24,SYNTHETIC_DEMO
2019-10-06,LKA_CMB,VLSFO,578.92,SYNTHETIC_DEMO
2019-10-06,LKA_CMB,MGO,740.3,SYNTHETIC_DEMO
2019-10-06,ARE_FUJ,VLSFO,559.15,SYNTHETIC_DEMO
2019-10-06,ARE_FUJ,MGO,715.02,SYNTHETIC_DEMO
2019-10-07,SGP_SIN,VLSFO,570.26,SYNTHETIC_DEMO
2019-10-07,SGP_SIN,MGO,726.3,SYNTHETIC_DEMO
2019-10-07,LKA_CMB,VLSFO,584.51,SYNTHETIC_DEMO
2019-10-07,LKA_CMB,MGO,744.45,SYNTHETIC_DEMO
2019-10-07,ARE_FUJ,VLSFO,564.55,SYNTHETIC_DEMO
2019-10-07,ARE_FUJ,MGO,719.03,SYNTHETIC_DEMO
2019-10-08,SGP_SIN,VLSFO,565.11,SYNTHETIC_DEMO
2019-10-08,SGP_SIN,MGO,723.72,SYNTHETIC_DEMO
2019-10-08,LKA_CMB,VLSFO,579.24,SYNTHETIC_DEMO
2019-10-08,LKA_CMB,MGO,741.81,SYNTHETIC_DEMO
2019-10-08,ARE_FUJ,VLSFO,559.46,SYNTHETIC_DEMO
2019-10-08,ARE_FUJ,MGO,716.48,SYNTHETIC_DEMO
2019-10-09,SGP_SIN,VLSFO,566.46,SYNTHETIC_DEMO
2019-10-09,SGP_SIN,MGO,727.69,SYNTHETIC_DEMO
2019-10-09,LKA_CMB,VLSFO,580.62,SYNTHETIC_DEMO
2019-10-09,LKA_CMB,MGO,745.88,SYNTHETIC_DEMO
2019-10-09,ARE_FUJ,VLSFO,560.79,SYNTHETIC_DEMO
2019-10-09,ARE_FUJ,MGO,720.41,SYNTHETIC_DEMO
2019-10-10,SGP_SIN,VLSFO,562.73,SYNTHETIC_DEMO
2019-10-10,SGP_SIN,MGO,732.29,SYNTHETIC_DEMO
2019-10-10,LKA_CMB,VLSFO,576.79,SYNTHETIC_DEMO
2019-10-10,LKA_CMB,MGO,750.59,SYNTHETIC_DEMO
2019-10-10,ARE_FUJ,VLSFO,557.1,SYNTHETIC_DEMO
2019-10-10,ARE_FUJ,MGO,724.96,SYNTHETIC_DEMO
2019-10-11,SGP_SIN,VLSFO,576.75,SYNTHETIC_DEMO
2019-10-11,SGP_SIN,MGO,730.71,SYNTHETIC_DEMO
2019-10-11,LKA_CMB,VLSFO,591.17,SYNTHETIC_DEMO
2019-10-11,LKA_CMB,MGO,748.98,SYNTHETIC_DEMO
2019-10-11,ARE_FUJ,VLSFO,570.99,SYNTHETIC_DEMO
2019-10-11,ARE_FUJ,MGO,723.4,SYNTHETIC_DEMO
2019-10-12,SGP_SIN,VLSFO,547.3,SYNTHETIC_DEMO
2019-10-12,SGP_SIN,MGO,697.01,SYNTHETIC_DEMO
2019-10-12,LKA_CMB,VLSFO,560.98,SYNTHETIC_DEMO
2019-10-12,LKA_CMB,MGO,714.44,SYNTHETIC_DEMO
2019-10-12,ARE_FUJ,VLSFO,541.82,SYNTHETIC_DEMO
2019-10-12,ARE_FUJ,MGO,690.04,SYNTHETIC_DEMO
2019-10-13,SGP_SIN,VLSFO,568.5,SYNTHETIC_DEMO
2019-10-13,SGP_SIN,MGO,718.85,SYNTHETIC_DEMO
2019-10-13,LKA_CMB,VLSFO,582.71,SYNTHETIC_DEMO
2019-10-13,LKA_CMB,MGO,736.82,SYNTHETIC_DEMO
2019-10-13,ARE_FUJ,VLSFO,562.81,SYNTHETIC_DEMO
2019-10-13,ARE_FUJ,MGO,711.66,SYNTHETIC_DEMO
2019-10-14,SGP_SIN,VLSFO,569.78,SYNTHETIC_DEMO
2019-10-14,SGP_SIN,MGO,723.67,SYNTHETIC_DEMO
2019-10-14,LKA_CMB,VLSFO,584.02,SYNTHETIC_DEMO
2019-10-14,LKA_CMB,MGO,741.76,SYNTHETIC_DEMO
2019-10-14,ARE_FUJ,VLSFO,564.08,SYNTHETIC_DEMO
2019-10-14,ARE_FUJ,MGO,716.44,SYNTHETIC_DEMO
2019-10-15,SGP_SIN,VLSFO,573.51,SYNTHETIC_DEMO
2019-10-15,SGP_SIN,MGO,734.07,SYNTHETIC_DEMO
2019-10-15,LKA_CMB,VLSFO,587.85,SYNTHETIC_DEMO
2019-10-15,LKA_CMB,MGO,752.43,SYNTHETIC_DEMO
2019-10-15,ARE_FUJ,VLSFO,567.77,SYNTHETIC_DEMO
2019-10-15,ARE_FUJ,MGO,726.73,SYNTHETIC_DEMO
2019-10-16,SGP_SIN,VLSFO,571.63,SYNTHETIC_DEMO
2019-10-16,SGP_SIN,MGO,741.44,SYNTHETIC_DEMO
2019-10-16,LKA_CMB,VLSFO,585.92,SYNTHETIC_DEMO
2019-10-16,LKA_CMB,MGO,759.97,SYNTHETIC_DEMO
2019-10-16,ARE_FUJ,VLSFO,565.91,SYNTHETIC_DEMO
2019-10-16,ARE_FUJ,MGO,734.02,SYNTHETIC_DEMO
2019-10-17,SGP_SIN,VLSFO,562.53,SYNTHETIC_DEMO
2019-10-17,SGP_SIN,MGO,718.6,SYNTHETIC_DEMO
2019-10-17,LKA_CMB,VLSFO,576.6,SYNTHETIC_DEMO
2019-10-17,LKA_CMB,MGO,736.57,SYNTHETIC_DEMO
2019-10-17,ARE_FUJ,VLSFO,556.91,SYNTHETIC_DEMO
2019-10-17,ARE_FUJ,MGO,711.42,SYNTHETIC_DEMO
2019-10-18,SGP_SIN,VLSFO,570.38,SYNTHETIC_DEMO
2019-10-18,SGP_SIN,MGO,723.13,SYNTHETIC_DEMO
2019-10-18,LKA_CMB,VLSFO,584.63,SYNTHETIC_DEMO
2019-10-18,LKA_CMB,MGO,741.21,SYNTHETIC_DEMO
2019-10-18,ARE_FUJ,VLSFO,564.67,SYNTHETIC_DEMO
2019-10-18,ARE_FUJ,MGO,715.9,SYNTHETIC_DEMO
2019-10-19,SGP_SIN,VLSFO,557.73,SYNTHETIC_DEMO
2019-10-19,SGP_SIN,MGO,714.29,SYNTHETIC_DEMO
2019-10-19,LKA_CMB,VLSFO,571.67,SYNTHETIC_DEMO
2019-10-19,LKA_CMB,MGO,732.15,SYNTHETIC_DEMO
2019-10-19,ARE_FUJ,VLSFO,552.15,SYNTHETIC_DEMO
2019-10-19,ARE_FUJ,MGO,707.15,SYNTHETIC_DEMO
2019-10-20,SGP_SIN,VLSFO,560.78,SYNTHETIC_DEMO
2019-10-20,SGP_SIN,MGO,716.27,SYNTHETIC_DEMO
2019-10-20,LKA_CMB,VLSFO,574.8,SYNTHETIC_DEMO
2019-10-20,LKA_CMB,MGO,734.18,SYNTHETIC_DEMO
2019-10-20,ARE_FUJ,VLSFO,555.17,SYNTHETIC_DEMO
2019-10-20,ARE_FUJ,MGO,709.11,SYNTHETIC_DEMO
2019-10-21,SGP_SIN,VLSFO,557.11,SYNTHETIC_DEMO
2019-10-21,SGP_SIN,MGO,713.29,SYNTHETIC_DEMO
2019-10-21,LKA_CMB,VLSFO,571.04,SYNTHETIC_DEMO
2019-10-21,LKA_CMB,MGO,731.13,SYNTHETIC_DEMO
2019-10-21,ARE_FUJ,VLSFO,551.54,SYNTHETIC_DEMO
2019-10-21,ARE_FUJ,MGO,706.16,SYNTHETIC_DEMO
2019-10-22,SGP_SIN,VLSFO,555.13,SYNTHETIC_DEMO
2019-10-22,SGP_SIN,MGO,723.36,SYNTHETIC_DEMO
2019-10-22,LKA_CMB,VLSFO,569.01,SYNTHETIC_DEMO
2019-10-22,LKA_CMB,MGO,741.45,SYNTHETIC_DEMO
2019-10-22,ARE_FUJ,VLSFO,549.58,SYNTHETIC_DEMO
2019-10-22,ARE_FUJ,MGO,716.13,SYNTHETIC_DEMO
2019-10-23,SGP_SIN,VLSFO,554.11,SYNTHETIC_DEMO
2019-10-23,SGP_SIN,MGO,706.2,SYNTHETIC_DEMO
2019-10-23,LKA_CMB,VLSFO,567.96,SYNTHETIC_DEMO
2019-10-23,LKA_CMB,MGO,723.85,SYNTHETIC_DEMO
2019-10-23,ARE_FUJ,VLSFO,548.57,SYNTHETIC_DEMO
2019-10-23,ARE_FUJ,MGO,699.14,SYNTHETIC_DEMO
2019-10-24,SGP_SIN,VLSFO,547.91,SYNTHETIC_DEMO
2019-10-24,SGP_SIN,MGO,699.49,SYNTHETIC_DEMO
2019-10-24,LKA_CMB,VLSFO,561.6,SYNTHETIC_DEMO
2019-10-24,LKA_CMB,MGO,716.98,SYNTHETIC_DEMO
2019-10-24,ARE_FUJ,VLSFO,542.43,SYNTHETIC_DEMO
2019-10-24,ARE_FUJ,MGO,692.5,SYNTHETIC_DEMO
2019-10-25,SGP_SIN,VLSFO,565.73,SYNTHETIC_DEMO
2019-10-25,SGP_SIN,MGO,722.2,SYNTHETIC_DEMO
2019-10-25,LKA_CMB,VLSFO,579.88,SYNTHETIC_DEMO
2019-10-25,LKA_CMB,MGO,740.25,SYNTHETIC_DEMO
2019-10-25,ARE_FUJ,VLSFO,560.08,SYNTHETIC_DEMO
2019-10-25,ARE_FUJ,MGO,714.98,SYNTHETIC_DEMO
2019-10-26,SGP_SIN,VLSFO,563.88,SYNTHETIC_DEMO
2019-10-26,SGP_SIN,MGO,713.4,SYNTHETIC_DEMO
2019-10-26,LKA_CMB,VLSFO,577.98,SYNTHETIC_DEMO
2019-10-26,LKA_CMB,MGO,731.24,SYNTHETIC_DEMO
2019-10-26,ARE_FUJ,VLSFO,558.24,SYNTHETIC_DEMO
2019-10-26,ARE_FUJ,MGO,706.27,SYNTHETIC_DEMO
2019-10-27,SGP_SIN,VLSFO,558.54,SYNTHETIC_DEMO
2019-10-27,SGP_SIN,MGO,723.61,SYNTHETIC_DEMO
2019-10-27,LKA_CMB,VLSFO,572.5,SYNTHETIC_DEMO
2019-10-27,LKA_CMB,MGO,741.7,SYNTHETIC_DEMO
2019-10-27,ARE_FUJ,VLSFO,552.95,SYNTHETIC_DEMO
2019-10-27,ARE_FUJ,MGO,716.37,SYNTHETIC_DEMO
2019-10-28,SGP_SIN,VLSFO,552.47,SYNTHETIC_DEMO
2019-10-28,SGP_SIN,MGO,719.02,SYNTHETIC_DEMO
2019-10-28,LKA_CMB,VLSFO,566.28,SYNTHETIC_DEMO
2019-10-28,LKA_CMB,MGO,736.99,SYNTHETIC_DEMO
2019-10-28,ARE_FUJ,VLSFO,546.94,SYNTHETIC_DEMO
2019-10-28,ARE_FUJ,MGO,711.82,SYNTHETIC_DEMO
2019-10-29,SGP_SIN,VLSFO,551.67,SYNTHETIC_DEMO
2019-10-29,SGP_SIN,MGO,719.38,SYNTHETIC_DEMO
2019-10-29,LKA_CMB,VLSFO,565.46,SYNTHETIC_DEMO
2019-10-29,LKA_CMB,MGO,737.36,SYNTHETIC_DEMO
2019-10-29,ARE_FUJ,VLSFO,546.15,SYNTHETIC_DEMO
2019-10-29,ARE_FUJ,MGO,712.18,SYNTHETIC_DEMO
2019-10-30,SGP_SIN,VLSFO,548.64,SYNTHETIC_DEMO
2019-10-30,SGP_SIN,MGO,685.58,SYNTHETIC_DEMO
2019-10-30,LKA_CMB,VLSFO,562.35,SYNTHETIC_DEMO
2019-10-30,LKA_CMB,MGO,702.72,SYNTHETIC_DEMO
2019-10-30,ARE_FUJ,VLSFO,543.15,SYNTHETIC_DEMO
2019-10-30,ARE_FUJ,MGO,678.73,SYNTHETIC_DEMO
2019-10-31,SGP_SIN,VLSFO,556.29,SYNTHETIC_DEMO
2019-10-31,SGP_SIN,MGO,709.08,SYNTHETIC_DEMO
2019-10-31,LKA_CMB,VLSFO,570.19,SYNTHETIC_DEMO
2019-10-31,LKA_CMB,MGO,726.81,SYNTHETIC_DEMO
2019-10-31,ARE_FUJ,VLSFO,550.72,SYNTHETIC_DEMO
2019-10-31,ARE_FUJ,MGO,701.99,SYNTHETIC_DEMO
2019-11-01,SGP_SIN,VLSFO,560.44,SYNTHETIC_DEMO
2019-11-01,SGP_SIN,MGO,709.66,SYNTHETIC_DEMO
2019-11-01,LKA_CMB,VLSFO,574.45,SYNTHETIC_DEMO
2019-11-01,LKA_CMB,MGO,727.4,SYNTHETIC_DEMO
2019-11-01,ARE_FUJ,VLSFO,554.83,SYNTHETIC_DEMO
2019-11-01,ARE_FUJ,MGO,702.57,SYNTHETIC_DEMO
2019-11-02,SGP_SIN,VLSFO,573.2,SYNTHETIC_DEMO
2019-11-02,SGP_SIN,MGO,733.52,SYNTHETIC_DEMO
2019-11-02,LKA_CMB,VLSFO,587.53,SYNTHETIC_DEMO
2019-11-02,LKA_CMB,MGO,751.86,SYNTHETIC_DEMO
2019-11-02,ARE_FUJ,VLSFO,567.47,SYNTHETIC_DEMO
2019-11-02,ARE_FUJ,MGO,726.19,SYNTHETIC_DEMO
2019-11-03,SGP_SIN,VLSFO,572.76,SYNTHETIC_DEMO
2019-11-03,SGP_SIN,MGO,735.28,SYNTHETIC_DEMO
2019-11-03,LKA_CMB,VLSFO,587.08,SYNTHETIC_DEMO
2019-11-03,LKA_CMB,MGO,753.66,SYNTHETIC_DEMO
2019-11-03,ARE_FUJ,VLSFO,567.03,SYNTHETIC_DEMO
2019-11-03,ARE_FUJ,MGO,727.93,SYNTHETIC_DEMO
2019-11-04,SGP_SIN,VLSFO,564.64,SYNTHETIC_DEMO
2019-11-04,SGP_SIN,MGO,727.14,SYNTHETIC_DEMO
2019-11-04,LKA_CMB,VLSFO,578.76,SYNTHETIC_DEMO
2019-11-04,LKA_CMB,MGO,745.32,SYNTHETIC_DEMO
2019-11-04,ARE_FUJ,VLSFO,558.99,SYNTHETIC_DEMO
2019-11-04,ARE_FUJ,MGO,719.87,SYNTHETIC_DEMO
2019-11-05,SGP_SIN,VLSFO,563.5,SYNTHETIC_DEMO
2019-11-05,SGP_SIN,MGO,700.75,SYNTHETIC_DEMO
2019-11-05,LKA_CMB,VLSFO,577.59,SYNTHETIC_DEMO
2019-11-05,LKA_CMB,MGO,718.27,SYNTHETIC_DEMO
2019-11-05,ARE_FUJ,VLSFO,557.86,SYNTHETIC_DEMO
2019-11-05,ARE_FUJ,MGO,693.74,SYNTHETIC_DEMO
2019-11-06,SGP_SIN,VLSFO,565.72,SYNTHETIC_DEMO
2019-11-06,SGP_SIN,MGO,714.92,SYNTHETIC_DEMO
2019-11-06,LKA_CMB,VLSFO,579.86,SYNTHETIC_DEMO
2019-11-06,LKA_CMB,MGO,732.8,SYNTHETIC_DEMO
2019-11-06,ARE_FUJ,VLSFO,560.06,SYNTHETIC_DEMO
2019-11-06,ARE_FUJ,MGO,707.77,SYNTHETIC_DEMO
2019-11-07,SGP_SIN,VLSFO,571.96,SYNTHETIC_DEMO
2019-11-07,SGP_SIN,MGO,731.31,SYNTHETIC_DEMO
2019-11-07,LKA_CMB,VLSFO,586.26,SYNTHETIC_DEMO
2019-11-07,LKA_CMB,MGO,749.59,SYNTHETIC_DEMO
2019-11-07,ARE_FUJ,VLSFO,566.24,SYNTHETIC_DEMO
2019-11-07,ARE_FUJ,MGO,723.99,SYNTHETIC_DEMO
2019-11-08,SGP_SIN,VLSFO,570.4,SYNTHETIC_DEMO
2019-11-08,SGP_SIN,MGO,727.27,SYNTHETIC_DEMO
2019-11-08,LKA_CMB,VLSFO,584.66,SYNTHETIC_DEMO
2019-11-08,LKA_CMB,MGO,745.45,SYNTHETIC_DEMO
2019-11-08,ARE_FUJ,VLSFO,564.7,SYNTHETIC_DEMO
2019-11-08,ARE_FUJ,MGO,720.0,SYNTHETIC_DEMO
2019-11-09,SGP_SIN,VLSFO,573.75,SYNTHETIC_DEMO
2019-11-09,SGP_SIN,MGO,722.54,SYNTHETIC_DEMO
2019-11-09,LKA_CMB,VLSFO,588.09,SYNTHETIC_DEMO
2019-11-09,LKA_CMB,MGO,740.6,SYNTHETIC_DEMO
2019-11-09,ARE_FUJ,VLSFO,568.01,SYNTHETIC_DEMO
2019-11-09,ARE_FUJ,MGO,715.31,SYNTHETIC_DEMO
2019-11-10,SGP_SIN,VLSFO,569.05,SYNTHETIC_DEMO
2019-11-10,SGP_SIN,MGO,715.49,SYNTHETIC_DEMO
2019-11-10,LKA_CMB,VLSFO,583.28,SYNTHETIC_DEMO
2019-11-10,LKA_CMB,MGO,733.38,SYNTHETIC_DEMO
2019-11-10,ARE_FUJ,VLSFO,563.36,SYNTHETIC_DEMO
2019-11-10,ARE_FUJ,MGO,708.34,SYNTHETIC_DEMO
2019-11-11,SGP_SIN,VLSFO,563.42,SYNTHETIC_DEMO
2019-11-11,SGP_SIN,MGO,718.26,SYNTHETIC_DEMO
2019-11-11,LKA_CMB,VLSFO,577.51,SYNTHETIC_DEMO
2019-11-11,LKA_CMB,MGO,736.22,SYNTHETIC_DEMO
2019-11-11,ARE_FUJ,VLSFO,557.79,SYNTHETIC_DEMO
2019-11-11,ARE_FUJ,MGO,711.08,SYNTHETIC_DEMO
2019-11-12,SGP_SIN,VLSFO,565.58,SYNTHETIC_DEMO
2019-11-12,SGP_SIN,MGO,725.49,SYNTHETIC_DEMO
2019-11-12,LKA_CMB,VLSFO,579.72,SYNTHETIC_DEMO
2019-11-12,LKA_CMB,MGO,743.62,SYNTHETIC_DEMO
2019-11-12,ARE_FUJ,VLSFO,559.93,SYNTHETIC_DEMO
2019-11-12,ARE_FUJ,MGO,718.23,SYNTHETIC_DEMO
2019-11-13,SGP_SIN,VLSFO,575.79,SYNTHETIC_DEMO
2019-11-13,SGP_SIN,MGO,738.1,SYNTHETIC_DEMO
2019-11-13,LKA_CMB,VLSFO,590.19,SYNTHETIC_DEMO
2019-11-13,LKA_CMB,MGO,756.55,SYNTHETIC_DEMO
2019-11-13,ARE_FUJ,VLSFO,570.03,SYNTHETIC_DEMO
2019-11-13,ARE_FUJ,MGO,730.72,SYNTHETIC_DEMO
2019-11-14,SGP_SIN,VLSFO,576.51,SYNTHETIC_DEMO
2019-11-14,SGP_SIN,MGO,742.42,SYNTHETIC_DEMO
2019-11-14,LKA_CMB,VLSFO,590.92,SYNTHETIC_DEMO
2019-11-14,LKA_CMB,MGO,760.98,SYNTHETIC_DEMO
2019-11-14,ARE_FUJ,VLSFO,570.75,SYNTHETIC_DEMO
2019-11-14,ARE_FUJ,MGO,734.99,SYNTHETIC_DEMO
2019-11-15,SGP_SIN,VLSFO,577.32,SYNTHETIC_DEMO
2019-11-15,SGP_SIN,MGO,750.08,SYNTHETIC_DEMO
2019-11-15,LKA_CMB,VLSFO,591.75,SYNTHETIC_DEMO
2019-11-15,LKA_CMB,MGO,768.84,SYNTHETIC_DEMO
2019-11-15,ARE_FUJ,VLSFO,571.55,SYNTHETIC_DEMO
2019-11-15,ARE_FUJ,MGO,742.58,SYNTHETIC_DEMO
2019-11-16,SGP_SIN,VLSFO,579.82,SYNTHETIC_DEMO
2019-11-16,SGP_SIN,MGO,734.87,SYNTHETIC_DEMO
2019-11-16,LKA_CMB,VLSFO,594.32,SYNTHETIC_DEMO
2019-11-16,LKA_CMB,MGO,753.24,SYNTHETIC_DEMO
2019-11-16,ARE_FUJ,VLSFO,574.02,SYNTHETIC_DEMO
2019-11-16,ARE_FUJ,MGO,727.52,SYNTHETIC_DEMO
2019-11-17,SGP_SIN,VLSFO,590.64,SYNTHETIC_DEMO
2019-11-17,SGP_SIN,MGO,754.2,SYNTHETIC_DEMO
2019-11-17,LKA_CMB,VLSFO,605.41,SYNTHETIC_DEMO
2019-11-17,LKA_CMB,MGO,773.06,SYNTHETIC_DEMO
2019-11-17,ARE_FUJ,VLSFO,584.73,SYNTHETIC_DEMO
2019-11-17,ARE_FUJ,MGO,746.66,SYNTHETIC_DEMO
2019-11-18,SGP_SIN,VLSFO,584.34,SYNTHETIC_DEMO
2019-11-18,SGP_SIN,MGO,748.3,SYNTHETIC_DEMO
2019-11-18,LKA_CMB,VLSFO,598.94,SYNTHETIC_DEMO
2019-11-18,LKA_CMB,MGO,767.01,SYNTHETIC_DEMO
2019-11-18,ARE_FUJ,VLSFO,578.49,SYNTHETIC_DEMO
2019-11-18,ARE_FUJ,MGO,740.82,SYNTHETIC_DEMO
2019-11-19,SGP_SIN,VLSFO,579.34,SYNTHETIC_DEMO
2019-11-19,SGP_SIN,MGO,740.12,SYNTHETIC_DEMO
2019-11-19,LKA_CMB,VLSFO,593.83,SYNTHETIC_DEMO
2019-11-19,LKA_CMB,MGO,758.62,SYNTHETIC_DEMO
2019-11-19,ARE_FUJ,VLSFO,573.55,SYNTHETIC_DEMO
2019-11-19,ARE_FUJ,MGO,732.71,SYNTHETIC_DEMO
2019-11-20,SGP_SIN,VLSFO,561.33,SYNTHETIC_DEMO
2019-11-20,SGP_SIN,MGO,714.69,SYNTHETIC_DEMO
2019-11-20,LKA_CMB,VLSFO,575.36,SYNTHETIC_DEMO
2019-11-20,LKA_CMB,MGO,732.56,SYNTHETIC_DEMO
2019-11-20,ARE_FUJ,VLSFO,555.72,SYNTHETIC_DEMO
2019-11-20,ARE_FUJ,MGO,707.54,SYNTHETIC_DEMO
2019-11-21,SGP_SIN,VLSFO,557.88,SYNTHETIC_DEMO
2019-11-21,SGP_SIN,MGO,710.27,SYNTHETIC_DEMO
2019-11-21,LKA_CMB,VLSFO,571.83,SYNTHETIC_DEMO
2019-11-21,LKA_CMB,MGO,728.02,SYNTHETIC_DEMO
2019-11-21,ARE_FUJ,VLSFO,552.3,SYNTHETIC_DEMO
2019-11-21,ARE_FUJ,MGO,703.16,SYNTHETIC_DEMO
2019-11-22,SGP_SIN,VLSFO,573.33,SYNTHETIC_DEMO
2019-11-22,SGP_SIN,MGO,724.78,SYNTHETIC_DEMO
2019-11-22,LKA_CMB,VLSFO,587.67,SYNTHETIC_DEMO
2019-11-22,LKA_CMB,MGO,742.9,SYNTHETIC_DEMO
2019-11-22,ARE_FUJ,VLSFO,567.6,SYNTHETIC_DEMO
2019-11-22,ARE_FUJ,MGO,717.53,SYNTHETIC_DEMO
2019-11-23,SGP_SIN,VLSFO,566.42,SYNTHETIC_DEMO
2019-11-23,SGP_SIN,MGO,731.03,SYNTHETIC_DEMO
2019-11-23,LKA_CMB,VLSFO,580.58,SYNTHETIC_DEMO
2019-11-23,LKA_CMB,MGO,749.3,SYNTHETIC_DEMO
2019-11-23,ARE_FUJ,VLSFO,560.75,SYNTHETIC_DEMO
2019-11-23,ARE_FUJ,MGO,723.72,SYNTHETIC_DEMO
2019-11-24,SGP_SIN,VLSFO,585.08,SYNTHETIC_DEMO
2019-11-24,SGP_SIN,MGO,746.36,SYNTHETIC_DEMO
2019-11-24,LKA_CMB,VLSFO,599.71,SYNTHETIC_DEMO
2019-11-24,LKA_CMB,MGO,765.02,SYNTHETIC_DEMO
2019-11-24,ARE_FUJ,VLSFO,579.23,SYNTHETIC_DEMO
2019-11-24,ARE_FUJ,MGO,738.9,SYNTHETIC_DEMO
2019-11-25,SGP_SIN,VLSFO,577.79,SYNTHETIC_DEMO
2019-11-25,SGP_SIN,MGO,733.51,SYNTHETIC_DEMO
2019-11-25,LKA_CMB,VLSFO,592.23,SYNTHETIC_DEMO
2019-11-25,LKA_CMB,MGO,751.85,SYNTHETIC_DEMO
2019-11-25,ARE_FUJ,VLSFO,572.01,SYNTHETIC_DEMO
2019-11-25,ARE_FUJ,MGO,726.18,SYNTHETIC_DEMO
2019-11-26,SGP_SIN,VLSFO,577.43,SYNTHETIC_DEMO
2019-11-26,SGP_SIN,MGO,745.42,SYNTHETIC_DEMO
2019-11-26,LKA_CMB,VLSFO,591.87,SYNTHETIC_DEMO
2019-11-26,LKA_CMB,MGO,764.05,SYNTHETIC_DEMO
2019-11-26,ARE_FUJ,VLSFO,571.66,SYNTHETIC_DEMO
2019-11-26,ARE_FUJ,MGO,737.96,SYNTHETIC_DEMO
2019-11-27,SGP_SIN,VLSFO,571.19,SYNTHETIC_DEMO
2019-11-27,SGP_SIN,MGO,719.1,SYNTHETIC_DEMO
2019-11-27,LKA_CMB,VLSFO,585.47,SYNTHETIC_DEMO
2019-11-27,LKA_CMB,MGO,737.08,SYNTHETIC_DEMO
2019-11-27,ARE_FUJ,VLSFO,565.48,SYNTHETIC_DEMO
2019-11-27,ARE_FUJ,MGO,711.91,SYNTHETIC_DEMO
2019-11-28,SGP_SIN,VLSFO,582.85,SYNTHETIC_DEMO
2019-11-28,SGP_SIN,MGO,750.02,SYNTHETIC_DEMO
2019-11-28,LKA_CMB,VLSFO,597.42,SYNTHETIC_DEMO
2019-11-28,LKA_CMB,MGO,768.77,SYNTHETIC_DEMO
2019-11-28,ARE_FUJ,VLSFO,577.02,SYNTHETIC_DEMO
2019-11-28,ARE_FUJ,MGO,742.52,SYNTHETIC_DEMO
2019-11-29,SGP_SIN,VLSFO,572.63,SYNTHETIC_DEMO
2019-11-29,SGP_SIN,MGO,726.12,SYNTHETIC_DEMO
2019-11-29,LKA_CMB,VLSFO,586.95,SYNTHETIC_DEMO
2019-11-29,LKA_CMB,MGO,744.28,SYNTHETIC_DEMO
2019-11-29,ARE_FUJ,VLSFO,566.91,SYNTHETIC_DEMO
2019-11-29,ARE_FUJ,MGO,718.86,SYNTHETIC_DEMO
2019-11-30,SGP_SIN,VLSFO,579.07,SYNTHETIC_DEMO
2019-11-30,SGP_SIN,MGO,747.16,SYNTHETIC_DEMO
2019-11-30,LKA_CMB,VLSFO,593.54,SYNTHETIC_DEMO
2019-11-30,LKA_CMB,MGO,765.83,SYNTHETIC_DEMO
2019-11-30,ARE_FUJ,VLSFO,573.28,SYNTHETIC_DEMO
2019-11-30,ARE_FUJ,MGO,739.68,SYNTHETIC_DEMO
2019-12-01,SGP_SIN,VLSFO,579.21,SYNTHETIC_DEMO
2019-12-01,SGP_SIN,MGO,738.68,SYNTHETIC_DEMO
2019-12-01,LKA_CMB,VLSFO,593.69,SYNTHETIC_DEMO
2019-12-01,LKA_CMB,MGO,757.14,SYNTHETIC_DEMO
2019-12-01,ARE_FUJ,VLSFO,573.42,SYNTHETIC_DEMO
2019-12-01,ARE_FUJ,MGO,731.29,SYNTHETIC_DEMO
2019-12-02,SGP_SIN,VLSFO,573.28,SYNTHETIC_DEMO
2019-12-02,SGP_SIN,MGO,742.28,SYNTHETIC_DEMO
2019-12-02,LKA_CMB,VLSFO,587.61,SYNTHETIC_DEMO
2019-12-02,LKA_CMB,MGO,760.84,SYNTHETIC_DEMO
2019-12-02,ARE_FUJ,VLSFO,567.54,SYNTHETIC_DEMO
2019-12-02,ARE_FUJ,MGO,734.86,SYNTHETIC_DEMO
2019-12-03,SGP_SIN,VLSFO,563.77,SYNTHETIC_DEMO
2019-12-03,SGP_SIN,MGO,713.55,SYNTHETIC_DEMO
2019-12-03,LKA_CMB,VLSFO,577.86,SYNTHETIC_DEMO
2019-12-03,LKA_CMB,MGO,731.39,SYNTHETIC_DEMO
2019-12-03,ARE_FUJ,VLSFO,558.13,SYNTHETIC_DEMO
2019-12-03,ARE_FUJ,MGO,706.41,SYNTHETIC_DEMO
2019-12-04,SGP_SIN,VLSFO,558.1,SYNTHETIC_DEMO
2019-12-04,SGP_SIN,MGO,711.71,SYNTHETIC_DEMO
2019-12-04,LKA_CMB,VLSFO,572.06,SYNTHETIC_DEMO
2019-12-04,LKA_CMB,MGO,729.5,SYNTHETIC_DEMO
2019-12-04,ARE_FUJ,VLSFO,552.52,SYNTHETIC_DEMO
2019-12-04,ARE_FUJ,MGO,704.59,SYNTHETIC_DEMO
2019-12-05,SGP_SIN,VLSFO,558.32,SYNTHETIC_DEMO
2019-12-05,SGP_SIN,MGO,716.14,SYNTHETIC_DEMO
2019-12-05,LKA_CMB,VLSFO,572.28,SYNTHETIC_DEMO
2019-12-05,LKA_CMB,MGO,734.05,SYNTHETIC_DEMO
2019-12-05,ARE_FUJ,VLSFO,552.73,SYNTHETIC_DEMO
2019-12-05,ARE_FUJ,MGO,708.98,SYNTHETIC_DEMO
2019-12-06,SGP_SIN,VLSFO,552.14,SYNTHETIC_DEMO
2019-12-06,SGP_SIN,MGO,702.36,SYNTHETIC_DEMO
2019-12-06,LKA_CMB,VLSFO,565.94,SYNTHETIC_DEMO
2019-12-06,LKA_CMB,MGO,719.92,SYNTHETIC_DEMO
2019-12-06,ARE_FUJ,VLSFO,546.62,SYNTHETIC_DEMO
2019-12-06,ARE_FUJ,MGO,695.33,SYNTHETIC_DEMO
2019-12-07,SGP_SIN,VLSFO,562.36,SYNTHETIC_DEMO
2019-12-07,SGP_SIN,MGO,722.22,SYNTHETIC_DEMO
2019-12-07,LKA_CMB,VLSFO,576.42,SYNTHETIC_DEMO
2019-12-07,LKA_CMB,MGO,740.28,SYNTHETIC_DEMO
2019-12-07,ARE_FUJ,VLSFO,556.74,SYNTHETIC_DEMO
2019-12-07,ARE_FUJ,MGO,715.0,SYNTHETIC_DEMO
2019-12-08,SGP_SIN,VLSFO,561.88,SYNTHETIC_DEMO
2019-12-08,SGP_SIN,MGO,709.86,SYNTHETIC_DEMO
2019-12-08,LKA_CMB,VLSFO,575.93,SYNTHETIC_DEMO
2019-12-08,LKA_CMB,MGO,727.61,SYNTHETIC_DEMO
2019-12-08,ARE_FUJ,VLSFO,556.26,SYNTHETIC_DEMO
2019-12-08,ARE_FUJ,MGO,702.76,SYNTHETIC_DEMO
2019-12-09,SGP_SIN,VLSFO,559.75,SYNTHETIC_DEMO
2019-12-09,SGP_SIN,MGO,719.04,SYNTHETIC_DEMO
2019-12-09,LKA_CMB,VLSFO,573.75,SYNTHETIC_DEMO
2019-12-09,LKA_CMB,MGO,737.02,SYNTHETIC_DEMO
2019-12-09,ARE_FUJ,VLSFO,554.16,SYNTHETIC_DEMO
2019-12-09,ARE_FUJ,MGO,711.85,SYNTHETIC_DEMO
2019-12-10,SGP_SIN,VLSFO,554.21,SYNTHETIC_DEMO
2019-12-10,SGP_SIN,MGO,707.44,SYNTHETIC_DEMO
2019-12-10,LKA_CMB,VLSFO,568.07,SYNTHETIC_DEMO
2019-12-10,LKA_CMB,MGO,725.12,SYNTHETIC_DEMO
2019-12-10,ARE_FUJ,VLSFO,548.67,SYNTHETIC_DEMO
2019-12-10,ARE_FUJ,MGO,700.36,SYNTHETIC_DEMO
2019-12-11,SGP_SIN,VLSFO,550.26,SYNTHETIC_DEMO
2019-12-11,SGP_SIN,MGO,700.53,SYNTHETIC_DEMO
2019-12-11,LKA_CMB,VLSFO,564.02,SYNTHETIC_DEMO
2019-12-11,LKA_CMB,MGO,718.05,SYNTHETIC_DEMO
2019-12-11,ARE_FUJ,VLSFO,544.76,SYNTHETIC_DEMO
2019-12-11,ARE_FUJ,MGO,693.53,SYNTHETIC_DEMO
2019-12-12,SGP_SIN,VLSFO,550.55,SYNTHETIC_DEMO
2019-12-12,SGP_SIN,MGO,697.63,SYNTHETIC_DEMO
2019-12-12,LKA_CMB,VLSFO,564.32,SYNTHETIC_DEMO
2019-12-12,LKA_CMB,MGO,715.07,SYNTHETIC_DEMO
2019-12-12,ARE_FUJ,VLSFO,545.05,SYNTHETIC_DEMO
2019-12-12,ARE_FUJ,MGO,690.65,SYNTHETIC_DEMO
2019-12-13,SGP_SIN,VLSFO,541.85,SYNTHETIC_DEMO
2019-12-13,SGP_SIN,MGO,697.41,SYNTHETIC_DEMO
2019-12-13,LKA_CMB,VLSFO,555.4,SYNTHETIC_DEMO
2019-12-13,LKA_CMB,MGO,714.84,SYNTHETIC_DEMO
2019-12-13,ARE_FUJ,VLSFO,536.43,SYNTHETIC_DEMO
2019-12-13,ARE_FUJ,MGO,690.44,SYNTHETIC_DEMO
2019-12-14,SGP_SIN,VLSFO,546.79,SYNTHETIC_DEMO
2019-12-14,SGP_SIN,MGO,712.77,SYNTHETIC_DEMO
2019-12-14,LKA_CMB,VLSFO,560.46,SYNTHETIC_DEMO
2019-12-14,LKA_CMB,MGO,730.59,SYNTHETIC_DEMO
2019-12-14,ARE_FUJ,VLSFO,541.32,SYNTHETIC_DEMO
2019-12-14,ARE_FUJ,MGO,705.64,SYNTHETIC_DEMO
2019-12-15,SGP_SIN,VLSFO,560.07,SYNTHETIC_DEMO
2019-12-15,SGP_SIN,MGO,715.77,SYNTHETIC_DEMO
2019-12-15,LKA_CMB,VLSFO,574.07,SYNTHETIC_DEMO
2019-12-15,LKA_CMB,MGO,733.66,SYNTHETIC_DEMO
2019-12-15,ARE_FUJ,VLSFO,554.47,SYNTHETIC_DEMO
2019-12-15,ARE_FUJ,MGO,708.61,SYNTHETIC_DEMO
2019-12-16,SGP_SIN,VLSFO,550.26,SYNTHETIC_DEMO
2019-12-16,SGP_SIN,MGO,688.72,SYNTHETIC_DEMO
2019-12-16,LKA_CMB,VLSFO,564.02,SYNTHETIC_DEMO
2019-12-16,LKA_CMB,MGO,705.94,SYNTHETIC_DEMO
2019-12-16,ARE_FUJ,VLSFO,544.76,SYNTHETIC_DEMO
2019-12-16,ARE_FUJ,MGO,681.83,SYNTHETIC_DEMO
2019-12-17,SGP_SIN,VLSFO,548.49,SYNTHETIC_DEMO
2019-12-17,SGP_SIN,MGO,702.87,SYNTHETIC_DEMO
2019-12-17,LKA_CMB,VLSFO,562.21,SYNTHETIC_DEMO
2019-12-17,LKA_CMB,MGO,720.44,SYNTHETIC_DEMO
2019-12-17,ARE_FUJ,VLSFO,543.01,SYNTHETIC_DEMO
2019-12-17,ARE_FUJ,MGO,695.84,SYNTHETIC_DEMO
2019-12-18,SGP_SIN,VLSFO,533.56,SYNTHETIC_DEMO
2019-12-18,SGP_SIN,MGO,687.07,SYNTHETIC_DEMO
2019-12-18,LKA_CMB,VLSFO,546.89,SYNTHETIC_DEMO
2019-12-18,LKA_CMB,MGO,704.25,SYNTHETIC_DEMO
2019-12-18,ARE_FUJ,VLSFO,528.22,SYNTHETIC_DEMO
2019-12-18,ARE_FUJ,MGO,680.2,SYNTHETIC_DEMO
2019-12-19,SGP_SIN,VLSFO,533.43,SYNTHETIC_DEMO
2019-12-19,SGP_SIN,MGO,683.51,SYNTHETIC_DEMO
2019-12-19,LKA_CMB,VLSFO,546.77,SYNTHETIC_DEMO
2019-12-19,LKA_CMB,MGO,700.6,SYNTHETIC_DEMO
2019-12-19,ARE_FUJ,VLSFO,528.1,SYNTHETIC_DEMO
2019-12-19,ARE_FUJ,MGO,676.67,SYNTHETIC_DEMO
2019-12-20,SGP_SIN,VLSFO,529.28,SYNTHETIC_DEMO
2019-12-20,SGP_SIN,MGO,685.78,SYNTHETIC_DEMO
2019-12-20,LKA_CMB,VLSFO,542.51,SYNTHETIC_DEMO
2019-12-20,LKA_CMB,MGO,702.92,SYNTHETIC_DEMO
2019-12-20,ARE_FUJ,VLSFO,523.99,SYNTHETIC_DEMO
2019-12-20,ARE_FUJ,MGO,678.92,SYNTHETIC_DEMO
2019-12-21,SGP_SIN,VLSFO,534.46,SYNTHETIC_DEMO
2019-12-21,SGP_SIN,MGO,680.0,SYNTHETIC_DEMO
2019-12-21,LKA_CMB,VLSFO,547.82,SYNTHETIC_DEMO
2019-12-21,LKA_CMB,MGO,697.0,SYNTHETIC_DEMO
2019-12-21,ARE_FUJ,VLSFO,529.12,SYNTHETIC_DEMO
2019-12-21,ARE_FUJ,MGO,673.2,SYNTHETIC_DEMO
2019-12-22,SGP_SIN,VLSFO,542.14,SYNTHETIC_DEMO
2019-12-22,SGP_SIN,MGO,694.94,SYNTHETIC_DEMO
2019-12-22,LKA_CMB,VLSFO,555.69,SYNTHETIC_DEMO
2019-12-22,LKA_CMB,MGO,712.31,SYNTHETIC_DEMO
2019-12-22,ARE_FUJ,VLSFO,536.72,SYNTHETIC_DEMO
2019-12-22,ARE_FUJ,MGO,687.99,SYNTHETIC_DEMO
2019-12-23,SGP_SIN,VLSFO,542.81,SYNTHETIC_DEMO
2019-12-23,SGP_SIN,MGO,689.43,SYNTHETIC_DEMO
2019-12-23,LKA_CMB,VLSFO,556.38,SYNTHETIC_DEMO
2019-12-23,LKA_CMB,MGO,706.66,SYNTHETIC_DEMO
2019-12-23,ARE_FUJ,VLSFO,537.38,SYNTHETIC_DEMO
2019-12-23,ARE_FUJ,MGO,682.53,SYNTHETIC_DEMO
2019-12-24,SGP_SIN,VLSFO,537.88,SYNTHETIC_DEMO
2019-12-24,SGP_SIN,MGO,684.85,SYNTHETIC_DEMO
2019-12-24,LKA_CMB,VLSFO,551.32,SYNTHETIC_DEMO
2019-12-24,LKA_CMB,MGO,701.97,SYNTHETIC_DEMO
2019-12-24,ARE_FUJ,VLSFO,532.5,SYNTHETIC_DEMO
2019-12-24,ARE_FUJ,MGO,678.0,SYNTHETIC_DEMO
2019-12-25,SGP_SIN,VLSFO,539.11,SYNTHETIC_DEMO
2019-12-25,SGP_SIN,MGO,684.14,SYNTHETIC_DEMO
2019-12-25,LKA_CMB,VLSFO,552.59,SYNTHETIC_DEMO
2019-12-25,LKA_CMB,MGO,701.24,SYNTHETIC_DEMO
2019-12-25,ARE_FUJ,VLSFO,533.72,SYNTHETIC_DEMO
2019-12-25,ARE_FUJ,MGO,677.3,SYNTHETIC_DEMO
2019-12-26,SGP_SIN,VLSFO,548.1,SYNTHETIC_DEMO
2019-12-26,SGP_SIN,MGO,691.61,SYNTHETIC_DEMO
2019-12-26,LKA_CMB,VLSFO,561.8,SYNTHETIC_DEMO
2019-12-26,LKA_CMB,MGO,708.9,SYNTHETIC_DEMO
2019-12-26,ARE_FUJ,VLSFO,542.62,SYNTHETIC_DEMO
2019-12-26,ARE_FUJ,MGO,684.69,SYNTHETIC_DEMO
2019-12-27,SGP_SIN,VLSFO,551.86,SYNTHETIC_DEMO
2019-12-27,SGP_SIN,MGO,695.09,SYNTHETIC_DEMO
2019-12-27,LKA_CMB,VLSFO,565.66,SYNTHETIC_DEMO
2019-12-27,LKA_CMB,MGO,712.47,SYNTHETIC_DEMO
2019-12-27,ARE_FUJ,VLSFO,546.35,SYNTHETIC_DEMO
2019-12-27,ARE_FUJ,MGO,688.14,SYNTHETIC_DEMO
2019-12-28,SGP_SIN,VLSFO,542.0,SYNTHETIC_DEMO
2019-12-28,SGP_SIN,MGO,688.27,SYNTHETIC_DEMO
2019-12-28,LKA_CMB,VLSFO,555.55,SYNTHETIC_DEMO
2019-12-28,LKA_CMB,MGO,705.48,SYNTHETIC_DEMO
2019-12-28,ARE_FUJ,VLSFO,536.58,SYNTHETIC_DEMO
2019-12-28,ARE_FUJ,MGO,681.39,SYNTHETIC_DEMO
2019-12-29,SGP_SIN,VLSFO,545.72,SYNTHETIC_DEMO
2019-12-29,SGP_SIN,MGO,699.72,SYNTHETIC_DEMO
2019-12-29,LKA_CMB,VLSFO,559.36,SYNTHETIC_DEMO
2019-12-29,LKA_CMB,MGO,717.21,SYNTHETIC_DEMO
2019-12-29,ARE_FUJ,VLSFO,540.26,SYNTHETIC_DEMO
2019-12-29,ARE_FUJ,MGO,692.72,SYNTHETIC_DEMO
2019-12-30,SGP_SIN,VLSFO,550.49,SYNTHETIC_DEMO
2019-12-30,SGP_SIN,MGO,699.7,SYNTHETIC_DEMO
2019-12-30,LKA_CMB,VLSFO,564.25,SYNTHETIC_DEMO
2019-12-30,LKA_CMB,MGO,717.19,SYNTHETIC_DEMO
2019-12-30,ARE_FUJ,VLSFO,544.98,SYNTHETIC_DEMO
2019-12-30,ARE_FUJ,MGO,692.7,SYNTHETIC_DEMO
2019-12-31,SGP_SIN,VLSFO,542.68,SYNTHETIC_DEMO
2019-12-31,SGP_SIN,MGO,690.42,SYNTHETIC_DEMO
2019-12-31,LKA_CMB,VLSFO,556.25,SYNTHETIC_DEMO
2019-12-31,LKA_CMB,MGO,707.68,SYNTHETIC_DEMO
2019-12-31,ARE_FUJ,VLSFO,537.25,SYNTHETIC_DEMO
2019-12-31,ARE_FUJ,MGO,683.52,SYNTHETIC_DEMO
2020-01-01,SGP_SIN,VLSFO,540.83,SYNTHETIC_DEMO
2020-01-01,SGP_SIN,MGO,686.72,SYNTHETIC_DEMO
2020-01-01,LKA_CMB,VLSFO,554.35,SYNTHETIC_DEMO
2020-01-01,LKA_CMB,MGO,703.89,SYNTHETIC_DEMO
2020-01-01,ARE_FUJ,VLSFO,535.42,SYNTHETIC_DEMO
2020-01-01,ARE_FUJ,MGO,679.85,SYNTHETIC_DEMO
2020-01-02,SGP_SIN,VLSFO,543.14,SYNTHETIC_DEMO
2020-01-02,SGP_SIN,MGO,693.44,SYNTHETIC_DEMO
2020-01-02,LKA_CMB,VLSFO,556.72,SYNTHETIC_DEMO
2020-01-02,LKA_CMB,MGO,710.77,SYNTHETIC_DEMO
2020-01-02,ARE_FUJ,VLSFO,537.71,SYNTHETIC_DEMO
2020-01-02,ARE_FUJ,MGO,686.5,SYNTHETIC_DEMO
2020-01-03,SGP_SIN,VLSFO,548.25,SYNTHETIC_DEMO
2020-01-03,SGP_SIN,MGO,691.67,SYNTHETIC_DEMO
2020-01-03,LKA_CMB,VLSFO,561.96,SYNTHETIC_DEMO
2020-01-03,LKA_CMB,MGO,708.96,SYNTHETIC_DEMO
2020-01-03,ARE_FUJ,VLSFO,542.77,SYNTHETIC_DEMO
2020-01-03,ARE_FUJ,MGO,684.75,SYNTHETIC_DEMO
2020-01-04,SGP_SIN,VLSFO,551.43,SYNTHETIC_DEMO
2020-01-04,SGP_SIN,MGO,721.29,SYNTHETIC_DEMO
2020-01-04,LKA_CMB,VLSFO,565.21,SYNTHETIC_DEMO
2020-01-04,LKA_CMB,MGO,739.32,SYNTHETIC_DEMO
2020-01-04,ARE_FUJ,VLSFO,545.91,SYNTHETIC_DEMO
2020-01-04,ARE_FUJ,MGO,714.08,SYNTHETIC_DEMO
2020-01-05,SGP_SIN,VLSFO,566.95,SYNTHETIC_DEMO
2020-01-05,SGP_SIN,MGO,725.15,SYNTHETIC_DEMO
2020-01-05,LKA_CMB,VLSFO,581.12,SYNTHETIC_DEMO
2020-01-05,LKA_CMB,MGO,743.27,SYNTHETIC_DEMO
2020-01-05,ARE_FUJ,VLSFO,561.28,SYNTHETIC_DEMO
2020-01-05,ARE_FUJ,MGO,717.89,SYNTHETIC_DEMO
2020-01-06,SGP_SIN,VLSFO,556.58,SYNTHETIC_DEMO
2020-01-06,SGP_SIN,MGO,702.01,SYNTHETIC_DEMO
2020-01-06,LKA_CMB,VLSFO,570.49,SYNTHETIC_DEMO
2020-01-06,LKA_CMB,MGO,719.56,SYNTHETIC_DEMO
2020-01-06,ARE_FUJ,VLSFO,551.01,SYNTHETIC_DEMO
2020-01-06,ARE_FUJ,MGO,694.99,SYNTHETIC_DEMO
2020-01-07,SGP_SIN,VLSFO,561.53,SYNTHETIC_DEMO
2020-01-07,SGP_SIN,MGO,703.71,SYNTHETIC_DEMO
2020-01-07,LKA_CMB,VLSFO,575.57,SYNTHETIC_DEMO
2020-01-07,LKA_CMB,MGO,721.31,SYNTHETIC_DEMO
2020-01-07,ARE_FUJ,VLSFO,555.91,SYNTHETIC_DEMO
2020-01-07,ARE_FUJ,MGO,696.68,SYNTHETIC_DEMO
2020-01-08,SGP_SIN,VLSFO,574.26,SYNTHETIC_DEMO
2020-01-08,SGP_SIN,MGO,721.65,SYNTHETIC_DEMO
2020-01-08,LKA_CMB,VLSFO,588.61,SYNTHETIC_DEMO
2020-01-08,LKA_CMB,MGO,739.7,SYNTHETIC_DEMO
2020-01-08,ARE_FUJ,VLSFO,568.52,SYNTHETIC_DEMO
2020-01-08,ARE_FUJ,MGO,714.44,SYNTHETIC_DEMO
2020-01-09,SGP_SIN,VLSFO,572.5,SYNTHETIC_DEMO
2020-01-09,SGP_SIN,MGO,729.89,SYNTHETIC_DEMO
2020-01-09,LKA_CMB,VLSFO,586.81,SYNTHETIC_DEMO
2020-01-09,LKA_CMB,MGO,748.14,SYNTHETIC_DEMO
2020-01-09,ARE_FUJ,VLSFO,566.77,SYNTHETIC_DEMO
2020-01-09,ARE_FUJ,MGO,722.59,SYNTHETIC_DEMO
2020-01-10,SGP_SIN,VLSFO,571.25,SYNTHETIC_DEMO
2020-01-10,SGP_SIN,MGO,744.23,SYNTHETIC_DEMO
2020-01-10,LKA_CMB,VLSFO,585.53,SYNTHETIC_DEMO
2020-01-10,LKA_CMB,MGO,762.84,SYNTHETIC_DEMO
2020-01-10,ARE_FUJ,VLSFO,565.54,SYNTHETIC_DEMO
2020-01-10,ARE_FUJ,MGO,736.79,SYNTHETIC_DEMO
2020-01-11,SGP_SIN,VLSFO,578.42,SYNTHETIC_DEMO
2020-01-11,SGP_SIN,MGO,743.99,SYNTHETIC_DEMO
2020-01-11,LKA_CMB,VLSFO,592.88,SYNTHETIC_DEMO
2020-01-11,LKA_CMB,MGO,762.59,SYNTHETIC_DEMO
2020-01-11,ARE_FUJ,VLSFO,572.63,SYNTHETIC_DEMO
2020-01-11,ARE_FUJ,MGO,736.55,SYNTHETIC_DEMO
2020-01-12,SGP_SIN,VLSFO,572.62,SYNTHETIC_DEMO
2020-01-12,SGP_SIN,MGO,732.69,SYNTHETIC_DEMO
2020-01-12,LKA_CMB,VLSFO,586.94,SYNTHETIC_DEMO
2020-01-12,LKA_CMB,MGO,751.0,SYNTHETIC_DEMO
2020-01-12,ARE_FUJ,VLSFO,566.89,SYNTHETIC_DEMO
2020-01-12,ARE_FUJ,MGO,725.36,SYNTHETIC_DEMO
2020-01-13,SGP_SIN,VLSFO,571.73,SYNTHETIC_DEMO
2020-01-13,SGP_SIN,MGO,727.63,SYNTHETIC_DEMO
2020-01-13,LKA_CMB,VLSFO,586.02,SYNTHETIC_DEMO
2020-01-13,LKA_CMB,MGO,745.82,SYNTHETIC_DEMO
2020-01-13,ARE_FUJ,VLSFO,566.01,SYNTHETIC_DEMO
2020-01-13,ARE_FUJ,MGO,720.35,SYNTHETIC_DEMO
2020-01-14,SGP_SIN,VLSFO,570.8,SYNTHETIC_DEMO
2020-01-14,SGP_SIN,MGO,728.46,SYNTHETIC_DEMO
2020-01-14,LKA_CMB,VLSFO,585.07,SYNTHETIC_DEMO
2020-01-14,LKA_CMB,MGO,746.67,SYNTHETIC_DEMO
2020-01-14,ARE_FUJ,VLSFO,565.1,SYNTHETIC_DEMO
2020-01-14,ARE_FUJ,MGO,721.17,SYNTHETIC_DEMO
2020-01-15,SGP_SIN,VLSFO,577.72,SYNTHETIC_DEMO
2020-01-15,SGP_SIN,MGO,748.99,SYNTHETIC_DEMO
2020-01-15,LKA_CMB,VLSFO,592.16,SYNTHETIC_DEMO
2020-01-15,LKA_CMB,MGO,767.71,SYNTHETIC_DEMO
2020-01-15,ARE_FUJ,VLSFO,571.94,SYNTHETIC_DEMO
2020-01-15,ARE_FUJ,MGO,741.5,SYNTHETIC_DEMO
2020-01-16,SGP_SIN,VLSFO,573.76,SYNTHETIC_DEMO
2020-01-16,SGP_SIN,MGO,756.99,SYNTHETIC_DEMO
2020-01-16,LKA_CMB,VLSFO,588.1,SYNTHETIC_DEMO
2020-01-16,LKA_CMB,MGO,775.92,SYNTHETIC_DEMO
2020-01-16,ARE_FUJ,VLSFO,568.02,SYNTHETIC_DEMO
2020-01-16,ARE_FUJ,MGO,749.42,SYNTHETIC_DEMO
2020-01-17,SGP_SIN,VLSFO,577.44,SYNTHETIC_DEMO
2020-01-17,SGP_SIN,MGO,737.5,SYNTHETIC_DEMO
2020-01-17,LKA_CMB,VLSFO,591.88,SYNTHETIC_DEMO
2020-01-17,LKA_CMB,MGO,755.93,SYNTHETIC_DEMO
2020-01-17,ARE_FUJ,VLSFO,571.67,SYNTHETIC_DEMO
2020-01-17,ARE_FUJ,MGO,730.12,SYNTHETIC_DEMO
2020-01-18,SGP_SIN,VLSFO,581.09,SYNTHETIC_DEMO
2020-01-18,SGP_SIN,MGO,743.07,SYNTHETIC_DEMO
2020-01-18,LKA_CMB,VLSFO,595.61,SYNTHETIC_DEMO
2020-01-18,LKA_CMB,MGO,761.64,SYNTHETIC_DEMO
2020-01-18,ARE_FUJ,VLSFO,575.27,SYNTHETIC_DEMO
2020-01-18,ARE_FUJ,MGO,735.64,SYNTHETIC_DEMO
2020-01-19,SGP_SIN,VLSFO,574.63,SYNTHETIC_DEMO
2020-01-19,SGP_SIN,MGO,732.3,SYNTHETIC_DEMO
2020-01-19,LKA_CMB,VLSFO,588.99,SYNTHETIC_DEMO
2020-01-19,LKA_CMB,MGO,750.6,SYNTHETIC_DEMO
2020-01-19,ARE_FUJ,VLSFO,568.88,SYNTHETIC_DEMO
2020-01-19,ARE_FUJ,MGO,724.97,SYNTHETIC_DEMO
2020-01-20,SGP_SIN,VLSFO,571.15,SYNTHETIC_DEMO
2020-01-20,SGP_SIN,MGO,728.37,SYNTHETIC_DEMO
2020-01-20,LKA_CMB,VLSFO,585.43,SYNTHETIC_DEMO
2020-01-20,LKA_CMB,MGO,746.58,SYNTHETIC_DEMO
2020-01-20,ARE_FUJ,VLSFO,565.44,SYNTHETIC_DEMO
2020-01-20,ARE_FUJ,MGO,721.09,SYNTHETIC_DEMO
2020-01-21,SGP_SIN,VLSFO,566.15,SYNTHETIC_DEMO
2020-01-21,SGP_SIN,MGO,723.32,SYNTHETIC_DEMO
2020-01-21,LKA_CMB,VLSFO,580.3,SYNTHETIC_DEMO
2020-01-21,LKA_CMB,MGO,741.4,SYNTHETIC_DEMO
2020-01-21,ARE_FUJ,VLSFO,560.49,SYNTHETIC_DEMO
2020-01-21,ARE_FUJ,MGO,716.08,SYNTHETIC_DEMO
2020-01-22,SGP_SIN,VLSFO,574.17,SYNTHETIC_DEMO
2020-01-22,SGP_SIN,MGO,738.82,SYNTHETIC_DEMO
2020-01-22,LKA_CMB,VLSFO,588.52,SYNTHETIC_DEMO
2020-01-22,LKA_CMB,MGO,757.29,SYNTHETIC_DEMO
2020-01-22,ARE_FUJ,VLSFO,568.43,SYNTHETIC_DEMO
2020-01-22,ARE_FUJ,MGO,731.43,SYNTHETIC_DEMO
2020-01-23,SGP_SIN,VLSFO,575.15,SYNTHETIC_DEMO
2020-01-23,SGP_SIN,MGO,727.34,SYNTHETIC_DEMO
2020-01-23,LKA_CMB,VLSFO,589.53,SYNTHETIC_DEMO
2020-01-23,LKA_CMB,MGO,745.52,SYNTHETIC_DEMO
2020-01-23,ARE_FUJ,VLSFO,569.4,SYNTHETIC_DEMO
2020-01-23,ARE_FUJ,MGO,720.07,SYNTHETIC_DEMO
2020-01-24,SGP_SIN,VLSFO,567.34,SYNTHETIC_DEMO
2020-01-24,SGP_SIN,MGO,734.14,SYNTHETIC_DEMO
2020-01-24,LKA_CMB,VLSFO,581.52,SYNTHETIC_DEMO
2020-01-24,LKA_CMB,MGO,752.5,SYNTHETIC_DEMO
2020-01-24,ARE_FUJ,VLSFO,561.66,SYNTHETIC_DEMO
2020-01-24,ARE_FUJ,MGO,726.8,SYNTHETIC_DEMO
2020-01-25,SGP_SIN,VLSFO,575.79,SYNTHETIC_DEMO
2020-01-25,SGP_SIN,MGO,739.04,SYNTHETIC_DEMO
2020-01-25,LKA_CMB,VLSFO,590.18,SYNTHETIC_DEMO
2020-01-25,LKA_CMB,MGO,757.52,SYNTHETIC_DEMO
2020-01-25,ARE_FUJ,VLSFO,570.03,SYNTHETIC_DEMO
2020-01-25,ARE_FUJ,MGO,731.65,SYNTHETIC_DEMO
2020-01-26,SGP_SIN,VLSFO,559.41,SYNTHETIC_DEMO
2020-01-26,SGP_SIN,MGO,724.69,SYNTHETIC_DEMO
2020-01-26,LKA_CMB,VLSFO,573.39,SYNTHETIC_DEMO
2020-01-26,LKA_CMB,MGO,742.81,SYNTHETIC_DEMO
2020-01-26,ARE_FUJ,VLSFO,553.81,SYNTHETIC_DEMO
2020-01-26,ARE_FUJ,MGO,717.44,SYNTHETIC_DEMO
2020-01-27,SGP_SIN,VLSFO,557.44,SYNTHETIC_DEMO
2020-01-27,SGP_SIN,MGO,708.19,SYNTHETIC_DEMO
2020-01-27,LKA_CMB,VLSFO,571.37,SYNTHETIC_DEMO
2020-01-27,LKA_CMB,MGO,725.9,SYNTHETIC_DEMO
2020-01-27,ARE_FUJ,VLSFO,551.86,SYNTHETIC_DEMO
2020-01-27,ARE_FUJ,MGO,701.11,SYNTHETIC_DEMO
2020-01-28,SGP_SIN,VLSFO,557.42,SYNTHETIC_DEMO
2020-01-28,SGP_SIN,MGO,734.68,SYNTHETIC_DEMO
2020-01-28,LKA_CMB,VLSFO,571.35,SYNTHETIC_DEMO
2020-01-28,LKA_CMB,MGO,753.04,SYNTHETIC_DEMO
2020-01-28,ARE_FUJ,VLSFO,551.84,SYNTHETIC_DEMO
2020-01-28,ARE_FUJ,MGO,727.33,SYNTHETIC_DEMO
2020-01-29,SGP_SIN,VLSFO,548.2,SYNTHETIC_DEMO
2020-01-29,SGP_SIN,MGO,716.2,SYNTHETIC_DEMO
2020-01-29,LKA_CMB,VLSFO,561.91,SYNTHETIC_DEMO
2020-01-29,LKA_CMB,MGO,734.1,SYNTHETIC_DEMO
2020-01-29,ARE_FUJ,VLSFO,542.72,SYNTHETIC_DEMO
2020-01-29,ARE_FUJ,MGO,709.04,SYNTHETIC_DEMO
2020-01-30,SGP_SIN,VLSFO,547.17,SYNTHETIC_DEMO
2020-01-30,SGP_SIN,MGO,699.28,SYNTHETIC_DEMO
2020-01-30,LKA_CMB,VLSFO,560.85,SYNTHETIC_DEMO
2020-01-30,LKA_CMB,MGO,716.76,SYNTHETIC_DEMO
2020-01-30,ARE_FUJ,VLSFO,541.7,SYNTHETIC_DEMO
2020-01-30,ARE_FUJ,MGO,692.29,SYNTHETIC_DEMO
2020-01-31,SGP_SIN,VLSFO,546.68,SYNTHETIC_DEMO
2020-01-31,SGP_SIN,MGO,695.46,SYNTHETIC_DEMO
2020-01-31,LKA_CMB,VLSFO,560.35,SYNTHETIC_DEMO
2020-01-31,LKA_CMB,MGO,712.85,SYNTHETIC_DEMO
2020-01-31,ARE_FUJ,VLSFO,541.21,SYNTHETIC_DEMO
2020-01-31,ARE_FUJ,MGO,688.51,SYNTHETIC_DEMO
2020-02-01,SGP_SIN,VLSFO,559.11,SYNTHETIC_DEMO
2020-02-01,SGP_SIN,MGO,707.8,SYNTHETIC_DEMO
2020-02-01,LKA_CMB,VLSFO,573.08,SYNTHETIC_DEMO
2020-02-01,LKA_CMB,MGO,725.49,SYNTHETIC_DEMO
2020-02-01,ARE_FUJ,VLSFO,553.52,SYNTHETIC_DEMO
2020-02-01,ARE_FUJ,MGO,700.72,SYNTHETIC_DEMO
2020-02-02,SGP_SIN,VLSFO,564.54,SYNTHETIC_DEMO
2020-02-02,SGP_SIN,MGO,721.18,SYNTHETIC_DEMO
2020-02-02,LKA_CMB,VLSFO,578.65,SYNTHETIC_DEMO
2020-02-02,LKA_CMB,MGO,739.21,SYNTHETIC_DEMO
2020-02-02,ARE_FUJ,VLSFO,558.89,SYNTHETIC_DEMO
2020-02-02,ARE_FUJ,MGO,713.97,SYNTHETIC_DEMO
2020-02-03,SGP_SIN,VLSFO,563.61,SYNTHETIC_DEMO
2020-02-03,SGP_SIN,MGO,723.82,SYNTHETIC_DEMO
2020-02-03,LKA_CMB,VLSFO,577.7,SYNTHETIC_DEMO
2020-02-03,LKA_CMB,MGO,741.91,SYNTHETIC_DEMO
2020-02-03,ARE_FUJ,VLSFO,557.98,SYNTHETIC_DEMO
2020-02-03,ARE_FUJ,MGO,716.58,SYNTHETIC_DEMO
2020-02-04,SGP_SIN,VLSFO,567.02,SYNTHETIC_DEMO
2020-02-04,SGP_SIN,MGO,719.04,SYNTHETIC_DEMO
2020-02-04,LKA_CMB,VLSFO,581.2,SYNTHETIC_DEMO
2020-02-04,LKA_CMB,MGO,737.02,SYNTHETIC_DEMO
2020-02-04,ARE_FUJ,VLSFO,561.35,SYNTHETIC_DEMO
2020-02-04,ARE_FUJ,MGO,711.85,SYNTHETIC_DEMO
2020-02-05,SGP_SIN,VLSFO,556.89,SYNTHETIC_DEMO
2020-02-05,SGP_SIN,MGO,710.71,SYNTHETIC_DEMO
2020-02-05,LKA_CMB,VLSFO,570.82,SYNTHETIC_DEMO
2020-02-05,LKA_CMB,MGO,728.48,SYNTHETIC_DEMO
2020-02-05,ARE_FUJ,VLSFO,551.32,SYNTHETIC_DEMO
2020-02-05,ARE_FUJ,MGO,703.6,SYNTHETIC_DEMO
2020-02-06,SGP_SIN,VLSFO,549.88,SYNTHETIC_DEMO
2020-02-06,SGP_SIN,MGO,703.21,SYNTHETIC_DEMO
2020-02-06,LKA_CMB,VLSFO,563.63,SYNTHETIC_DEMO
2020-02-06,LKA_CMB,MGO,720.79,SYNTHETIC_DEMO
2020-02-06,ARE_FUJ,VLSFO,544.38,SYNTHETIC_DEMO
2020-02-06,ARE_FUJ,MGO,696.18,SYNTHETIC_DEMO
2020-02-07,SGP_SIN,VLSFO,557.2,SYNTHETIC_DEMO
2020-02-07,SGP_SIN,MGO,710.91,SYNTHETIC_DEMO
2020-02-07,LKA_CMB,VLSFO,571.13,SYNTHETIC_DEMO
2020-02-07,LKA_CMB,MGO,728.69,SYNTHETIC_DEMO
2020-02-07,ARE_FUJ,VLSFO,551.62,SYNTHETIC_DEMO
2020-02-07,ARE_FUJ,MGO,703.8,SYNTHETIC_DEMO
2020-02-08,SGP_SIN,VLSFO,548.65,SYNTHETIC_DEMO
2020-02-08,SGP_SIN,MGO,697.19,SYNTHETIC_DEMO
2020-02-08,LKA_CMB,VLSFO,562.36,SYNTHETIC_DEMO
2020-02-08,LKA_CMB,MGO,714.62,SYNTHETIC_DEMO
2020-02-08,ARE_FUJ,VLSFO,543.16,SYNTHETIC_DEMO
2020-02-08,ARE_FUJ,MGO,690.22,SYNTHETIC_DEMO
2020-02-09,SGP_SIN,VLSFO,570.4,SYNTHETIC_DEMO
2020-02-09,SGP_SIN,MGO,715.33,SYNTHETIC_DEMO
2020-02-09,LKA_CMB,VLSFO,584.66,SYNTHETIC_DEMO
2020-02-09,LKA_CMB,MGO,733.21,SYNTHETIC_DEMO
2020-02-09,ARE_FUJ,VLSFO,564.7,SYNTHETIC_DEMO
2020-02-09,ARE_FUJ,MGO,708.18,SYNTHETIC_DEMO
2020-02-10,SGP_SIN,VLSFO,558.35,SYNTHETIC_DEMO
2020-02-10,SGP_SIN,MGO,709.39,SYNTHETIC_DEMO
2020-02-10,LKA_CMB,VLSFO,572.31,SYNTHETIC_DEMO
2020-02-10,LKA_CMB,MGO,727.12,SYNTHETIC_DEMO
2020-02-10,ARE_FUJ,VLSFO,552.76,SYNTHETIC_DEMO
2020-02-10,ARE_FUJ,MGO,702.3,SYNTHETIC_DEMO
2020-02-11,SGP_SIN,VLSFO,565.49,SYNTHETIC_DEMO
2020-02-11,SGP_SIN,MGO,736.89,SYNTHETIC_DEMO
2020-02-11,LKA_CMB,VLSFO,579.63,SYNTHETIC_DEMO
2020-02-11,LKA_CMB,MGO,755.32,SYNTHETIC_DEMO
2020-02-11,ARE_FUJ,VLSFO,559.84,SYNTHETIC_DEMO
2020-02-11,ARE_FUJ,MGO,729.53,SYNTHETIC_DEMO
2020-02-12,SGP_SIN,VLSFO,558.24,SYNTHETIC_DEMO
2020-02-12,SGP_SIN,MGO,711.63,SYNTHETIC_DEMO
2020-02-12,LKA_CMB,VLSFO,572.19,SYNTHETIC_DEMO
2020-02-12,LKA_CMB,MGO,729.42,SYNTHETIC_DEMO
2020-02-12,ARE_FUJ,VLSFO,552.66,SYNTHETIC_DEMO
2020-02-12,ARE_FUJ,MGO,704.51,SYNTHETIC_DEMO
2020-02-13,SGP_SIN,VLSFO,556.02,SYNTHETIC_DEMO
2020-02-13,SGP_SIN,MGO,718.8,SYNTHETIC_DEMO
2020-02-13,LKA_CMB,VLSFO,569.92,SYNTHETIC_DEMO
2020-02-13,LKA_CMB,MGO,736.77,SYNTHETIC_DEMO
2020-02-13,ARE_FUJ,VLSFO,550.46,SYNTHETIC_DEMO
2020-02-13,ARE_FUJ,MGO,711.61,SYNTHETIC_DEMO
2020-02-14,SGP_SIN,VLSFO,571.35,SYNTHETIC_DEMO
2020-02-14,SGP_SIN,MGO,725.3,SYNTHETIC_DEMO
2020-02-14,LKA_CMB,VLSFO,585.63,SYNTHETIC_DEMO
2020-02-14,LKA_CMB,MGO,743.43,SYNTHETIC_DEMO
2020-02-14,ARE_FUJ,VLSFO,565.64,SYNTHETIC_DEMO
2020-02-14,ARE_FUJ,MGO,718.04,SYNTHETIC_DEMO
2020-02-15,SGP_SIN,VLSFO,564.85,SYNTHETIC_DEMO
2020-02-15,SGP_SIN,MGO,729.47,SYNTHETIC_DEMO
2020-02-15,LKA_CMB,VLSFO,578.97,SYNTHETIC_DEMO
2020-02-15,LKA_CMB,MGO,747.7,SYNTHETIC_DEMO
2020-02-15,ARE_FUJ,VLSFO,559.2,SYNTHETIC_DEMO
2020-02-15,ARE_FUJ,MGO,722.17,SYNTHETIC_DEMO
2020-02-16,SGP_SIN,VLSFO,557.18,SYNTHETIC_DEMO
2020-02-16,SGP_SIN,MGO,690.31,SYNTHETIC_DEMO
2020-02-16,LKA_CMB,VLSFO,571.11,SYNTHETIC_DEMO
2020-02-16,LKA_CMB,MGO,707.57,SYNTHETIC_DEMO
2020-02-16,ARE_FUJ,VLSFO,551.61,SYNTHETIC_DEMO
2020-02-16,ARE_FUJ,MGO,683.41,SYNTHETIC_DEMO
2020-02-17,SGP_SIN,VLSFO,562.45,SYNTHETIC_DEMO
2020-02-17,SGP_SIN,MGO,722.08,SYNTHETIC_DEMO
2020-02-17,LKA_CMB,VLSFO,576.52,SYNTHETIC_DEMO
2020-02-17,LKA_CMB,MGO,740.13,SYNTHETIC_DEMO
2020-02-17,ARE_FUJ,VLSFO,556.83,SYNTHETIC_DEMO
2020-02-17,ARE_FUJ,MGO,714.86,SYNTHETIC_DEMO
2020-02-18,SGP_SIN,VLSFO,559.35,SYNTHETIC_DEMO
2020-02-18,SGP_SIN,MGO,713.61,SYNTHETIC_DEMO
2020-02-18,LKA_CMB,VLSFO,573.33,SYNTHETIC_DEMO
2020-02-18,LKA_CMB,MGO,731.45,SYNTHETIC_DEMO
2020-02-18,ARE_FUJ,VLSFO,553.76,SYNTHETIC_DEMO
2020-02-18,ARE_FUJ,MGO,706.48,SYNTHETIC_DEMO
2020-02-19,SGP_SIN,VLSFO,557.38,SYNTHETIC_DEMO
2020-02-19,SGP_SIN,MGO,699.82,SYNTHETIC_DEMO
2020-02-19,LKA_CMB,VLSFO,571.32,SYNTHETIC_DEMO
2020-02-19,LKA_CMB,MGO,717.32,SYNTHETIC_DEMO
2020-02-19,ARE_FUJ,VLSFO,551.81,SYNTHETIC_DEMO
2020-02-19,ARE_FUJ,MGO,692.83,SYNTHETIC_DEMO
2020-02-20,SGP_SIN,VLSFO,558.07,SYNTHETIC_DEMO
2020-02-20,SGP_SIN,MGO,704.58,SYNTHETIC_DEMO
2020-02-20,LKA_CMB,VLSFO,572.02,SYNTHETIC_DEMO
2020-02-20,LKA_CMB,MGO,722.19,SYNTHETIC_DEMO
2020-02-20,ARE_FUJ,VLSFO,552.49,SYNTHETIC_DEMO
2020-02-20,ARE_FUJ,MGO,697.53,SYNTHETIC_DEMO
2020-02-21,SGP_SIN,VLSFO,553.09,SYNTHETIC_DEMO
2020-02-21,SGP_SIN,MGO,725.09,SYNTHETIC_DEMO
2020-02-21,LKA_CMB,VLSFO,566.92,SYNTHETIC_DEMO
2020-02-21,LKA_CMB,MGO,743.22,SYNTHETIC_DEMO
2020-02-21,ARE_FUJ,VLSFO,547.56,SYNTHETIC_DEMO
2020-02-21,ARE_FUJ,MGO,717.84,SYNTHETIC_DEMO
2020-02-22,SGP_SIN,VLSFO,540.14,SYNTHETIC_DEMO
2020-02-22,SGP_SIN,MGO,700.71,SYNTHETIC_DEMO
2020-02-22,LKA_CMB,VLSFO,553.65,SYNTHETIC_DEMO
2020-02-22,LKA_CMB,MGO,718.23,SYNTHETIC_DEMO
2020-02-22,ARE_FUJ,VLSFO,534.74,SYNTHETIC_DEMO
2020-02-22,ARE_FUJ,MGO,693.71,SYNTHETIC_DEMO
2020-02-23,SGP_SIN,VLSFO,551.42,SYNTHETIC_DEMO
2020-02-23,SGP_SIN,MGO,697.04,SYNTHETIC_DEMO
2020-02-23,LKA_CMB,VLSFO,565.21,SYNTHETIC_DEMO
2020-02-23,LKA_CMB,MGO,714.47,SYNTHETIC_DEMO
2020-02-23,ARE_FUJ,VLSFO,545.91,SYNTHETIC_DEMO
2020-02-23,ARE_FUJ,MGO,690.07,SYNTHETIC_DEMO
2020-02-24,SGP_SIN,VLSFO,550.67,SYNTHETIC_DEMO
2020-02-24,SGP_SIN,MGO,708.39,SYNTHETIC_DEMO
2020-02-24,LKA_CMB,VLSFO,564.44,SYNTHETIC_DEMO
2020-02-24,LKA_CMB,MGO,726.1,SYNTHETIC_DEMO
2020-02-24,ARE_FUJ,VLSFO,545.16,SYNTHETIC_DEMO
2020-02-24,ARE_FUJ,MGO,701.3,SYNTHETIC_DEMO
2020-02-25,SGP_SIN,VLSFO,550.88,SYNTHETIC_DEMO
2020-02-25,SGP_SIN,MGO,704.51,SYNTHETIC_DEMO
2020-02-25,LKA_CMB,VLSFO,564.66,SYNTHETIC_DEMO
2020-02-25,LKA_CMB,MGO,722.13,SYNTHETIC_DEMO
2020-02-25,ARE_FUJ,VLSFO,545.37,SYNTHETIC_DEMO
2020-02-25,ARE_FUJ,MGO,697.47,SYNTHETIC_DEMO
2020-02-26,SGP_SIN,VLSFO,544.73,SYNTHETIC_DEMO
2020-02-26,SGP_SIN,MGO,697.51,SYNTHETIC_DEMO
2020-02-26,LKA_CMB,VLSFO,558.35,SYNTHETIC_DEMO
2020-02-26,LKA_CMB,MGO,714.95,SYNTHETIC_DEMO
2020-02-26,ARE_FUJ,VLSFO,539.28,SYNTHETIC_DEMO
2020-02-26,ARE_FUJ,MGO,690.54,SYNTHETIC_DEMO
2020-02-27,SGP_SIN,VLSFO,541.17,SYNTHETIC_DEMO
2020-02-27,SGP_SIN,MGO,710.95,SYNTHETIC_DEMO
2020-02-27,LKA_CMB,VLSFO,554.7,SYNTHETIC_DEMO
2020-02-27,LKA_CMB,MGO,728.72,SYNTHETIC_DEMO
2020-02-27,ARE_FUJ,VLSFO,535.76,SYNTHETIC_DEMO
2020-02-27,ARE_FUJ,MGO,703.84,SYNTHETIC_DEMO
2020-02-28,SGP_SIN,VLSFO,543.33,SYNTHETIC_DEMO
2020-02-28,SGP_SIN,MGO,686.84,SYNTHETIC_DEMO
2020-02-28,LKA_CMB,VLSFO,556.91,SYNTHETIC_DEMO
2020-02-28,LKA_CMB,MGO,704.01,SYNTHETIC_DEMO
2020-02-28,ARE_FUJ,VLSFO,537.89,SYNTHETIC_DEMO
2020-02-28,ARE_FUJ,MGO,679.97,SYNTHETIC_DEMO
2020-02-29,SGP_SIN,VLSFO,547.0,SYNTHETIC_DEMO
2020-02-29,SGP_SIN,MGO,697.96,SYNTHETIC_DEMO
2020-02-29,LKA_CMB,VLSFO,560.67,SYNTHETIC_DEMO
2020-02-29,LKA_CMB,MGO,715.41,SYNTHETIC_DEMO
2020-02-29,ARE_FUJ,VLSFO,541.53,SYNTHETIC_DEMO
2020-02-29,ARE_FUJ,MGO,690.98,SYNTHETIC_DEMO
2020-03-01,SGP_SIN,VLSFO,552.54,SYNTHETIC_DEMO
2020-03-01,SGP_SIN,MGO,697.62,SYNTHETIC_DEMO
2020-03-01,LKA_CMB,VLSFO,566.35,SYNTHETIC_DEMO
2020-03-01,LKA_CMB,MGO,715.06,SYNTHETIC_DEMO
2020-03-01,ARE_FUJ,VLSFO,547.01,SYNTHETIC_DEMO
2020-03-01,ARE_FUJ,MGO,690.65,SYNTHETIC_DEMO
2020-03-02,SGP_SIN,VLSFO,554.76,SYNTHETIC_DEMO
2020-03-02,SGP_SIN,MGO,689.77,SYNTHETIC_DEMO
2020-03-02,LKA_CMB,VLSFO,568.63,SYNTHETIC_DEMO
2020-03-02,LKA_CMB,MGO,707.01,SYNTHETIC_DEMO
2020-03-02,ARE_FUJ,VLSFO,549.21,SYNTHETIC_DEMO
2020-03-02,ARE_FUJ,MGO,682.87,SYNTHETIC_DEMO
2020-03-03,SGP_SIN,VLSFO,553.57,SYNTHETIC_DEMO
2020-03-03,SGP_SIN,MGO,709.27,SYNTHETIC_DEMO
2020-03-03,LKA_CMB,VLSFO,567.41,SYNTHETIC_DEMO
2020-03-03,LKA_CMB,MGO,727.0,SYNTHETIC_DEMO
2020-03-03,ARE_FUJ,VLSFO,548.03,SYNTHETIC_DEMO
2020-03-03,ARE_FUJ,MGO,702.18,SYNTHETIC_DEMO
2020-03-04,SGP_SIN,VLSFO,573.65,SYNTHETIC_DEMO
2020-03-04,SGP_SIN,MGO,734.18,SYNTHETIC_DEMO
2020-03-04,LKA_CMB,VLSFO,587.99,SYNTHETIC_DEMO
2020-03-04,LKA_CMB,MGO,752.54,SYNTHETIC_DEMO
2020-03-04,ARE_FUJ,VLSFO,567.92,SYNTHETIC_DEMO
2020-03-04,ARE_FUJ,MGO,726.84,SYNTHETIC_DEMO
2020-03-05,SGP_SIN,VLSFO,568.82,SYNTHETIC_DEMO
2020-03-05,SGP_SIN,MGO,711.63,SYNTHETIC_DEMO
2020-03-05,LKA_CMB,VLSFO,583.04,SYNTHETIC_DEMO
2020-03-05,LKA_CMB,MGO,729.42,SYNTHETIC_DEMO
2020-03-05,ARE_FUJ,VLSFO,563.13,SYNTHETIC_DEMO
2020-03-05,ARE_FUJ,MGO,704.51,SYNTHETIC_DEMO
2020-03-06,SGP_SIN,VLSFO,568.77,SYNTHETIC_DEMO
2020-03-06,SGP_SIN,MGO,712.5,SYNTHETIC_DEMO
2020-03-06,LKA_CMB,VLSFO,582.99,SYNTHETIC_DEMO
2020-03-06,LKA_CMB,MGO,730.31,SYNTHETIC_DEMO
2020-03-06,ARE_FUJ,VLSFO,563.08,SYNTHETIC_DEMO
2020-03-06,ARE_FUJ,MGO,705.38,SYNTHETIC_DEMO
2020-03-07,SGP_SIN,VLSFO,575.71,SYNTHETIC_DEMO
2020-03-07,SGP_SIN,MGO,733.31,SYNTHETIC_DEMO
2020-03-07,LKA_CMB,VLSFO,590.11,SYNTHETIC_DEMO
2020-03-07,LKA_CMB,MGO,751.64,SYNTHETIC_DEMO
2020-03-07,ARE_FUJ,VLSFO,569.96,SYNTHETIC_DEMO
2020-03-07,ARE_FUJ,MGO,725.97,SYNTHETIC_DEMO
2020-03-08,SGP_SIN,VLSFO,563.74,SYNTHETIC_DEMO
2020-03-08,SGP_SIN,MGO,726.43,SYNTHETIC_DEMO
2020-03-08,LKA_CMB,VLSFO,577.84,SYNTHETIC_DEMO
2020-03-08,LKA_CMB,MGO,744.59,SYNTHETIC_DEMO
2020-03-08,ARE_FUJ,VLSFO,558.11,SYNTHETIC_DEMO
2020-03-08,ARE_FUJ,MGO,719.16,SYNTHETIC_DEMO
2020-03-09,SGP_SIN,VLSFO,567.26,SYNTHETIC_DEMO
2020-03-09,SGP_SIN,MGO,729.55,SYNTHETIC_DEMO
2020-03-09,LKA_CMB,VLSFO,581.44,SYNTHETIC_DEMO
2020-03-09,LKA_CMB,MGO,747.79,SYNTHETIC_DEMO
2020-03-09,ARE_FUJ,VLSFO,561.59,SYNTHETIC_DEMO
2020-03-09,ARE_FUJ,MGO,722.25,SYNTHETIC_DEMO
2020-03-10,SGP_SIN,VLSFO,555.87,SYNTHETIC_DEMO
2020-03-10,SGP_SIN,MGO,715.81,SYNTHETIC_DEMO
2020-03-10,LKA_CMB,VLSFO,569.77,SYNTHETIC_DEMO
2020-03-10,LKA_CMB,MGO,733.71,SYNTHETIC_DEMO
2020-03-10,ARE_FUJ,VLSFO,550.32,SYNTHETIC_DEMO
2020-03-10,ARE_FUJ,MGO,708.65,SYNTHETIC_DEMO
2020-03-11,SGP_SIN,VLSFO,565.22,SYNTHETIC_DEMO
2020-03-11,SGP_SIN,MGO,708.25,SYNTHETIC_DEMO
2020-03-11,LKA_CMB,VLSFO,579.35,SYNTHETIC_DEMO
2020-03-11,LKA_CMB,MGO,725.96,SYNTHETIC_DEMO
2020-03-11,ARE_FUJ,VLSFO,559.56,SYNTHETIC_DEMO
2020-03-11,ARE_FUJ,MGO,701.17,SYNTHETIC_DEMO
2020-03-12,SGP_SIN,VLSFO,565.39,SYNTHETIC_DEMO
2020-03-12,SGP_SIN,MGO,718.31,SYNTHETIC_DEMO
2020-03-12,LKA_CMB,VLSFO,579.52,SYNTHETIC_DEMO
2020-03-12,LKA_CMB,MGO,736.26,SYNTHETIC_DEMO
2020-03-12,ARE_FUJ,VLSFO,559.73,SYNTHETIC_DEMO
2020-03-12,ARE_FUJ,MGO,711.12,SYNTHETIC_DEMO
2020-03-13,SGP_SIN,VLSFO,576.29,SYNTHETIC_DEMO
2020-03-13,SGP_SIN,MGO,736.32,SYNTHETIC_DEMO
2020-03-13,LKA_CMB,VLSFO,590.7,SYNTHETIC_DEMO
2020-03-13,LKA_CMB,MGO,754.73,SYNTHETIC_DEMO
2020-03-13,ARE_FUJ,VLSFO,570.53,SYNTHETIC_DEMO
2020-03-13,ARE_FUJ,MGO,728.96,SYNTHETIC_DEMO
2020-03-14,SGP_SIN,VLSFO,580.06,SYNTHETIC_DEMO
2020-03-14,SGP_SIN,MGO,749.98,SYNTHETIC_DEMO
2020-03-14,LKA_CMB,VLSFO,594.56,SYNTHETIC_DEMO
2020-03-14,LKA_CMB,MGO,768.73,SYNTHETIC_DEMO
2020-03-14,ARE_FUJ,VLSFO,574.26,SYNTHETIC_DEMO
2020-03-14,ARE_FUJ,MGO,742.48,SYNTHETIC_DEMO
2020-03-15,SGP_SIN,VLSFO,567.14,SYNTHETIC_DEMO
2020-03-15,SGP_SIN,MGO,713.2,SYNTHETIC_DEMO
2020-03-15,LKA_CMB,VLSFO,581.32,SYNTHETIC_DEMO
2020-03-15,LKA_CMB,MGO,731.03,SYNTHETIC_DEMO
2020-03-15,ARE_FUJ,VLSFO,561.47,SYNTHETIC_DEMO
2020-03-15,ARE_FUJ,MGO,706.07,SYNTHETIC_DEMO
2020-03-16,SGP_SIN,VLSFO,573.55,SYNTHETIC_DEMO
2020-03-16,SGP_SIN,MGO,742.24,SYNTHETIC_DEMO
2020-03-16,LKA_CMB,VLSFO,587.88,SYNTHETIC_DEMO
2020-03-16,LKA_CMB,MGO,760.8,SYNTHETIC_DEMO
2020-03-16,ARE_FUJ,VLSFO,567.81,SYNTHETIC_DEMO
2020-03-16,ARE_FUJ,MGO,734.82,SYNTHETIC_DEMO
2020-03-17,SGP_SIN,VLSFO,575.96,SYNTHETIC_DEMO
2020-03-17,SGP_SIN,MGO,732.81,SYNTHETIC_DEMO
2020-03-17,LKA_CMB,VLSFO,590.36,SYNTHETIC_DEMO
2020-03-17,LKA_CMB,MGO,751.13,SYNTHETIC_DEMO
2020-03-17,ARE_FUJ,VLSFO,570.2,SYNTHETIC_DEMO
2020-03-17,ARE_FUJ,MGO,725.48,SYNTHETIC_DEMO
2020-03-18,SGP_SIN,VLSFO,574.58,SYNTHETIC_DEMO
2020-03-18,SGP_SIN,MGO,725.01,SYNTHETIC_DEMO
2020-03-18,LKA_CMB,VLSFO,588.94,SYNTHETIC_DEMO
2020-03-18,LKA_CMB,MGO,743.14,SYNTHETIC_DEMO
2020-03-18,ARE_FUJ,VLSFO,568.83,SYNTHETIC_DEMO
2020-03-18,ARE_FUJ,MGO,717.76,SYNTHETIC_DEMO
2020-03-19,SGP_SIN,VLSFO,575.62,SYNTHETIC_DEMO
2020-03-19,SGP_SIN,MGO,734.64,SYNTHETIC_DEMO
2020-03-19,LKA_CMB,VLSFO,590.01,SYNTHETIC_DEMO
2020-03-19,LKA_CMB,MGO,753.01,SYNTHETIC_DEMO
2020-03-19,ARE_FUJ,VLSFO,569.86,SYNTHETIC_DEMO
2020-03-19,ARE_FUJ,MGO,727.3,SYNTHETIC_DEMO
2020-03-20,SGP_SIN,VLSFO,581.42,SYNTHETIC_DEMO
2020-03-20,SGP_SIN,MGO,748.44,SYNTHETIC_DEMO
2020-03-20,LKA_CMB,VLSFO,595.96,SYNTHETIC_DEMO
2020-03-20,LKA_CMB,MGO,767.15,SYNTHETIC_DEMO
2020-03-20,ARE_FUJ,VLSFO,575.61,SYNTHETIC_DEMO
2020-03-20,ARE_FUJ,MGO,740.95,SYNTHETIC_DEMO
2020-03-21,SGP_SIN,VLSFO,584.49,SYNTHETIC_DEMO
2020-03-21,SGP_SIN,MGO,762.08,SYNTHETIC_DEMO
2020-03-21,LKA_CMB,VLSFO,599.1,SYNTHETIC_DEMO
2020-03-21,LKA_CMB,MGO,781.13,SYNTHETIC_DEMO
2020-03-21,ARE_FUJ,VLSFO,578.65,SYNTHETIC_DEMO
2020-03-21,ARE_FUJ,MGO,754.46,SYNTHETIC_DEMO
2020-03-22,SGP_SIN,VLSFO,578.74,SYNTHETIC_DEMO
2020-03-22,SGP_SIN,MGO,730.09,SYNTHETIC_DEMO
2020-03-22,LKA_CMB,VLSFO,593.2,SYNTHETIC_DEMO
2020-03-22,LKA_CMB,MGO,748.35,SYNTHETIC_DEMO
2020-03-22,ARE_FUJ,VLSFO,572.95,SYNTHETIC_DEMO
2020-03-22,ARE_FUJ,MGO,722.79,SYNTHETIC_DEMO
2020-03-23,SGP_SIN,VLSFO,582.33,SYNTHETIC_DEMO
2020-03-23,SGP_SIN,MGO,742.37,SYNTHETIC_DEMO
2020-03-23,LKA_CMB,VLSFO,596.89,SYNTHETIC_DEMO
2020-03-23,LKA_CMB,MGO,760.93,SYNTHETIC_DEMO
2020-03-23,ARE_FUJ,VLSFO,576.51,SYNTHETIC_DEMO
2020-03-23,ARE_FUJ,MGO,734.95,SYNTHETIC_DEMO
2020-03-24,SGP_SIN,VLSFO,566.43,SYNTHETIC_DEMO
2020-03-24,SGP_SIN,MGO,730.63,SYNTHETIC_DEMO
2020-03-24,LKA_CMB,VLSFO,580.59,SYNTHETIC_DEMO
2020-03-24,LKA_CMB,MGO,748.89,SYNTHETIC_DEMO
2020-03-24,ARE_FUJ,VLSFO,560.77,SYNTHETIC_DEMO
2020-03-24,ARE_FUJ,MGO,723.32,SYNTHETIC_DEMO
2020-03-25,SGP_SIN,VLSFO,579.71,SYNTHETIC_DEMO
2020-03-25,SGP_SIN,MGO,736.85,SYNTHETIC_DEMO
2020-03-25,LKA_CMB,VLSFO,594.2,SYNTHETIC_DEMO
2020-03-25,LKA_CMB,MGO,755.28,SYNTHETIC_DEMO
2020-03-25,ARE_FUJ,VLSFO,573.91,SYNTHETIC_DEMO
2020-03-25,ARE_FUJ,MGO,729.49,SYNTHETIC_DEMO
2020-03-26,SGP_SIN,VLSFO,559.6,SYNTHETIC_DEMO
2020-03-26,SGP_SIN,MGO,712.87,SYNTHETIC_DEMO
2020-03-26,LKA_CMB,VLSFO,573.59,SYNTHETIC_DEMO
2020-03-26,LKA_CMB,MGO,730.69,SYNTHETIC_DEMO
2020-03-26,ARE_FUJ,VLSFO,554.0,SYNTHETIC_DEMO
2020-03-26,ARE_FUJ,MGO,705.74,SYNTHETIC_DEMO
2020-03-27,SGP_SIN,VLSFO,571.81,SYNTHETIC_DEMO
2020-03-27,SGP_SIN,MGO,742.78,SYNTHETIC_DEMO
2020-03-27,LKA_CMB,VLSFO,586.11,SYNTHETIC_DEMO
2020-03-27,LKA_CMB,MGO,761.34,SYNTHETIC_DEMO
2020-03-27,ARE_FUJ,VLSFO,566.09,SYNTHETIC_DEMO
2020-03-27,ARE_FUJ,MGO,735.35,SYNTHETIC_DEMO
2020-03-28,SGP_SIN,VLSFO,567.83,SYNTHETIC_DEMO
2020-03-28,SGP_SIN,MGO,720.04,SYNTHETIC_DEMO
2020-03-28,LKA_CMB,VLSFO,582.02,SYNTHETIC_DEMO
2020-03-28,LKA_CMB,MGO,738.04,SYNTHETIC_DEMO
2020-03-28,ARE_FUJ,VLSFO,562.15,SYNTHETIC_DEMO
2020-03-28,ARE_FUJ,MGO,712.84,SYNTHETIC_DEMO
2020-03-29,SGP_SIN,VLSFO,569.51,SYNTHETIC_DEMO
2020-03-29,SGP_SIN,MGO,738.13,SYNTHETIC_DEMO
2020-03-29,LKA_CMB,VLSFO,583.74,SYNTHETIC_DEMO
2020-03-29,LKA_CMB,MGO,756.58,SYNTHETIC_DEMO
2020-03-29,ARE_FUJ,VLSFO,563.81,SYNTHETIC_DEMO
2020-03-29,ARE_FUJ,MGO,730.74,SYNTHETIC_DEMO
2020-03-30,SGP_SIN,VLSFO,565.63,SYNTHETIC_DEMO
2020-03-30,SGP_SIN,MGO,713.19,SYNTHETIC_DEMO
2020-03-30,LKA_CMB,VLSFO,579.77,SYNTHETIC_DEMO
2020-03-30,LKA_CMB,MGO,731.02,SYNTHETIC_DEMO
2020-03-30,ARE_FUJ,VLSFO,559.97,SYNTHETIC_DEMO
2020-03-30,ARE_FUJ,MGO,706.06,SYNTHETIC_DEMO
2020-03-31,SGP_SIN,VLSFO,584.97,SYNTHETIC_DEMO
2020-03-31,SGP_SIN,MGO,745.48,SYNTHETIC_DEMO
2020-03-31,LKA_CMB,VLSFO,599.59,SYNTHETIC_DEMO
2020-03-31,LKA_CMB,MGO,764.11,SYNTHETIC_DEMO
2020-03-31,ARE_FUJ,VLSFO,579.12,SYNTHETIC_DEMO
2020-03-31,ARE_FUJ,MGO,738.02,SYNTHETIC_DEMO
2020-04-01,SGP_SIN,VLSFO,588.74,SYNTHETIC_DEMO
2020-04-01,SGP_SIN,MGO,752.61,SYNTHETIC_DEMO
2020-04-01,LKA_CMB,VLSFO,603.46,SYNTHETIC_DEMO
2020-04-01,LKA_CMB,MGO,771.43,SYNTHETIC_DEMO
2020-04-01,ARE_FUJ,VLSFO,582.86,SYNTHETIC_DEMO
2020-04-01,ARE_FUJ,MGO,745.09,SYNTHETIC_DEMO
2020-04-02,SGP_SIN,VLSFO,572.43,SYNTHETIC_DEMO
2020-04-02,SGP_SIN,MGO,741.09,SYNTHETIC_DEMO
2020-04-02,LKA_CMB,VLSFO,586.74,SYNTHETIC_DEMO
2020-04-02,LKA_CMB,MGO,759.61,SYNTHETIC_DEMO
2020-04-02,ARE_FUJ,VLSFO,566.7,SYNTHETIC_DEMO
2020-04-02,ARE_FUJ,MGO,733.68,SYNTHETIC_DEMO
2020-04-03,SGP_SIN,VLSFO,576.29,SYNTHETIC_DEMO
2020-04-03,SGP_SIN,MGO,752.61,SYNTHETIC_DEMO
2020-04-03,LKA_CMB,VLSFO,590.7,SYNTHETIC_DEMO
2020-04-03,LKA_CMB,MGO,771.42,SYNTHETIC_DEMO
2020-04-03,ARE_FUJ,VLSFO,570.53,SYNTHETIC_DEMO
2020-04-03,ARE_FUJ,MGO,745.08,SYNTHETIC_DEMO
2020-04-04,SGP_SIN,VLSFO,570.86,SYNTHETIC_DEMO
2020-04-04,SGP_SIN,MGO,736.37,SYNTHETIC_DEMO
2020-04-04,LKA_CMB,VLSFO,585.13,SYNTHETIC_DEMO
2020-04-04,LKA_CMB,MGO,754.78,SYNTHETIC_DEMO
2020-04-04,ARE_FUJ,VLSFO,565.15,SYNTHETIC_DEMO
2020-04-04,ARE_FUJ,MGO,729.01,SYNTHETIC_DEMO
2020-04-05,SGP_SIN,VLSFO,564.75,SYNTHETIC_DEMO
2020-04-05,SGP_SIN,MGO,718.32,SYNTHETIC_DEMO
2020-04-05,LKA_CMB,VLSFO,578.87,SYNTHETIC_DEMO
2020-04-05,LKA_CMB,MGO,736.27,SYNTHETIC_DEMO
2020-04-05,ARE_FUJ,VLSFO,559.1,SYNTHETIC_DEMO
2020-04-05,ARE_FUJ,MGO,711.13,SYNTHETIC_DEMO
2020-04-06,SGP_SIN,VLSFO,562.98,SYNTHETIC_DEMO
2020-04-06,SGP_SIN,MGO,717.65,SYNTHETIC_DEMO
2020-04-06,LKA_CMB,VLSFO,577.05,SYNTHETIC_DEMO
2020-04-06,LKA_CMB,MGO,735.59,SYNTHETIC_DEMO
2020-04-06,ARE_FUJ,VLSFO,557.35,SYNTHETIC_DEMO
2020-04-06,ARE_FUJ,MGO,710.47,SYNTHETIC_DEMO
2020-04-07,SGP_SIN,VLSFO,569.22,SYNTHETIC_DEMO
2020-04-07,SGP_SIN,MGO,709.31,SYNTHETIC_DEMO
2020-04-07,LKA_CMB,VLSFO,583.45,SYNTHETIC_DEMO
2020-04-07,LKA_CMB,MGO,727.05,SYNTHETIC_DEMO
2020-04-07,ARE_FUJ,VLSFO,563.53,SYNTHETIC_DEMO
2020-04-07,ARE_FUJ,MGO,702.22,SYNTHETIC_DEMO
2020-04-08,SGP_SIN,VLSFO,564.36,SYNTHETIC_DEMO
2020-04-08,SGP_SIN,MGO,721.05,SYNTHETIC_DEMO
2020-04-08,LKA_CMB,VLSFO,578.47,SYNTHETIC_DEMO
2020-04-08,LKA_CMB,MGO,739.07,SYNTHETIC_DEMO
2020-04-08,ARE_FUJ,VLSFO,558.72,SYNTHETIC_DEMO
2020-04-08,ARE_FUJ,MGO,713.84,SYNTHETIC_DEMO
2020-04-09,SGP_SIN,VLSFO,562.34,SYNTHETIC_DEMO
2020-04-09,SGP_SIN,MGO,732.34,SYNTHETIC_DEMO
2020-04-09,LKA_CMB,VLSFO,576.4,SYNTHETIC_DEMO
2020-04-09,LKA_CMB,MGO,750.64,SYNTHETIC_DEMO
2020-04-09,ARE_FUJ,VLSFO,556.72,SYNTHETIC_DEMO
2020-04-09,ARE_FUJ,MGO,725.01,SYNTHETIC_DEMO
2020-04-10,SGP_SIN,VLSFO,569.95,SYNTHETIC_DEMO
2020-04-10,SGP_SIN,MGO,733.18,SYNTHETIC_DEMO
2020-04-10,LKA_CMB,VLSFO,584.2,SYNTHETIC_DEMO
2020-04-10,LKA_CMB,MGO,751.51,SYNTHETIC_DEMO
2020-04-10,ARE_FUJ,VLSFO,564.25,SYNTHETIC_DEMO
2020-04-10,ARE_FUJ,MGO,725.85,SYNTHETIC_DEMO
2020-04-11,SGP_SIN,VLSFO,553.82,SYNTHETIC_DEMO
2020-04-11,SGP_SIN,MGO,713.24,SYNTHETIC_DEMO
2020-04-11,LKA_CMB,VLSFO,567.67,SYNTHETIC_DEMO
2020-04-11,LKA_CMB,MGO,731.07,SYNTHETIC_DEMO
2020-04-11,ARE_FUJ,VLSFO,548.29,SYNTHETIC_DEMO
2020-04-11,ARE_FUJ,MGO,706.1,SYNTHETIC_DEMO
2020-04-12,SGP_SIN,VLSFO,566.22,SYNTHETIC_DEMO
2020-04-12,SGP_SIN,MGO,739.03,SYNTHETIC_DEMO
2020-04-12,LKA_CMB,VLSFO,580.38,SYNTHETIC_DEMO
2020-04-12,LKA_CMB,MGO,757.51,SYNTHETIC_DEMO
2020-04-12,ARE_FUJ,VLSFO,560.56,SYNTHETIC_DEMO
2020-04-12,ARE_FUJ,MGO,731.64,SYNTHETIC_DEMO
2020-04-13,SGP_SIN,VLSFO,564.39,SYNTHETIC_DEMO
2020-04-13,SGP_SIN,MGO,741.31,SYNTHETIC_DEMO
2020-04-13,LKA_CMB,VLSFO,578.5,SYNTHETIC_DEMO
2020-04-13,LKA_CMB,MGO,759.84,SYNTHETIC_DEMO
2020-04-13,ARE_FUJ,VLSFO,558.75,SYNTHETIC_DEMO
2020-04-13,ARE_FUJ,MGO,733.89,SYNTHETIC_DEMO
2020-04-14,SGP_SIN,VLSFO,572.92,SYNTHETIC_DEMO
2020-04-14,SGP_SIN,MGO,740.25,SYNTHETIC_DEMO
2020-04-14,LKA_CMB,VLSFO,587.25,SYNTHETIC_DEMO
2020-04-14,LKA_CMB,MGO,758.76,SYNTHETIC_DEMO
2020-04-14,ARE_FUJ,VLSFO,567.2,SYNTHETIC_DEMO
2020-04-14,ARE_FUJ,MGO,732.85,SYNTHETIC_DEMO
2020-04-15,SGP_SIN,VLSFO,564.02,SYNTHETIC_DEMO
2020-04-15,SGP_SIN,MGO,732.4,SYNTHETIC_DEMO
2020-04-15,LKA_CMB,VLSFO,578.12,SYNTHETIC_DEMO
2020-04-15,LKA_CMB,MGO,750.71,SYNTHETIC_DEMO
2020-04-15,ARE_FUJ,VLSFO,558.38,SYNTHETIC_DEMO
2020-04-15,ARE_FUJ,MGO,725.08,SYNTHETIC_DEMO
2020-04-16,SGP_SIN,VLSFO,573.38,SYNTHETIC_DEMO
2020-04-16,SGP_SIN,MGO,718.29,SYNTHETIC_DEMO
2020-04-16,LKA_CMB,VLSFO,587.71,SYNTHETIC_DEMO
2020-04-16,LKA_CMB,MGO,736.24,SYNTHETIC_DEMO
2020-04-16,ARE_FUJ,VLSFO,567.64,SYNTHETIC_DEMO
2020-04-16,ARE_FUJ,MGO,711.1,SYNTHETIC_DEMO
2020-04-17,SGP_SIN,VLSFO,569.55,SYNTHETIC_DEMO
2020-04-17,SGP_SIN,MGO,734.51,SYNTHETIC_DEMO
2020-04-17,LKA_CMB,VLSFO,583.79,SYNTHETIC_DEMO
2020-04-17,LKA_CMB,MGO,752.87,SYNTHETIC_DEMO
2020-04-17,ARE_FUJ,VLSFO,563.86,SYNTHETIC_DEMO
2020-04-17,ARE_FUJ,MGO,727.17,SYNTHETIC_DEMO
2020-04-18,SGP_SIN,VLSFO,574.73,SYNTHETIC_DEMO
2020-04-18,SGP_SIN,MGO,737.14,SYNTHETIC_DEMO
2020-04-18,LKA_CMB,VLSFO,589.09,SYNTHETIC_DEMO
2020-04-18,LKA_CMB,MGO,755.56,SYNTHETIC_DEMO
2020-04-18,ARE_FUJ,VLSFO,568.98,SYNTHETIC_DEMO
2020-04-18,ARE_FUJ,MGO,729.76,SYNTHETIC_DEMO
2020-04-19,SGP_SIN,VLSFO,569.96,SYNTHETIC_DEMO
2020-04-19,SGP_SIN,MGO,722.66,SYNTHETIC_DEMO
2020-04-19,LKA_CMB,VLSFO,584.21,SYNTHETIC_DEMO
2020-04-19,LKA_CMB,MGO,740.72,SYNTHETIC_DEMO
2020-04-19,ARE_FUJ,VLSFO,564.27,SYNTHETIC_DEMO
2020-04-19,ARE_FUJ,MGO,715.43,SYNTHETIC_DEMO
2020-04-20,SGP_SIN,VLSFO,569.58,SYNTHETIC_DEMO
2020-04-20,SGP_SIN,MGO,737.79,SYNTHETIC_DEMO
2020-04-20,LKA_CMB,VLSFO,583.82,SYNTHETIC_DEMO
2020-04-20,LKA_CMB,MGO,756.23,SYNTHETIC_DEMO
2020-04-20,ARE_FUJ,VLSFO,563.89,SYNTHETIC_DEMO
2020-04-20,ARE_FUJ,MGO,730.41,SYNTHETIC_DEMO
2020-04-21,SGP_SIN,VLSFO,574.15,SYNTHETIC_DEMO
2020-04-21,SGP_SIN,MGO,740.15,SYNTHETIC_DEMO
2020-04-21,LKA_CMB,VLSFO,588.5,SYNTHETIC_DEMO
2020-04-21,LKA_CMB,MGO,758.65,SYNTHETIC_DEMO
2020-04-21,ARE_FUJ,VLSFO,568.41,SYNTHETIC_DEMO
2020-04-21,ARE_FUJ,MGO,732.75,SYNTHETIC_DEMO
2020-04-22,SGP_SIN,VLSFO,568.07,SYNTHETIC_DEMO
2020-04-22,SGP_SIN,MGO,721.48,SYNTHETIC_DEMO
2020-04-22,LKA_CMB,VLSFO,582.27,SYNTHETIC_DEMO
2020-04-22,LKA_CMB,MGO,739.52,SYNTHETIC_DEMO
2020-04-22,ARE_FUJ,VLSFO,562.39,SYNTHETIC_DEMO
2020-04-22,ARE_FUJ,MGO,714.27,SYNTHETIC_DEMO
2020-04-23,SGP_SIN,VLSFO,558.88,SYNTHETIC_DEMO
2020-04-23,SGP_SIN,MGO,710.24,SYNTHETIC_DEMO
2020-04-23,LKA_CMB,VLSFO,572.86,SYNTHETIC_DEMO
2020-04-23,LKA_CMB,MGO,728.0,SYNTHETIC_DEMO
2020-04-23,ARE_FUJ,VLSFO,553.3,SYNTHETIC_DEMO
2020-04-23,ARE_FUJ,MGO,703.14,SYNTHETIC_DEMO
2020-04-24,SGP_SIN,VLSFO,562.96,SYNTHETIC_DEMO
2020-04-24,SGP_SIN,MGO,729.92,SYNTHETIC_DEMO
2020-04-24,LKA_CMB,VLSFO,577.03,SYNTHETIC_DEMO
2020-04-24,LKA_CMB,MGO,748.16,SYNTHETIC_DEMO
2020-04-24,ARE_FUJ,VLSFO,557.33,SYNTHETIC_DEMO
2020-04-24,ARE_FUJ,MGO,722.62,SYNTHETIC_DEMO
2020-04-25,SGP_SIN,VLSFO,576.21,SYNTHETIC_DEMO
2020-04-25,SGP_SIN,MGO,745.07,SYNTHETIC_DEMO
2020-04-25,LKA_CMB,VLSFO,590.61,SYNTHETIC_DEMO
2020-04-25,LKA_CMB,MGO,763.7,SYNTHETIC_DEMO
2020-04-25,ARE_FUJ,VLSFO,570.44,SYNTHETIC_DEMO
2020-04-25,ARE_FUJ,MGO,737.62,SYNTHETIC_DEMO
2020-04-26,SGP_SIN,VLSFO,564.56,SYNTHETIC_DEMO
2020-04-26,SGP_SIN,MGO,708.73,SYNTHETIC_DEMO
2020-04-26,LKA_CMB,VLSFO,578.67,SYNTHETIC_DEMO
2020-04-26,LKA_CMB,MGO,726.45,SYNTHETIC_DEMO
2020-04-26,ARE_FUJ,VLSFO,558.91,SYNTHETIC_DEMO
2020-04-26,ARE_FUJ,MGO,701.64,SYNTHETIC_DEMO
2020-04-27,SGP_SIN,VLSFO,572.14,SYNTHETIC_DEMO
2020-04-27,SGP_SIN,MGO,738.81,SYNTHETIC_DEMO
2020-04-27,LKA_CMB,VLSFO,586.45,SYNTHETIC_DEMO
2020-04-27,LKA_CMB,MGO,757.28,SYNTHETIC_DEMO
2020-04-27,ARE_FUJ,VLSFO,566.42,SYNTHETIC_DEMO
2020-04-27,ARE_FUJ,MGO,731.42,SYNTHETIC_DEMO
2020-04-28,SGP_SIN,VLSFO,569.67,SYNTHETIC_DEMO
2020-04-28,SGP_SIN,MGO,721.71,SYNTHETIC_DEMO
2020-04-28,LKA_CMB,VLSFO,583.91,SYNTHETIC_DEMO
2020-04-28,LKA_CMB,MGO,739.75,SYNTHETIC_DEMO
2020-04-28,ARE_FUJ,VLSFO,563.97,SYNTHETIC_DEMO
2020-04-28,ARE_FUJ,MGO,714.49,SYNTHETIC_DEMO
2020-04-29,SGP_SIN,VLSFO,571.2,SYNTHETIC_DEMO
2020-04-29,SGP_SIN,MGO,735.57,SYNTHETIC_DEMO
2020-04-29,LKA_CMB,VLSFO,585.48,SYNTHETIC_DEMO
2020-04-29,LKA_CMB,MGO,753.96,SYNTHETIC_DEMO
2020-04-29,ARE_FUJ,VLSFO,565.49,SYNTHETIC_DEMO
2020-04-29,ARE_FUJ,MGO,728.22,SYNTHETIC_DEMO
2020-04-30,SGP_SIN,VLSFO,582.16,SYNTHETIC_DEMO
2020-04-30,SGP_SIN,MGO,733.75,SYNTHETIC_DEMO
2020-04-30,LKA_CMB,VLSFO,596.71,SYNTHETIC_DEMO
2020-04-30,LKA_CMB,MGO,752.09,SYNTHETIC_DEMO
2020-04-30,ARE_FUJ,VLSFO,576.34,SYNTHETIC_DEMO
2020-04-30,ARE_FUJ,MGO,726.41,SYNTHETIC_DEMO
2020-05-01,SGP_SIN,VLSFO,574.59,SYNTHETIC_DEMO
2020-05-01,SGP_SIN,MGO,735.73,SYNTHETIC_DEMO
2020-05-01,LKA_CMB,VLSFO,588.95,SYNTHETIC_DEMO
2020-05-01,LKA_CMB,MGO,754.12,SYNTHETIC_DEMO
2020-05-01,ARE_FUJ,VLSFO,568.84,SYNTHETIC_DEMO
2020-05-01,ARE_FUJ,MGO,728.37,SYNTHETIC_DEMO
2020-05-02,SGP_SIN,VLSFO,580.52,SYNTHETIC_DEMO
2020-05-02,SGP_SIN,MGO,747.53,SYNTHETIC_DEMO
2020-05-02,LKA_CMB,VLSFO,595.04,SYNTHETIC_DEMO
2020-05-02,LKA_CMB,MGO,766.22,SYNTHETIC_DEMO
2020-05-02,ARE_FUJ,VLSFO,574.72,SYNTHETIC_DEMO
2020-05-02,ARE_FUJ,MGO,740.06,SYNTHETIC_DEMO
2020-05-03,SGP_SIN,VLSFO,567.45,SYNTHETIC_DEMO
2020-05-03,SGP_SIN,MGO,724.88,SYNTHETIC_DEMO
2020-05-03,LKA_CMB,VLSFO,581.64,SYNTHETIC_DEMO
2020-05-03,LKA_CMB,MGO,743.01,SYNTHETIC_DEMO
2020-05-03,ARE_FUJ,VLSFO,561.78,SYNTHETIC_DEMO
2020-05-03,ARE_FUJ,MGO,717.64,SYNTHETIC_DEMO
2020-05-04,SGP_SIN,VLSFO,580.9,SYNTHETIC_DEMO
2020-05-04,SGP_SIN,MGO,754.5,SYNTHETIC_DEMO
2020-05-04,LKA_CMB,VLSFO,595.42,SYNTHETIC_DEMO
2020-05-04,LKA_CMB,MGO,773.36,SYNTHETIC_DEMO
2020-05-04,ARE_FUJ,VLSFO,575.09,SYNTHETIC_DEMO
2020-05-04,ARE_FUJ,MGO,746.95,SYNTHETIC_DEMO
2020-05-05,SGP_SIN,VLSFO,576.07,SYNTHETIC_DEMO
2020-05-05,SGP_SIN,MGO,727.69,SYNTHETIC_DEMO
2020-05-05,LKA_CMB,VLSFO,590.47,SYNTHETIC_DEMO
2020-05-05,LKA_CMB,MGO,745.88,SYNTHETIC_DEMO
2020-05-05,ARE_FUJ,VLSFO,570.31,SYNTHETIC_DEMO
2020-05-05,ARE_FUJ,MGO,720.41,SYNTHETIC_DEMO
2020-05-06,SGP_SIN,VLSFO,571.88,SYNTHETIC_DEMO
2020-05-06,SGP_SIN,MGO,731.3,SYNTHETIC_DEMO
2020-05-06,LKA_CMB,VLSFO,586.18,SYNTHETIC_DEMO
2020-05-06,LKA_CMB,MGO,749.58,SYNTHETIC_DEMO
2020-05-06,ARE_FUJ,VLSFO,566.16,SYNTHETIC_DEMO
2020-05-06,ARE_FUJ,MGO,723.99,SYNTHETIC_DEMO
2020-05-07,SGP_SIN,VLSFO,570.22,SYNTHETIC_DEMO
2020-05-07,SGP_SIN,MGO,741.94,SYNTHETIC_DEMO
2020-05-07,LKA_CMB,VLSFO,584.48,SYNTHETIC_DEMO
2020-05-07,LKA_CMB,MGO,760.48,SYNTHETIC_DEMO
2020-05-07,ARE_FUJ,VLSFO,564.52,SYNTHETIC_DEMO
2020-05-07,ARE_FUJ,MGO,734.52,SYNTHETIC_DEMO
2020-05-08,SGP_SIN,VLSFO,576.79,SYNTHETIC_DEMO
2020-05-08,SGP_SIN,MGO,736.25,SYNTHETIC_DEMO
2020-05-08,LKA_CMB,VLSFO,591.21,SYNTHETIC_DEMO
2020-05-08,LKA_CMB,MGO,754.65,SYNTHETIC_DEMO
2020-05-08,ARE_FUJ,VLSFO,571.03,SYNTHETIC_DEMO
2020-05-08,ARE_FUJ,MGO,728.89,SYNTHETIC_DEMO
2020-05-09,SGP_SIN,VLSFO,563.13,SYNTHETIC_DEMO
2020-05-09,SGP_SIN,MGO,724.56,SYNTHETIC_DEMO
2020-05-09,LKA_CMB,VLSFO,577.21,SYNTHETIC_DEMO
2020-05-09,LKA_CMB,MGO,742.67,SYNTHETIC_DEMO
2020-05-09,ARE_FUJ,VLSFO,557.5,SYNTHETIC_DEMO
2020-05-09,ARE_FUJ,MGO,717.31,SYNTHETIC_DEMO
2020-05-10,SGP_SIN,VLSFO,581.48,SYNTHETIC_DEMO
2020-05-10,SGP_SIN,MGO,739.8,SYNTHETIC_DEMO
2020-05-10,LKA_CMB,VLSFO,596.01,SYNTHETIC_DEMO
2020-05-10,LKA_CMB,MGO,758.29,SYNTHETIC_DEMO
2020-05-10,ARE_FUJ,VLSFO,575.66,SYNTHETIC_DEMO
2020-05-10,ARE_FUJ,MGO,732.4,SYNTHETIC_DEMO
2020-05-11,SGP_SIN,VLSFO,576.0,SYNTHETIC_DEMO
2020-05-11,SGP_SIN,MGO,738.27,SYNTHETIC_DEMO
2020-05-11,LKA_CMB,VLSFO,590.4,SYNTHETIC_DEMO
2020-05-11,LKA_CMB,MGO,756.73,SYNTHETIC_DEMO
2020-05-11,ARE_FUJ,VLSFO,570.24,SYNTHETIC_DEMO
2020-05-11,ARE_FUJ,MGO,730.89,SYNTHETIC_DEMO
2020-05-12,SGP_SIN,VLSFO,572.83,SYNTHETIC_DEMO
2020-05-12,SGP_SIN,MGO,714.72,SYNTHETIC_DEMO
2020-05-12,LKA_CMB,VLSFO,587.15,SYNTHETIC_DEMO
2020-05-12,LKA_CMB,MGO,732.59,SYNTHETIC_DEMO
2020-05-12,ARE_FUJ,VLSFO,567.1,SYNTHETIC_DEMO
2020-05-12,ARE_FUJ,MGO,707.58,SYNTHETIC_DEMO
2020-05-13,SGP_SIN,VLSFO,588.41,SYNTHETIC_DEMO
2020-05-13,SGP_SIN,MGO,756.95,SYNTHETIC_DEMO
2020-05-13,LKA_CMB,VLSFO,603.12,SYNTHETIC_DEMO
2020-05-13,LKA_CMB,MGO,775.87,SYNTHETIC_DEMO
2020-05-13,ARE_FUJ,VLSFO,582.53,SYNTHETIC_DEMO
2020-05-13,ARE_FUJ,MGO,749.38,SYNTHETIC_DEMO
2020-05-14,SGP_SIN,VLSFO,584.59,SYNTHETIC_DEMO
2020-05-14,SGP_SIN,MGO,737.84,SYNTHETIC_DEMO
2020-05-14,LKA_CMB,VLSFO,599.21,SYNTHETIC_DEMO
2020-05-14,LKA_CMB,MGO,756.28,SYNTHETIC_DEMO
2020-05-14,ARE_FUJ,VLSFO,578.75,SYNTHETIC_DEMO
2020-05-14,ARE_FUJ,MGO,730.46,SYNTHETIC_DEMO
2020-05-15,SGP_SIN,VLSFO,581.6,SYNTHETIC_DEMO
2020-05-15,SGP_SIN,MGO,748.49,SYNTHETIC_DEMO
2020-05-15,LKA_CMB,VLSFO,596.14,SYNTHETIC_DEMO
2020-05-15,LKA_CMB,MGO,767.2,SYNTHETIC_DEMO
2020-05-15,ARE_FUJ,VLSFO,575.78,SYNTHETIC_DEMO
2020-05-15,ARE_FUJ,MGO,741.01,SYNTHETIC_DEMO
2020-05-16,SGP_SIN,VLSFO,586.57,SYNTHETIC_DEMO
2020-05-16,SGP_SIN,MGO,745.05,SYNTHETIC_DEMO
2020-05-16,LKA_CMB,VLSFO,601.24,SYNTHETIC_DEMO
2020-05-16,LKA_CMB,MGO,763.67,SYNTHETIC_DEMO
2020-05-16,ARE_FUJ,VLSFO,580.71,SYNTHETIC_DEMO
2020-05-16,ARE_FUJ,MGO,737.6,SYNTHETIC_DEMO
2020-05-17,SGP_SIN,VLSFO,584.79,SYNTHETIC_DEMO
2020-05-17,SGP_SIN,MGO,743.36,SYNTHETIC_DEMO
2020-05-17,LKA_CMB,VLSFO,599.41,SYNTHETIC_DEMO
2020-05-17,LKA_CMB,MGO,761.94,SYNTHETIC_DEMO
2020-05-17,ARE_FUJ,VLSFO,578.94,SYNTHETIC_DEMO
2020-05-17,ARE_FUJ,MGO,735.92,SYNTHETIC_DEMO
2020-05-18,SGP_SIN,VLSFO,579.85,SYNTHETIC_DEMO
2020-05-18,SGP_SIN,MGO,740.71,SYNTHETIC_DEMO
2020-05-18,LKA_CMB,VLSFO,594.35,SYNTHETIC_DEMO
2020-05-18,LKA_CMB,MGO,759.23,SYNTHETIC_DEMO
2020-05-18,ARE_FUJ,VLSFO,574.05,SYNTHETIC_DEMO
2020-05-18,ARE_FUJ,MGO,733.3,SYNTHETIC_DEMO
2020-05-19,SGP_SIN,VLSFO,568.44,SYNTHETIC_DEMO
2020-05-19,SGP_SIN,MGO,730.08,SYNTHETIC_DEMO
2020-05-19,LKA_CMB,VLSFO,582.65,SYNTHETIC_DEMO
2020-05-19,LKA_CMB,MGO,748.33,SYNTHETIC_DEMO
2020-05-19,ARE_FUJ,VLSFO,562.75,SYNTHETIC_DEMO
2020-05-19,ARE_FUJ,MGO,722.78,SYNTHETIC_DEMO
2020-05-20,SGP_SIN,VLSFO,584.37,SYNTHETIC_DEMO
2020-05-20,SGP_SIN,MGO,749.97,SYNTHETIC_DEMO
2020-05-20,LKA_CMB,VLSFO,598.98,SYNTHETIC_DEMO
2020-05-20,LKA_CMB,MGO,768.72,SYNTHETIC_DEMO
2020-05-20,ARE_FUJ,VLSFO,578.52,SYNTHETIC_DEMO
2020-05-20,ARE_FUJ,MGO,742.47,SYNTHETIC_DEMO
2020-05-21,SGP_SIN,VLSFO,587.79,SYNTHETIC_DEMO
2020-05-21,SGP_SIN,MGO,769.06,SYNTHETIC_DEMO
2020-05-21,LKA_CMB,VLSFO,602.48,SYNTHETIC_DEMO
2020-05-21,LKA_CMB,MGO,788.29,SYNTHETIC_DEMO
2020-05-21,ARE_FUJ,VLSFO,581.91,SYNTHETIC_DEMO
2020-05-21,ARE_FUJ,MGO,761.37,SYNTHETIC_DEMO
2020-05-22,SGP_SIN,VLSFO,577.43,SYNTHETIC_DEMO
2020-05-22,SGP_SIN,MGO,732.78,SYNTHETIC_DEMO
2020-05-22,LKA_CMB,VLSFO,591.86,SYNTHETIC_DEMO
2020-05-22,LKA_CMB,MGO,751.09,SYNTHETIC_DEMO
2020-05-22,ARE_FUJ,VLSFO,571.65,SYNTHETIC_DEMO
2020-05-22,ARE_FUJ,MGO,725.45,SYNTHETIC_DEMO
2020-05-23,SGP_SIN,VLSFO,584.97,SYNTHETIC_DEMO
2020-05-23,SGP_SIN,MGO,748.45,SYNTHETIC_DEMO
2020-05-23,LKA_CMB,VLSFO,599.59,SYNTHETIC_DEMO
2020-05-23,LKA_CMB,MGO,767.16,SYNTHETIC_DEMO
2020-05-23,ARE_FUJ,VLSFO,579.12,SYNTHETIC_DEMO
2020-05-23,ARE_FUJ,MGO,740.97,SYNTHETIC_DEMO
2020-05-24,SGP_SIN,VLSFO,573.59,SYNTHETIC_DEMO
2020-05-24,SGP_SIN,MGO,734.09,SYNTHETIC_DEMO
2020-05-24,LKA_CMB,VLSFO,587.93,SYNTHETIC_DEMO
2020-05-24,LKA_CMB,MGO,752.44,SYNTHETIC_DEMO
2020-05-24,ARE_FUJ,VLSFO,567.85,SYNTHETIC_DEMO
2020-05-24,ARE_FUJ,MGO,726.75,SYNTHETIC_DEMO
2020-05-25,SGP_SIN,VLSFO,586.02,SYNTHETIC_DEMO
2020-05-25,SGP_SIN,MGO,736.9,SYNTHETIC_DEMO
2020-05-25,LKA_CMB,VLSFO,600.67,SYNTHETIC_DEMO
2020-05-25,LKA_CMB,MGO,755.32,SYNTHETIC_DEMO
2020-05-25,ARE_FUJ,VLSFO,580.16,SYNTHETIC_DEMO
2020-05-25,ARE_FUJ,MGO,729.53,SYNTHETIC_DEMO
2020-05-26,SGP_SIN,VLSFO,571.99,SYNTHETIC_DEMO
2020-05-26,SGP_SIN,MGO,754.06,SYNTHETIC_DEMO
2020-05-26,LKA_CMB,VLSFO,586.28,SYNTHETIC_DEMO
2020-05-26,LKA_CMB,MGO,772.91,SYNTHETIC_DEMO
2020-05-26,ARE_FUJ,VLSFO,566.27,SYNTHETIC_DEMO
2020-05-26,ARE_FUJ,MGO,746.52,SYNTHETIC_DEMO
2020-05-27,SGP_SIN,VLSFO,568.18,SYNTHETIC_DEMO
2020-05-27,SGP_SIN,MGO,744.54,SYNTHETIC_DEMO
2020-05-27,LKA_CMB,VLSFO,582.39,SYNTHETIC_DEMO
2020-05-27,LKA_CMB,MGO,763.15,SYNTHETIC_DEMO
2020-05-27,ARE_FUJ,VLSFO,562.5,SYNTHETIC_DEMO
2020-05-27,ARE_FUJ,MGO,737.09,SYNTHETIC_DEMO
2020-05-28,SGP_SIN,VLSFO,577.65,SYNTHETIC_DEMO
2020-05-28,SGP_SIN,MGO,740.78,SYNTHETIC_DEMO
2020-05-28,LKA_CMB,VLSFO,592.09,SYNTHETIC_DEMO
2020-05-28,LKA_CMB,MGO,759.3,SYNTHETIC_DEMO
2020-05-28,ARE_FUJ,VLSFO,571.87,SYNTHETIC_DEMO
2020-05-28,ARE_FUJ,MGO,733.38,SYNTHETIC_DEMO
2020-05-29,SGP_SIN,VLSFO,578.42,SYNTHETIC_DEMO
2020-05-29,SGP_SIN,MGO,731.49,SYNTHETIC_DEMO
2020-05-29,LKA_CMB,VLSFO,592.88,SYNTHETIC_DEMO
2020-05-29,LKA_CMB,MGO,749.78,SYNTHETIC_DEMO
2020-05-29,ARE_FUJ,VLSFO,572.64,SYNTHETIC_DEMO
2020-05-29,ARE_FUJ,MGO,724.18,SYNTHETIC_DEMO
2020-05-30,SGP_SIN,VLSFO,591.97,SYNTHETIC_DEMO
2020-05-30,SGP_SIN,MGO,760.76,SYNTHETIC_DEMO
2020-05-30,LKA_CMB,VLSFO,606.76,SYNTHETIC_DEMO
2020-05-30,LKA_CMB,MGO,779.78,SYNTHETIC_DEMO
2020-05-30,ARE_FUJ,VLSFO,586.05,SYNTHETIC_DEMO
2020-05-30,ARE_FUJ,MGO,753.15,SYNTHETIC_DEMO
2020-05-31,SGP_SIN,VLSFO,575.0,SYNTHETIC_DEMO
2020-05-31,SGP_SIN,MGO,726.46,SYNTHETIC_DEMO
2020-05-31,LKA_CMB,VLSFO,589.37,SYNTHETIC_DEMO
2020-05-31,LKA_CMB,MGO,744.63,SYNTHETIC_DEMO
2020-05-31,ARE_FUJ,VLSFO,569.25,SYNTHETIC_DEMO
2020-05-31,ARE_FUJ,MGO,719.2,SYNTHETIC_DEMO
2020-06-01,SGP_SIN,VLSFO,580.5,SYNTHETIC_DEMO
2020-06-01,SGP_SIN,MGO,726.76,SYNTHETIC_DEMO
2020-06-01,LKA_CMB,VLSFO,595.01,SYNTHETIC_DEMO
2020-06-01,LKA_CMB,MGO,744.93,SYNTHETIC_DEMO
2020-06-01,ARE_FUJ,VLSFO,574.69,SYNTHETIC_DEMO
2020-06-01,ARE_FUJ,MGO,719.49,SYNTHETIC_DEMO
2020-06-02,SGP_SIN,VLSFO,586.35,SYNTHETIC_DEMO
2020-06-02,SGP_SIN,MGO,748.72,SYNTHETIC_DEMO
2020-06-02,LKA_CMB,VLSFO,601.01,SYNTHETIC_DEMO
2020-06-02,LKA_CMB,MGO,767.44,SYNTHETIC_DEMO
2020-06-02,ARE_FUJ,VLSFO,580.49,SYNTHETIC_DEMO
2020-06-02,ARE_FUJ,MGO,741.23,SYNTHETIC_DEMO
2020-06-03,SGP_SIN,VLSFO,576.34,SYNTHETIC_DEMO
2020-06-03,SGP_SIN,MGO,738.77,SYNTHETIC_DEMO
2020-06-03,LKA_CMB,VLSFO,590.75,SYNTHETIC_DEMO
2020-06-03,LKA_CMB,MGO,757.24,SYNTHETIC_DEMO
2020-06-03,ARE_FUJ,VLSFO,570.57,SYNTHETIC_DEMO
2020-06-03,ARE_FUJ,MGO,731.38,SYNTHETIC_DEMO
2020-06-04,SGP_SIN,VLSFO,585.01,SYNTHETIC_DEMO
2020-06-04,SGP_SIN,MGO,748.01,SYNTHETIC_DEMO
2020-06-04,LKA_CMB,VLSFO,599.64,SYNTHETIC_DEMO
2020-06-04,LKA_CMB,MGO,766.71,SYNTHETIC_DEMO
2020-06-04,ARE_FUJ,VLSFO,579.16,SYNTHETIC_DEMO
2020-06-04,ARE_FUJ,MGO,740.53,SYNTHETIC_DEMO
2020-06-05,SGP_SIN,VLSFO,572.24,SYNTHETIC_DEMO
2020-06-05,SGP_SIN,MGO,725.2,SYNTHETIC_DEMO
2020-06-05,LKA_CMB,VLSFO,586.55,SYNTHETIC_DEMO
2020-06-05,LKA_CMB,MGO,743.33,SYNTHETIC_DEMO
2020-06-05,ARE_FUJ,VLSFO,566.52,SYNTHETIC_DEMO
2020-06-05,ARE_FUJ,MGO,717.95,SYNTHETIC_DEMO
2020-06-06,SGP_SIN,VLSFO,573.12,SYNTHETIC_DEMO
2020-06-06,SGP_SIN,MGO,736.93,SYNTHETIC_DEMO
2020-06-06,LKA_CMB,VLSFO,587.45,SYNTHETIC_DEMO
2020-06-06,LKA_CMB,MGO,755.36,SYNTHETIC_DEMO
2020-06-06,ARE_FUJ,VLSFO,567.39,SYNTHETIC_DEMO
2020-06-06,ARE_FUJ,MGO,729.56,SYNTHETIC_DEMO
2020-06-07,SGP_SIN,VLSFO,566.41,SYNTHETIC_DEMO
2020-06-07,SGP_SIN,MGO,721.61,SYNTHETIC_DEMO
2020-06-07,LKA_CMB,VLSFO,580.57,SYNTHETIC_DEMO
2020-06-07,LKA_CMB,MGO,739.65,SYNTHETIC_DEMO
2020-06-07,ARE_FUJ,VLSFO,560.75,SYNTHETIC_DEMO
2020-06-07,ARE_FUJ,MGO,714.39,SYNTHETIC_DEMO
2020-06-08,SGP_SIN,VLSFO,568.23,SYNTHETIC_DEMO
2020-06-08,SGP_SIN,MGO,734.28,SYNTHETIC_DEMO
2020-06-08,LKA_CMB,VLSFO,582.43,SYNTHETIC_DEMO
2020-06-08,LKA_CMB,MGO,752.64,SYNTHETIC_DEMO
2020-06-08,ARE_FUJ,VLSFO,562.54,SYNTHETIC_DEMO
2020-06-08,ARE_FUJ,MGO,726.94,SYNTHETIC_DEMO
2020-06-09,SGP_SIN,VLSFO,574.19,SYNTHETIC_DEMO
2020-06-09,SGP_SIN,MGO,738.95,SYNTHETIC_DEMO
2020-06-09,LKA_CMB,VLSFO,588.54,SYNTHETIC_DEMO
2020-06-09,LKA_CMB,MGO,757.43,SYNTHETIC_DEMO
2020-06-09,ARE_FUJ,VLSFO,568.45,SYNTHETIC_DEMO
2020-06-09,ARE_FUJ,MGO,731.57,SYNTHETIC_DEMO
2020-06-10,SGP_SIN,VLSFO,567.09,SYNTHETIC_DEMO
2020-06-10,SGP_SIN,MGO,743.32,SYNTHETIC_DEMO
2020-06-10,LKA_CMB,VLSFO,581.27,SYNTHETIC_DEMO
2020-06-10,LKA_CMB,MGO,761.9,SYNTHETIC_DEMO
2020-06-10,ARE_FUJ,VLSFO,561.42,SYNTHETIC_DEMO
2020-06-10,ARE_FUJ,MGO,735.89,SYNTHETIC_DEMO
2020-06-11,SGP_SIN,VLSFO,584.43,SYNTHETIC_DEMO
2020-06-11,SGP_SIN,MGO,746.33,SYNTHETIC_DEMO
2020-06-11,LKA_CMB,VLSFO,599.04,SYNTHETIC_DEMO
2020-06-11,LKA_CMB,MGO,764.99,SYNTHETIC_DEMO
2020-06-11,ARE_FUJ,VLSFO,578.59,SYNTHETIC_DEMO
2020-06-11,ARE_FUJ,MGO,738.87,SYNTHETIC_DEMO
2020-06-12,SGP_SIN,VLSFO,579.62,SYNTHETIC_DEMO
2020-06-12,SGP_SIN,MGO,741.61,SYNTHETIC_DEMO
2020-06-12,LKA_CMB,VLSFO,594.11,SYNTHETIC_DEMO
2020-06-12,LKA_CMB,MGO,760.15,SYNTHETIC_DEMO
2020-06-12,ARE_FUJ,VLSFO,573.82,SYNTHETIC_DEMO
2020-06-12,ARE_FUJ,MGO,734.19,SYNTHETIC_DEMO
2020-06-13,SGP_SIN,VLSFO,565.07,SYNTHETIC_DEMO
2020-06-13,SGP_SIN,MGO,727.65,SYNTHETIC_DEMO
2020-06-13,LKA_CMB,VLSFO,579.2,SYNTHETIC_DEMO
2020-06-13,LKA_CMB,MGO,745.84,SYNTHETIC_DEMO
2020-06-13,ARE_FUJ,VLSFO,559.42,SYNTHETIC_DEMO
2020-06-13,ARE_FUJ,MGO,720.37,SYNTHETIC_DEMO
2020-06-14,SGP_SIN,VLSFO,577.05,SYNTHETIC_DEMO
2020-06-14,SGP_SIN,MGO,743.35,SYNTHETIC_DEMO
2020-06-14,LKA_CMB,VLSFO,591.48,SYNTHETIC_DEMO
2020-06-14,LKA_CMB,MGO,761.93,SYNTHETIC_DEMO
2020-06-14,ARE_FUJ,VLSFO,571.28,SYNTHETIC_DEMO
2020-06-14,ARE_FUJ,MGO,735.91,SYNTHETIC_DEMO
2020-06-15,SGP_SIN,VLSFO,576.31,SYNTHETIC_DEMO
2020-06-15,SGP_SIN,MGO,741.5,SYNTHETIC_DEMO
2020-06-15,LKA_CMB,VLSFO,590.72,SYNTHETIC_DEMO
2020-06-15,LKA_CMB,MGO,760.04,SYNTHETIC_DEMO
2020-06-15,ARE_FUJ,VLSFO,570.55,SYNTHETIC_DEMO
2020-06-15,ARE_FUJ,MGO,734.08,SYNTHETIC_DEMO
2020-06-16,SGP_SIN,VLSFO,586.07,SYNTHETIC_DEMO
2020-06-16,SGP_SIN,MGO,751.17,SYNTHETIC_DEMO
2020-06-16,LKA_CMB,VLSFO,600.72,SYNTHETIC_DEMO
2020-06-16,LKA_CMB,MGO,769.94,SYNTHETIC_DEMO
2020-06-16,ARE_FUJ,VLSFO,580.21,SYNTHETIC_DEMO
2020-06-16,ARE_FUJ,MGO,743.65,SYNTHETIC_DEMO
2020-06-17,SGP_SIN,VLSFO,596.75,SYNTHETIC_DEMO
2020-06-17,SGP_SIN,MGO,766.93,SYNTHETIC_DEMO
2020-06-17,LKA_CMB,VLSFO,611.67,SYNTHETIC_DEMO
2020-06-17,LKA_CMB,MGO,786.1,SYNTHETIC_DEMO
2020-06-17,ARE_FUJ,VLSFO,590.78,SYNTHETIC_DEMO
2020-06-17,ARE_FUJ,MGO,759.26,SYNTHETIC_DEMO
2020-06-18,SGP_SIN,VLSFO,597.09,SYNTHETIC_DEMO
2020-06-18,SGP_SIN,MGO,755.2,SYNTHETIC_DEMO
2020-06-18,LKA_CMB,VLSFO,612.02,SYNTHETIC_DEMO
2020-06-18,LKA_CMB,MGO,774.08,SYNTHETIC_DEMO
2020-06-18,ARE_FUJ,VLSFO,591.12,SYNTHETIC_DEMO
2020-06-18,ARE_FUJ,MGO,747.64,SYNTHETIC_DEMO
2020-06-19,SGP_SIN,VLSFO,592.18,SYNTHETIC_DEMO
2020-06-19,SGP_SIN,MGO,764.02,SYNTHETIC_DEMO
2020-06-19,LKA_CMB,VLSFO,606.98,SYNTHETIC_DEMO
2020-06-19,LKA_CMB,MGO,783.12,SYNTHETIC_DEMO
2020-06-19,ARE_FUJ,VLSFO,586.25,SYNTHETIC_DEMO
2020-06-19,ARE_FUJ,MGO,756.38,SYNTHETIC_DEMO
2020-06-20,SGP_SIN,VLSFO,563.96,SYNTHETIC_DEMO
2020-06-20,SGP_SIN,MGO,733.43,SYNTHETIC_DEMO
2020-06-20,LKA_CMB,VLSFO,578.06,SYNTHETIC_DEMO
2020-06-20,LKA_CMB,MGO,751.76,SYNTHETIC_DEMO
2020-06-20,ARE_FUJ,VLSFO,558.32,SYNTHETIC_DEMO
2020-06-20,ARE_FUJ,MGO,726.09,SYNTHETIC_DEMO
2020-06-21,SGP_SIN,VLSFO,570.96,SYNTHETIC_DEMO
2020-06-21,SGP_SIN,MGO,737.88,SYNTHETIC_DEMO
2020-06-21,LKA_CMB,VLSFO,585.23,SYNTHETIC_DEMO
2020-06-21,LKA_CMB,MGO,756.33,SYNTHETIC_DEMO
2020-06-21,ARE_FUJ,VLSFO,565.25,SYNTHETIC_DEMO
2020-06-21,ARE_FUJ,MGO,730.5,SYNTHETIC_DEMO
2020-06-22,SGP_SIN,VLSFO,571.07,SYNTHETIC_DEMO
2020-06-22,SGP_SIN,MGO,741.62,SYNTHETIC_DEMO
2020-06-22,LKA_CMB,VLSFO,585.35,SYNTHETIC_DEMO
2020-06-22,LKA_CMB,MGO,760.17,SYNTHETIC_DEMO
2020-06-22,ARE_FUJ,VLSFO,565.36,SYNTHETIC_DEMO
2020-06-22,ARE_FUJ,MGO,734.21,SYNTHETIC_DEMO
2020-06-23,SGP_SIN,VLSFO,582.91,SYNTHETIC_DEMO
2020-06-23,SGP_SIN,MGO,737.67,SYNTHETIC_DEMO
2020-06-23,LKA_CMB,VLSFO,597.49,SYNTHETIC_DEMO
2020-06-23,LKA_CMB,MGO,756.11,SYNTHETIC_DEMO
2020-06-23,ARE_FUJ,VLSFO,577.09,SYNTHETIC_DEMO
2020-06-23,ARE_FUJ,MGO,730.3,SYNTHETIC_DEMO
2020-06-24,SGP_SIN,VLSFO,573.72,SYNTHETIC_DEMO
2020-06-24,SGP_SIN,MGO,735.93,SYNTHETIC_DEMO
2020-06-24,LKA_CMB,VLSFO,588.06,SYNTHETIC_DEMO
2020-06-24,LKA_CMB,MGO,754.33,SYNTHETIC_DEMO
2020-06-24,ARE_FUJ,VLSFO,567.98,SYNTHETIC_DEMO
2020-06-24,ARE_FUJ,MGO,728.58,SYNTHETIC_DEMO
2020-06-25,SGP_SIN,VLSFO,558.97,SYNTHETIC_DEMO
2020-06-25,SGP_SIN,MGO,715.07,SYNTHETIC_DEMO
2020-06-25,LKA_CMB,VLSFO,572.95,SYNTHETIC_DEMO
2020-06-25,LKA_CMB,MGO,732.95,SYNTHETIC_DEMO
2020-06-25,ARE_FUJ,VLSFO,553.38,SYNTHETIC_DEMO
2020-06-25,ARE_FUJ,MGO,707.92,SYNTHETIC_DEMO
2020-06-26,SGP_SIN,VLSFO,575.99,SYNTHETIC_DEMO
2020-06-26,SGP_SIN,MGO,730.16,SYNTHETIC_DEMO
2020-06-26,LKA_CMB,VLSFO,590.39,SYNTHETIC_DEMO
2020-06-26,LKA_CMB,MGO,748.42,SYNTHETIC_DEMO
2020-06-26,ARE_FUJ,VLSFO,570.23,SYNTHETIC_DEMO
2020-06-26,ARE_FUJ,MGO,722.86,SYNTHETIC_DEMO
2020-06-27,SGP_SIN,VLSFO,565.86,SYNTHETIC_DEMO
2020-06-27,SGP_SIN,MGO,723.36,SYNTHETIC_DEMO
2020-06-27,LKA_CMB,VLSFO,580.01,SYNTHETIC_DEMO
2020-06-27,LKA_CMB,MGO,741.44,SYNTHETIC_DEMO
2020-06-27,ARE_FUJ,VLSFO,560.2,SYNTHETIC_DEMO
2020-06-27,ARE_FUJ,MGO,716.13,SYNTHETIC_DEMO
2020-06-28,SGP_SIN,VLSFO,576.08,SYNTHETIC_DEMO
2020-06-28,SGP_SIN,MGO,740.16,SYNTHETIC_DEMO
2020-06-28,LKA_CMB,VLSFO,590.48,SYNTHETIC_DEMO
2020-06-28,LKA_CMB,MGO,758.67,SYNTHETIC_DEMO
2020-06-28,ARE_FUJ,VLSFO,570.31,SYNTHETIC_DEMO
2020-06-28,ARE_FUJ,MGO,732.76,SYNTHETIC_DEMO
2020-06-29,SGP_SIN,VLSFO,568.64,SYNTHETIC_DEMO
2020-06-29,SGP_SIN,MGO,737.9,SYNTHETIC_DEMO
2020-06-29,LKA_CMB,VLSFO,582.85,SYNTHETIC_DEMO
2020-06-29,LKA_CMB,MGO,756.35,SYNTHETIC_DEMO
2020-06-29,ARE_FUJ,VLSFO,562.95,SYNTHETIC_DEMO
2020-06-29,ARE_FUJ,MGO,730.52,SYNTHETIC_DEMO
2020-06-30,SGP_SIN,VLSFO,571.11,SYNTHETIC_DEMO
2020-06-30,SGP_SIN,MGO,738.29,SYNTHETIC_DEMO
2020-06-30,LKA_CMB,VLSFO,585.39,SYNTHETIC_DEMO
2020-06-30,LKA_CMB,MGO,756.75,SYNTHETIC_DEMO
2020-06-30,ARE_FUJ,VLSFO,565.4,SYNTHETIC_DEMO
2020-06-30,ARE_FUJ,MGO,730.91,SYNTHETIC_DEMO
2020-07-01,SGP_SIN,VLSFO,575.64,SYNTHETIC_DEMO
2020-07-01,SGP_SIN,MGO,730.34,SYNTHETIC_DEMO
2020-07-01,LKA_CMB,VLSFO,590.03,SYNTHETIC_DEMO
2020-07-01,LKA_CMB,MGO,748.6,SYNTHETIC_DEMO
2020-07-01,ARE_FUJ,VLSFO,569.88,SYNTHETIC_DEMO
2020-07-01,ARE_FUJ,MGO,723.03,SYNTHETIC_DEMO
2020-07-02,SGP_SIN,VLSFO,582.35,SYNTHETIC_DEMO
2020-07-02,SGP_SIN,MGO,751.23,SYNTHETIC_DEMO
2020-07-02,LKA_CMB,VLSFO,596.9,SYNTHETIC_DEMO
2020-07-02,LKA_CMB,MGO,770.01,SYNTHETIC_DEMO
2020-07-02,ARE_FUJ,VLSFO,576.52,SYNTHETIC_DEMO
2020-07-02,ARE_FUJ,MGO,743.72,SYNTHETIC_DEMO
2020-07-03,SGP_SIN,VLSFO,582.2,SYNTHETIC_DEMO
2020-07-03,SGP_SIN,MGO,724.1,SYNTHETIC_DEMO
2020-07-03,LKA_CMB,VLSFO,596.76,SYNTHETIC_DEMO
2020-07-03,LKA_CMB,MGO,742.2,SYNTHETIC_DEMO
2020-07-03,ARE_FUJ,VLSFO,576.38,SYNTHETIC_DEMO
2020-07-03,ARE_FUJ,MGO,716.86,SYNTHETIC_DEMO
2020-07-04,SGP_SIN,VLSFO,585.53,SYNTHETIC_DEMO
2020-07-04,SGP_SIN,MGO,752.83,SYNTHETIC_DEMO
2020-07-04,LKA_CMB,VLSFO,600.17,SYNTHETIC_DEMO
2020-07-04,LKA_CMB,MGO,771.65,SYNTHETIC_DEMO
2020-07-04,ARE_FUJ,VLSFO,579.67,SYNTHETIC_DEMO
2020-07-04,ARE_FUJ,MGO,745.3,SYNTHETIC_DEMO
2020-07-05,SGP_SIN,VLSFO,580.24,SYNTHETIC_DEMO
2020-07-05,SGP_SIN,MGO,749.59,SYNTHETIC_DEMO
2020-07-05,LKA_CMB,VLSFO,594.75,SYNTHETIC_DEMO
2020-07-05,LKA_CMB,MGO,768.33,SYNTHETIC_DEMO
2020-07-05,ARE_FUJ,VLSFO,574.44,SYNTHETIC_DEMO
2020-07-05,ARE_FUJ,MGO,742.1,SYNTHETIC_DEMO
2020-07-06,SGP_SIN,VLSFO,586.37,SYNTHETIC_DEMO
2020-07-06,SGP_SIN,MGO,747.49,SYNTHETIC_DEMO
2020-07-06,LKA_CMB,VLSFO,601.03,SYNTHETIC_DEMO
2020-07-06,LKA_CMB,MGO,766.18,SYNTHETIC_DEMO
2020-07-06,ARE_FUJ,VLSFO,580.51,SYNTHETIC_DEMO
2020-07-06,ARE_FUJ,MGO,740.02,SYNTHETIC_DEMO
2020-07-07,SGP_SIN,VLSFO,589.43,SYNTHETIC_DEMO
2020-07-07,SGP_SIN,MGO,758.07,SYNTHETIC_DEMO
2020-07-07,LKA_CMB,VLSFO,604.17,SYNTHETIC_DEMO
2020-07-07,LKA_CMB,MGO,777.03,SYNTHETIC_DEMO
2020-07-07,ARE_FUJ,VLSFO,583.54,SYNTHETIC_DEMO
2020-07-07,ARE_FUJ,MGO,750.49,SYNTHETIC_DEMO
2020-07-08,SGP_SIN,VLSFO,591.56,SYNTHETIC_DEMO
2020-07-08,SGP_SIN,MGO,749.63,SYNTHETIC_DEMO
2020-07-08,LKA_CMB,VLSFO,606.35,SYNTHETIC_DEMO
2020-07-08,LKA_CMB,MGO,768.37,SYNTHETIC_DEMO
2020-07-08,ARE_FUJ,VLSFO,585.64,SYNTHETIC_DEMO
2020-07-08,ARE_FUJ,MGO,742.13,SYNTHETIC_DEMO
2020-07-09,SGP_SIN,VLSFO,596.06,SYNTHETIC_DEMO
2020-07-09,SGP_SIN,MGO,761.19,SYNTHETIC_DEMO
2020-07-09,LKA_CMB,VLSFO,610.96,SYNTHETIC_DEMO
2020-07-09,LKA_CMB,MGO,780.22,SYNTHETIC_DEMO
2020-07-09,ARE_FUJ,VLSFO,590.1,SYNTHETIC_DEMO
2020-07-09,ARE_FUJ,MGO,753.58,SYNTHETIC_DEMO
2020-07-10,SGP_SIN,VLSFO,583.67,SYNTHETIC_DEMO
2020-07-10,SGP_SIN,MGO,745.71,SYNTHETIC_DEMO
2020-07-10,LKA_CMB,VLSFO,598.26,SYNTHETIC_DEMO
2020-07-10,LKA_CMB,MGO,764.36,SYNTHETIC_DEMO
2020-07-10,ARE_FUJ,VLSFO,577.83,SYNTHETIC_DEMO
2020-07-10,ARE_FUJ,MGO,738.26,SYNTHETIC_DEMO
2020-07-11,SGP_SIN,VLSFO,597.64,SYNTHETIC_DEMO
2020-07-11,SGP_SIN,MGO,762.51,SYNTHETIC_DEMO
2020-07-11,LKA_CMB,VLSFO,612.58,SYNTHETIC_DEMO
2020-07-11,LKA_CMB,MGO,781.57,SYNTHETIC_DEMO
2020-07-11,ARE_FUJ,VLSFO,591.66,SYNTHETIC_DEMO
2020-07-11,ARE_FUJ,MGO,754.89,SYNTHETIC_DEMO
2020-07-12,SGP_SIN,VLSFO,596.82,SYNTHETIC_DEMO
2020-07-12,SGP_SIN,MGO,781.55,SYNTHETIC_DEMO
2020-07-12,LKA_CMB,VLSFO,611.74,SYNTHETIC_DEMO
2020-07-12,LKA_CMB,MGO,801.09,SYNTHETIC_DEMO
2020-07-12,ARE_FUJ,VLSFO,590.85,SYNTHETIC_DEMO
2020-07-12,ARE_FUJ,MGO,773.74,SYNTHETIC_DEMO
2020-07-13,SGP_SIN,VLSFO,583.62,SYNTHETIC_DEMO
2020-07-13,SGP_SIN,MGO,756.51,SYNTHETIC_DEMO
2020-07-13,LKA_CMB,VLSFO,598.21,SYNTHETIC_DEMO
2020-07-13,LKA_CMB,MGO,775.43,SYNTHETIC_DEMO
2020-07-13,ARE_FUJ,VLSFO,577.78,SYNTHETIC_DEMO
2020-07-13,ARE_FUJ,MGO,748.95,SYNTHETIC_DEMO
2020-07-14,SGP_SIN,VLSFO,584.38,SYNTHETIC_DEMO
2020-07-14,SGP_SIN,MGO,763.61,SYNTHETIC_DEMO
2020-07-14,LKA_CMB,VLSFO,598.99,SYNTHETIC_DEMO
2020-07-14,LKA_CMB,MGO,782.7,SYNTHETIC_DEMO
2020-07-14,ARE_FUJ,VLSFO,578.54,SYNTHETIC_DEMO
2020-07-14,ARE_FUJ,MGO,755.97,SYNTHETIC_DEMO
2020-07-15,SGP_SIN,VLSFO,581.29,SYNTHETIC_DEMO
2020-07-15,SGP_SIN,MGO,749.13,SYNTHETIC_DEMO
2020-07-15,LKA_CMB,VLSFO,595.83,SYNTHETIC_DEMO
2020-07-15,LKA_CMB,MGO,767.86,SYNTHETIC_DEMO
2020-07-15,ARE_FUJ,VLSFO,575.48,SYNTHETIC_DEMO
2020-07-15,ARE_FUJ,MGO,741.64,SYNTHETIC_DEMO
2020-07-16,SGP_SIN,VLSFO,591.63,SYNTHETIC_DEMO
2020-07-16,SGP_SIN,MGO,754.39,SYNTHETIC_DEMO
2020-07-16,LKA_CMB,VLSFO,606.43,SYNTHETIC_DEMO
2020-07-16,LKA_CMB,MGO,773.25,SYNTHETIC_DEMO
2020-07-16,ARE_FUJ,VLSFO,585.72,SYNTHETIC_DEMO
2020-07-16,ARE_FUJ,MGO,746.85,SYNTHETIC_DEMO
2020-07-17,SGP_SIN,VLSFO,581.64,SYNTHETIC_DEMO
2020-07-17,SGP_SIN,MGO,747.28,SYNTHETIC_DEMO
2020-07-17,LKA_CMB,VLSFO,596.18,SYNTHETIC_DEMO
2020-07-17,LKA_CMB,MGO,765.96,SYNTHETIC_DEMO
2020-07-17,ARE_FUJ,VLSFO,575.82,SYNTHETIC_DEMO
2020-07-17,ARE_FUJ,MGO,739.81,SYNTHETIC_DEMO
2020-07-18,SGP_SIN,VLSFO,579.85,SYNTHETIC_DEMO
2020-07-18,SGP_SIN,MGO,746.87,SYNTHETIC_DEMO
2020-07-18,LKA_CMB,VLSFO,594.34,SYNTHETIC_DEMO
2020-07-18,LKA_CMB,MGO,765.54,SYNTHETIC_DEMO
2020-07-18,ARE_FUJ,VLSFO,574.05,SYNTHETIC_DEMO
2020-07-18,ARE_FUJ,MGO,739.4,SYNTHETIC_DEMO
2020-07-19,SGP_SIN,VLSFO,581.4,SYNTHETIC_DEMO
2020-07-19,SGP_SIN,MGO,746.4,SYNTHETIC_DEMO
2020-07-19,LKA_CMB,VLSFO,595.94,SYNTHETIC_DEMO
2020-07-19,LKA_CMB,MGO,765.06,SYNTHETIC_DEMO
2020-07-19,ARE_FUJ,VLSFO,575.59,SYNTHETIC_DEMO
2020-07-19,ARE_FUJ,MGO,738.94,SYNTHETIC_DEMO
2020-07-20,SGP_SIN,VLSFO,585.34,SYNTHETIC_DEMO
2020-07-20,SGP_SIN,MGO,747.92,SYNTHETIC_DEMO
2020-07-20,LKA_CMB,VLSFO,599.97,SYNTHETIC_DEMO
2020-07-20,LKA_CMB,MGO,766.62,SYNTHETIC_DEMO
2020-07-20,ARE_FUJ,VLSFO,579.49,SYNTHETIC_DEMO
2020-07-20,ARE_FUJ,MGO,740.44,SYNTHETIC_DEMO
2020-07-21,SGP_SIN,VLSFO,579.04,SYNTHETIC_DEMO
2020-07-21,SGP_SIN,MGO,739.89,SYNTHETIC_DEMO
2020-07-21,LKA_CMB,VLSFO,593.52,SYNTHETIC_DEMO
2020-07-21,LKA_CMB,MGO,758.39,SYNTHETIC_DEMO
2020-07-21,ARE_FUJ,VLSFO,573.25,SYNTHETIC_DEMO
2020-07-21,ARE_FUJ,MGO,732.49,SYNTHETIC_DEMO
2020-07-22,SGP_SIN,VLSFO,575.46,SYNTHETIC_DEMO
2020-07-22,SGP_SIN,MGO,741.23,SYNTHETIC_DEMO
2020-07-22,LKA_CMB,VLSFO,589.85,SYNTHETIC_DEMO
2020-07-22,LKA_CMB,MGO,759.76,SYNTHETIC_DEMO
2020-07-22,ARE_FUJ,VLSFO,569.71,SYNTHETIC_DEMO
2020-07-22,ARE_FUJ,MGO,733.82,SYNTHETIC_DEMO
2020-07-23,SGP_SIN,VLSFO,569.73,SYNTHETIC_DEMO
2020-07-23,SGP_SIN,MGO,712.15,SYNTHETIC_DEMO
2020-07-23,LKA_CMB,VLSFO,583.97,SYNTHETIC_DEMO
2020-07-23,LKA_CMB,MGO,729.95,SYNTHETIC_DEMO
2020-07-23,ARE_FUJ,VLSFO,564.03,SYNTHETIC_DEMO
2020-07-23,ARE_FUJ,MGO,705.03,SYNTHETIC_DEMO
2020-07-24,SGP_SIN,VLSFO,579.23,SYNTHETIC_DEMO
2020-07-24,SGP_SIN,MGO,734.54,SYNTHETIC_DEMO
2020-07-24,LKA_CMB,VLSFO,593.71,SYNTHETIC_DEMO
2020-07-24,LKA_CMB,MGO,752.9,SYNTHETIC_DEMO
2020-07-24,ARE_FUJ,VLSFO,573.44,SYNTHETIC_DEMO
2020-07-24,ARE_FUJ,MGO,727.19,SYNTHETIC_DEMO
2020-07-25,SGP_SIN,VLSFO,581.63,SYNTHETIC_DEMO
2020-07-25,SGP_SIN,MGO,744.12,SYNTHETIC_DEMO
2020-07-25,LKA_CMB,VLSFO,596.17,SYNTHETIC_DEMO
2020-07-25,LKA_CMB,MGO,762.72,SYNTHETIC_DEMO
2020-07-25,ARE_FUJ,VLSFO,575.82,SYNTHETIC_DEMO
2020-07-25,ARE_FUJ,MGO,736.68,SYNTHETIC_DEMO
2020-07-26,SGP_SIN,VLSFO,577.08,SYNTHETIC_DEMO
2020-07-26,SGP_SIN,MGO,751.94,SYNTHETIC_DEMO
2020-07-26,LKA_CMB,VLSFO,591.51,SYNTHETIC_DEMO
2020-07-26,LKA_CMB,MGO,770.74,SYNTHETIC_DEMO
2020-07-26,ARE_FUJ,VLSFO,571.31,SYNTHETIC_DEMO
2020-07-26,ARE_FUJ,MGO,744.42,SYNTHETIC_DEMO
2020-07-27,SGP_SIN,VLSFO,565.31,SYNTHETIC_DEMO
2020-07-27,SGP_SIN,MGO,737.79,SYNTHETIC_DEMO
2020-07-27,LKA_CMB,VLSFO,579.44,SYNTHETIC_DEMO
2020-07-27,LKA_CMB,MGO,756.24,SYNTHETIC_DEMO
2020-07-27,ARE_FUJ,VLSFO,559.66,SYNTHETIC_DEMO
2020-07-27,ARE_FUJ,MGO,730.41,SYNTHETIC_DEMO
2020-07-28,SGP_SIN,VLSFO,570.71,SYNTHETIC_DEMO
2020-07-28,SGP_SIN,MGO,733.32,SYNTHETIC_DEMO
2020-07-28,LKA_CMB,VLSFO,584.97,SYNTHETIC_DEMO
2020-07-28,LKA_CMB,MGO,751.65,SYNTHETIC_DEMO
2020-07-28,ARE_FUJ,VLSFO,565.0,SYNTHETIC_DEMO
2020-07-28,ARE_FUJ,MGO,725.99,SYNTHETIC_DEMO
2020-07-29,SGP_SIN,VLSFO,570.3,SYNTHETIC_DEMO
2020-07-29,SGP_SIN,MGO,721.8,SYNTHETIC_DEMO
2020-07-29,LKA_CMB,VLSFO,584.56,SYNTHETIC_DEMO
2020-07-29,LKA_CMB,MGO,739.85,SYNTHETIC_DEMO
2020-07-29,ARE_FUJ,VLSFO,564.6,SYNTHETIC_DEMO
2020-07-29,ARE_FUJ,MGO,714.59,SYNTHETIC_DEMO
2020-07-30,SGP_SIN,VLSFO,589.09,SYNTHETIC_DEMO
2020-07-30,SGP_SIN,MGO,763.56,SYNTHETIC_DEMO
2020-07-30,LKA_CMB,VLSFO,603.82,SYNTHETIC_DEMO
2020-07-30,LKA_CMB,MGO,782.65,SYNTHETIC_DEMO
2020-07-30,ARE_FUJ,VLSFO,583.2,SYNTHETIC_DEMO
2020-07-30,ARE_FUJ,MGO,755.93,SYNTHETIC_DEMO
2020-07-31,SGP_SIN,VLSFO,588.04,SYNTHETIC_DEMO
2020-07-31,SGP_SIN,MGO,753.48,SYNTHETIC_DEMO
2020-07-31,LKA_CMB,VLSFO,602.74,SYNTHETIC_DEMO
2020-07-31,LKA_CMB,MGO,772.31,SYNTHETIC_DEMO
2020-07-31,ARE_FUJ,VLSFO,582.16,SYNTHETIC_DEMO
2020-07-31,ARE_FUJ,MGO,745.94,SYNTHETIC_DEMO
2020-08-01,SGP_SIN,VLSFO,589.46,SYNTHETIC_DEMO
2020-08-01,SGP_SIN,MGO,760.07,SYNTHETIC_DEMO
2020-08-01,LKA_CMB,VLSFO,604.2,SYNTHETIC_DEMO
2020-08-01,LKA_CMB,MGO,779.08,SYNTHETIC_DEMO
2020-08-01,ARE_FUJ,VLSFO,583.57,SYNTHETIC_DEMO
2020-08-01,ARE_FUJ,MGO,752.47,SYNTHETIC_DEMO
2020-08-02,SGP_SIN,VLSFO,588.21,SYNTHETIC_DEMO
2020-08-02,SGP_SIN,MGO,772.23,SYNTHETIC_DEMO
2020-08-02,LKA_CMB,VLSFO,602.92,SYNTHETIC_DEMO
2020-08-02,LKA_CMB,MGO,791.53,SYNTHETIC_DEMO
2020-08-02,ARE_FUJ,VLSFO,582.33,SYNTHETIC_DEMO
2020-08-02,ARE_FUJ,MGO,764.51,SYNTHETIC_DEMO
2020-08-03,SGP_SIN,VLSFO,598.06,SYNTHETIC_DEMO
2020-08-03,SGP_SIN,MGO,792.16,SYNTHETIC_DEMO
2020-08-03,LKA_CMB,VLSFO,613.01,SYNTHETIC_DEMO
2020-08-03,LKA_CMB,MGO,811.97,SYNTHETIC_DEMO
2020-08-03,ARE_FUJ,VLSFO,592.08,SYNTHETIC_DEMO
2020-08-03,ARE_FUJ,MGO,784.24,SYNTHETIC_DEMO
2020-08-04,SGP_SIN,VLSFO,598.91,SYNTHETIC_DEMO
2020-08-04,SGP_SIN,MGO,763.51,SYNTHETIC_DEMO
2020-08-04,LKA_CMB,VLSFO,613.88,SYNTHETIC_DEMO
2020-08-04,LKA_CMB,MGO,782.59,SYNTHETIC_DEMO
2020-08-04,ARE_FUJ,VLSFO,592.92,SYNTHETIC_DEMO
2020-08-04,ARE_FUJ,MGO,755.87,SYNTHETIC_DEMO
2020-08-05,SGP_SIN,VLSFO,592.56,SYNTHETIC_DEMO
2020-08-05,SGP_SIN,MGO,756.0,SYNTHETIC_DEMO
2020-08-05,LKA_CMB,VLSFO,607.37,SYNTHETIC_DEMO
2020-08-05,LKA_CMB,MGO,774.9,SYNTHETIC_DEMO
2020-08-05,ARE_FUJ,VLSFO,586.63,SYNTHETIC_DEMO
2020-08-05,ARE_FUJ,MGO,748.44,SYNTHETIC_DEMO
2020-08-06,SGP_SIN,VLSFO,605.47,SYNTHETIC_DEMO
2020-08-06,SGP_SIN,MGO,777.66,SYNTHETIC_DEMO
2020-08-06,LKA_CMB,VLSFO,620.6,SYNTHETIC_DEMO
2020-08-06,LKA_CMB,MGO,797.1,SYNTHETIC_DEMO
2020-08-06,ARE_FUJ,VLSFO,599.41,SYNTHETIC_DEMO
2020-08-06,ARE_FUJ,MGO,769.88,SYNTHETIC_DEMO
2020-08-07,SGP_SIN,VLSFO,599.12,SYNTHETIC_DEMO
2020-08-07,SGP_SIN,MGO,774.86,SYNTHETIC_DEMO
2020-08-07,LKA_CMB,VLSFO,614.1,SYNTHETIC_DEMO
2020-08-07,LKA_CMB,MGO,794.23,SYNTHETIC_DEMO
2020-08-07,ARE_FUJ,VLSFO,593.13,SYNTHETIC_DEMO
2020-08-07,ARE_FUJ,MGO,767.11,SYNTHETIC_DEMO
2020-08-08,SGP_SIN,VLSFO,592.2,SYNTHETIC_DEMO
2020-08-08,SGP_SIN,MGO,757.82,SYNTHETIC_DEMO
2020-08-08,LKA_CMB,VLSFO,607.01,SYNTHETIC_DEMO
2020-08-08,LKA_CMB,MGO,776.76,SYNTHETIC_DEMO
2020-08-08,ARE_FUJ,VLSFO,586.28,SYNTHETIC_DEMO
2020-08-08,ARE_FUJ,MGO,750.24,SYNTHETIC_DEMO
2020-08-09,SGP_SIN,VLSFO,598.94,SYNTHETIC_DEMO
2020-08-09,SGP_SIN,MGO,771.65,SYNTHETIC_DEMO
2020-08-09,LKA_CMB,VLSFO,613.92,SYNTHETIC_DEMO
2020-08-09,LKA_CMB,MGO,790.95,SYNTHETIC_DEMO
2020-08-09,ARE_FUJ,VLSFO,592.96,SYNTHETIC_DEMO
2020-08-09,ARE_FUJ,MGO,763.94,SYNTHETIC_DEMO
2020-08-10,SGP_SIN,VLSFO,599.35,SYNTHETIC_DEMO
2020-08-10,SGP_SIN,MGO,761.64,SYNTHETIC_DEMO
2020-08-10,LKA_CMB,VLSFO,614.33,SYNTHETIC_DEMO
2020-08-10,LKA_CMB,MGO,780.69,SYNTHETIC_DEMO
2020-08-10,ARE_FUJ,VLSFO,593.35,SYNTHETIC_DEMO
2020-08-10,ARE_FUJ,MGO,754.03,SYNTHETIC_DEMO
2020-08-11,SGP_SIN,VLSFO,611.36,SYNTHETIC_DEMO
2020-08-11,SGP_SIN,MGO,786.11,SYNTHETIC_DEMO
2020-08-11,LKA_CMB,VLSFO,626.64,SYNTHETIC_DEMO
2020-08-11,LKA_CMB,MGO,805.77,SYNTHETIC_DEMO
2020-08-11,ARE_FUJ,VLSFO,605.24,SYNTHETIC_DEMO
2020-08-11,ARE_FUJ,MGO,778.25,SYNTHETIC_DEMO
2020-08-12,SGP_SIN,VLSFO,613.34,SYNTHETIC_DEMO
2020-08-12,SGP_SIN,MGO,793.66,SYNTHETIC_DEMO
2020-08-12,LKA_CMB,VLSFO,628.67,SYNTHETIC_DEMO
2020-08-12,LKA_CMB,MGO,813.51,SYNTHETIC_DEMO
2020-08-12,ARE_FUJ,VLSFO,607.2,SYNTHETIC_DEMO
2020-08-12,ARE_FUJ,MGO,785.73,SYNTHETIC_DEMO
2020-08-13,SGP_SIN,VLSFO,615.12,SYNTHETIC_DEMO
2020-08-13,SGP_SIN,MGO,789.25,SYNTHETIC_DEMO
2020-08-13,LKA_CMB,VLSFO,630.5,SYNTHETIC_DEMO
2020-08-13,LKA_CMB,MGO,808.98,SYNTHETIC_DEMO
2020-08-13,ARE_FUJ,VLSFO,608.97,SYNTHETIC_DEMO
2020-08-13,ARE_FUJ,MGO,781.35,SYNTHETIC_DEMO
2020-08-14,SGP_SIN,VLSFO,612.99,SYNTHETIC_DEMO
2020-08-14,SGP_SIN,MGO,789.17,SYNTHETIC_DEMO
2020-08-14,LKA_CMB,VLSFO,628.31,SYNTHETIC_DEMO
2020-08-14,LKA_CMB,MGO,808.89,SYNTHETIC_DEMO
2020-08-14,ARE_FUJ,VLSFO,606.86,SYNTHETIC_DEMO
2020-08-14,ARE_FUJ,MGO,781.27,SYNTHETIC_DEMO
2020-08-15,SGP_SIN,VLSFO,603.34,SYNTHETIC_DEMO
2020-08-15,SGP_SIN,MGO,759.82,SYNTHETIC_DEMO
2020-08-15,LKA_CMB,VLSFO,618.42,SYNTHETIC_DEMO
2020-08-15,LKA_CMB,MGO,778.81,SYNTHETIC_DEMO
2020-08-15,ARE_FUJ,VLSFO,597.31,SYNTHETIC_DEMO
2020-08-15,ARE_FUJ,MGO,752.22,SYNTHETIC_DEMO
2020-08-16,SGP_SIN,VLSFO,605.13,SYNTHETIC_DEMO
2020-08-16,SGP_SIN,MGO,772.42,SYNTHETIC_DEMO
2020-08-16,LKA_CMB,VLSFO,620.26,SYNTHETIC_DEMO
2020-08-16,LKA_CMB,MGO,791.73,SYNTHETIC_DEMO
2020-08-16,ARE_FUJ,VLSFO,599.08,SYNTHETIC_DEMO
2020-08-16,ARE_FUJ,MGO,764.69,SYNTHETIC_DEMO
2020-08-17,SGP_SIN,VLSFO,589.44,SYNTHETIC_DEMO
2020-08-17,SGP_SIN,MGO,742.49,SYNTHETIC_DEMO
2020-08-17,LKA_CMB,VLSFO,604.17,SYNTHETIC_DEMO
2020-08-17,LKA_CMB,MGO,761.05,SYNTHETIC_DEMO
2020-08-17,ARE_FUJ,VLSFO,583.54,SYNTHETIC_DEMO
2020-08-17,ARE_FUJ,MGO,735.06,SYNTHETIC_DEMO
2020-08-18,SGP_SIN,VLSFO,595.39,SYNTHETIC_DEMO
2020-08-18,SGP_SIN,MGO,764.72,SYNTHETIC_DEMO
2020-08-18,LKA_CMB,VLSFO,610.27,SYNTHETIC_DEMO
2020-08-18,LKA_CMB,MGO,783.84,SYNTHETIC_DEMO
2020-08-18,ARE_FUJ,VLSFO,589.44,SYNTHETIC_DEMO
2020-08-18,ARE_FUJ,MGO,757.08,SYNTHETIC_DEMO
2020-08-19,SGP_SIN,VLSFO,597.7,SYNTHETIC_DEMO
2020-08-19,SGP_SIN,MGO,772.82,SYNTHETIC_DEMO
2020-08-19,LKA_CMB,VLSFO,612.64,SYNTHETIC_DEMO
2020-08-19,LKA_CMB,MGO,792.14,SYNTHETIC_DEMO
2020-08-19,ARE_FUJ,VLSFO,591.72,SYNTHETIC_DEMO
2020-08-19,ARE_FUJ,MGO,765.09,SYNTHETIC_DEMO
2020-08-20,SGP_SIN,VLSFO,591.55,SYNTHETIC_DEMO
2020-08-20,SGP_SIN,MGO,756.65,SYNTHETIC_DEMO
2020-08-20,LKA_CMB,VLSFO,606.34,SYNTHETIC_DEMO
2020-08-20,LKA_CMB,MGO,775.56,SYNTHETIC_DEMO
2020-08-20,ARE_FUJ,VLSFO,585.64,SYNTHETIC_DEMO
2020-08-20,ARE_FUJ,MGO,749.08,SYNTHETIC_DEMO
2020-08-21,SGP_SIN,VLSFO,589.75,SYNTHETIC_DEMO
2020-08-21,SGP_SIN,MGO,759.64,SYNTHETIC_DEMO
2020-08-21,LKA_CMB,VLSFO,604.49,SYNTHETIC_DEMO
2020-08-21,LKA_CMB,MGO,778.63,SYNTHETIC_DEMO
2020-08-21,ARE_FUJ,VLSFO,583.85,SYNTHETIC_DEMO
2020-08-21,ARE_FUJ,MGO,752.05,SYNTHETIC_DEMO
2020-08-22,SGP_SIN,VLSFO,594.2,SYNTHETIC_DEMO
2020-08-22,SGP_SIN,MGO,767.11,SYNTHETIC_DEMO
2020-08-22,LKA_CMB,VLSFO,609.06,SYNTHETIC_DEMO
2020-08-22,LKA_CMB,MGO,786.29,SYNTHETIC_DEMO
2020-08-22,ARE_FUJ,VLSFO,588.26,SYNTHETIC_DEMO
2020-08-22,ARE_FUJ,MGO,759.44,SYNTHETIC_DEMO
2020-08-23,SGP_SIN,VLSFO,582.97,SYNTHETIC_DEMO
2020-08-23,SGP_SIN,MGO,742.21,SYNTHETIC_DEMO
2020-08-23,LKA_CMB,VLSFO,597.55,SYNTHETIC_DEMO
2020-08-23,LKA_CMB,MGO,760.77,SYNTHETIC_DEMO
2020-08-23,ARE_FUJ,VLSFO,577.14,SYNTHETIC_DEMO
2020-08-23,ARE_FUJ,MGO,734.79,SYNTHETIC_DEMO
2020-08-24,SGP_SIN,VLSFO,588.64,SYNTHETIC_DEMO
2020-08-24,SGP_SIN,MGO,747.0,SYNTHETIC_DEMO
2020-08-24,LKA_CMB,VLSFO,603.35,SYNTHETIC_DEMO
2020-08-24,LKA_CMB,MGO,765.68,SYNTHETIC_DEMO
2020-08-24,ARE_FUJ,VLSFO,582.75,SYNTHETIC_DEMO
2020-08-24,ARE_FUJ,MGO,739.53,SYNTHETIC_DEMO
2020-08-25,SGP_SIN,VLSFO,587.97,SYNTHETIC_DEMO
2020-08-25,SGP_SIN,MGO,749.88,SYNTHETIC_DEMO
2020-08-25,LKA_CMB,VLSFO,602.67,SYNTHETIC_DEMO
2020-08-25,LKA_CMB,MGO,768.62,SYNTHETIC_DEMO
2020-08-25,ARE_FUJ,VLSFO,582.09,SYNTHETIC_DEMO
2020-08-25,ARE_FUJ,MGO,742.38,SYNTHETIC_DEMO
2020-08-26,SGP_SIN,VLSFO,601.56,SYNTHETIC_DEMO
2020-08-26,SGP_SIN,MGO,752.73,SYNTHETIC_DEMO
2020-08-26,LKA_CMB,VLSFO,616.59,SYNTHETIC_DEMO
2020-08-26,LKA_CMB,MGO,771.55,SYNTHETIC_DEMO
2020-08-26,ARE_FUJ,VLSFO,595.54,SYNTHETIC_DEMO
2020-08-26,ARE_FUJ,MGO,745.21,SYNTHETIC_DEMO
2020-08-27,SGP_SIN,VLSFO,600.48,SYNTHETIC_DEMO
2020-08-27,SGP_SIN,MGO,765.02,SYNTHETIC_DEMO
2020-08-27,LKA_CMB,VLSFO,615.49,SYNTHETIC_DEMO
2020-08-27,LKA_CMB,MGO,784.14,SYNTHETIC_DEMO
2020-08-27,ARE_FUJ,VLSFO,594.47,SYNTHETIC_DEMO
2020-08-27,ARE_FUJ,MGO,757.37,SYNTHETIC_DEMO
2020-08-28,SGP_SIN,VLSFO,606.53,SYNTHETIC_DEMO
2020-08-28,SGP_SIN,MGO,778.57,SYNTHETIC_DEMO
2020-08-28,LKA_CMB,VLSFO,621.7,SYNTHETIC_DEMO
2020-08-28,LKA_CMB,MGO,798.04,SYNTHETIC_DEMO
2020-08-28,ARE_FUJ,VLSFO,600.47,SYNTHETIC_DEMO
2020-08-28,ARE_FUJ,MGO,770.79,SYNTHETIC_DEMO
2020-08-29,SGP_SIN,VLSFO,618.94,SYNTHETIC_DEMO
2020-08-29,SGP_SIN,MGO,801.35,SYNTHETIC_DEMO
2020-08-29,LKA_CMB,VLSFO,634.41,SYNTHETIC_DEMO
2020-08-29,LKA_CMB,MGO,821.38,SYNTHETIC_DEMO
2020-08-29,ARE_FUJ,VLSFO,612.75,SYNTHETIC_DEMO
2020-08-29,ARE_FUJ,MGO,793.33,SYNTHETIC_DEMO
2020-08-30,SGP_SIN,VLSFO,605.69,SYNTHETIC_DEMO
2020-08-30,SGP_SIN,MGO,768.66,SYNTHETIC_DEMO
2020-08-30,LKA_CMB,VLSFO,620.83,SYNTHETIC_DEMO
2020-08-30,LKA_CMB,MGO,787.88,SYNTHETIC_DEMO
2020-08-30,ARE_FUJ,VLSFO,599.64,SYNTHETIC_DEMO
2020-08-30,ARE_FUJ,MGO,760.98,SYNTHETIC_DEMO
2020-08-31,SGP_SIN,VLSFO,602.0,SYNTHETIC_DEMO
2020-08-31,SGP_SIN,MGO,774.46,SYNTHETIC_DEMO
2020-08-31,LKA_CMB,VLSFO,617.05,SYNTHETIC_DEMO
2020-08-31,LKA_CMB,MGO,793.83,SYNTHETIC_DEMO
2020-08-31,ARE_FUJ,VLSFO,595.98,SYNTHETIC_DEMO
2020-08-31,ARE_FUJ,MGO,766.72,SYNTHETIC_DEMO
2020-09-01,SGP_SIN,VLSFO,600.02,SYNTHETIC_DEMO
2020-09-01,SGP_SIN,MGO,762.95,SYNTHETIC_DEMO
2020-09-01,LKA_CMB,VLSFO,615.02,SYNTHETIC_DEMO
2020-09-01,LKA_CMB,MGO,782.02,SYNTHETIC_DEMO
2020-09-01,ARE_FUJ,VLSFO,594.02,SYNTHETIC_DEMO
2020-09-01,ARE_FUJ,MGO,755.32,SYNTHETIC_DEMO
2020-09-02,SGP_SIN,VLSFO,598.81,SYNTHETIC_DEMO
2020-09-02,SGP_SIN,MGO,753.04,SYNTHETIC_DEMO
2020-09-02,LKA_CMB,VLSFO,613.78,SYNTHETIC_DEMO
2020-09-02,LKA_CMB,MGO,771.87,SYNTHETIC_DEMO
2020-09-02,ARE_FUJ,VLSFO,592.82,SYNTHETIC_DEMO
2020-09-02,ARE_FUJ,MGO,745.51,SYNTHETIC_DEMO
2020-09-03,SGP_SIN,VLSFO,598.83,SYNTHETIC_DEMO
2020-09-03,SGP_SIN,MGO,769.71,SYNTHETIC_DEMO
2020-09-03,LKA_CMB,VLSFO,613.8,SYNTHETIC_DEMO
2020-09-03,LKA_CMB,MGO,788.96,SYNTHETIC_DEMO
2020-09-03,ARE_FUJ,VLSFO,592.84,SYNTHETIC_DEMO
2020-09-03,ARE_FUJ,MGO,762.02,SYNTHETIC_DEMO
2020-09-04,SGP_SIN,VLSFO,603.43,SYNTHETIC_DEMO
2020-09-04,SGP_SIN,MGO,769.56,SYNTHETIC_DEMO
2020-09-04,LKA_CMB,VLSFO,618.51,SYNTHETIC_DEMO
2020-09-04,LKA_CMB,MGO,788.8,SYNTHETIC_DEMO
2020-09-04,ARE_FUJ,VLSFO,597.39,SYNTHETIC_DEMO
2020-09-04,ARE_FUJ,MGO,761.86,SYNTHETIC_DEMO
2020-09-05,SGP_SIN,VLSFO,589.39,SYNTHETIC_DEMO
2020-09-05,SGP_SIN,MGO,764.93,SYNTHETIC_DEMO
2020-09-05,LKA_CMB,VLSFO,604.12,SYNTHETIC_DEMO
2020-09-05,LKA_CMB,MGO,784.06,SYNTHETIC_DEMO
2020-09-05,ARE_FUJ,VLSFO,583.49,SYNTHETIC_DEMO
2020-09-05,ARE_FUJ,MGO,757.28,SYNTHETIC_DEMO
2020-09-06,SGP_SIN,VLSFO,598.04,SYNTHETIC_DEMO
2020-09-06,SGP_SIN,MGO,777.92,SYNTHETIC_DEMO
2020-09-06,LKA_CMB,VLSFO,612.99,SYNTHETIC_DEMO
2020-09-06,LKA_CMB,MGO,797.36,SYNTHETIC_DEMO
2020-09-06,ARE_FUJ,VLSFO,592.06,SYNTHETIC_DEMO
2020-09-06,ARE_FUJ,MGO,770.14,SYNTHETIC_DEMO
2020-09-07,SGP_SIN,VLSFO,615.34,SYNTHETIC_DEMO
2020-09-07,SGP_SIN,MGO,786.73,SYNTHETIC_DEMO
2020-09-07,LKA_CMB,VLSFO,630.72,SYNTHETIC_DEMO
2020-09-07,LKA_CMB,MGO,806.39,SYNTHETIC_DEMO
2020-09-07,ARE_FUJ,VLSFO,609.18,SYNTHETIC_DEMO
2020-09-07,ARE_FUJ,MGO,778.86,SYNTHETIC_DEMO
2020-09-08,SGP_SIN,VLSFO,608.71,SYNTHETIC_DEMO
2020-09-08,SGP_SIN,MGO,780.28,SYNTHETIC_DEMO
2020-09-08,LKA_CMB,VLSFO,623.93,SYNTHETIC_DEMO
2020-09-08,LKA_CMB,MGO,799.79,SYNTHETIC_DEMO
2020-09-08,ARE_FUJ,VLSFO,602.63,SYNTHETIC_DEMO
2020-09-08,ARE_FUJ,MGO,772.48,SYNTHETIC_DEMO
2020-09-09,SGP_SIN,VLSFO,611.87,SYNTHETIC_DEMO
2020-09-09,SGP_SIN,MGO,772.15,SYNTHETIC_DEMO
2020-09-09,LKA_CMB,VLSFO,627.16,SYNTHETIC_DEMO
2020-09-09,LKA_CMB,MGO,791.45,SYNTHETIC_DEMO
2020-09-09,ARE_FUJ,VLSFO,605.75,SYNTHETIC_DEMO
2020-09-09,ARE_FUJ,MGO,764.43,SYNTHETIC_DEMO
2020-09-10,SGP_SIN,VLSFO,612.65,SYNTHETIC_DEMO
2020-09-10,SGP_SIN,MGO,781.65,SYNTHETIC_DEMO
2020-09-10,LKA_CMB,VLSFO,627.96,SYNTHETIC_DEMO
2020-09-10,LKA_CMB,MGO,801.19,SYNTHETIC_DEMO
2020-09-10,ARE_FUJ,VLSFO,606.52,SYNTHETIC_DEMO
2020-09-10,ARE_FUJ,MGO,773.83,SYNTHETIC_DEMO
2020-09-11,SGP_SIN,VLSFO,599.44,SYNTHETIC_DEMO
2020-09-11,SGP_SIN,MGO,773.45,SYNTHETIC_DEMO
2020-09-11,LKA_CMB,VLSFO,614.43,SYNTHETIC_DEMO
2020-09-11,LKA_CMB,MGO,792.79,SYNTHETIC_DEMO
2020-09-11,ARE_FUJ,VLSFO,593.45,SYNTHETIC_DEMO
2020-09-11,ARE_FUJ,MGO,765.72,SYNTHETIC_DEMO
2020-09-12,SGP_SIN,VLSFO,605.14,SYNTHETIC_DEMO
2020-09-12,SGP_SIN,MGO,771.84,SYNTHETIC_DEMO
2020-09-12,LKA_CMB,VLSFO,620.27,SYNTHETIC_DEMO
2020-09-12,LKA_CMB,MGO,791.14,SYNTHETIC_DEMO
2020-09-12,ARE_FUJ,VLSFO,599.09,SYNTHETIC_DEMO
2020-09-12,ARE_FUJ,MGO,764.12,SYNTHETIC_DEMO
2020-09-13,SGP_SIN,VLSFO,608.91,SYNTHETIC_DEMO
2020-09-13,SGP_SIN,MGO,780.04,SYNTHETIC_DEMO
2020-09-13,LKA_CMB,VLSFO,624.13,SYNTHETIC_DEMO
2020-09-13,LKA_CMB,MGO,799.54,SYNTHETIC_DEMO
2020-09-13,ARE_FUJ,VLSFO,602.82,SYNTHETIC_DEMO
2020-09-13,ARE_FUJ,MGO,772.24,SYNTHETIC_DEMO
2020-09-14,SGP_SIN,VLSFO,607.27,SYNTHETIC_DEMO
2020-09-14,SGP_SIN,MGO,781.8,SYNTHETIC_DEMO
2020-09-14,LKA_CMB,VLSFO,622.45,SYNTHETIC_DEMO
2020-09-14,LKA_CMB,MGO,801.35,SYNTHETIC_DEMO
2020-09-14,ARE_FUJ,VLSFO,601.19,SYNTHETIC_DEMO
2020-09-14,ARE_FUJ,MGO,773.98,SYNTHETIC_DEMO
2020-09-15,SGP_SIN,VLSFO,612.45,SYNTHETIC_DEMO
2020-09-15,SGP_SIN,MGO,794.29,SYNTHETIC_DEMO
2020-09-15,LKA_CMB,VLSFO,627.76,SYNTHETIC_DEMO
2020-09-15,LKA_CMB,MGO,814.15,SYNTHETIC_DEMO
2020-09-15,ARE_FUJ,VLSFO,606.33,SYNTHETIC_DEMO
2020-09-15,ARE_FUJ,MGO,786.35,SYNTHETIC_DEMO
2020-09-16,SGP_SIN,VLSFO,606.64,SYNTHETIC_DEMO
2020-09-16,SGP_SIN,MGO,765.26,SYNTHETIC_DEMO
2020-09-16,LKA_CMB,VLSFO,621.81,SYNTHETIC_DEMO
2020-09-16,LKA_CMB,MGO,784.39,SYNTHETIC_DEMO
2020-09-16,ARE_FUJ,VLSFO,600.58,SYNTHETIC_DEMO
2020-09-16,ARE_FUJ,MGO,757.61,SYNTHETIC_DEMO
2020-09-17,SGP_SIN,VLSFO,609.29,SYNTHETIC_DEMO
2020-09-17,SGP_SIN,MGO,788.3,SYNTHETIC_DEMO
2020-09-17,LKA_CMB,VLSFO,624.52,SYNTHETIC_DEMO
2020-09-17,LKA_CMB,MGO,808.0,SYNTHETIC_DEMO
2020-09-17,ARE_FUJ,VLSFO,603.2,SYNTHETIC_DEMO
2020-09-17,ARE_FUJ,MGO,780.41,SYNTHETIC_DEMO
2020-09-18,SGP_SIN,VLSFO,609.87,SYNTHETIC_DEMO
2020-09-18,SGP_SIN,MGO,787.96,SYNTHETIC_DEMO
2020-09-18,LKA_CMB,VLSFO,625.11,SYNTHETIC_DEMO
2020-09-18,LKA_CMB,MGO,807.65,SYNTHETIC_DEMO
2020-09-18,ARE_FUJ,VLSFO,603.77,SYNTHETIC_DEMO
2020-09-18,ARE_FUJ,MGO,780.08,SYNTHETIC_DEMO
2020-09-19,SGP_SIN,VLSFO,611.37,SYNTHETIC_DEMO
2020-09-19,SGP_SIN,MGO,783.63,SYNTHETIC_DEMO
2020-09-19,LKA_CMB,VLSFO,626.65,SYNTHETIC_DEMO
2020-09-19,LKA_CMB,MGO,803.22,SYNTHETIC_DEMO
2020-09-19,ARE_FUJ,VLSFO,605.25,SYNTHETIC_DEMO
2020-09-19,ARE_FUJ,MGO,775.79,SYNTHETIC_DEMO
2020-09-20,SGP_SIN,VLSFO,607.43,SYNTHETIC_DEMO
2020-09-20,SGP_SIN,MGO,775.04,SYNTHETIC_DEMO
2020-09-20,LKA_CMB,VLSFO,622.62,SYNTHETIC_DEMO
2020-09-20,LKA_CMB,MGO,794.41,SYNTHETIC_DEMO
2020-09-20,ARE_FUJ,VLSFO,601.36,SYNTHETIC_DEMO
2020-09-20,ARE_FUJ,MGO,767.29,SYNTHETIC_DEMO
2020-09-21,SGP_SIN,VLSFO,595.92,SYNTHETIC_DEMO
2020-09-21,SGP_SIN,MGO,749.92,SYNTHETIC_DEMO
2020-09-21,LKA_CMB,VLSFO,610.82,SYNTHETIC_DEMO
2020-09-21,LKA_CMB,MGO,768.67,SYNTHETIC_DEMO
2020-09-21,ARE_FUJ,VLSFO,589.96,SYNTHETIC_DEMO
2020-09-21,ARE_FUJ,MGO,742.42,SYNTHETIC_DEMO
2020-09-22,SGP_SIN,VLSFO,603.33,SYNTHETIC_DEMO
2020-09-22,SGP_SIN,MGO,773.67,SYNTHETIC_DEMO
2020-09-22,LKA_CMB,VLSFO,618.42,SYNTHETIC_DEMO
2020-09-22,LKA_CMB,MGO,793.01,SYNTHETIC_DEMO
2020-09-22,ARE_FUJ,VLSFO,597.3,SYNTHETIC_DEMO
2020-09-22,ARE_FUJ,MGO,765.93,SYNTHETIC_DEMO
2020-09-23,SGP_SIN,VLSFO,596.86,SYNTHETIC_DEMO
2020-09-23,SGP_SIN,MGO,752.81,SYNTHETIC_DEMO
2020-09-23,LKA_CMB,VLSFO,611.78,SYNTHETIC_DEMO
2020-09-23,LKA_CMB,MGO,771.63,SYNTHETIC_DEMO
2020-09-23,ARE_FUJ,VLSFO,590.89,SYNTHETIC_DEMO
2020-09-23,ARE_FUJ,MGO,745.28,SYNTHETIC_DEMO
2020-09-24,SGP_SIN,VLSFO,600.45,SYNTHETIC_DEMO
2020-09-24,SGP_SIN,MGO,770.04,SYNTHETIC_DEMO
2020-09-24,LKA_CMB,VLSFO,615.46,SYNTHETIC_DEMO
2020-09-24,LKA_CMB,MGO,789.29,SYNTHETIC_DEMO
2020-09-24,ARE_FUJ,VLSFO,594.44,SYNTHETIC_DEMO
2020-09-24,ARE_FUJ,MGO,762.34,SYNTHETIC_DEMO
2020-09-25,SGP_SIN,VLSFO,609.24,SYNTHETIC_DEMO
2020-09-25,SGP_SIN,MGO,790.75,SYNTHETIC_DEMO
2020-09-25,LKA_CMB,VLSFO,624.47,SYNTHETIC_DEMO
2020-09-25,LKA_CMB,MGO,810.52,SYNTHETIC_DEMO
2020-09-25,ARE_FUJ,VLSFO,603.15,SYNTHETIC_DEMO
2020-09-25,ARE_FUJ,MGO,782.85,SYNTHETIC_DEMO
2020-09-26,SGP_SIN,VLSFO,612.11,SYNTHETIC_DEMO
2020-09-26,SGP_SIN,MGO,779.57,SYNTHETIC_DEMO
2020-09-26,LKA_CMB,VLSFO,627.42,SYNTHETIC_DEMO
2020-09-26,LKA_CMB,MGO,799.06,SYNTHETIC_DEMO
2020-09-26,ARE_FUJ,VLSFO,605.99,SYNTHETIC_DEMO
2020-09-26,ARE_FUJ,MGO,771.78,SYNTHETIC_DEMO
2020-09-27,SGP_SIN,VLSFO,600.94,SYNTHETIC_DEMO
2020-09-27,SGP_SIN,MGO,777.9,SYNTHETIC_DEMO
2020-09-27,LKA_CMB,VLSFO,615.97,SYNTHETIC_DEMO
2020-09-27,LKA_CMB,MGO,797.35,SYNTHETIC_DEMO
2020-09-27,ARE_FUJ,VLSFO,594.94,SYNTHETIC_DEMO
2020-09-27,ARE_FUJ,MGO,770.12,SYNTHETIC_DEMO
2020-09-28,SGP_SIN,VLSFO,606.05,SYNTHETIC_DEMO
2020-09-28,SGP_SIN,MGO,770.63,SYNTHETIC_DEMO
2020-09-28,LKA_CMB,VLSFO,621.2,SYNTHETIC_DEMO
2020-09-28,LKA_CMB,MGO,789.9,SYNTHETIC_DEMO
2020-09-28,ARE_FUJ,VLSFO,599.99,SYNTHETIC_DEMO
2020-09-28,ARE_FUJ,MGO,762.92,SYNTHETIC_DEMO
2020-09-29,SGP_SIN,VLSFO,600.18,SYNTHETIC_DEMO
2020-09-29,SGP_SIN,MGO,770.81,SYNTHETIC_DEMO
2020-09-29,LKA_CMB,VLSFO,615.18,SYNTHETIC_DEMO
2020-09-29,LKA_CMB,MGO,790.08,SYNTHETIC_DEMO
2020-09-29,ARE_FUJ,VLSFO,594.18,SYNTHETIC_DEMO
2020-09-29,ARE_FUJ,MGO,763.1,SYNTHETIC_DEMO
2020-09-30,SGP_SIN,VLSFO,610.93,SYNTHETIC_DEMO
2020-09-30,SGP_SIN,MGO,783.54,SYNTHETIC_DEMO
2020-09-30,LKA_CMB,VLSFO,626.2,SYNTHETIC_DEMO
2020-09-30,LKA_CMB,MGO,803.13,SYNTHETIC_DEMO
2020-09-30,ARE_FUJ,VLSFO,604.82,SYNTHETIC_DEMO
2020-09-30,ARE_FUJ,MGO,775.71,SYNTHETIC_DEMO
2020-10-01,SGP_SIN,VLSFO,608.95,SYNTHETIC_DEMO
2020-10-01,SGP_SIN,MGO,784.46,SYNTHETIC_DEMO
2020-10-01,LKA_CMB,VLSFO,624.17,SYNTHETIC_DEMO
2020-10-01,LKA_CMB,MGO,804.07,SYNTHETIC_DEMO
2020-10-01,ARE_FUJ,VLSFO,602.86,SYNTHETIC_DEMO
2020-10-01,ARE_FUJ,MGO,776.61,SYNTHETIC_DEMO
2020-10-02,SGP_SIN,VLSFO,601.59,SYNTHETIC_DEMO
2020-10-02,SGP_SIN,MGO,782.42,SYNTHETIC_DEMO
2020-10-02,LKA_CMB,VLSFO,616.63,SYNTHETIC_DEMO
2020-10-02,LKA_CMB,MGO,801.98,SYNTHETIC_DEMO
2020-10-02,ARE_FUJ,VLSFO,595.58,SYNTHETIC_DEMO
2020-10-02,ARE_FUJ,MGO,774.59,SYNTHETIC_DEMO
2020-10-03,SGP_SIN,VLSFO,611.61,SYNTHETIC_DEMO
2020-10-03,SGP_SIN,MGO,774.04,SYNTHETIC_DEMO
2020-10-03,LKA_CMB,VLSFO,626.9,SYNTHETIC_DEMO
2020-10-03,LKA_CMB,MGO,793.39,SYNTHETIC_DEMO
2020-10-03,ARE_FUJ,VLSFO,605.49,SYNTHETIC_DEMO
2020-10-03,ARE_FUJ,MGO,766.3,SYNTHETIC_DEMO
2020-10-04,SGP_SIN,VLSFO,611.53,SYNTHETIC_DEMO
2020-10-04,SGP_SIN,MGO,790.53,SYNTHETIC_DEMO
2020-10-04,LKA_CMB,VLSFO,626.82,SYNTHETIC_DEMO
2020-10-04,LKA_CMB,MGO,810.29,SYNTHETIC_DEMO
2020-10-04,ARE_FUJ,VLSFO,605.42,SYNTHETIC_DEMO
2020-10-04,ARE_FUJ,MGO,782.62,SYNTHETIC_DEMO
2020-10-05,SGP_SIN,VLSFO,617.01,SYNTHETIC_DEMO
2020-10-05,SGP_SIN,MGO,798.08,SYNTHETIC_DEMO
2020-10-05,LKA_CMB,VLSFO,632.44,SYNTHETIC_DEMO
2020-10-05,LKA_CMB,MGO,818.03,SYNTHETIC_DEMO
2020-10-05,ARE_FUJ,VLSFO,610.84,SYNTHETIC_DEMO
2020-10-05,ARE_FUJ,MGO,790.1,SYNTHETIC_DEMO
2020-10-06,SGP_SIN,VLSFO,616.69,SYNTHETIC_DEMO
2020-10-06,SGP_SIN,MGO,800.96,SYNTHETIC_DEMO
2020-10-06,LKA_CMB,VLSFO,632.11,SYNTHETIC_DEMO
2020-10-06,LKA_CMB,MGO,820.98,SYNTHETIC_DEMO
2020-10-06,ARE_FUJ,VLSFO,610.53,SYNTHETIC_DEMO
2020-10-06,ARE_FUJ,MGO,792.95,SYNTHETIC_DEMO
2020-10-07,SGP_SIN,VLSFO,621.7,SYNTHETIC_DEMO
2020-10-07,SGP_SIN,MGO,796.31,SYNTHETIC_DEMO
2020-10-07,LKA_CMB,VLSFO,637.24,SYNTHETIC_DEMO
2020-10-07,LKA_CMB,MGO,816.22,SYNTHETIC_DEMO
2020-10-07,ARE_FUJ,VLSFO,615.48,SYNTHETIC_DEMO
2020-10-07,ARE_FUJ,MGO,788.35,SYNTHETIC_DEMO
2020-10-08,SGP_SIN,VLSFO,613.53,SYNTHETIC_DEMO
2020-10-08,SGP_SIN,MGO,775.21,SYNTHETIC_DEMO
2020-10-08,LKA_CMB,VLSFO,628.87,SYNTHETIC_DEMO
2020-10-08,LKA_CMB,MGO,794.59,SYNTHETIC_DEMO
2020-10-08,ARE_FUJ,VLSFO,607.39,SYNTHETIC_DEMO
2020-10-08,ARE_FUJ,MGO,767.46,SYNTHETIC_DEMO
2020-10-09,SGP_SIN,VLSFO,613.35,SYNTHETIC_DEMO
2020-10-09,SGP_SIN,MGO,781.32,SYNTHETIC_DEMO
2020-10-09,LKA_CMB,VLSFO,628.68,SYNTHETIC_DEMO
2020-10-09,LKA_CMB,MGO,800.85,SYNTHETIC_DEMO
2020-10-09,ARE_FUJ,VLSFO,607.21,SYNTHETIC_DEMO
2020-10-09,ARE_FUJ,MGO,773.5,SYNTHETIC_DEMO
2020-10-10,SGP_SIN,VLSFO,609.58,SYNTHETIC_DEMO
2020-10-10,SGP_SIN,MGO,782.45,SYNTHETIC_DEMO
2020-10-10,LKA_CMB,VLSFO,624.82,SYNTHETIC_DEMO
2020-10-10,LKA_CMB,MGO,802.01,SYNTHETIC_DEMO
2020-10-10,ARE_FUJ,VLSFO,603.48,SYNTHETIC_DEMO
2020-10-10,ARE_FUJ,MGO,774.62,SYNTHETIC_DEMO
2020-10-11,SGP_SIN,VLSFO,611.86,SYNTHETIC_DEMO
2020-10-11,SGP_SIN,MGO,795.28,SYNTHETIC_DEMO
2020-10-11,LKA_CMB,VLSFO,627.15,SYNTHETIC_DEMO
2020-10-11,LKA_CMB,MGO,815.16,SYNTHETIC_DEMO
2020-10-11,ARE_FUJ,VLSFO,605.74,SYNTHETIC_DEMO
2020-10-11,ARE_FUJ,MGO,787.33,SYNTHETIC_DEMO
2020-10-12,SGP_SIN,VLSFO,620.96,SYNTHETIC_DEMO
2020-10-12,SGP_SIN,MGO,808.67,SYNTHETIC_DEMO
2020-10-12,LKA_CMB,VLSFO,636.49,SYNTHETIC_DEMO
2020-10-12,LKA_CMB,MGO,828.89,SYNTHETIC_DEMO
2020-10-12,ARE_FUJ,VLSFO,614.75,SYNTHETIC_DEMO
2020-10-12,ARE_FUJ,MGO,800.58,SYNTHETIC_DEMO
2020-10-13,SGP_SIN,VLSFO,629.35,SYNTHETIC_DEMO
2020-10-13,SGP_SIN,MGO,813.49,SYNTHETIC_DEMO
2020-10-13,LKA_CMB,VLSFO,645.09,SYNTHETIC_DEMO
2020-10-13,LKA_CMB,MGO,833.83,SYNTHETIC_DEMO
2020-10-13,ARE_FUJ,VLSFO,623.06,SYNTHETIC_DEMO
2020-10-13,ARE_FUJ,MGO,805.35,SYNTHETIC_DEMO
2020-10-14,SGP_SIN,VLSFO,614.7,SYNTHETIC_DEMO
2020-10-14,SGP_SIN,MGO,794.24,SYNTHETIC_DEMO
2020-10-14,LKA_CMB,VLSFO,630.07,SYNTHETIC_DEMO
2020-10-14,LKA_CMB,MGO,814.09,SYNTHETIC_DEMO
2020-10-14,ARE_FUJ,VLSFO,608.55,SYNTHETIC_DEMO
2020-10-14,ARE_FUJ,MGO,786.3,SYNTHETIC_DEMO
2020-10-15,SGP_SIN,VLSFO,618.65,SYNTHETIC_DEMO
2020-10-15,SGP_SIN,MGO,792.24,SYNTHETIC_DEMO
2020-10-15,LKA_CMB,VLSFO,634.11,SYNTHETIC_DEMO
2020-10-15,LKA_CMB,MGO,812.05,SYNTHETIC_DEMO
2020-10-15,ARE_FUJ,VLSFO,612.46,SYNTHETIC_DEMO
2020-10-15,ARE_FUJ,MGO,784.32,SYNTHETIC_DEMO
2020-10-16,SGP_SIN,VLSFO,621.51,SYNTHETIC_DEMO
2020-10-16,SGP_SIN,MGO,794.73,SYNTHETIC_DEMO
2020-10-16,LKA_CMB,VLSFO,637.05,SYNTHETIC_DEMO
2020-10-16,LKA_CMB,MGO,814.6,SYNTHETIC_DEMO
2020-10-16,ARE_FUJ,VLSFO,615.3,SYNTHETIC_DEMO
2020-10-16,ARE_FUJ,MGO,786.78,SYNTHETIC_DEMO
2020-10-17,SGP_SIN,VLSFO,619.54,SYNTHETIC_DEMO
2020-10-17,SGP_SIN,MGO,784.51,SYNTHETIC_DEMO
2020-10-17,LKA_CMB,VLSFO,635.02,SYNTHETIC_DEMO
2020-10-17,LKA_CMB,MGO,804.13,SYNTHETIC_DEMO
2020-10-17,ARE_FUJ,VLSFO,613.34,SYNTHETIC_DEMO
2020-10-17,ARE_FUJ,MGO,776.67,SYNTHETIC_DEMO
2020-10-18,SGP_SIN,VLSFO,619.3,SYNTHETIC_DEMO
2020-10-18,SGP_SIN,MGO,809.13,SYNTHETIC_DEMO
2020-10-18,LKA_CMB,VLSFO,634.78,SYNTHETIC_DEMO
2020-10-18,LKA_CMB,MGO,829.36,SYNTHETIC_DEMO
2020-10-18,ARE_FUJ,VLSFO,613.11,SYNTHETIC_DEMO
2020-10-18,ARE_FUJ,MGO,801.04,SYNTHETIC_DEMO
2020-10-19,SGP_SIN,VLSFO,623.84,SYNTHETIC_DEMO
2020-10-19,SGP_SIN,MGO,799.26,SYNTHETIC_DEMO
2020-10-19,LKA_CMB,VLSFO,639.43,SYNTHETIC_DEMO
2020-10-19,LKA_CMB,MGO,819.24,SYNTHETIC_DEMO
2020-10-19,ARE_FUJ,VLSFO,617.6,SYNTHETIC_DEMO
2020-10-19,ARE_FUJ,MGO,791.27,SYNTHETIC_DEMO
2020-10-20,SGP_SIN,VLSFO,612.5,SYNTHETIC_DEMO
2020-10-20,SGP_SIN,MGO,778.92,SYNTHETIC_DEMO
2020-10-20,LKA_CMB,VLSFO,627.81,SYNTHETIC_DEMO
2020-10-20,LKA_CMB,MGO,798.39,SYNTHETIC_DEMO
2020-10-20,ARE_FUJ,VLSFO,606.37,SYNTHETIC_DEMO
2020-10-20,ARE_FUJ,MGO,771.13,SYNTHETIC_DEMO
2020-10-21,SGP_SIN,VLSFO,618.18,SYNTHETIC_DEMO
2020-10-21,SGP_SIN,MGO,790.65,SYNTHETIC_DEMO
2020-10-21,LKA_CMB,VLSFO,633.64,SYNTHETIC_DEMO
2020-10-21,LKA_CMB,MGO,810.41,SYNTHETIC_DEMO
2020-10-21,ARE_FUJ,VLSFO,612.0,SYNTHETIC_DEMO
2020-10-21,ARE_FUJ,MGO,782.74,SYNTHETIC_DEMO
2020-10-22,SGP_SIN,VLSFO,604.76,SYNTHETIC_DEMO
2020-10-22,SGP_SIN,MGO,764.21,SYNTHETIC_DEMO
2020-10-22,LKA_CMB,VLSFO,619.88,SYNTHETIC_DEMO
2020-10-22,LKA_CMB,MGO,783.32,SYNTHETIC_DEMO
2020-10-22,ARE_FUJ,VLSFO,598.71,SYNTHETIC_DEMO
2020-10-22,ARE_FUJ,MGO,756.57,SYNTHETIC_DEMO
2020-10-23,SGP_SIN,VLSFO,626.68,SYNTHETIC_DEMO
2020-10-23,SGP_SIN,MGO,804.62,SYNTHETIC_DEMO
2020-10-23,LKA_CMB,VLSFO,642.35,SYNTHETIC_DEMO
2020-10-23,LKA_CMB,MGO,824.74,SYNTHETIC_DEMO
2020-10-23,ARE_FUJ,VLSFO,620.41,SYNTHETIC_DEMO
2020-10-23,ARE_FUJ,MGO,796.58,SYNTHETIC_DEMO
2020-10-24,SGP_SIN,VLSFO,604.76,SYNTHETIC_DEMO
2020-10-24,SGP_SIN,MGO,771.01,SYNTHETIC_DEMO
2020-10-24,LKA_CMB,VLSFO,619.88,SYNTHETIC_DEMO
2020-10-24,LKA_CMB,MGO,790.28,SYNTHETIC_DEMO
2020-10-24,ARE_FUJ,VLSFO,598.72,SYNTHETIC_DEMO
2020-10-24,ARE_FUJ,MGO,763.3,SYNTHETIC_DEMO
2020-10-25,SGP_SIN,VLSFO,622.52,SYNTHETIC_DEMO
2020-10-25,SGP_SIN,MGO,792.22,SYNTHETIC_DEMO
2020-10-25,LKA_CMB,VLSFO,638.08,SYNTHETIC_DEMO
2020-10-25,LKA_CMB,MGO,812.02,SYNTHETIC_DEMO
2020-10-25,ARE_FUJ,VLSFO,616.29,SYNTHETIC_DEMO
2020-10-25,ARE_FUJ,MGO,784.3,SYNTHETIC_DEMO
2020-10-26,SGP_SIN,VLSFO,622.05,SYNTHETIC_DEMO
2020-10-26,SGP_SIN,MGO,792.82,SYNTHETIC_DEMO
2020-10-26,LKA_CMB,VLSFO,637.6,SYNTHETIC_DEMO
2020-10-26,LKA_CMB,MGO,812.64,SYNTHETIC_DEMO
2020-10-26,ARE_FUJ,VLSFO,615.83,SYNTHETIC_DEMO
2020-10-26,ARE_FUJ,MGO,784.89,SYNTHETIC_DEMO
2020-10-27,SGP_SIN,VLSFO,594.38,SYNTHETIC_DEMO
2020-10-27,SGP_SIN,MGO,748.86,SYNTHETIC_DEMO
2020-10-27,LKA_CMB,VLSFO,609.24,SYNTHETIC_DEMO
2020-10-27,LKA_CMB,MGO,767.58,SYNTHETIC_DEMO
2020-10-27,ARE_FUJ,VLSFO,588.44,SYNTHETIC_DEMO
2020-10-27,ARE_FUJ,MGO,741.37,SYNTHETIC_DEMO
2020-10-28,SGP_SIN,VLSFO,597.53,SYNTHETIC_DEMO
2020-10-28,SGP_SIN,MGO,767.2,SYNTHETIC_DEMO
2020-10-28,LKA_CMB,VLSFO,612.47,SYNTHETIC_DEMO
2020-10-28,LKA_CMB,MGO,786.38,SYNTHETIC_DEMO
2020-10-28,ARE_FUJ,VLSFO,591.56,SYNTHETIC_DEMO
2020-10-28,ARE_FUJ,MGO,759.53,SYNTHETIC_DEMO
2020-10-29,SGP_SIN,VLSFO,606.82,SYNTHETIC_DEMO
2020-10-29,SGP_SIN,MGO,777.17,SYNTHETIC_DEMO
2020-10-29,LKA_CMB,VLSFO,621.99,SYNTHETIC_DEMO
2020-10-29,LKA_CMB,MGO,796.6,SYNTHETIC_DEMO
2020-10-29,ARE_FUJ,VLSFO,600.75,SYNTHETIC_DEMO
2020-10-29,ARE_FUJ,MGO,769.4,SYNTHETIC_DEMO
2020-10-30,SGP_SIN,VLSFO,600.99,SYNTHETIC_DEMO
2020-10-30,SGP_SIN,MGO,771.11,SYNTHETIC_DEMO
2020-10-30,LKA_CMB,VLSFO,616.02,SYNTHETIC_DEMO
2020-10-30,LKA_CMB,MGO,790.38,SYNTHETIC_DEMO
2020-10-30,ARE_FUJ,VLSFO,594.98,SYNTHETIC_DEMO
2020-10-30,ARE_FUJ,MGO,763.39,SYNTHETIC_DEMO
2020-10-31,SGP_SIN,VLSFO,603.42,SYNTHETIC_DEMO
2020-10-31,SGP_SIN,MGO,778.64,SYNTHETIC_DEMO
2020-10-31,LKA_CMB,VLSFO,618.5,SYNTHETIC_DEMO
2020-10-31,LKA_CMB,MGO,798.1,SYNTHETIC_DEMO
2020-10-31,ARE_FUJ,VLSFO,597.38,SYNTHETIC_DEMO
2020-10-31,ARE_FUJ,MGO,770.85,SYNTHETIC_DEMO
2020-11-01,SGP_SIN,VLSFO,608.32,SYNTHETIC_DEMO
2020-11-01,SGP_SIN,MGO,790.1,SYNTHETIC_DEMO
2020-11-01,LKA_CMB,VLSFO,623.53,SYNTHETIC_DEMO
2020-11-01,LKA_CMB,MGO,809.85,SYNTHETIC_DEMO
2020-11-01,ARE_FUJ,VLSFO,602.24,SYNTHETIC_DEMO
2020-11-01,ARE_FUJ,MGO,782.2,SYNTHETIC_DEMO
2020-11-02,SGP_SIN,VLSFO,605.34,SYNTHETIC_DEMO
2020-11-02,SGP_SIN,MGO,760.78,SYNTHETIC_DEMO
2020-11-02,LKA_CMB,VLSFO,620.47,SYNTHETIC_DEMO
2020-11-02,LKA_CMB,MGO,779.8,SYNTHETIC_DEMO
2020-11-02,ARE_FUJ,VLSFO,599.29,SYNTHETIC_DEMO
2020-11-02,ARE_FUJ,MGO,753.17,SYNTHETIC_DEMO
2020-11-03,SGP_SIN,VLSFO,616.87,SYNTHETIC_DEMO
2020-11-03,SGP_SIN,MGO,790.24,SYNTHETIC_DEMO
2020-11-03,LKA_CMB,VLSFO,632.29,SYNTHETIC_DEMO
2020-11-03,LKA_CMB,MGO,810.0,SYNTHETIC_DEMO
2020-11-03,ARE_FUJ,VLSFO,610.7,SYNTHETIC_DEMO
2020-11-03,ARE_FUJ,MGO,782.34,SYNTHETIC_DEMO
2020-11-04,SGP_SIN,VLSFO,618.79,SYNTHETIC_DEMO
2020-11-04,SGP_SIN,MGO,784.66,SYNTHETIC_DEMO
2020-11-04,LKA_CMB,VLSFO,634.26,SYNTHETIC_DEMO
2020-11-04,LKA_CMB,MGO,804.27,SYNTHETIC_DEMO
2020-11-04,ARE_FUJ,VLSFO,612.6,SYNTHETIC_DEMO
2020-11-04,ARE_FUJ,MGO,776.81,SYNTHETIC_DEMO
2020-11-05,SGP_SIN,VLSFO,609.51,SYNTHETIC_DEMO
2020-11-05,SGP_SIN,MGO,776.78,SYNTHETIC_DEMO
2020-11-05,LKA_CMB,VLSFO,624.75,SYNTHETIC_DEMO
2020-11-05,LKA_CMB,MGO,796.2,SYNTHETIC_DEMO
2020-11-05,ARE_FUJ,VLSFO,603.41,SYNTHETIC_DEMO
2020-11-05,ARE_FUJ,MGO,769.01,SYNTHETIC_DEMO
2020-11-06,SGP_SIN,VLSFO,621.71,SYNTHETIC_DEMO
2020-11-06,SGP_SIN,MGO,807.21,SYNTHETIC_DEMO
2020-11-06,LKA_CMB,VLSFO,637.26,SYNTHETIC_DEMO
2020-11-06,LKA_CMB,MGO,827.39,SYNTHETIC_DEMO
2020-11-06,ARE_FUJ,VLSFO,615.5,SYNTHETIC_DEMO
2020-11-06,ARE_FUJ,MGO,799.13,SYNTHETIC_DEMO
2020-11-07,SGP_SIN,VLSFO,613.28,SYNTHETIC_DEMO
2020-11-07,SGP_SIN,MGO,793.15,SYNTHETIC_DEMO
2020-11-07,LKA_CMB,VLSFO,628.61,SYNTHETIC_DEMO
2020-11-07,LKA_CMB,MGO,812.98,SYNTHETIC_DEMO
2020-11-07,ARE_FUJ,VLSFO,607.15,SYNTHETIC_DEMO
2020-11-07,ARE_FUJ,MGO,785.22,SYNTHETIC_DEMO
2020-11-08,SGP_SIN,VLSFO,608.67,SYNTHETIC_DEMO
2020-11-08,SGP_SIN,MGO,786.08,SYNTHETIC_DEMO
2020-11-08,LKA_CMB,VLSFO,623.89,SYNTHETIC_DEMO
2020-11-08,LKA_CMB,MGO,805.73,SYNTHETIC_DEMO
2020-11-08,ARE_FUJ,VLSFO,602.58,SYNTHETIC_DEMO
2020-11-08,ARE_FUJ,MGO,778.22,SYNTHETIC_DEMO
2020-11-09,SGP_SIN,VLSFO,607.99,SYNTHETIC_DEMO
2020-11-09,SGP_SIN,MGO,764.6,SYNTHETIC_DEMO
2020-11-09,LKA_CMB,VLSFO,623.19,SYNTHETIC_DEMO
2020-11-09,LKA_CMB,MGO,783.72,SYNTHETIC_DEMO
2020-11-09,ARE_FUJ,VLSFO,601.91,SYNTHETIC_DEMO
2020-11-09,ARE_FUJ,MGO,756.95,SYNTHETIC_DEMO
2020-11-10,SGP_SIN,VLSFO,603.89,SYNTHETIC_DEMO
2020-11-10,SGP_SIN,MGO,777.84,SYNTHETIC_DEMO
2020-11-10,LKA_CMB,VLSFO,618.98,SYNTHETIC_DEMO
2020-11-10,LKA_CMB,MGO,797.29,SYNTHETIC_DEMO
2020-11-10,ARE_FUJ,VLSFO,597.85,SYNTHETIC_DEMO
2020-11-10,ARE_FUJ,MGO,770.06,SYNTHETIC_DEMO
2020-11-11,SGP_SIN,VLSFO,610.36,SYNTHETIC_DEMO
2020-11-11,SGP_SIN,MGO,796.25,SYNTHETIC_DEMO
2020-11-11,LKA_CMB,VLSFO,625.62,SYNTHETIC_DEMO
2020-11-11,LKA_CMB,MGO,816.16,SYNTHETIC_DEMO
2020-11-11,ARE_FUJ,VLSFO,604.26,SYNTHETIC_DEMO
2020-11-11,ARE_FUJ,MGO,788.29,SYNTHETIC_DEMO
2020-11-12,SGP_SIN,VLSFO,625.4,SYNTHETIC_DEMO
2020-11-12,SGP_SIN,MGO,790.06,SYNTHETIC_DEMO
2020-11-12,LKA_CMB,VLSFO,641.03,SYNTHETIC_DEMO
2020-11-12,LKA_CMB,MGO,809.81,SYNTHETIC_DEMO
2020-11-12,ARE_FUJ,VLSFO,619.14,SYNTHETIC_DEMO
2020-11-12,ARE_FUJ,MGO,782.16,SYNTHETIC_DEMO
2020-11-13,SGP_SIN,VLSFO,618.78,SYNTHETIC_DEMO
2020-11-13,SGP_SIN,MGO,796.92,SYNTHETIC_DEMO
2020-11-13,LKA_CMB,VLSFO,634.24,SYNTHETIC_DEMO
2020-11-13,LKA_CMB,MGO,816.84,SYNTHETIC_DEMO
2020-11-13,ARE_FUJ,VLSFO,612.59,SYNTHETIC_DEMO
2020-11-13,ARE_FUJ,MGO,788.95,SYNTHETIC_DEMO
2020-11-14,SGP_SIN,VLSFO,625.94,SYNTHETIC_DEMO
2020-11-14,SGP_SIN,MGO,791.77,SYNTHETIC_DEMO
2020-11-14,LKA_CMB,VLSFO,641.58,SYNTHETIC_DEMO
2020-11-14,LKA_CMB,MGO,811.56,SYNTHETIC_DEMO
2020-11-14,ARE_FUJ,VLSFO,619.68,SYNTHETIC_DEMO
2020-11-14,ARE_FUJ,MGO,783.85,SYNTHETIC_DEMO
2020-11-15,SGP_SIN,VLSFO,632.06,SYNTHETIC_DEMO
2020-11-15,SGP_SIN,MGO,809.78,SYNTHETIC_DEMO
2020-11-15,LKA_CMB,VLSFO,647.86,SYNTHETIC_DEMO
2020-11-15,LKA_CMB,MGO,830.02,SYNTHETIC_DEMO
2020-11-15,ARE_FUJ,VLSFO,625.74,SYNTHETIC_DEMO
2020-11-15,ARE_FUJ,MGO,801.68,SYNTHETIC_DEMO
2020-11-16,SGP_SIN,VLSFO,633.1,SYNTHETIC_DEMO
2020-11-16,SGP_SIN,MGO,808.22,SYNTHETIC_DEMO
2020-11-16,LKA_CMB,VLSFO,648.93,SYNTHETIC_DEMO
2020-11-16,LKA_CMB,MGO,828.43,SYNTHETIC_DEMO
2020-11-16,ARE_FUJ,VLSFO,626.77,SYNTHETIC_DEMO
2020-11-16,ARE_FUJ,MGO,800.14,SYNTHETIC_DEMO
2020-11-17,SGP_SIN,VLSFO,622.4,SYNTHETIC_DEMO
2020-11-17,SGP_SIN,MGO,788.15,SYNTHETIC_DEMO
2020-11-17,LKA_CMB,VLSFO,637.96,SYNTHETIC_DEMO
2020-11-17,LKA_CMB,MGO,807.85,SYNTHETIC_DEMO
2020-11-17,ARE_FUJ,VLSFO,616.17,SYNTHETIC_DEMO
2020-11-17,ARE_FUJ,MGO,780.27,SYNTHETIC_DEMO
2020-11-18,SGP_SIN,VLSFO,625.56,SYNTHETIC_DEMO
2020-11-18,SGP_SIN,MGO,802.84,SYNTHETIC_DEMO
2020-11-18,LKA_CMB,VLSFO,641.2,SYNTHETIC_DEMO
2020-11-18,LKA_CMB,MGO,822.91,SYNTHETIC_DEMO
2020-11-18,ARE_FUJ,VLSFO,619.31,SYNTHETIC_DEMO
2020-11-18,ARE_FUJ,MGO,794.81,SYNTHETIC_DEMO
2020-11-19,SGP_SIN,VLSFO,624.04,SYNTHETIC_DEMO
2020-11-19,SGP_SIN,MGO,820.77,SYNTHETIC_DEMO
2020-11-19,LKA_CMB,VLSFO,639.64,SYNTHETIC_DEMO
2020-11-19,LKA_CMB,MGO,841.29,SYNTHETIC_DEMO
2020-11-19,ARE_FUJ,VLSFO,617.8,SYNTHETIC_DEMO
2020-11-19,ARE_FUJ,MGO,812.56,SYNTHETIC_DEMO
2020-11-20,SGP_SIN,VLSFO,623.26,SYNTHETIC_DEMO
2020-11-20,SGP_SIN,MGO,785.07,SYNTHETIC_DEMO
2020-11-20,LKA_CMB,VLSFO,638.84,SYNTHETIC_DEMO
2020-11-20,LKA_CMB,MGO,804.7,SYNTHETIC_DEMO
2020-11-20,ARE_FUJ,VLSFO,617.03,SYNTHETIC_DEMO
2020-11-20,ARE_FUJ,MGO,777.22,SYNTHETIC_DEMO
2020-11-21,SGP_SIN,VLSFO,638.82,SYNTHETIC_DEMO
2020-11-21,SGP_SIN,MGO,804.84,SYNTHETIC_DEMO
2020-11-21,LKA_CMB,VLSFO,654.79,SYNTHETIC_DEMO
2020-11-21,LKA_CMB,MGO,824.96,SYNTHETIC_DEMO
2020-11-21,ARE_FUJ,VLSFO,632.43,SYNTHETIC_DEMO
2020-11-21,ARE_FUJ,MGO,796.79,SYNTHETIC_DEMO
2020-11-22,SGP_SIN,VLSFO,630.46,SYNTHETIC_DEMO
2020-11-22,SGP_SIN,MGO,825.18,SYNTHETIC_DEMO
2020-11-22,LKA_CMB,VLSFO,646.22,SYNTHETIC_DEMO
2020-11-22,LKA_CMB,MGO,845.81,SYNTHETIC_DEMO
2020-11-22,ARE_FUJ,VLSFO,624.16,SYNTHETIC_DEMO
2020-11-22,ARE_FUJ,MGO,816.93,SYNTHETIC_DEMO
2020-11-23,SGP_SIN,VLSFO,631.31,SYNTHETIC_DEMO
2020-11-23,SGP_SIN,MGO,809.67,SYNTHETIC_DEMO
2020-11-23,LKA_CMB,VLSFO,647.1,SYNTHETIC_DEMO
2020-11-23,LKA_CMB,MGO,829.92,SYNTHETIC_DEMO
2020-11-23,ARE_FUJ,VLSFO,625.0,SYNTHETIC_DEMO
2020-11-23,ARE_FUJ,MGO,801.58,SYNTHETIC_DEMO
2020-11-24,SGP_SIN,VLSFO,637.73,SYNTHETIC_DEMO
2020-11-24,SGP_SIN,MGO,824.05,SYNTHETIC_DEMO
2020-11-24,LKA_CMB,VLSFO,653.67,SYNTHETIC_DEMO
2020-11-24,LKA_CMB,MGO,844.65,SYNTHETIC_DEMO
2020-11-24,ARE_FUJ,VLSFO,631.35,SYNTHETIC_DEMO
2020-11-24,ARE_FUJ,MGO,815.81,SYNTHETIC_DEMO
2020-11-25,SGP_SIN,VLSFO,627.51,SYNTHETIC_DEMO
2020-11-25,SGP_SIN,MGO,806.99,SYNTHETIC_DEMO
2020-11-25,LKA_CMB,VLSFO,643.2,SYNTHETIC_DEMO
2020-11-25,LKA_CMB,MGO,827.17,SYNTHETIC_DEMO
2020-11-25,ARE_FUJ,VLSFO,621.23,SYNTHETIC_DEMO
2020-11-25,ARE_FUJ,MGO,798.92,SYNTHETIC_DEMO
2020-11-26,SGP_SIN,VLSFO,632.68,SYNTHETIC_DEMO
2020-11-26,SGP_SIN,MGO,791.54,SYNTHETIC_DEMO
2020-11-26,LKA_CMB,VLSFO,648.5,SYNTHETIC_DEMO
2020-11-26,LKA_CMB,MGO,811.32,SYNTHETIC_DEMO
2020-11-26,ARE_FUJ,VLSFO,626.35,SYNTHETIC_DEMO
2020-11-26,ARE_FUJ,MGO,783.62,SYNTHETIC_DEMO
2020-11-27,SGP_SIN,VLSFO,633.87,SYNTHETIC_DEMO
2020-11-27,SGP_SIN,MGO,811.59,SYNTHETIC_DEMO
2020-11-27,LKA_CMB,VLSFO,649.72,SYNTHETIC_DEMO
2020-11-27,LKA_CMB,MGO,831.88,SYNTHETIC_DEMO
2020-11-27,ARE_FUJ,VLSFO,627.54,SYNTHETIC_DEMO
2020-11-27,ARE_FUJ,MGO,803.48,SYNTHETIC_DEMO
2020-11-28,SGP_SIN,VLSFO,627.89,SYNTHETIC_DEMO
2020-11-28,SGP_SIN,MGO,793.22,SYNTHETIC_DEMO
2020-11-28,LKA_CMB,VLSFO,643.59,SYNTHETIC_DEMO
2020-11-28,LKA_CMB,MGO,813.05,SYNTHETIC_DEMO
2020-11-28,ARE_FUJ,VLSFO,621.61,SYNTHETIC_DEMO
2020-11-28,ARE_FUJ,MGO,785.29,SYNTHETIC_DEMO
2020-11-29,SGP_SIN,VLSFO,627.69,SYNTHETIC_DEMO
2020-11-29,SGP_SIN,MGO,808.84,SYNTHETIC_DEMO
2020-11-29,LKA_CMB,VLSFO,643.38,SYNTHETIC_DEMO
2020-11-29,LKA_CMB,MGO,829.06,SYNTHETIC_DEMO
2020-11-29,ARE_FUJ,VLSFO,621.41,SYNTHETIC_DEMO
2020-11-29,ARE_FUJ,MGO,800.75,SYNTHETIC_DEMO
2020-11-30,SGP_SIN,VLSFO,630.23,SYNTHETIC_DEMO
2020-11-30,SGP_SIN,MGO,806.45,SYNTHETIC_DEMO
2020-11-30,LKA_CMB,VLSFO,645.98,SYNTHETIC_DEMO
2020-11-30,LKA_CMB,MGO,826.61,SYNTHETIC_DEMO
2020-11-30,ARE_FUJ,VLSFO,623.93,SYNTHETIC_DEMO
2020-11-30,ARE_FUJ,MGO,798.39,SYNTHETIC_DEMO
2020-12-01,SGP_SIN,VLSFO,631.47,SYNTHETIC_DEMO
2020-12-01,SGP_SIN,MGO,814.61,SYNTHETIC_DEMO
2020-12-01,LKA_CMB,VLSFO,647.26,SYNTHETIC_DEMO
2020-12-01,LKA_CMB,MGO,834.97,SYNTHETIC_DEMO
2020-12-01,ARE_FUJ,VLSFO,625.16,SYNTHETIC_DEMO
2020-12-01,ARE_FUJ,MGO,806.46,SYNTHETIC_DEMO
2020-12-02,SGP_SIN,VLSFO,640.6,SYNTHETIC_DEMO
2020-12-02,SGP_SIN,MGO,825.15,SYNTHETIC_DEMO
2020-12-02,LKA_CMB,VLSFO,656.62,SYNTHETIC_DEMO
2020-12-02,LKA_CMB,MGO,845.78,SYNTHETIC_DEMO
2020-12-02,ARE_FUJ,VLSFO,634.19,SYNTHETIC_DEMO
2020-12-02,ARE_FUJ,MGO,816.9,SYNTHETIC_DEMO
2020-12-03,SGP_SIN,VLSFO,629.09,SYNTHETIC_DEMO
2020-12-03,SGP_SIN,MGO,815.81,SYNTHETIC_DEMO
2020-12-03,LKA_CMB,VLSFO,644.81,SYNTHETIC_DEMO
2020-12-03,LKA_CMB,MGO,836.21,SYNTHETIC_DEMO
2020-12-03,ARE_FUJ,VLSFO,622.8,SYNTHETIC_DEMO
2020-12-03,ARE_FUJ,MGO,807.66,SYNTHETIC_DEMO
2020-12-04,SGP_SIN,VLSFO,627.87,SYNTHETIC_DEMO
2020-12-04,SGP_SIN,MGO,801.46,SYNTHETIC_DEMO
2020-12-04,LKA_CMB,VLSFO,643.56,SYNTHETIC_DEMO
2020-12-04,LKA_CMB,MGO,821.49,SYNTHETIC_DEMO
2020-12-04,ARE_FUJ,VLSFO,621.59,SYNTHETIC_DEMO
2020-12-04,ARE_FUJ,MGO,793.44,SYNTHETIC_DEMO
2020-12-05,SGP_SIN,VLSFO,628.2,SYNTHETIC_DEMO
2020-12-05,SGP_SIN,MGO,802.47,SYNTHETIC_DEMO
2020-12-05,LKA_CMB,VLSFO,643.91,SYNTHETIC_DEMO
2020-12-05,LKA_CMB,MGO,822.53,SYNTHETIC_DEMO
2020-12-05,ARE_FUJ,VLSFO,621.92,SYNTHETIC_DEMO
2020-12-05,ARE_FUJ,MGO,794.44,SYNTHETIC_DEMO
2020-12-06,SGP_SIN,VLSFO,614.71,SYNTHETIC_DEMO
2020-12-06,SGP_SIN,MGO,788.71,SYNTHETIC_DEMO
2020-12-06,LKA_CMB,VLSFO,630.08,SYNTHETIC_DEMO
2020-12-06,LKA_CMB,MGO,808.43,SYNTHETIC_DEMO
2020-12-06,ARE_FUJ,VLSFO,608.56,SYNTHETIC_DEMO
2020-12-06,ARE_FUJ,MGO,780.82,SYNTHETIC_DEMO
2020-12-07,SGP_SIN,VLSFO,634.68,SYNTHETIC_DEMO
2020-12-07,SGP_SIN,MGO,808.85,SYNTHETIC_DEMO
2020-12-07,LKA_CMB,VLSFO,650.55,SYNTHETIC_DEMO
2020-12-07,LKA_CMB,MGO,829.08,SYNTHETIC_DEMO
2020-12-07,ARE_FUJ,VLSFO,628.34,SYNTHETIC_DEMO
2020-12-07,ARE_FUJ,MGO,800.77,SYNTHETIC_DEMO
2020-12-08,SGP_SIN,VLSFO,620.15,SYNTHETIC_DEMO
2020-12-08,SGP_SIN,MGO,789.71,SYNTHETIC_DEMO
2020-12-08,LKA_CMB,VLSFO,635.65,SYNTHETIC_DEMO
2020-12-08,LKA_CMB,MGO,809.45,SYNTHETIC_DEMO
2020-12-08,ARE_FUJ,VLSFO,613.95,SYNTHETIC_DEMO
2020-12-08,ARE_FUJ,MGO,781.81,SYNTHETIC_DEMO
2020-12-09,SGP_SIN,VLSFO,619.18,SYNTHETIC_DEMO
2020-12-09,SGP_SIN,MGO,797.42,SYNTHETIC_DEMO
2020-12-09,LKA_CMB,VLSFO,634.66,SYNTHETIC_DEMO
2020-12-09,LKA_CMB,MGO,817.35,SYNTHETIC_DEMO
2020-12-09,ARE_FUJ,VLSFO,612.99,SYNTHETIC_DEMO
2020-12-09,ARE_FUJ,MGO,789.44,SYNTHETIC_DEMO
2020-12-10,SGP_SIN,VLSFO,628.68,SYNTHETIC_DEMO
2020-12-10,SGP_SIN,MGO,806.5,SYNTHETIC_DEMO
2020-12-10,LKA_CMB,VLSFO,644.4,SYNTHETIC_DEMO
2020-12-10,LKA_CMB,MGO,826.66,SYNTHETIC_DEMO
2020-12-10,ARE_FUJ,VLSFO,622.4,SYNTHETIC_DEMO
2020-12-10,ARE_FUJ,MGO,798.43,SYNTHETIC_DEMO
2020-12-11,SGP_SIN,VLSFO,619.73,SYNTHETIC_DEMO
2020-12-11,SGP_SIN,MGO,787.0,SYNTHETIC_DEMO
2020-12-11,LKA_CMB,VLSFO,635.22,SYNTHETIC_DEMO
2020-12-11,LKA_CMB,MGO,806.68,SYNTHETIC_DEMO
2020-12-11,ARE_FUJ,VLSFO,613.53,SYNTHETIC_DEMO
2020-12-11,ARE_FUJ,MGO,779.13,SYNTHETIC_DEMO
2020-12-12,SGP_SIN,VLSFO,621.89,SYNTHETIC_DEMO
2020-12-12,SGP_SIN,MGO,801.17,SYNTHETIC_DEMO
2020-12-12,LKA_CMB,VLSFO,637.43,SYNTHETIC_DEMO
2020-12-12,LKA_CMB,MGO,821.2,SYNTHETIC_DEMO
2020-12-12,ARE_FUJ,VLSFO,615.67,SYNTHETIC_DEMO
2020-12-12,ARE_FUJ,MGO,793.16,SYNTHETIC_DEMO
2020-12-13,SGP_SIN,VLSFO,617.84,SYNTHETIC_DEMO
2020-12-13,SGP_SIN,MGO,788.15,SYNTHETIC_DEMO
2020-12-13,LKA_CMB,VLSFO,633.28,SYNTHETIC_DEMO
2020-12-13,LKA_CMB,MGO,807.85,SYNTHETIC_DEMO
2020-12-13,ARE_FUJ,VLSFO,611.66,SYNTHETIC_DEMO
2020-12-13,ARE_FUJ,MGO,780.27,SYNTHETIC_DEMO
2020-12-14,SGP_SIN,VLSFO,620.44,SYNTHETIC_DEMO
2020-12-14,SGP_SIN,MGO,798.63,SYNTHETIC_DEMO
2020-12-14,LKA_CMB,VLSFO,635.95,SYNTHETIC_DEMO
2020-12-14,LKA_CMB,MGO,818.6,SYNTHETIC_DEMO
2020-12-14,ARE_FUJ,VLSFO,614.23,SYNTHETIC_DEMO
2020-12-14,ARE_FUJ,MGO,790.65,SYNTHETIC_DEMO
2020-12-15,SGP_SIN,VLSFO,621.9,SYNTHETIC_DEMO
2020-12-15,SGP_SIN,MGO,786.17,SYNTHETIC_DEMO
2020-12-15,LKA_CMB,VLSFO,637.44,SYNTHETIC_DEMO
2020-12-15,LKA_CMB,MGO,805.83,SYNTHETIC_DEMO
2020-12-15,ARE_FUJ,VLSFO,615.68,SYNTHETIC_DEMO
2020-12-15,ARE_FUJ,MGO,778.31,SYNTHETIC_DEMO
2020-12-16,SGP_SIN,VLSFO,624.27,SYNTHETIC_DEMO
2020-12-16,SGP_SIN,MGO,804.06,SYNTHETIC_DEMO
2020-12-16,LKA_CMB,VLSFO,639.87,SYNTHETIC_DEMO
2020-12-16,LKA_CMB,MGO,824.16,SYNTHETIC_DEMO
2020-12-16,ARE_FUJ,VLSFO,618.02,SYNTHETIC_DEMO
2020-12-16,ARE_FUJ,MGO,796.02,SYNTHETIC_DEMO
2020-12-17,SGP_SIN,VLSFO,610.37,SYNTHETIC_DEMO
2020-12-17,SGP_SIN,MGO,760.29,SYNTHETIC_DEMO
2020-12-17,LKA_CMB,VLSFO,625.63,SYNTHETIC_DEMO
2020-12-17,LKA_CMB,MGO,779.3,SYNTHETIC_DEMO
2020-12-17,ARE_FUJ,VLSFO,604.27,SYNTHETIC_DEMO
2020-12-17,ARE_FUJ,MGO,752.69,SYNTHETIC_DEMO
2020-12-18,SGP_SIN,VLSFO,611.82,SYNTHETIC_DEMO
2020-12-18,SGP_SIN,MGO,780.79,SYNTHETIC_DEMO
2020-12-18,LKA_CMB,VLSFO,627.11,SYNTHETIC_DEMO
2020-12-18,LKA_CMB,MGO,800.31,SYNTHETIC_DEMO
2020-12-18,ARE_FUJ,VLSFO,605.7,SYNTHETIC_DEMO
2020-12-18,ARE_FUJ,MGO,772.98,SYNTHETIC_DEMO
2020-12-19,SGP_SIN,VLSFO,596.11,SYNTHETIC_DEMO
2020-12-19,SGP_SIN,MGO,772.87,SYNTHETIC_DEMO
2020-12-19,LKA_CMB,VLSFO,611.02,SYNTHETIC_DEMO
2020-12-19,LKA_CMB,MGO,792.19,SYNTHETIC_DEMO
2020-12-19,ARE_FUJ,VLSFO,590.15,SYNTHETIC_DEMO
2020-12-19,ARE_FUJ,MGO,765.14,SYNTHETIC_DEMO
2020-12-20,SGP_SIN,VLSFO,601.8,SYNTHETIC_DEMO
2020-12-20,SGP_SIN,MGO,758.43,SYNTHETIC_DEMO
2020-12-20,LKA_CMB,VLSFO,616.85,SYNTHETIC_DEMO
2020-12-20,LKA_CMB,MGO,777.39,SYNTHETIC_DEMO
2020-12-20,ARE_FUJ,VLSFO,595.78,SYNTHETIC_DEMO
2020-12-20,ARE_FUJ,MGO,750.84,SYNTHETIC_DEMO
2020-12-21,SGP_SIN,VLSFO,616.5,SYNTHETIC_DEMO
2020-12-21,SGP_SIN,MGO,791.36,SYNTHETIC_DEMO
2020-12-21,LKA_CMB,VLSFO,631.92,SYNTHETIC_DEMO
2020-12-21,LKA_CMB,MGO,811.14,SYNTHETIC_DEMO
2020-12-21,ARE_FUJ,VLSFO,610.34,SYNTHETIC_DEMO
2020-12-21,ARE_FUJ,MGO,783.45,SYNTHETIC_DEMO
2020-12-22,SGP_SIN,VLSFO,602.38,SYNTHETIC_DEMO
2020-12-22,SGP_SIN,MGO,762.33,SYNTHETIC_DEMO
2020-12-22,LKA_CMB,VLSFO,617.44,SYNTHETIC_DEMO
2020-12-22,LKA_CMB,MGO,781.39,SYNTHETIC_DEMO
2020-12-22,ARE_FUJ,VLSFO,596.36,SYNTHETIC_DEMO
2020-12-22,ARE_FUJ,MGO,754.71,SYNTHETIC_DEMO
2020-12-23,SGP_SIN,VLSFO,603.36,SYNTHETIC_DEMO
2020-12-23,SGP_SIN,MGO,768.99,SYNTHETIC_DEMO
2020-12-23,LKA_CMB,VLSFO,618.45,SYNTHETIC_DEMO
2020-12-23,LKA_CMB,MGO,788.22,SYNTHETIC_DEMO
2020-12-23,ARE_FUJ,VLSFO,597.33,SYNTHETIC_DEMO
2020-12-23,ARE_FUJ,MGO,761.3,SYNTHETIC_DEMO
2020-12-24,SGP_SIN,VLSFO,603.68,SYNTHETIC_DEMO
2020-12-24,SGP_SIN,MGO,784.1,SYNTHETIC_DEMO
2020-12-24,LKA_CMB,VLSFO,618.77,SYNTHETIC_DEMO
2020-12-24,LKA_CMB,MGO,803.7,SYNTHETIC_DEMO
2020-12-24,ARE_FUJ,VLSFO,597.64,SYNTHETIC_DEMO
2020-12-24,ARE_FUJ,MGO,776.26,SYNTHETIC_DEMO
2020-12-25,SGP_SIN,VLSFO,614.1,SYNTHETIC_DEMO
2020-12-25,SGP_SIN,MGO,781.76,SYNTHETIC_DEMO
2020-12-25,LKA_CMB,VLSFO,629.45,SYNTHETIC_DEMO
2020-12-25,LKA_CMB,MGO,801.3,SYNTHETIC_DEMO
2020-12-25,ARE_FUJ,VLSFO,607.96,SYNTHETIC_DEMO
2020-12-25,ARE_FUJ,MGO,773.94,SYNTHETIC_DEMO
2020-12-26,SGP_SIN,VLSFO,613.36,SYNTHETIC_DEMO
2020-12-26,SGP_SIN,MGO,771.67,SYNTHETIC_DEMO
2020-12-26,LKA_CMB,VLSFO,628.69,SYNTHETIC_DEMO
2020-12-26,LKA_CMB,MGO,790.96,SYNTHETIC_DEMO
2020-12-26,ARE_FUJ,VLSFO,607.22,SYNTHETIC_DEMO
2020-12-26,ARE_FUJ,MGO,763.95,SYNTHETIC_DEMO
2020-12-27,SGP_SIN,VLSFO,588.55,SYNTHETIC_DEMO
2020-12-27,SGP_SIN,MGO,753.4,SYNTHETIC_DEMO
2020-12-27,LKA_CMB,VLSFO,603.27,SYNTHETIC_DEMO
2020-12-27,LKA_CMB,MGO,772.23,SYNTHETIC_DEMO
2020-12-27,ARE_FUJ,VLSFO,582.67,SYNTHETIC_DEMO
2020-12-27,ARE_FUJ,MGO,745.86,SYNTHETIC_DEMO
2020-12-28,SGP_SIN,VLSFO,614.34,SYNTHETIC_DEMO
2020-12-28,SGP_SIN,MGO,790.74,SYNTHETIC_DEMO
2020-12-28,LKA_CMB,VLSFO,629.7,SYNTHETIC_DEMO
2020-12-28,LKA_CMB,MGO,810.51,SYNTHETIC_DEMO
2020-12-28,ARE_FUJ,VLSFO,608.2,SYNTHETIC_DEMO
2020-12-28,ARE_FUJ,MGO,782.83,SYNTHETIC_DEMO
2020-12-29,SGP_SIN,VLSFO,609.6,SYNTHETIC_DEMO
2020-12-29,SGP_SIN,MGO,776.4,SYNTHETIC_DEMO
2020-12-29,LKA_CMB,VLSFO,624.84,SYNTHETIC_DEMO
2020-12-29,LKA_CMB,MGO,795.81,SYNTHETIC_DEMO
2020-12-29,ARE_FUJ,VLSFO,603.5,SYNTHETIC_DEMO
2020-12-29,ARE_FUJ,MGO,768.64,SYNTHETIC_DEMO
2020-12-30,SGP_SIN,VLSFO,617.42,SYNTHETIC_DEMO
2020-12-30,SGP_SIN,MGO,787.54,SYNTHETIC_DEMO
2020-12-30,LKA_CMB,VLSFO,632.85,SYNTHETIC_DEMO
2020-12-30,LKA_CMB,MGO,807.23,SYNTHETIC_DEMO
2020-12-30,ARE_FUJ,VLSFO,611.24,SYNTHETIC_DEMO
2020-12-30,ARE_FUJ,MGO,779.67,SYNTHETIC_DEMO
2020-12-31,SGP_SIN,VLSFO,609.11,SYNTHETIC_DEMO
2020-12-31,SGP_SIN,MGO,793.94,SYNTHETIC_DEMO
2020-12-31,LKA_CMB,VLSFO,624.34,SYNTHETIC_DEMO
2020-12-31,LKA_CMB,MGO,813.79,SYNTHETIC_DEMO
2020-12-31,ARE_FUJ,VLSFO,603.02,SYNTHETIC_DEMO
2020-12-31,ARE_FUJ,MGO,786.0,SYNTHETIC_DEMO
2021-01-01,SGP_SIN,VLSFO,619.01,SYNTHETIC_DEMO
2021-01-01,SGP_SIN,MGO,779.52,SYNTHETIC_DEMO
2021-01-01,LKA_CMB,VLSFO,634.48,SYNTHETIC_DEMO
2021-01-01,LKA_CMB,MGO,799.01,SYNTHETIC_DEMO
2021-01-01,ARE_FUJ,VLSFO,612.82,SYNTHETIC_DEMO
2021-01-01,ARE_FUJ,MGO,771.72,SYNTHETIC_DEMO
2021-01-02,SGP_SIN,VLSFO,629.59,SYNTHETIC_DEMO
2021-01-02,SGP_SIN,MGO,804.29,SYNTHETIC_DEMO
2021-01-02,LKA_CMB,VLSFO,645.33,SYNTHETIC_DEMO
2021-01-02,LKA_CMB,MGO,824.4,SYNTHETIC_DEMO
2021-01-02,ARE_FUJ,VLSFO,623.3,SYNTHETIC_DEMO
2021-01-02,ARE_FUJ,MGO,796.25,SYNTHETIC_DEMO
2021-01-03,SGP_SIN,VLSFO,634.27,SYNTHETIC_DEMO
2021-01-03,SGP_SIN,MGO,815.46,SYNTHETIC_DEMO
2021-01-03,LKA_CMB,VLSFO,650.13,SYNTHETIC_DEMO
2021-01-03,LKA_CMB,MGO,835.84,SYNTHETIC_DEMO
2021-01-03,ARE_FUJ,VLSFO,627.93,SYNTHETIC_DEMO
2021-01-03,ARE_FUJ,MGO,807.3,SYNTHETIC_DEMO
2021-01-04,SGP_SIN,VLSFO,636.33,SYNTHETIC_DEMO
2021-01-04,SGP_SIN,MGO,809.61,SYNTHETIC_DEMO
2021-01-04,LKA_CMB,VLSFO,652.24,SYNTHETIC_DEMO
2021-01-04,LKA_CMB,MGO,829.85,SYNTHETIC_DEMO
2021-01-04,ARE_FUJ,VLSFO,629.97,SYNTHETIC_DEMO
2021-01-04,ARE_FUJ,MGO,801.51,SYNTHETIC_DEMO
2021-01-05,SGP_SIN,VLSFO,640.89,SYNTHETIC_DEMO
2021-01-05,SGP_SIN,MGO,828.15,SYNTHETIC_DEMO
2021-01-05,LKA_CMB,VLSFO,656.91,SYNTHETIC_DEMO
2021-01-05,LKA_CMB,MGO,848.85,SYNTHETIC_DEMO
2021-01-05,ARE_FUJ,VLSFO,634.48,SYNTHETIC_DEMO
2021-01-05,ARE_FUJ,MGO,819.87,SYNTHETIC_DEMO
2021-01-06,SGP_SIN,VLSFO,626.5,SYNTHETIC_DEMO
2021-01-06,SGP_SIN,MGO,805.18,SYNTHETIC_DEMO
2021-01-06,LKA_CMB,VLSFO,642.16,SYNTHETIC_DEMO
2021-01-06,LKA_CMB,MGO,825.31,SYNTHETIC_DEMO
2021-01-06,ARE_FUJ,VLSFO,620.23,SYNTHETIC_DEMO
2021-01-06,ARE_FUJ,MGO,797.13,SYNTHETIC_DEMO
2021-01-07,SGP_SIN,VLSFO,620.49,SYNTHETIC_DEMO
2021-01-07,SGP_SIN,MGO,793.68,SYNTHETIC_DEMO
2021-01-07,LKA_CMB,VLSFO,636.0,SYNTHETIC_DEMO
2021-01-07,LKA_CMB,MGO,813.52,SYNTHETIC_DEMO
2021-01-07,ARE_FUJ,VLSFO,614.28,SYNTHETIC_DEMO
2021-01-07,ARE_FUJ,MGO,785.74,SYNTHETIC_DEMO
2021-01-08,SGP_SIN,VLSFO,613.74,SYNTHETIC_DEMO
2021-01-08,SGP_SIN,MGO,788.09,SYNTHETIC_DEMO
2021-01-08,LKA_CMB,VLSFO,629.09,SYNTHETIC_DEMO
2021-01-08,LKA_CMB,MGO,807.8,SYNTHETIC_DEMO
2021-01-08,ARE_FUJ,VLSFO,607.61,SYNTHETIC_DEMO
2021-01-08,ARE_FUJ,MGO,780.21,SYNTHETIC_DEMO
2021-01-09,SGP_SIN,VLSFO,624.1,SYNTHETIC_DEMO
2021-01-09,SGP_SIN,MGO,796.73,SYNTHETIC_DEMO
2021-01-09,LKA_CMB,VLSFO,639.7,SYNTHETIC_DEMO
2021-01-09,LKA_CMB,MGO,816.65,SYNTHETIC_DEMO
2021-01-09,ARE_FUJ,VLSFO,617.86,SYNTHETIC_DEMO
2021-01-09,ARE_FUJ,MGO,788.76,SYNTHETIC_DEMO
2021-01-10,SGP_SIN,VLSFO,609.55,SYNTHETIC_DEMO
2021-01-10,SGP_SIN,MGO,785.72,SYNTHETIC_DEMO
2021-01-10,LKA_CMB,VLSFO,624.79,SYNTHETIC_DEMO
2021-01-10,LKA_CMB,MGO,805.36,SYNTHETIC_DEMO
2021-01-10,ARE_FUJ,VLSFO,603.45,SYNTHETIC_DEMO
2021-01-10,ARE_FUJ,MGO,777.86,SYNTHETIC_DEMO
2021-01-11,SGP_SIN,VLSFO,614.85,SYNTHETIC_DEMO
2021-01-11,SGP_SIN,MGO,779.37,SYNTHETIC_DEMO
2021-01-11,LKA_CMB,VLSFO,630.22,SYNTHETIC_DEMO
2021-01-11,LKA_CMB,MGO,798.86,SYNTHETIC_DEMO
2021-01-11,ARE_FUJ,VLSFO,608.7,SYNTHETIC_DEMO
2021-01-11,ARE_FUJ,MGO,771.58,SYNTHETIC_DEMO
2021-01-12,SGP_SIN,VLSFO,606.12,SYNTHETIC_DEMO
2021-01-12,SGP_SIN,MGO,782.67,SYNTHETIC_DEMO
2021-01-12,LKA_CMB,VLSFO,621.27,SYNTHETIC_DEMO
2021-01-12,LKA_CMB,MGO,802.24,SYNTHETIC_DEMO
2021-01-12,ARE_FUJ,VLSFO,600.06,SYNTHETIC_DEMO
2021-01-12,ARE_FUJ,MGO,774.84,SYNTHETIC_DEMO
2021-01-13,SGP_SIN,VLSFO,602.91,SYNTHETIC_DEMO
2021-01-13,SGP_SIN,MGO,761.83,SYNTHETIC_DEMO
2021-01-13,LKA_CMB,VLSFO,617.98,SYNTHETIC_DEMO
2021-01-13,LKA_CMB,MGO,780.87,SYNTHETIC_DEMO
2021-01-13,ARE_FUJ,VLSFO,596.88,SYNTHETIC_DEMO
2021-01-13,ARE_FUJ,MGO,754.21,SYNTHETIC_DEMO
2021-01-14,SGP_SIN,VLSFO,608.02,SYNTHETIC_DEMO
2021-01-14,SGP_SIN,MGO,792.88,SYNTHETIC_DEMO
2021-01-14,LKA_CMB,VLSFO,623.22,SYNTHETIC_DEMO
2021-01-14,LKA_CMB,MGO,812.7,SYNTHETIC_DEMO
2021-01-14,ARE_FUJ,VLSFO,601.94,SYNTHETIC_DEMO
2021-01-14,ARE_FUJ,MGO,784.95,SYNTHETIC_DEMO
2021-01-15,SGP_SIN,VLSFO,607.26,SYNTHETIC_DEMO
2021-01-15,SGP_SIN,MGO,788.01,SYNTHETIC_DEMO
2021-01-15,LKA_CMB,VLSFO,622.44,SYNTHETIC_DEMO
2021-01-15,LKA_CMB,MGO,807.71,SYNTHETIC_DEMO
2021-01-15,ARE_FUJ,VLSFO,601.18,SYNTHETIC_DEMO
2021-01-15,ARE_FUJ,MGO,780.13,SYNTHETIC_DEMO
2021-01-16,SGP_SIN,VLSFO,617.72,SYNTHETIC_DEMO
2021-01-16,SGP_SIN,MGO,786.22,SYNTHETIC_DEMO
2021-01-16,LKA_CMB,VLSFO,633.16,SYNTHETIC_DEMO
2021-01-16,LKA_CMB,MGO,805.88,SYNTHETIC_DEMO
2021-01-16,ARE_FUJ,VLSFO,611.54,SYNTHETIC_DEMO
2021-01-16,ARE_FUJ,MGO,778.36,SYNTHETIC_DEMO
2021-01-17,SGP_SIN,VLSFO,614.17,SYNTHETIC_DEMO
2021-01-17,SGP_SIN,MGO,772.2,SYNTHETIC_DEMO
2021-01-17,LKA_CMB,VLSFO,629.52,SYNTHETIC_DEMO
2021-01-17,LKA_CMB,MGO,791.5,SYNTHETIC_DEMO
2021-01-17,ARE_FUJ,VLSFO,608.03,SYNTHETIC_DEMO
2021-01-17,ARE_FUJ,MGO,764.48,SYNTHETIC_DEMO
2021-01-18,SGP_SIN,VLSFO,605.06,SYNTHETIC_DEMO
2021-01-18,SGP_SIN,MGO,762.65,SYNTHETIC_DEMO
2021-01-18,LKA_CMB,VLSFO,620.19,SYNTHETIC_DEMO
2021-01-18,LKA_CMB,MGO,781.72,SYNTHETIC_DEMO
2021-01-18,ARE_FUJ,VLSFO,599.01,SYNTHETIC_DEMO
2021-01-18,ARE_FUJ,MGO,755.03,SYNTHETIC_DEMO
2021-01-19,SGP_SIN,VLSFO,614.56,SYNTHETIC_DEMO
2021-01-19,SGP_SIN,MGO,787.86,SYNTHETIC_DEMO
2021-01-19,LKA_CMB,VLSFO,629.92,SYNTHETIC_DEMO
2021-01-19,LKA_CMB,MGO,807.56,SYNTHETIC_DEMO
2021-01-19,ARE_FUJ,VLSFO,608.41,SYNTHETIC_DEMO
2021-01-19,ARE_FUJ,MGO,779.98,SYNTHETIC_DEMO
2021-01-20,SGP_SIN,VLSFO,616.83,SYNTHETIC_DEMO
2021-01-20,SGP_SIN,MGO,791.75,SYNTHETIC_DEMO
2021-01-20,LKA_CMB,VLSFO,632.25,SYNTHETIC_DEMO
2021-01-20,LKA_CMB,MGO,811.54,SYNTHETIC_DEMO
2021-01-20,ARE_FUJ,VLSFO,610.66,SYNTHETIC_DEMO
2021-01-20,ARE_FUJ,MGO,783.83,SYNTHETIC_DEMO
2021-01-21,SGP_SIN,VLSFO,616.99,SYNTHETIC_DEMO
2021-01-21,SGP_SIN,MGO,794.94,SYNTHETIC_DEMO
2021-01-21,LKA_CMB,VLSFO,632.42,SYNTHETIC_DEMO
2021-01-21,LKA_CMB,MGO,814.82,SYNTHETIC_DEMO
2021-01-21,ARE_FUJ,VLSFO,610.82,SYNTHETIC_DEMO
2021-01-21,ARE_FUJ,MGO,786.99,SYNTHETIC_DEMO
2021-01-22,SGP_SIN,VLSFO,621.49,SYNTHETIC_DEMO
2021-01-22,SGP_SIN,MGO,788.81,SYNTHETIC_DEMO
2021-01-22,LKA_CMB,VLSFO,637.03,SYNTHETIC_DEMO
2021-01-22,LKA_CMB,MGO,808.53,SYNTHETIC_DEMO
2021-01-22,ARE_FUJ,VLSFO,615.28,SYNTHETIC_DEMO
2021-01-22,ARE_FUJ,MGO,780.92,SYNTHETIC_DEMO
2021-01-23,SGP_SIN,VLSFO,615.77,SYNTHETIC_DEMO
2021-01-23,SGP_SIN,MGO,783.37,SYNTHETIC_DEMO
2021-01-23,LKA_CMB,VLSFO,631.17,SYNTHETIC_DEMO
2021-01-23,LKA_CMB,MGO,802.96,SYNTHETIC_DEMO
2021-01-23,ARE_FUJ,VLSFO,609.61,SYNTHETIC_DEMO
2021-01-23,ARE_FUJ,MGO,775.54,SYNTHETIC_DEMO
2021-01-24,SGP_SIN,VLSFO,616.87,SYNTHETIC_DEMO
2021-01-24,SGP_SIN,MGO,794.5,SYNTHETIC_DEMO
2021-01-24,LKA_CMB,VLSFO,632.3,SYNTHETIC_DEMO
2021-01-24,LKA_CMB,MGO,814.36,SYNTHETIC_DEMO
2021-01-24,ARE_FUJ,VLSFO,610.71,SYNTHETIC_DEMO
2021-01-24,ARE_FUJ,MGO,786.55,SYNTHETIC_DEMO
2021-01-25,SGP_SIN,VLSFO,607.0,SYNTHETIC_DEMO
2021-01-25,SGP_SIN,MGO,773.35,SYNTHETIC_DEMO
2021-01-25,LKA_CMB,VLSFO,622.17,SYNTHETIC_DEMO
2021-01-25,LKA_CMB,MGO,792.68,SYNTHETIC_DEMO
2021-01-25,ARE_FUJ,VLSFO,600.93,SYNTHETIC_DEMO
2021-01-25,ARE_FUJ,MGO,765.62,SYNTHETIC_DEMO
2021-01-26,SGP_SIN,VLSFO,623.09,SYNTHETIC_DEMO
2021-01-26,SGP_SIN,MGO,791.72,SYNTHETIC_DEMO
2021-01-26,LKA_CMB,VLSFO,638.67,SYNTHETIC_DEMO
2021-01-26,LKA_CMB,MGO,811.51,SYNTHETIC_DEMO
2021-01-26,ARE_FUJ,VLSFO,616.86,SYNTHETIC_DEMO
2021-01-26,ARE_FUJ,MGO,783.8,SYNTHETIC_DEMO
2021-01-27,SGP_SIN,VLSFO,608.94,SYNTHETIC_DEMO
2021-01-27,SGP_SIN,MGO,777.72,SYNTHETIC_DEMO
2021-01-27,LKA_CMB,VLSFO,624.16,SYNTHETIC_DEMO
2021-01-27,LKA_CMB,MGO,797.16,SYNTHETIC_DEMO
2021-01-27,ARE_FUJ,VLSFO,602.85,SYNTHETIC_DEMO
2021-01-27,ARE_FUJ,MGO,769.94,SYNTHETIC_DEMO
2021-01-28,SGP_SIN,VLSFO,607.2,SYNTHETIC_DEMO
2021-01-28,SGP_SIN,MGO,784.46,SYNTHETIC_DEMO
2021-01-28,LKA_CMB,VLSFO,622.38,SYNTHETIC_DEMO
2021-01-28,LKA_CMB,MGO,804.07,SYNTHETIC_DEMO
2021-01-28,ARE_FUJ,VLSFO,601.12,SYNTHETIC_DEMO
2021-01-28,ARE_FUJ,MGO,776.62,SYNTHETIC_DEMO
2021-01-29,SGP_SIN,VLSFO,604.46,SYNTHETIC_DEMO
2021-01-29,SGP_SIN,MGO,777.21,SYNTHETIC_DEMO
2021-01-29,LKA_CMB,VLSFO,619.57,SYNTHETIC_DEMO
2021-01-29,LKA_CMB,MGO,796.64,SYNTHETIC_DEMO
2021-01-29,ARE_FUJ,VLSFO,598.41,SYNTHETIC_DEMO
2021-01-29,ARE_FUJ,MGO,769.44,SYNTHETIC_DEMO
2021-01-30,SGP_SIN,VLSFO,609.91,SYNTHETIC_DEMO
2021-01-30,SGP_SIN,MGO,788.57,SYNTHETIC_DEMO
2021-01-30,LKA_CMB,VLSFO,625.15,SYNTHETIC_DEMO
2021-01-30,LKA_CMB,MGO,808.29,SYNTHETIC_DEMO
2021-01-30,ARE_FUJ,VLSFO,603.81,SYNTHETIC_DEMO
2021-01-30,ARE_FUJ,MGO,780.69,SYNTHETIC_DEMO
2021-01-31,SGP_SIN,VLSFO,599.39,SYNTHETIC_DEMO
2021-01-31,SGP_SIN,MGO,770.55,SYNTHETIC_DEMO
2021-01-31,LKA_CMB,VLSFO,614.37,SYNTHETIC_DEMO
2021-01-31,LKA_CMB,MGO,789.81,SYNTHETIC_DEMO
2021-01-31,ARE_FUJ,VLSFO,593.39,SYNTHETIC_DEMO
2021-01-31,ARE_FUJ,MGO,762.84,SYNTHETIC_DEMO
2021-02-01,SGP_SIN,VLSFO,606.19,SYNTHETIC_DEMO
2021-02-01,SGP_SIN,MGO,782.62,SYNTHETIC_DEMO
2021-02-01,LKA_CMB,VLSFO,621.35,SYNTHETIC_DEMO
2021-02-01,LKA_CMB,MGO,802.18,SYNTHETIC_DEMO
2021-02-01,ARE_FUJ,VLSFO,600.13,SYNTHETIC_DEMO
2021-02-01,ARE_FUJ,MGO,774.79,SYNTHETIC_DEMO
2021-02-02,SGP_SIN,VLSFO,601.09,SYNTHETIC_DEMO
2021-02-02,SGP_SIN,MGO,767.16,SYNTHETIC_DEMO
2021-02-02,LKA_CMB,VLSFO,616.12,SYNTHETIC_DEMO
2021-02-02,LKA_CMB,MGO,786.34,SYNTHETIC_DEMO
2021-02-02,ARE_FUJ,VLSFO,595.08,SYNTHETIC_DEMO
2021-02-02,ARE_FUJ,MGO,759.49,SYNTHETIC_DEMO
2021-02-03,SGP_SIN,VLSFO,609.8,SYNTHETIC_DEMO
2021-02-03,SGP_SIN,MGO,779.84,SYNTHETIC_DEMO
2021-02-03,LKA_CMB,VLSFO,625.05,SYNTHETIC_DEMO
2021-02-03,LKA_CMB,MGO,799.34,SYNTHETIC_DEMO
2021-02-03,ARE_FUJ,VLSFO,603.7,SYNTHETIC_DEMO
2021-02-03,ARE_FUJ,MGO,772.04,SYNTHETIC_DEMO
2021-02-04,SGP_SIN,VLSFO,588.84,SYNTHETIC_DEMO
2021-02-04,SGP_SIN,MGO,745.05,SYNTHETIC_DEMO
2021-02-04,LKA_CMB,VLSFO,603.56,SYNTHETIC_DEMO
2021-02-04,LKA_CMB,MGO,763.68,SYNTHETIC_DEMO
2021-02-04,ARE_FUJ,VLSFO,582.95,SYNTHETIC_DEMO
2021-02-04,ARE_FUJ,MGO,737.6,SYNTHETIC_DEMO
2021-02-05,SGP_SIN,VLSFO,605.37,SYNTHETIC_DEMO
2021-02-05,SGP_SIN,MGO,779.32,SYNTHETIC_DEMO
2021-02-05,LKA_CMB,VLSFO,620.51,SYNTHETIC_DEMO
2021-02-05,LKA_CMB,MGO,798.8,SYNTHETIC_DEMO
2021-02-05,ARE_FUJ,VLSFO,599.32,SYNTHETIC_DEMO
2021-02-05,ARE_FUJ,MGO,771.53,SYNTHETIC_DEMO
2021-02-06,SGP_SIN,VLSFO,619.33,SYNTHETIC_DEMO
2021-02-06,SGP_SIN,MGO,797.48,SYNTHETIC_DEMO
2021-02-06,LKA_CMB,VLSFO,634.82,SYNTHETIC_DEMO
2021-02-06,LKA_CMB,MGO,817.41,SYNTHETIC_DEMO
2021-02-06,ARE_FUJ,VLSFO,613.14,SYNTHETIC_DEMO
2021-02-06,ARE_FUJ,MGO,789.5,SYNTHETIC_DEMO
2021-02-07,SGP_SIN,VLSFO,617.77,SYNTHETIC_DEMO
2021-02-07,SGP_SIN,MGO,785.5,SYNTHETIC_DEMO
2021-02-07,LKA_CMB,VLSFO,633.22,SYNTHETIC_DEMO
2021-02-07,LKA_CMB,MGO,805.14,SYNTHETIC_DEMO
2021-02-07,ARE_FUJ,VLSFO,611.6,SYNTHETIC_DEMO
2021-02-07,ARE_FUJ,MGO,777.64,SYNTHETIC_DEMO
2021-02-08,SGP_SIN,VLSFO,623.68,SYNTHETIC_DEMO
2021-02-08,SGP_SIN,MGO,796.13,SYNTHETIC_DEMO
2021-02-08,LKA_CMB,VLSFO,639.27,SYNTHETIC_DEMO
2021-02-08,LKA_CMB,MGO,816.04,SYNTHETIC_DEMO
2021-02-08,ARE_FUJ,VLSFO,617.44,SYNTHETIC_DEMO
2021-02-08,ARE_FUJ,MGO,788.17,SYNTHETIC_DEMO
2021-02-09,SGP_SIN,VLSFO,618.43,SYNTHETIC_DEMO
2021-02-09,SGP_SIN,MGO,789.95,SYNTHETIC_DEMO
2021-02-09,LKA_CMB,VLSFO,633.9,SYNTHETIC_DEMO
2021-02-09,LKA_CMB,MGO,809.7,SYNTHETIC_DEMO
2021-02-09,ARE_FUJ,VLSFO,612.25,SYNTHETIC_DEMO
2021-02-09,ARE_FUJ,MGO,782.05,SYNTHETIC_DEMO
2021-02-10,SGP_SIN,VLSFO,616.93,SYNTHETIC_DEMO
2021-02-10,SGP_SIN,MGO,781.27,SYNTHETIC_DEMO
2021-02-10,LKA_CMB,VLSFO,632.36,SYNTHETIC_DEMO
2021-02-10,LKA_CMB,MGO,800.8,SYNTHETIC_DEMO
2021-02-10,ARE_FUJ,VLSFO,610.76,SYNTHETIC_DEMO
2021-02-10,ARE_FUJ,MGO,773.46,SYNTHETIC_DEMO
2021-02-11,SGP_SIN,VLSFO,618.51,SYNTHETIC_DEMO
2021-02-11,SGP_SIN,MGO,796.83,SYNTHETIC_DEMO
2021-02-11,LKA_CMB,VLSFO,633.97,SYNTHETIC_DEMO
2021-02-11,LKA_CMB,MGO,816.75,SYNTHETIC_DEMO
2021-02-11,ARE_FUJ,VLSFO,612.32,SYNTHETIC_DEMO
2021-02-11,ARE_FUJ,MGO,788.86,SYNTHETIC_DEMO
2021-02-12,SGP_SIN,VLSFO,609.24,SYNTHETIC_DEMO
2021-02-12,SGP_SIN,MGO,789.64,SYNTHETIC_DEMO
2021-02-12,LKA_CMB,VLSFO,624.47,SYNTHETIC_DEMO
2021-02-12,LKA_CMB,MGO,809.38,SYNTHETIC_DEMO
2021-02-12,ARE_FUJ,VLSFO,603.14,SYNTHETIC_DEMO
2021-02-12,ARE_FUJ,MGO,781.74,SYNTHETIC_DEMO
2021-02-13,SGP_SIN,VLSFO,607.73,SYNTHETIC_DEMO
2021-02-13,SGP_SIN,MGO,770.42,SYNTHETIC_DEMO
2021-02-13,LKA_CMB,VLSFO,622.92,SYNTHETIC_DEMO
2021-02-13,LKA_CMB,MGO,789.68,SYNTHETIC_DEMO
2021-02-13,ARE_FUJ,VLSFO,601.65,SYNTHETIC_DEMO
2021-02-13,ARE_FUJ,MGO,762.72,SYNTHETIC_DEMO
2021-02-14,SGP_SIN,VLSFO,624.46,SYNTHETIC_DEMO
2021-02-14,SGP_SIN,MGO,810.03,SYNTHETIC_DEMO
2021-02-14,LKA_CMB,VLSFO,640.07,SYNTHETIC_DEMO
2021-02-14,LKA_CMB,MGO,830.28,SYNTHETIC_DEMO
2021-02-14,ARE_FUJ,VLSFO,618.21,SYNTHETIC_DEMO
2021-02-14,ARE_FUJ,MGO,801.93,SYNTHETIC_DEMO
2021-02-15,SGP_SIN,VLSFO,623.18,SYNTHETIC_DEMO
2021-02-15,SGP_SIN,MGO,803.49,SYNTHETIC_DEMO
2021-02-15,LKA_CMB,VLSFO,638.75,SYNTHETIC_DEMO
2021-02-15,LKA_CMB,MGO,823.58,SYNTHETIC_DEMO
2021-02-15,ARE_FUJ,VLSFO,616.94,SYNTHETIC_DEMO
2021-02-15,ARE_FUJ,MGO,795.46,SYNTHETIC_DEMO
2021-02-16,SGP_SIN,VLSFO,636.0,SYNTHETIC_DEMO
2021-02-16,SGP_SIN,MGO,825.85,SYNTHETIC_DEMO
2021-02-16,LKA_CMB,VLSFO,651.9,SYNTHETIC_DEMO
2021-02-16,LKA_CMB,MGO,846.49,SYNTHETIC_DEMO
2021-02-16,ARE_FUJ,VLSFO,629.64,SYNTHETIC_DEMO
2021-02-16,ARE_FUJ,MGO,817.59,SYNTHETIC_DEMO
2021-02-17,SGP_SIN,VLSFO,627.35,SYNTHETIC_DEMO
2021-02-17,SGP_SIN,MGO,791.63,SYNTHETIC_DEMO
2021-02-17,LKA_CMB,VLSFO,643.04,SYNTHETIC_DEMO
2021-02-17,LKA_CMB,MGO,811.42,SYNTHETIC_DEMO
2021-02-17,ARE_FUJ,VLSFO,621.08,SYNTHETIC_DEMO
2021-02-17,ARE_FUJ,MGO,783.72,SYNTHETIC_DEMO
2021-02-18,SGP_SIN,VLSFO,633.84,SYNTHETIC_DEMO
2021-02-18,SGP_SIN,MGO,799.13,SYNTHETIC_DEMO
2021-02-18,LKA_CMB,VLSFO,649.68,SYNTHETIC_DEMO
2021-02-18,LKA_CMB,MGO,819.1,SYNTHETIC_DEMO
2021-02-18,ARE_FUJ,VLSFO,627.5,SYNTHETIC_DEMO
2021-02-18,ARE_FUJ,MGO,791.13,SYNTHETIC_DEMO
2021-02-19,SGP_SIN,VLSFO,633.6,SYNTHETIC_DEMO
2021-02-19,SGP_SIN,MGO,815.66,SYNTHETIC_DEMO
2021-02-19,LKA_CMB,VLSFO,649.44,SYNTHETIC_DEMO
2021-02-19,LKA_CMB,MGO,836.05,SYNTHETIC_DEMO
2021-02-19,ARE_FUJ,VLSFO,627.27,SYNTHETIC_DEMO
2021-02-19,ARE_FUJ,MGO,807.5,SYNTHETIC_DEMO
2021-02-20,SGP_SIN,VLSFO,614.21,SYNTHETIC_DEMO
2021-02-20,SGP_SIN,MGO,789.29,SYNTHETIC_DEMO
2021-02-20,LKA_CMB,VLSFO,629.57,SYNTHETIC_DEMO
2021-02-20,LKA_CMB,MGO,809.02,SYNTHETIC_DEMO
2021-02-20,ARE_FUJ,VLSFO,608.07,SYNTHETIC_DEMO
2021-02-20,ARE_FUJ,MGO,781.39,SYNTHETIC_DEMO
2021-02-21,SGP_SIN,VLSFO,617.13,SYNTHETIC_DEMO
2021-02-21,SGP_SIN,MGO,788.36,SYNTHETIC_DEMO
2021-02-21,LKA_CMB,VLSFO,632.56,SYNTHETIC_DEMO
2021-02-21,LKA_CMB,MGO,808.07,SYNTHETIC_DEMO
2021-02-21,ARE_FUJ,VLSFO,610.96,SYNTHETIC_DEMO
2021-02-21,ARE_FUJ,MGO,780.48,SYNTHETIC_DEMO
2021-02-22,SGP_SIN,VLSFO,610.73,SYNTHETIC_DEMO
2021-02-22,SGP_SIN,MGO,783.45,SYNTHETIC_DEMO
2021-02-22,LKA_CMB,VLSFO,626.0,SYNTHETIC_DEMO
2021-02-22,LKA_CMB,MGO,803.04,SYNTHETIC_DEMO
2021-02-22,ARE_FUJ,VLSFO,604.62,SYNTHETIC_DEMO
2021-02-22,ARE_FUJ,MGO,775.62,SYNTHETIC_DEMO
2021-02-23,SGP_SIN,VLSFO,610.2,SYNTHETIC_DEMO
2021-02-23,SGP_SIN,MGO,790.46,SYNTHETIC_DEMO
2021-02-23,LKA_CMB,VLSFO,625.46,SYNTHETIC_DEMO
2021-02-23,LKA_CMB,MGO,810.22,SYNTHETIC_DEMO
2021-02-23,ARE_FUJ,VLSFO,604.1,SYNTHETIC_DEMO
2021-02-23,ARE_FUJ,MGO,782.55,SYNTHETIC_DEMO
2021-02-24,SGP_SIN,VLSFO,605.61,SYNTHETIC_DEMO
2021-02-24,SGP_SIN,MGO,773.98,SYNTHETIC_DEMO
2021-02-24,LKA_CMB,VLSFO,620.75,SYNTHETIC_DEMO
2021-02-24,LKA_CMB,MGO,793.33,SYNTHETIC_DEMO
2021-02-24,ARE_FUJ,VLSFO,599.56,SYNTHETIC_DEMO
2021-02-24,ARE_FUJ,MGO,766.24,SYNTHETIC_DEMO
2021-02-25,SGP_SIN,VLSFO,610.9,SYNTHETIC_DEMO
2021-02-25,SGP_SIN,MGO,779.41,SYNTHETIC_DEMO
2021-02-25,LKA_CMB,VLSFO,626.17,SYNTHETIC_DEMO
2021-02-25,LKA_CMB,MGO,798.9,SYNTHETIC_DEMO
2021-02-25,ARE_FUJ,VLSFO,604.79,SYNTHETIC_DEMO
2021-02-25,ARE_FUJ,MGO,771.62,SYNTHETIC_DEMO
2021-02-26,SGP_SIN,VLSFO,608.32,SYNTHETIC_DEMO
2021-02-26,SGP_SIN,MGO,776.24,SYNTHETIC_DEMO
2021-02-26,LKA_CMB,VLSFO,623.52,SYNTHETIC_DEMO
2021-02-26,LKA_CMB,MGO,795.64,SYNTHETIC_DEMO
2021-02-26,ARE_FUJ,VLSFO,602.23,SYNTHETIC_DEMO
2021-02-26,ARE_FUJ,MGO,768.48,SYNTHETIC_DEMO
2021-02-27,SGP_SIN,VLSFO,616.43,SYNTHETIC_DEMO
2021-02-27,SGP_SIN,MGO,778.72,SYNTHETIC_DEMO
2021-02-27,LKA_CMB,VLSFO,631.84,SYNTHETIC_DEMO
2021-02-27,LKA_CMB,MGO,798.19,SYNTHETIC_DEMO
2021-02-27,ARE_FUJ,VLSFO,610.27,SYNTHETIC_DEMO
2021-02-27,ARE_FUJ,MGO,770.94,SYNTHETIC_DEMO
2021-02-28,SGP_SIN,VLSFO,613.91,SYNTHETIC_DEMO
2021-02-28,SGP_SIN,MGO,779.04,SYNTHETIC_DEMO
2021-02-28,LKA_CMB,VLSFO,629.26,SYNTHETIC_DEMO
2021-02-28,LKA_CMB,MGO,798.52,SYNTHETIC_DEMO
2021-02-28,ARE_FUJ,VLSFO,607.77,SYNTHETIC_DEMO
2021-02-28,ARE_FUJ,MGO,771.25,SYNTHETIC_DEMO
2021-03-01,SGP_SIN,VLSFO,607.47,SYNTHETIC_DEMO
2021-03-01,SGP_SIN,MGO,780.04,SYNTHETIC_DEMO
2021-03-01,LKA_CMB,VLSFO,622.66,SYNTHETIC_DEMO
2021-03-01,LKA_CMB,MGO,799.55,SYNTHETIC_DEMO
2021-03-01,ARE_FUJ,VLSFO,601.39,SYNTHETIC_DEMO
2021-03-01,ARE_FUJ,MGO,772.24,SYNTHETIC_DEMO
2021-03-02,SGP_SIN,VLSFO,610.79,SYNTHETIC_DEMO
2021-03-02,SGP_SIN,MGO,783.28,SYNTHETIC_DEMO
2021-03-02,LKA_CMB,VLSFO,626.06,SYNTHETIC_DEMO
2021-03-02,LKA_CMB,MGO,802.86,SYNTHETIC_DEMO
2021-03-02,ARE_FUJ,VLSFO,604.68,SYNTHETIC_DEMO
2021-03-02,ARE_FUJ,MGO,775.44,SYNTHETIC_DEMO
2021-03-03,SGP_SIN,VLSFO,614.51,SYNTHETIC_DEMO
2021-03-03,SGP_SIN,MGO,788.67,SYNTHETIC_DEMO
2021-03-03,LKA_CMB,VLSFO,629.88,SYNTHETIC_DEMO
2021-03-03,LKA_CMB,MGO,808.39,SYNTHETIC_DEMO
2021-03-03,ARE_FUJ,VLSFO,608.37,SYNTHETIC_DEMO
2021-03-03,ARE_FUJ,MGO,780.78,SYNTHETIC_DEMO
2021-03-04,SGP_SIN,VLSFO,611.27,SYNTHETIC_DEMO
2021-03-04,SGP_SIN,MGO,785.4,SYNTHETIC_DEMO
2021-03-04,LKA_CMB,VLSFO,626.55,SYNTHETIC_DEMO
2021-03-04,LKA_CMB,MGO,805.03,SYNTHETIC_DEMO
2021-03-04,ARE_FUJ,VLSFO,605.16,SYNTHETIC_DEMO
2021-03-04,ARE_FUJ,MGO,777.54,SYNTHETIC_DEMO
2021-03-05,SGP_SIN,VLSFO,619.09,SYNTHETIC_DEMO
2021-03-05,SGP_SIN,MGO,789.64,SYNTHETIC_DEMO
2021-03-05,LKA_CMB,VLSFO,634.56,SYNTHETIC_DEMO
2021-03-05,LKA_CMB,MGO,809.38,SYNTHETIC_DEMO
2021-03-05,ARE_FUJ,VLSFO,612.89,SYNTHETIC_DEMO
2021-03-05,ARE_FUJ,MGO,781.74,SYNTHETIC_DEMO
2021-03-06,SGP_SIN,VLSFO,620.07,SYNTHETIC_DEMO
2021-03-06,SGP_SIN,MGO,794.47,SYNTHETIC_DEMO
2021-03-06,LKA_CMB,VLSFO,635.57,SYNTHETIC_DEMO
2021-03-06,LKA_CMB,MGO,814.33,SYNTHETIC_DEMO
2021-03-06,ARE_FUJ,VLSFO,613.87,SYNTHETIC_DEMO
2021-03-06,ARE_FUJ,MGO,786.53,SYNTHETIC_DEMO
2021-03-07,SGP_SIN,VLSFO,610.48,SYNTHETIC_DEMO
2021-03-07,SGP_SIN,MGO,791.09,SYNTHETIC_DEMO
2021-03-07,LKA_CMB,VLSFO,625.74,SYNTHETIC_DEMO
2021-03-07,LKA_CMB,MGO,810.87,SYNTHETIC_DEMO
2021-03-07,ARE_FUJ,VLSFO,604.38,SYNTHETIC_DEMO
2021-03-07,ARE_FUJ,MGO,783.18,SYNTHETIC_DEMO
2021-03-08,SGP_SIN,VLSFO,620.83,SYNTHETIC_DEMO
2021-03-08,SGP_SIN,MGO,802.01,SYNTHETIC_DEMO
2021-03-08,LKA_CMB,VLSFO,636.35,SYNTHETIC_DEMO
2021-03-08,LKA_CMB,MGO,822.06,SYNTHETIC_DEMO
2021-03-08,ARE_FUJ,VLSFO,614.62,SYNTHETIC_DEMO
2021-03-08,ARE_FUJ,MGO,793.99,SYNTHETIC_DEMO
2021-03-09,SGP_SIN,VLSFO,627.04,SYNTHETIC_DEMO
2021-03-09,SGP_SIN,MGO,792.06,SYNTHETIC_DEMO
2021-03-09,LKA_CMB,VLSFO,642.71,SYNTHETIC_DEMO
2021-03-09,LKA_CMB,MGO,811.86,SYNTHETIC_DEMO
2021-03-09,ARE_FUJ,VLSFO,620.76,SYNTHETIC_DEMO
2021-03-09,ARE_FUJ,MGO,784.14,SYNTHETIC_DEMO
2021-03-10,SGP_SIN,VLSFO,628.75,SYNTHETIC_DEMO
2021-03-10,SGP_SIN,MGO,809.24,SYNTHETIC_DEMO
2021-03-10,LKA_CMB,VLSFO,644.47,SYNTHETIC_DEMO
2021-03-10,LKA_CMB,MGO,829.48,SYNTHETIC_DEMO
2021-03-10,ARE_FUJ,VLSFO,622.46,SYNTHETIC_DEMO
2021-03-10,ARE_FUJ,MGO,801.15,SYNTHETIC_DEMO
2021-03-11,SGP_SIN,VLSFO,627.7,SYNTHETIC_DEMO
2021-03-11,SGP_SIN,MGO,805.7,SYNTHETIC_DEMO
2021-03-11,LKA_CMB,VLSFO,643.39,SYNTHETIC_DEMO
2021-03-11,LKA_CMB,MGO,825.85,SYNTHETIC_DEMO
2021-03-11,ARE_FUJ,VLSFO,621.42,SYNTHETIC_DEMO
2021-03-11,ARE_FUJ,MGO,797.65,SYNTHETIC_DEMO
2021-03-12,SGP_SIN,VLSFO,622.98,SYNTHETIC_DEMO
2021-03-12,SGP_SIN,MGO,812.39,SYNTHETIC_DEMO
2021-03-12,LKA_CMB,VLSFO,638.55,SYNTHETIC_DEMO
2021-03-12,LKA_CMB,MGO,832.7,SYNTHETIC_DEMO
2021-03-12,ARE_FUJ,VLSFO,616.75,SYNTHETIC_DEMO
2021-03-12,ARE_FUJ,MGO,804.26,SYNTHETIC_DEMO
2021-03-13,SGP_SIN,VLSFO,624.84,SYNTHETIC_DEMO
2021-03-13,SGP_SIN,MGO,807.12,SYNTHETIC_DEMO
2021-03-13,LKA_CMB,VLSFO,640.46,SYNTHETIC_DEMO
2021-03-13,LKA_CMB,MGO,827.3,SYNTHETIC_DEMO
2021-03-13,ARE_FUJ,VLSFO,618.59,SYNTHETIC_DEMO
2021-03-13,ARE_FUJ,MGO,799.05,SYNTHETIC_DEMO
2021-03-14,SGP_SIN,VLSFO,629.89,SYNTHETIC_DEMO
2021-03-14,SGP_SIN,MGO,814.87,SYNTHETIC_DEMO
2021-03-14,LKA_CMB,VLSFO,645.64,SYNTHETIC_DEMO
2021-03-14,LKA_CMB,MGO,835.25,SYNTHETIC_DEMO
2021-03-14,ARE_FUJ,VLSFO,623.59,SYNTHETIC_DEMO
2021-03-14,ARE_FUJ,MGO,806.73,SYNTHETIC_DEMO
2021-03-15,SGP_SIN,VLSFO,621.0,SYNTHETIC_DEMO
2021-03-15,SGP_SIN,MGO,802.12,SYNTHETIC_DEMO
2021-03-15,LKA_CMB,VLSFO,636.53,SYNTHETIC_DEMO
2021-03-15,LKA_CMB,MGO,822.18,SYNTHETIC_DEMO
2021-03-15,ARE_FUJ,VLSFO,614.79,SYNTHETIC_DEMO
2021-03-15,ARE_FUJ,MGO,794.1,SYNTHETIC_DEMO
2021-03-16,SGP_SIN,VLSFO,621.09,SYNTHETIC_DEMO
2021-03-16,SGP_SIN,MGO,779.36,SYNTHETIC_DEMO
2021-03-16,LKA_CMB,VLSFO,636.62,SYNTHETIC_DEMO
2021-03-16,LKA_CMB,MGO,798.85,SYNTHETIC_DEMO
2021-03-16,ARE_FUJ,VLSFO,614.88,SYNTHETIC_DEMO
2021-03-16,ARE_FUJ,MGO,771.57,SYNTHETIC_DEMO
2021-03-17,SGP_SIN,VLSFO,620.54,SYNTHETIC_DEMO
2021-03-17,SGP_SIN,MGO,787.43,SYNTHETIC_DEMO
2021-03-17,LKA_CMB,VLSFO,636.06,SYNTHETIC_DEMO
2021-03-17,LKA_CMB,MGO,807.12,SYNTHETIC_DEMO
2021-03-17,ARE_FUJ,VLSFO,614.34,SYNTHETIC_DEMO
2021-03-17,ARE_FUJ,MGO,779.56,SYNTHETIC_DEMO
2021-03-18,SGP_SIN,VLSFO,622.27,SYNTHETIC_DEMO
2021-03-18,SGP_SIN,MGO,786.69,SYNTHETIC_DEMO
2021-03-18,LKA_CMB,VLSFO,637.82,SYNTHETIC_DEMO
2021-03-18,LKA_CMB,MGO,806.36,SYNTHETIC_DEMO
2021-03-18,ARE_FUJ,VLSFO,616.04,SYNTHETIC_DEMO
2021-03-18,ARE_FUJ,MGO,778.83,SYNTHETIC_DEMO
2021-03-19,SGP_SIN,VLSFO,623.76,SYNTHETIC_DEMO
2021-03-19,SGP_SIN,MGO,799.97,SYNTHETIC_DEMO
2021-03-19,LKA_CMB,VLSFO,639.36,SYNTHETIC_DEMO
2021-03-19,LKA_CMB,MGO,819.97,SYNTHETIC_DEMO
2021-03-19,ARE_FUJ,VLSFO,617.53,SYNTHETIC_DEMO
2021-03-19,ARE_FUJ,MGO,791.97,SYNTHETIC_DEMO
2021-03-20,SGP_SIN,VLSFO,617.56,SYNTHETIC_DEMO
2021-03-20,SGP_SIN,MGO,792.39,SYNTHETIC_DEMO
2021-03-20,LKA_CMB,VLSFO,633.0,SYNTHETIC_DEMO
2021-03-20,LKA_CMB,MGO,812.2,SYNTHETIC_DEMO
2021-03-20,ARE_FUJ,VLSFO,611.38,SYNTHETIC_DEMO
2021-03-20,ARE_FUJ,MGO,784.47,SYNTHETIC_DEMO
2021-03-21,SGP_SIN,VLSFO,618.48,SYNTHETIC_DEMO
2021-03-21,SGP_SIN,MGO,798.14,SYNTHETIC_DEMO
2021-03-21,LKA_CMB,VLSFO,633.94,SYNTHETIC_DEMO
2021-03-21,LKA_CMB,MGO,818.09,SYNTHETIC_DEMO
2021-03-21,ARE_FUJ,VLSFO,612.29,SYNTHETIC_DEMO
2021-03-21,ARE_FUJ,MGO,790.16,SYNTHETIC_DEMO
2021-03-22,SGP_SIN,VLSFO,612.93,SYNTHETIC_DEMO
2021-03-22,SGP_SIN,MGO,783.85,SYNTHETIC_DEMO
2021-03-22,LKA_CMB,VLSFO,628.26,SYNTHETIC_DEMO
2021-03-22,LKA_CMB,MGO,803.45,SYNTHETIC_DEMO
2021-03-22,ARE_FUJ,VLSFO,606.81,SYNTHETIC_DEMO
2021-03-22,ARE_FUJ,MGO,776.01,SYNTHETIC_DEMO
2021-03-23,SGP_SIN,VLSFO,615.28,SYNTHETIC_DEMO
2021-03-23,SGP_SIN,MGO,792.18,SYNTHETIC_DEMO
2021-03-23,LKA_CMB,VLSFO,630.66,SYNTHETIC_DEMO
2021-03-23,LKA_CMB,MGO,811.99,SYNTHETIC_DEMO
2021-03-23,ARE_FUJ,VLSFO,609.13,SYNTHETIC_DEMO
2021-03-23,ARE_FUJ,MGO,784.26,SYNTHETIC_DEMO
2021-03-24,SGP_SIN,VLSFO,604.67,SYNTHETIC_DEMO
2021-03-24,SGP_SIN,MGO,766.21,SYNTHETIC_DEMO
2021-03-24,LKA_CMB,VLSFO,619.79,SYNTHETIC_DEMO
2021-03-24,LKA_CMB,MGO,785.37,SYNTHETIC_DEMO
2021-03-24,ARE_FUJ,VLSFO,598.62,SYNTHETIC_DEMO
2021-03-24,ARE_FUJ,MGO,758.55,SYNTHETIC_DEMO
2021-03-25,SGP_SIN,VLSFO,600.96,SYNTHETIC_DEMO
2021-03-25,SGP_SIN,MGO,770.61,SYNTHETIC_DEMO
2021-03-25,LKA_CMB,VLSFO,615.98,SYNTHETIC_DEMO
2021-03-25,LKA_CMB,MGO,789.87,SYNTHETIC_DEMO
2021-03-25,ARE_FUJ,VLSFO,594.95,SYNTHETIC_DEMO
2021-03-25,ARE_FUJ,MGO,762.9,SYNTHETIC_DEMO
2021-03-26,SGP_SIN,VLSFO,600.67,SYNTHETIC_DEMO
2021-03-26,SGP_SIN,MGO,777.82,SYNTHETIC_DEMO
2021-03-26,LKA_CMB,VLSFO,615.69,SYNTHETIC_DEMO
2021-03-26,LKA_CMB,MGO,797.27,SYNTHETIC_DEMO
2021-03-26,ARE_FUJ,VLSFO,594.67,SYNTHETIC_DEMO
2021-03-26,ARE_FUJ,MGO,770.05,SYNTHETIC_DEMO
2021-03-27,SGP_SIN,VLSFO,602.9,SYNTHETIC_DEMO
2021-03-27,SGP_SIN,MGO,780.18,SYNTHETIC_DEMO
2021-03-27,LKA_CMB,VLSFO,617.97,SYNTHETIC_DEMO
2021-03-27,LKA_CMB,MGO,799.69,SYNTHETIC_DEMO
2021-03-27,ARE_FUJ,VLSFO,596.87,SYNTHETIC_DEMO
2021-03-27,ARE_FUJ,MGO,772.38,SYNTHETIC_DEMO
2021-03-28,SGP_SIN,VLSFO,598.05,SYNTHETIC_DEMO
2021-03-28,SGP_SIN,MGO,770.9,SYNTHETIC_DEMO
2021-03-28,LKA_CMB,VLSFO,613.0,SYNTHETIC_DEMO
2021-03-28,LKA_CMB,MGO,790.18,SYNTHETIC_DEMO
2021-03-28,ARE_FUJ,VLSFO,592.07,SYNTHETIC_DEMO
2021-03-28,ARE_FUJ,MGO,763.19,SYNTHETIC_DEMO
2021-03-29,SGP_SIN,VLSFO,600.8,SYNTHETIC_DEMO
2021-03-29,SGP_SIN,MGO,774.98,SYNTHETIC_DEMO
2021-03-29,LKA_CMB,VLSFO,615.82,SYNTHETIC_DEMO
2021-03-29,LKA_CMB,MGO,794.36,SYNTHETIC_DEMO
2021-03-29,ARE_FUJ,VLSFO,594.79,SYNTHETIC_DEMO
2021-03-29,ARE_FUJ,MGO,767.23,SYNTHETIC_DEMO
2021-03-30,SGP_SIN,VLSFO,608.67,SYNTHETIC_DEMO
2021-03-30,SGP_SIN,MGO,784.98,SYNTHETIC_DEMO
2021-03-30,LKA_CMB,VLSFO,623.89,SYNTHETIC_DEMO
2021-03-30,LKA_CMB,MGO,804.61,SYNTHETIC_DEMO
2021-03-30,ARE_FUJ,VLSFO,602.59,SYNTHETIC_DEMO
2021-03-30,ARE_FUJ,MGO,777.13,SYNTHETIC_DEMO
2021-03-31,SGP_SIN,VLSFO,614.22,SYNTHETIC_DEMO
2021-03-31,SGP_SIN,MGO,780.63,SYNTHETIC_DEMO
2021-03-31,LKA_CMB,VLSFO,629.57,SYNTHETIC_DEMO
2021-03-31,LKA_CMB,MGO,800.15,SYNTHETIC_DEMO
2021-03-31,ARE_FUJ,VLSFO,608.08,SYNTHETIC_DEMO
2021-03-31,ARE_FUJ,MGO,772.82,SYNTHETIC_DEMO
2021-04-01,SGP_SIN,VLSFO,625.02,SYNTHETIC_DEMO
2021-04-01,SGP_SIN,MGO,798.83,SYNTHETIC_DEMO
2021-04-01,LKA_CMB,VLSFO,640.64,SYNTHETIC_DEMO
2021-04-01,LKA_CMB,MGO,818.81,SYNTHETIC_DEMO
2021-04-01,ARE_FUJ,VLSFO,618.77,SYNTHETIC_DEMO
2021-04-01,ARE_FUJ,MGO,790.85,SYNTHETIC_DEMO
2021-04-02,SGP_SIN,VLSFO,621.35,SYNTHETIC_DEMO
2021-04-02,SGP_SIN,MGO,799.76,SYNTHETIC_DEMO
2021-04-02,LKA_CMB,VLSFO,636.89,SYNTHETIC_DEMO
2021-04-02,LKA_CMB,MGO,819.75,SYNTHETIC_DEMO
2021-04-02,ARE_FUJ,VLSFO,615.14,SYNTHETIC_DEMO
2021-04-02,ARE_FUJ,MGO,791.76,SYNTHETIC_DEMO
2021-04-03,SGP_SIN,VLSFO,618.31,SYNTHETIC_DEMO
2021-04-03,SGP_SIN,MGO,779.14,SYNTHETIC_DEMO
2021-04-03,LKA_CMB,VLSFO,633.77,SYNTHETIC_DEMO
2021-04-03,LKA_CMB,MGO,798.62,SYNTHETIC_DEMO
2021-04-03,ARE_FUJ,VLSFO,612.12,SYNTHETIC_DEMO
2021-04-03,ARE_FUJ,MGO,771.35,SYNTHETIC_DEMO
2021-04-04,SGP_SIN,VLSFO,625.25,SYNTHETIC_DEMO
2021-04-04,SGP_SIN,MGO,799.68,SYNTHETIC_DEMO
2021-04-04,LKA_CMB,VLSFO,640.89,SYNTHETIC_DEMO
2021-04-04,LKA_CMB,MGO,819.67,SYNTHETIC_DEMO
2021-04-04,ARE_FUJ,VLSFO,619.0,SYNTHETIC_DEMO
2021-04-04,ARE_FUJ,MGO,791.68,SYNTHETIC_DEMO
2021-04-05,SGP_SIN,VLSFO,630.09,SYNTHETIC_DEMO
2021-04-05,SGP_SIN,MGO,797.81,SYNTHETIC_DEMO
2021-04-05,LKA_CMB,VLSFO,645.85,SYNTHETIC_DEMO
2021-04-05,LKA_CMB,MGO,817.75,SYNTHETIC_DEMO
2021-04-05,ARE_FUJ,VLSFO,623.79,SYNTHETIC_DEMO
2021-04-05,ARE_FUJ,MGO,789.83,SYNTHETIC_DEMO
2021-04-06,SGP_SIN,VLSFO,617.55,SYNTHETIC_DEMO
2021-04-06,SGP_SIN,MGO,792.75,SYNTHETIC_DEMO
2021-04-06,LKA_CMB,VLSFO,632.99,SYNTHETIC_DEMO
2021-04-06,LKA_CMB,MGO,812.57,SYNTHETIC_DEMO
2021-04-06,ARE_FUJ,VLSFO,611.38,SYNTHETIC_DEMO
2021-04-06,ARE_FUJ,MGO,784.83,SYNTHETIC_DEMO
2021-04-07,SGP_SIN,VLSFO,625.8,SYNTHETIC_DEMO
2021-04-07,SGP_SIN,MGO,794.66,SYNTHETIC_DEMO
2021-04-07,LKA_CMB,VLSFO,641.45,SYNTHETIC_DEMO
2021-04-07,LKA_CMB,MGO,814.52,SYNTHETIC_DEMO
2021-04-07,ARE_FUJ,VLSFO,619.55,SYNTHETIC_DEMO
2021-04-07,ARE_FUJ,MGO,786.71,SYNTHETIC_DEMO
2021-04-08,SGP_SIN,VLSFO,614.87,SYNTHETIC_DEMO
2021-04-08,SGP_SIN,MGO,782.7,SYNTHETIC_DEMO
2021-04-08,LKA_CMB,VLSFO,630.24,SYNTHETIC_DEMO
2021-04-08,LKA_CMB,MGO,802.26,SYNTHETIC_DEMO
2021-04-08,ARE_FUJ,VLSFO,608.72,SYNTHETIC_DEMO
2021-04-08,ARE_FUJ,MGO,774.87,SYNTHETIC_DEMO
2021-04-09,SGP_SIN,VLSFO,626.13,SYNTHETIC_DEMO
2021-04-09,SGP_SIN,MGO,804.08,SYNTHETIC_DEMO
2021-04-09,LKA_CMB,VLSFO,641.79,SYNTHETIC_DEMO
2021-04-09,LKA_CMB,MGO,824.19,SYNTHETIC_DEMO
2021-04-09,ARE_FUJ,VLSFO,619.87,SYNTHETIC_DEMO
2021-04-09,ARE_FUJ,MGO,796.04,SYNTHETIC_DEMO
2021-04-10,SGP_SIN,VLSFO,623.79,SYNTHETIC_DEMO
2021-04-10,SGP_SIN,MGO,810.27,SYNTHETIC_DEMO
2021-04-10,LKA_CMB,VLSFO,639.38,SYNTHETIC_DEMO
2021-04-10,LKA_CMB,MGO,830.53,SYNTHETIC_DEMO
2021-04-10,ARE_FUJ,VLSFO,617.55,SYNTHETIC_DEMO
2021-04-10,ARE_FUJ,MGO,802.17,SYNTHETIC_DEMO
2021-04-11,SGP_SIN,VLSFO,629.8,SYNTHETIC_DEMO
2021-04-11,SGP_SIN,MGO,808.35,SYNTHETIC_DEMO
2021-04-11,LKA_CMB,VLSFO,645.54,SYNTHETIC_DEMO
2021-04-11,LKA_CMB,MGO,828.56,SYNTHETIC_DEMO
2021-04-11,ARE_FUJ,VLSFO,623.5,SYNTHETIC_DEMO
2021-04-11,ARE_FUJ,MGO,800.27,SYNTHETIC_DEMO
2021-04-12,SGP_SIN,VLSFO,619.38,SYNTHETIC_DEMO
2021-04-12,SGP_SIN,MGO,775.51,SYNTHETIC_DEMO
2021-04-12,LKA_CMB,VLSFO,634.87,SYNTHETIC_DEMO
2021-04-12,LKA_CMB,MGO,794.9,SYNTHETIC_DEMO
2021-04-12,ARE_FUJ,VLSFO,613.19,SYNTHETIC_DEMO
2021-04-12,ARE_FUJ,MGO,767.75,SYNTHETIC_DEMO
2021-04-13,SGP_SIN,VLSFO,614.36,SYNTHETIC_DEMO
2021-04-13,SGP_SIN,MGO,791.66,SYNTHETIC_DEMO
2021-04-13,LKA_CMB,VLSFO,629.72,SYNTHETIC_DEMO
2021-04-13,LKA_CMB,MGO,811.45,SYNTHETIC_DEMO
2021-04-13,ARE_FUJ,VLSFO,608.22,SYNTHETIC_DEMO
2021-04-13,ARE_FUJ,MGO,783.74,SYNTHETIC_DEMO
2021-04-14,SGP_SIN,VLSFO,624.42,SYNTHETIC_DEMO
2021-04-14,SGP_SIN,MGO,788.08,SYNTHETIC_DEMO
2021-04-14,LKA_CMB,VLSFO,640.03,SYNTHETIC_DEMO
2021-04-14,LKA_CMB,MGO,807.78,SYNTHETIC_DEMO
2021-04-14,ARE_FUJ,VLSFO,618.18,SYNTHETIC_DEMO
2021-04-14,ARE_FUJ,MGO,780.2,SYNTHETIC_DEMO
2021-04-15,SGP_SIN,VLSFO,610.9,SYNTHETIC_DEMO
2021-04-15,SGP_SIN,MGO,776.07,SYNTHETIC_DEMO
2021-04-15,LKA_CMB,VLSFO,626.17,SYNTHETIC_DEMO
2021-04-15,LKA_CMB,MGO,795.47,SYNTHETIC_DEMO
2021-04-15,ARE_FUJ,VLSFO,604.79,SYNTHETIC_DEMO
2021-04-15,ARE_FUJ,MGO,768.31,SYNTHETIC_DEMO
2021-04-16,SGP_SIN,VLSFO,607.39,SYNTHETIC_DEMO
2021-04-16,SGP_SIN,MGO,780.35,SYNTHETIC_DEMO
2021-04-16,LKA_CMB,VLSFO,622.58,SYNTHETIC_DEMO
2021-04-16,LKA_CMB,MGO,799.86,SYNTHETIC_DEMO
2021-04-16,ARE_FUJ,VLSFO,601.32,SYNTHETIC_DEMO
2021-04-16,ARE_FUJ,MGO,772.55,SYNTHETIC_DEMO
2021-04-17,SGP_SIN,VLSFO,613.61,SYNTHETIC_DEMO
2021-04-17,SGP_SIN,MGO,785.57,SYNTHETIC_DEMO
2021-04-17,LKA_CMB,VLSFO,628.95,SYNTHETIC_DEMO
2021-04-17,LKA_CMB,MGO,805.21,SYNTHETIC_DEMO
2021-04-17,ARE_FUJ,VLSFO,607.47,SYNTHETIC_DEMO
2021-04-17,ARE_FUJ,MGO,777.72,SYNTHETIC_DEMO
2021-04-18,SGP_SIN,VLSFO,617.1,SYNTHETIC_DEMO
2021-04-18,SGP_SIN,MGO,788.74,SYNTHETIC_DEMO
2021-04-18,LKA_CMB,VLSFO,632.53,SYNTHETIC_DEMO
2021-04-18,LKA_CMB,MGO,808.46,SYNTHETIC_DEMO
2021-04-18,ARE_FUJ,VLSFO,610.93,SYNTHETIC_DEMO
2021-04-18,ARE_FUJ,MGO,780.86,SYNTHETIC_DEMO
2021-04-19,SGP_SIN,VLSFO,604.89,SYNTHETIC_DEMO
2021-04-19,SGP_SIN,MGO,775.43,SYNTHETIC_DEMO
2021-04-19,LKA_CMB,VLSFO,620.01,SYNTHETIC_DEMO
2021-04-19,LKA_CMB,MGO,794.82,SYNTHETIC_DEMO
2021-04-19,ARE_FUJ,VLSFO,598.84,SYNTHETIC_DEMO
2021-04-19,ARE_FUJ,MGO,767.68,SYNTHETIC_DEMO
2021-04-20,SGP_SIN,VLSFO,611.78,SYNTHETIC_DEMO
2021-04-20,SGP_SIN,MGO,782.87,SYNTHETIC_DEMO
2021-04-20,LKA_CMB,VLSFO,627.08,SYNTHETIC_DEMO
2021-04-20,LKA_CMB,MGO,802.44,SYNTHETIC_DEMO
2021-04-20,ARE_FUJ,VLSFO,605.66,SYNTHETIC_DEMO
2021-04-20,ARE_FUJ,MGO,775.04,SYNTHETIC_DEMO
2021-04-21,SGP_SIN,VLSFO,635.91,SYNTHETIC_DEMO
2021-04-21,SGP_SIN,MGO,821.01,SYNTHETIC_DEMO
2021-04-21,LKA_CMB,VLSFO,651.81,SYNTHETIC_DEMO
2021-04-21,LKA_CMB,MGO,841.53,SYNTHETIC_DEMO
2021-04-21,ARE_FUJ,VLSFO,629.55,SYNTHETIC_DEMO
2021-04-21,ARE_FUJ,MGO,812.8,SYNTHETIC_DEMO
2021-04-22,SGP_SIN,VLSFO,622.01,SYNTHETIC_DEMO
2021-04-22,SGP_SIN,MGO,797.73,SYNTHETIC_DEMO
2021-04-22,LKA_CMB,VLSFO,637.56,SYNTHETIC_DEMO
2021-04-22,LKA_CMB,MGO,817.67,SYNTHETIC_DEMO
2021-04-22,ARE_FUJ,VLSFO,615.79,SYNTHETIC_DEMO
2021-04-22,ARE_FUJ,MGO,789.75,SYNTHETIC_DEMO
2021-04-23,SGP_SIN,VLSFO,623.54,SYNTHETIC_DEMO
2021-04-23,SGP_SIN,MGO,816.61,SYNTHETIC_DEMO
2021-04-23,LKA_CMB,VLSFO,639.13,SYNTHETIC_DEMO
2021-04-23,LKA_CMB,MGO,837.03,SYNTHETIC_DEMO
2021-04-23,ARE_FUJ,VLSFO,617.31,SYNTHETIC_DEMO
2021-04-23,ARE_FUJ,MGO,808.44,SYNTHETIC_DEMO
2021-04-24,SGP_SIN,VLSFO,621.81,SYNTHETIC_DEMO
2021-04-24,SGP_SIN,MGO,791.43,SYNTHETIC_DEMO
2021-04-24,LKA_CMB,VLSFO,637.36,SYNTHETIC_DEMO
2021-04-24,LKA_CMB,MGO,811.21,SYNTHETIC_DEMO
2021-04-24,ARE_FUJ,VLSFO,615.6,SYNTHETIC_DEMO
2021-04-24,ARE_FUJ,MGO,783.51,SYNTHETIC_DEMO
2021-04-25,SGP_SIN,VLSFO,617.73,SYNTHETIC_DEMO
2021-04-25,SGP_SIN,MGO,776.54,SYNTHETIC_DEMO
2021-04-25,LKA_CMB,VLSFO,633.17,SYNTHETIC_DEMO
2021-04-25,LKA_CMB,MGO,795.95,SYNTHETIC_DEMO
2021-04-25,ARE_FUJ,VLSFO,611.55,SYNTHETIC_DEMO
2021-04-25,ARE_FUJ,MGO,768.78,SYNTHETIC_DEMO
2021-04-26,SGP_SIN,VLSFO,621.26,SYNTHETIC_DEMO
2021-04-26,SGP_SIN,MGO,796.66,SYNTHETIC_DEMO
2021-04-26,LKA_CMB,VLSFO,636.79,SYNTHETIC_DEMO
2021-04-26,LKA_CMB,MGO,816.57,SYNTHETIC_DEMO
2021-04-26,ARE_FUJ,VLSFO,615.04,SYNTHETIC_DEMO
2021-04-26,ARE_FUJ,MGO,788.69,SYNTHETIC_DEMO
2021-04-27,SGP_SIN,VLSFO,616.79,SYNTHETIC_DEMO
2021-04-27,SGP_SIN,MGO,794.87,SYNTHETIC_DEMO
2021-04-27,LKA_CMB,VLSFO,632.21,SYNTHETIC_DEMO
2021-04-27,LKA_CMB,MGO,814.74,SYNTHETIC_DEMO
2021-04-27,ARE_FUJ,VLSFO,610.62,SYNTHETIC_DEMO
2021-04-27,ARE_FUJ,MGO,786.92,SYNTHETIC_DEMO
2021-04-28,SGP_SIN,VLSFO,629.15,SYNTHETIC_DEMO
2021-04-28,SGP_SIN,MGO,801.63,SYNTHETIC_DEMO
2021-04-28,LKA_CMB,VLSFO,644.88,SYNTHETIC_DEMO
2021-04-28,LKA_CMB,MGO,821.67,SYNTHETIC_DEMO
2021-04-28,ARE_FUJ,VLSFO,622.86,SYNTHETIC_DEMO
2021-04-28,ARE_FUJ,MGO,793.61,SYNTHETIC_DEMO
2021-04-29,SGP_SIN,VLSFO,617.6,SYNTHETIC_DEMO
2021-04-29,SGP_SIN,MGO,800.11,SYNTHETIC_DEMO
2021-04-29,LKA_CMB,VLSFO,633.04,SYNTHETIC_DEMO
2021-04-29,LKA_CMB,MGO,820.12,SYNTHETIC_DEMO
2021-04-29,ARE_FUJ,VLSFO,611.43,SYNTHETIC_DEMO
2021-04-29,ARE_FUJ,MGO,792.11,SYNTHETIC_DEMO
2021-04-30,SGP_SIN,VLSFO,613.12,SYNTHETIC_DEMO
2021-04-30,SGP_SIN,MGO,794.03,SYNTHETIC_DEMO
2021-04-30,LKA_CMB,VLSFO,628.45,SYNTHETIC_DEMO
2021-04-30,LKA_CMB,MGO,813.88,SYNTHETIC_DEMO
2021-04-30,ARE_FUJ,VLSFO,606.99,SYNTHETIC_DEMO
2021-04-30,ARE_FUJ,MGO,786.09,SYNTHETIC_DEMO
2021-05-01,SGP_SIN,VLSFO,606.14,SYNTHETIC_DEMO
2021-05-01,SGP_SIN,MGO,761.77,SYNTHETIC_DEMO
2021-05-01,LKA_CMB,VLSFO,621.29,SYNTHETIC_DEMO
2021-05-01,LKA_CMB,MGO,780.81,SYNTHETIC_DEMO
2021-05-01,ARE_FUJ,VLSFO,600.08,SYNTHETIC_DEMO
2021-05-01,ARE_FUJ,MGO,754.15,SYNTHETIC_DEMO
2021-05-02,SGP_SIN,VLSFO,622.91,SYNTHETIC_DEMO
2021-05-02,SGP_SIN,MGO,805.83,SYNTHETIC_DEMO
2021-05-02,LKA_CMB,VLSFO,638.48,SYNTHETIC_DEMO
2021-05-02,LKA_CMB,MGO,825.97,SYNTHETIC_DEMO
2021-05-02,ARE_FUJ,VLSFO,616.68,SYNTHETIC_DEMO
2021-05-02,ARE_FUJ,MGO,797.77,SYNTHETIC_DEMO
2021-05-03,SGP_SIN,VLSFO,624.61,SYNTHETIC_DEMO
2021-05-03,SGP_SIN,MGO,782.14,SYNTHETIC_DEMO
2021-05-03,LKA_CMB,VLSFO,640.23,SYNTHETIC_DEMO
2021-05-03,LKA_CMB,MGO,801.69,SYNTHETIC_DEMO
2021-05-03,ARE_FUJ,VLSFO,618.37,SYNTHETIC_DEMO
2021-05-03,ARE_FUJ,MGO,774.32,SYNTHETIC_DEMO
2021-05-04,SGP_SIN,VLSFO,616.88,SYNTHETIC_DEMO
2021-05-04,SGP_SIN,MGO,789.8,SYNTHETIC_DEMO
2021-05-04,LKA_CMB,VLSFO,632.3,SYNTHETIC_DEMO
2021-05-04,LKA_CMB,MGO,809.54,SYNTHETIC_DEMO
2021-05-04,ARE_FUJ,VLSFO,610.71,SYNTHETIC_DEMO
2021-05-04,ARE_FUJ,MGO,781.9,SYNTHETIC_DEMO
2021-05-05,SGP_SIN,VLSFO,605.28,SYNTHETIC_DEMO
2021-05-05,SGP_SIN,MGO,779.67,SYNTHETIC_DEMO
2021-05-05,LKA_CMB,VLSFO,620.41,SYNTHETIC_DEMO
2021-05-05,LKA_CMB,MGO,799.16,SYNTHETIC_DEMO
2021-05-05,ARE_FUJ,VLSFO,599.22,SYNTHETIC_DEMO
2021-05-05,ARE_FUJ,MGO,771.87,SYNTHETIC_DEMO
2021-05-06,SGP_SIN,VLSFO,603.04,SYNTHETIC_DEMO
2021-05-06,SGP_SIN,MGO,759.94,SYNTHETIC_DEMO
2021-05-06,LKA_CMB,VLSFO,618.12,SYNTHETIC_DEMO
2021-05-06,LKA_CMB,MGO,778.94,SYNTHETIC_DEMO
2021-05-06,ARE_FUJ,VLSFO,597.01,SYNTHETIC_DEMO
2021-05-06,ARE_FUJ,MGO,752.34,SYNTHETIC_DEMO
2021-05-07,SGP_SIN,VLSFO,603.52,SYNTHETIC_DEMO
2021-05-07,SGP_SIN,MGO,770.6,SYNTHETIC_DEMO
2021-05-07,LKA_CMB,VLSFO,618.61,SYNTHETIC_DEMO
2021-05-07,LKA_CMB,MGO,789.86,SYNTHETIC_DEMO
2021-05-07,ARE_FUJ,VLSFO,597.49,SYNTHETIC_DEMO
2021-05-07,ARE_FUJ,MGO,762.89,SYNTHETIC_DEMO
2021-05-08,SGP_SIN,VLSFO,613.22,SYNTHETIC_DEMO
2021-05-08,SGP_SIN,MGO,776.91,SYNTHETIC_DEMO
2021-05-08,LKA_CMB,VLSFO,628.55,SYNTHETIC_DEMO
2021-05-08,LKA_CMB,MGO,796.33,SYNTHETIC_DEMO
2021-05-08,ARE_FUJ,VLSFO,607.08,SYNTHETIC_DEMO
2021-05-08,ARE_FUJ,MGO,769.14,SYNTHETIC_DEMO
2021-05-09,SGP_SIN,VLSFO,611.47,SYNTHETIC_DEMO
2021-05-09,SGP_SIN,MGO,792.34,SYNTHETIC_DEMO
2021-05-09,LKA_CMB,VLSFO,626.76,SYNTHETIC_DEMO
2021-05-09,LKA_CMB,MGO,812.15,SYNTHETIC_DEMO
2021-05-09,ARE_FUJ,VLSFO,605.36,SYNTHETIC_DEMO
2021-05-09,ARE_FUJ,MGO,784.42,SYNTHETIC_DEMO
2021-05-10,SGP_SIN,VLSFO,615.35,SYNTHETIC_DEMO
2021-05-10,SGP_SIN,MGO,789.81,SYNTHETIC_DEMO
2021-05-10,LKA_CMB,VLSFO,630.73,SYNTHETIC_DEMO
2021-05-10,LKA_CMB,MGO,809.55,SYNTHETIC_DEMO
2021-05-10,ARE_FUJ,VLSFO,609.19,SYNTHETIC_DEMO
2021-05-10,ARE_FUJ,MGO,781.91,SYNTHETIC_DEMO
2021-05-11,SGP_SIN,VLSFO,621.41,SYNTHETIC_DEMO
2021-05-11,SGP_SIN,MGO,797.5,SYNTHETIC_DEMO
2021-05-11,LKA_CMB,VLSFO,636.95,SYNTHETIC_DEMO
2021-05-11,LKA_CMB,MGO,817.44,SYNTHETIC_DEMO
2021-05-11,ARE_FUJ,VLSFO,615.2,SYNTHETIC_DEMO
2021-05-11,ARE_FUJ,MGO,789.53,SYNTHETIC_DEMO
2021-05-12,SGP_SIN,VLSFO,603.17,SYNTHETIC_DEMO
2021-05-12,SGP_SIN,MGO,770.25,SYNTHETIC_DEMO
2021-05-12,LKA_CMB,VLSFO,618.25,SYNTHETIC_DEMO
2021-05-12,LKA_CMB,MGO,789.51,SYNTHETIC_DEMO
2021-05-12,ARE_FUJ,VLSFO,597.14,SYNTHETIC_DEMO
2021-05-12,ARE_FUJ,MGO,762.55,SYNTHETIC_DEMO
2021-05-13,SGP_SIN,VLSFO,619.3,SYNTHETIC_DEMO
2021-05-13,SGP_SIN,MGO,808.83,SYNTHETIC_DEMO
2021-05-13,LKA_CMB,VLSFO,634.79,SYNTHETIC_DEMO
2021-05-13,LKA_CMB,MGO,829.05,SYNTHETIC_DEMO
2021-05-13,ARE_FUJ,VLSFO,613.11,SYNTHETIC_DEMO
2021-05-13,ARE_FUJ,MGO,800.74,SYNTHETIC_DEMO
2021-05-14,SGP_SIN,VLSFO,635.8,SYNTHETIC_DEMO
2021-05-14,SGP_SIN,MGO,806.54,SYNTHETIC_DEMO
2021-05-14,LKA_CMB,VLSFO,651.7,SYNTHETIC_DEMO
2021-05-14,LKA_CMB,MGO,826.7,SYNTHETIC_DEMO
2021-05-14,ARE_FUJ,VLSFO,629.44,SYNTHETIC_DEMO
2021-05-14,ARE_FUJ,MGO,798.47,SYNTHETIC_DEMO
2021-05-15,SGP_SIN,VLSFO,630.31,SYNTHETIC_DEMO
2021-05-15,SGP_SIN,MGO,805.59,SYNTHETIC_DEMO
2021-05-15,LKA_CMB,VLSFO,646.07,SYNTHETIC_DEMO
2021-05-15,LKA_CMB,MGO,825.73,SYNTHETIC_DEMO
2021-05-15,ARE_FUJ,VLSFO,624.01,SYNTHETIC_DEMO
2021-05-15,ARE_FUJ,MGO,797.53,SYNTHETIC_DEMO
2021-05-16,SGP_SIN,VLSFO,646.98,SYNTHETIC_DEMO
2021-05-16,SGP_SIN,MGO,824.1,SYNTHETIC_DEMO
2021-05-16,LKA_CMB,VLSFO,663.16,SYNTHETIC_DEMO
2021-05-16,LKA_CMB,MGO,844.7,SYNTHETIC_DEMO
2021-05-16,ARE_FUJ,VLSFO,640.51,SYNTHETIC_DEMO
2021-05-16,ARE_FUJ,MGO,815.86,SYNTHETIC_DEMO
2021-05-17,SGP_SIN,VLSFO,621.25,SYNTHETIC_DEMO
2021-05-17,SGP_SIN,MGO,786.75,SYNTHETIC_DEMO
2021-05-17,LKA_CMB,VLSFO,636.78,SYNTHETIC_DEMO
2021-05-17,LKA_CMB,MGO,806.42,SYNTHETIC_DEMO
2021-05-17,ARE_FUJ,VLSFO,615.03,SYNTHETIC_DEMO
2021-05-17,ARE_FUJ,MGO,778.89,SYNTHETIC_DEMO
2021-05-18,SGP_SIN,VLSFO,628.31,SYNTHETIC_DEMO
2021-05-18,SGP_SIN,MGO,795.69,SYNTHETIC_DEMO
2021-05-18,LKA_CMB,VLSFO,644.02,SYNTHETIC_DEMO
2021-05-18,LKA_CMB,MGO,815.58,SYNTHETIC_DEMO
2021-05-18,ARE_FUJ,VLSFO,622.03,SYNTHETIC_DEMO
2021-05-18,ARE_FUJ,MGO,787.73,SYNTHETIC_DEMO
2021-05-19,SGP_SIN,VLSFO,634.53,SYNTHETIC_DEMO
2021-05-19,SGP_SIN,MGO,815.44,SYNTHETIC_DEMO
2021-05-19,LKA_CMB,VLSFO,650.39,SYNTHETIC_DEMO
2021-05-19,LKA_CMB,MGO,835.83,SYNTHETIC_DEMO
2021-05-19,ARE_FUJ,VLSFO,628.18,SYNTHETIC_DEMO
2021-05-19,ARE_FUJ,MGO,807.29,SYNTHETIC_DEMO
2021-05-20,SGP_SIN,VLSFO,636.57,SYNTHETIC_DEMO
2021-05-20,SGP_SIN,MGO,808.15,SYNTHETIC_DEMO
2021-05-20,LKA_CMB,VLSFO,652.49,SYNTHETIC_DEMO
2021-05-20,LKA_CMB,MGO,828.36,SYNTHETIC_DEMO
2021-05-20,ARE_FUJ,VLSFO,630.21,SYNTHETIC_DEMO
2021-05-20,ARE_FUJ,MGO,800.07,SYNTHETIC_DEMO
2021-05-21,SGP_SIN,VLSFO,626.33,SYNTHETIC_DEMO
2021-05-21,SGP_SIN,MGO,816.4,SYNTHETIC_DEMO
2021-05-21,LKA_CMB,VLSFO,641.98,SYNTHETIC_DEMO
2021-05-21,LKA_CMB,MGO,836.81,SYNTHETIC_DEMO
2021-05-21,ARE_FUJ,VLSFO,620.06,SYNTHETIC_DEMO
2021-05-21,ARE_FUJ,MGO,808.24,SYNTHETIC_DEMO
2021-05-22,SGP_SIN,VLSFO,624.91,SYNTHETIC_DEMO
2021-05-22,SGP_SIN,MGO,814.71,SYNTHETIC_DEMO
2021-05-22,LKA_CMB,VLSFO,640.53,SYNTHETIC_DEMO
2021-05-22,LKA_CMB,MGO,835.08,SYNTHETIC_DEMO
2021-05-22,ARE_FUJ,VLSFO,618.66,SYNTHETIC_DEMO
2021-05-22,ARE_FUJ,MGO,806.57,SYNTHETIC_DEMO
2021-05-23,SGP_SIN,VLSFO,618.01,SYNTHETIC_DEMO
2021-05-23,SGP_SIN,MGO,785.18,SYNTHETIC_DEMO
2021-05-23,LKA_CMB,VLSFO,633.46,SYNTHETIC_DEMO
2021-05-23,LKA_CMB,MGO,804.81,SYNTHETIC_DEMO
2021-05-23,ARE_FUJ,VLSFO,611.83,SYNTHETIC_DEMO
2021-05-23,ARE_FUJ,MGO,777.33,SYNTHETIC_DEMO
2021-05-24,SGP_SIN,VLSFO,624.56,SYNTHETIC_DEMO
2021-05-24,SGP_SIN,MGO,794.53,SYNTHETIC_DEMO
2021-05-24,LKA_CMB,VLSFO,640.18,SYNTHETIC_DEMO
2021-05-24,LKA_CMB,MGO,814.39,SYNTHETIC_DEMO
2021-05-24,ARE_FUJ,VLSFO,618.32,SYNTHETIC_DEMO
2021-05-24,ARE_FUJ,MGO,786.58,SYNTHETIC_DEMO
2021-05-25,SGP_SIN,VLSFO,626.61,SYNTHETIC_DEMO
2021-05-25,SGP_SIN,MGO,788.51,SYNTHETIC_DEMO
2021-05-25,LKA_CMB,VLSFO,642.28,SYNTHETIC_DEMO
2021-05-25,LKA_CMB,MGO,808.22,SYNTHETIC_DEMO
2021-05-25,ARE_FUJ,VLSFO,620.35,SYNTHETIC_DEMO
2021-05-25,ARE_FUJ,MGO,780.62,SYNTHETIC_DEMO
2021-05-26,SGP_SIN,VLSFO,624.3,SYNTHETIC_DEMO
2021-05-26,SGP_SIN,MGO,796.05,SYNTHETIC_DEMO
2021-05-26,LKA_CMB,VLSFO,639.9,SYNTHETIC_DEMO
2021-05-26,LKA_CMB,MGO,815.95,SYNTHETIC_DEMO
2021-05-26,ARE_FUJ,VLSFO,618.05,SYNTHETIC_DEMO
2021-05-26,ARE_FUJ,MGO,788.09,SYNTHETIC_DEMO
2021-05-27,SGP_SIN,VLSFO,622.77,SYNTHETIC_DEMO
2021-05-27,SGP_SIN,MGO,805.66,SYNTHETIC_DEMO
2021-05-27,LKA_CMB,VLSFO,638.34,SYNTHETIC_DEMO
2021-05-27,LKA_CMB,MGO,825.8,SYNTHETIC_DEMO
2021-05-27,ARE_FUJ,VLSFO,616.54,SYNTHETIC_DEMO
2021-05-27,ARE_FUJ,MGO,797.6,SYNTHETIC_DEMO
2021-05-28,SGP_SIN,VLSFO,615.06,SYNTHETIC_DEMO
2021-05-28,SGP_SIN,MGO,790.34,SYNTHETIC_DEMO
2021-05-28,LKA_CMB,VLSFO,630.44,SYNTHETIC_DEMO
2021-05-28,LKA_CMB,MGO,810.1,SYNTHETIC_DEMO
2021-05-28,ARE_FUJ,VLSFO,608.91,SYNTHETIC_DEMO
2021-05-28,ARE_FUJ,MGO,782.44,SYNTHETIC_DEMO
2021-05-29,SGP_SIN,VLSFO,617.95,SYNTHETIC_DEMO
2021-05-29,SGP_SIN,MGO,797.56,SYNTHETIC_DEMO
2021-05-29,LKA_CMB,VLSFO,633.4,SYNTHETIC_DEMO
2021-05-29,LKA_CMB,MGO,817.49,SYNTHETIC_DEMO
2021-05-29,ARE_FUJ,VLSFO,611.77,SYNTHETIC_DEMO
2021-05-29,ARE_FUJ,MGO,789.58,SYNTHETIC_DEMO
2021-05-30,SGP_SIN,VLSFO,604.39,SYNTHETIC_DEMO
2021-05-30,SGP_SIN,MGO,774.04,SYNTHETIC_DEMO
2021-05-30,LKA_CMB,VLSFO,619.5,SYNTHETIC_DEMO
2021-05-30,LKA_CMB,MGO,793.39,SYNTHETIC_DEMO
2021-05-30,ARE_FUJ,VLSFO,598.35,SYNTHETIC_DEMO
2021-05-30,ARE_FUJ,MGO,766.3,SYNTHETIC_DEMO
2021-05-31,SGP_SIN,VLSFO,618.67,SYNTHETIC_DEMO
2021-05-31,SGP_SIN,MGO,787.4,SYNTHETIC_DEMO
2021-05-31,LKA_CMB,VLSFO,634.14,SYNTHETIC_DEMO
2021-05-31,LKA_CMB,MGO,807.09,SYNTHETIC_DEMO
2021-05-31,ARE_FUJ,VLSFO,612.48,SYNTHETIC_DEMO
2021-05-31,ARE_FUJ,MGO,779.53,SYNTHETIC_DEMO
2021-06-01,SGP_SIN,VLSFO,610.97,SYNTHETIC_DEMO
2021-06-01,SGP_SIN,MGO,775.29,SYNTHETIC_DEMO
2021-06-01,LKA_CMB,VLSFO,626.24,SYNTHETIC_DEMO
2021-06-01,LKA_CMB,MGO,794.67,SYNTHETIC_DEMO
2021-06-01,ARE_FUJ,VLSFO,604.86,SYNTHETIC_DEMO
2021-06-01,ARE_FUJ,MGO,767.54,SYNTHETIC_DEMO
2021-06-02,SGP_SIN,VLSFO,605.79,SYNTHETIC_DEMO
2021-06-02,SGP_SIN,MGO,778.74,SYNTHETIC_DEMO
2021-06-02,LKA_CMB,VLSFO,620.93,SYNTHETIC_DEMO
2021-06-02,LKA_CMB,MGO,798.21,SYNTHETIC_DEMO
2021-06-02,ARE_FUJ,VLSFO,599.73,SYNTHETIC_DEMO
2021-06-02,ARE_FUJ,MGO,770.95,SYNTHETIC_DEMO
2021-06-03,SGP_SIN,VLSFO,599.92,SYNTHETIC_DEMO
2021-06-03,SGP_SIN,MGO,764.55,SYNTHETIC_DEMO
2021-06-03,LKA_CMB,VLSFO,614.91,SYNTHETIC_DEMO
2021-06-03,LKA_CMB,MGO,783.66,SYNTHETIC_DEMO
2021-06-03,ARE_FUJ,VLSFO,593.92,SYNTHETIC_DEMO
2021-06-03,ARE_FUJ,MGO,756.9,SYNTHETIC_DEMO
2021-06-04,SGP_SIN,VLSFO,601.29,SYNTHETIC_DEMO
2021-06-04,SGP_SIN,MGO,772.68,SYNTHETIC_DEMO
2021-06-04,LKA_CMB,VLSFO,616.32,SYNTHETIC_DEMO
2021-06-04,LKA_CMB,MGO,792.0,SYNTHETIC_DEMO
2021-06-04,ARE_FUJ,VLSFO,595.27,SYNTHETIC_DEMO
2021-06-04,ARE_FUJ,MGO,764.95,SYNTHETIC_DEMO
2021-06-05,SGP_SIN,VLSFO,606.67,SYNTHETIC_DEMO
2021-06-05,SGP_SIN,MGO,766.66,SYNTHETIC_DEMO
2021-06-05,LKA_CMB,VLSFO,621.83,SYNTHETIC_DEMO
2021-06-05,LKA_CMB,MGO,785.83,SYNTHETIC_DEMO
2021-06-05,ARE_FUJ,VLSFO,600.6,SYNTHETIC_DEMO
2021-06-05,ARE_FUJ,MGO,758.99,SYNTHETIC_DEMO
2021-06-06,SGP_SIN,VLSFO,599.41,SYNTHETIC_DEMO
2021-06-06,SGP_SIN,MGO,774.94,SYNTHETIC_DEMO
2021-06-06,LKA_CMB,VLSFO,614.39,SYNTHETIC_DEMO
2021-06-06,LKA_CMB,MGO,794.31,SYNTHETIC_DEMO
2021-06-06,ARE_FUJ,VLSFO,593.41,SYNTHETIC_DEMO
2021-06-06,ARE_FUJ,MGO,767.19,SYNTHETIC_DEMO
2021-06-07,SGP_SIN,VLSFO,610.31,SYNTHETIC_DEMO
2021-06-07,SGP_SIN,MGO,784.07,SYNTHETIC_DEMO
2021-06-07,LKA_CMB,VLSFO,625.57,SYNTHETIC_DEMO
2021-06-07,LKA_CMB,MGO,803.67,SYNTHETIC_DEMO
2021-06-07,ARE_FUJ,VLSFO,604.21,SYNTHETIC_DEMO
2021-06-07,ARE_FUJ,MGO,776.23,SYNTHETIC_DEMO
2021-06-08,SGP_SIN,VLSFO,609.44,SYNTHETIC_DEMO
2021-06-08,SGP_SIN,MGO,784.57,SYNTHETIC_DEMO
2021-06-08,LKA_CMB,VLSFO,624.67,SYNTHETIC_DEMO
2021-06-08,LKA_CMB,MGO,804.18,SYNTHETIC_DEMO
2021-06-08,ARE_FUJ,VLSFO,603.34,SYNTHETIC_DEMO
2021-06-08,ARE_FUJ,MGO,776.72,SYNTHETIC_DEMO
2021-06-09,SGP_SIN,VLSFO,601.32,SYNTHETIC_DEMO
2021-06-09,SGP_SIN,MGO,763.83,SYNTHETIC_DEMO
2021-06-09,LKA_CMB,VLSFO,616.35,SYNTHETIC_DEMO
2021-06-09,LKA_CMB,MGO,782.92,SYNTHETIC_DEMO
2021-06-09,ARE_FUJ,VLSFO,595.3,SYNTHETIC_DEMO
2021-06-09,ARE_FUJ,MGO,756.19,SYNTHETIC_DEMO
2021-06-10,SGP_SIN,VLSFO,606.54,SYNTHETIC_DEMO
2021-06-10,SGP_SIN,MGO,775.64,SYNTHETIC_DEMO
2021-06-10,LKA_CMB,VLSFO,621.7,SYNTHETIC_DEMO
2021-06-10,LKA_CMB,MGO,795.03,SYNTHETIC_DEMO
2021-06-10,ARE_FUJ,VLSFO,600.47,SYNTHETIC_DEMO
2021-06-10,ARE_FUJ,MGO,767.88,SYNTHETIC_DEMO
2021-06-11,SGP_SIN,VLSFO,604.96,SYNTHETIC_DEMO
2021-06-11,SGP_SIN,MGO,775.21,SYNTHETIC_DEMO
2021-06-11,LKA_CMB,VLSFO,620.08,SYNTHETIC_DEMO
2021-06-11,LKA_CMB,MGO,794.59,SYNTHETIC_DEMO
2021-06-11,ARE_FUJ,VLSFO,598.91,SYNTHETIC_DEMO
2021-06-11,ARE_FUJ,MGO,767.46,SYNTHETIC_DEMO
2021-06-12,SGP_SIN,VLSFO,606.06,SYNTHETIC_DEMO
2021-06-12,SGP_SIN,MGO,777.63,SYNTHETIC_DEMO
2021-06-12,LKA_CMB,VLSFO,621.21,SYNTHETIC_DEMO
2021-06-12,LKA_CMB,MGO,797.07,SYNTHETIC_DEMO
2021-06-12,ARE_FUJ,VLSFO,600.0,SYNTHETIC_DEMO
2021-06-12,ARE_FUJ,MGO,769.85,SYNTHETIC_DEMO
2021-06-13,SGP_SIN,VLSFO,602.26,SYNTHETIC_DEMO
2021-06-13,SGP_SIN,MGO,771.86,SYNTHETIC_DEMO
2021-06-13,LKA_CMB,VLSFO,617.32,SYNTHETIC_DEMO
2021-06-13,LKA_CMB,MGO,791.15,SYNTHETIC_DEMO
2021-06-13,ARE_FUJ,VLSFO,596.24,SYNTHETIC_DEMO
2021-06-13,ARE_FUJ,MGO,764.14,SYNTHETIC_DEMO
2021-06-14,SGP_SIN,VLSFO,607.8,SYNTHETIC_DEMO
2021-06-14,SGP_SIN,MGO,780.18,SYNTHETIC_DEMO
2021-06-14,LKA_CMB,VLSFO,622.99,SYNTHETIC_DEMO
2021-06-14,LKA_CMB,MGO,799.69,SYNTHETIC_DEMO
2021-06-14,ARE_FUJ,VLSFO,601.72,SYNTHETIC_DEMO
2021-06-14,ARE_FUJ,MGO,772.38,SYNTHETIC_DEMO
2021-06-15,SGP_SIN,VLSFO,607.89,SYNTHETIC_DEMO
2021-06-15,SGP_SIN,MGO,773.1,SYNTHETIC_DEMO
2021-06-15,LKA_CMB,VLSFO,623.08,SYNTHETIC_DEMO
2021-06-15,LKA_CMB,MGO,792.43,SYNTHETIC_DEMO
2021-06-15,ARE_FUJ,VLSFO,601.81,SYNTHETIC_DEMO
2021-06-15,ARE_FUJ,MGO,765.37,SYNTHETIC_DEMO
2021-06-16,SGP_SIN,VLSFO,594.9,SYNTHETIC_DEMO
2021-06-16,SGP_SIN,MGO,763.62,SYNTHETIC_DEMO
2021-06-16,LKA_CMB,VLSFO,609.77,SYNTHETIC_DEMO
2021-06-16,LKA_CMB,MGO,782.71,SYNTHETIC_DEMO
2021-06-16,ARE_FUJ,VLSFO,588.95,SYNTHETIC_DEMO
2021-06-16,ARE_FUJ,MGO,755.99,SYNTHETIC_DEMO
2021-06-17,SGP_SIN,VLSFO,604.31,SYNTHETIC_DEMO
2021-06-17,SGP_SIN,MGO,779.65,SYNTHETIC_DEMO
2021-06-17,LKA_CMB,VLSFO,619.42,SYNTHETIC_DEMO
2021-06-17,LKA_CMB,MGO,799.14,SYNTHETIC_DEMO
2021-06-17,ARE_FUJ,VLSFO,598.27,SYNTHETIC_DEMO
2021-06-17,ARE_FUJ,MGO,771.85,SYNTHETIC_DEMO
2021-06-18,SGP_SIN,VLSFO,584.7,SYNTHETIC_DEMO
2021-06-18,SGP_SIN,MGO,744.43,SYNTHETIC_DEMO
2021-06-18,LKA_CMB,VLSFO,599.32,SYNTHETIC_DEMO
2021-06-18,LKA_CMB,MGO,763.05,SYNTHETIC_DEMO
2021-06-18,ARE_FUJ,VLSFO,578.86,SYNTHETIC_DEMO
2021-06-18,ARE_FUJ,MGO,736.99,SYNTHETIC_DEMO
2021-06-19,SGP_SIN,VLSFO,600.17,SYNTHETIC_DEMO
2021-06-19,SGP_SIN,MGO,768.87,SYNTHETIC_DEMO
2021-06-19,LKA_CMB,VLSFO,615.18,SYNTHETIC_DEMO
2021-06-19,LKA_CMB,MGO,788.09,SYNTHETIC_DEMO
2021-06-19,ARE_FUJ,VLSFO,594.17,SYNTHETIC_DEMO
2021-06-19,ARE_FUJ,MGO,761.18,SYNTHETIC_DEMO
2021-06-20,SGP_SIN,VLSFO,599.64,SYNTHETIC_DEMO
2021-06-20,SGP_SIN,MGO,774.59,SYNTHETIC_DEMO
2021-06-20,LKA_CMB,VLSFO,614.63,SYNTHETIC_DEMO
2021-06-20,LKA_CMB,MGO,793.95,SYNTHETIC_DEMO
2021-06-20,ARE_FUJ,VLSFO,593.65,SYNTHETIC_DEMO
2021-06-20,ARE_FUJ,MGO,766.84,SYNTHETIC_DEMO
2021-06-21,SGP_SIN,VLSFO,603.56,SYNTHETIC_DEMO
2021-06-21,SGP_SIN,MGO,772.68,SYNTHETIC_DEMO
2021-06-21,LKA_CMB,VLSFO,618.65,SYNTHETIC_DEMO
2021-06-21,LKA_CMB,MGO,792.0,SYNTHETIC_DEMO
2021-06-21,ARE_FUJ,VLSFO,597.52,SYNTHETIC_DEMO
2021-06-21,ARE_FUJ,MGO,764.96,SYNTHETIC_DEMO
2021-06-22,SGP_SIN,VLSFO,605.69,SYNTHETIC_DEMO
2021-06-22,SGP_SIN,MGO,773.41,SYNTHETIC_DEMO
2021-06-22,LKA_CMB,VLSFO,620.83,SYNTHETIC_DEMO
2021-06-22,LKA_CMB,MGO,792.75,SYNTHETIC_DEMO
2021-06-22,ARE_FUJ,VLSFO,599.63,SYNTHETIC_DEMO
2021-06-22,ARE_FUJ,MGO,765.68,SYNTHETIC_DEMO
2021-06-23,SGP_SIN,VLSFO,605.7,SYNTHETIC_DEMO
2021-06-23,SGP_SIN,MGO,782.8,SYNTHETIC_DEMO
2021-06-23,LKA_CMB,VLSFO,620.85,SYNTHETIC_DEMO
2021-06-23,LKA_CMB,MGO,802.37,SYNTHETIC_DEMO
2021-06-23,ARE_FUJ,VLSFO,599.65,SYNTHETIC_DEMO
2021-06-23,ARE_FUJ,MGO,774.97,SYNTHETIC_DEMO
2021-06-24,SGP_SIN,VLSFO,604.24,SYNTHETIC_DEMO
2021-06-24,SGP_SIN,MGO,756.68,SYNTHETIC_DEMO
2021-06-24,LKA_CMB,VLSFO,619.35,SYNTHETIC_DEMO
2021-06-24,LKA_CMB,MGO,775.6,SYNTHETIC_DEMO
2021-06-24,ARE_FUJ,VLSFO,598.2,SYNTHETIC_DEMO
2021-06-24,ARE_FUJ,MGO,749.12,SYNTHETIC_DEMO
2021-06-25,SGP_SIN,VLSFO,610.54,SYNTHETIC_DEMO
2021-06-25,SGP_SIN,MGO,777.04,SYNTHETIC_DEMO
2021-06-25,LKA_CMB,VLSFO,625.8,SYNTHETIC_DEMO
2021-06-25,LKA_CMB,MGO,796.47,SYNTHETIC_DEMO
2021-06-25,ARE_FUJ,VLSFO,604.43,SYNTHETIC_DEMO
2021-06-25,ARE_FUJ,MGO,769.27,SYNTHETIC_DEMO
2021-06-26,SGP_SIN,VLSFO,607.44,SYNTHETIC_DEMO
2021-06-26,SGP_SIN,MGO,774.64,SYNTHETIC_DEMO
2021-06-26,LKA_CMB,VLSFO,622.63,SYNTHETIC_DEMO
2021-06-26,LKA_CMB,MGO,794.0,SYNTHETIC_DEMO
2021-06-26,ARE_FUJ,VLSFO,601.36,SYNTHETIC_DEMO
2021-06-26,ARE_FUJ,MGO,766.89,SYNTHETIC_DEMO
2021-06-27,SGP_SIN,VLSFO,611.28,SYNTHETIC_DEMO
2021-06-27,SGP_SIN,MGO,788.4,SYNTHETIC_DEMO
2021-06-27,LKA_CMB,VLSFO,626.56,SYNTHETIC_DEMO
2021-06-27,LKA_CMB,MGO,808.11,SYNTHETIC_DEMO
2021-06-27,ARE_FUJ,VLSFO,605.16,SYNTHETIC_DEMO
2021-06-27,ARE_FUJ,MGO,780.52,SYNTHETIC_DEMO
2021-06-28,SGP_SIN,VLSFO,606.38,SYNTHETIC_DEMO
2021-06-28,SGP_SIN,MGO,762.45,SYNTHETIC_DEMO
2021-06-28,LKA_CMB,VLSFO,621.53,SYNTHETIC_DEMO
2021-06-28,LKA_CMB,MGO,781.52,SYNTHETIC_DEMO
2021-06-28,ARE_FUJ,VLSFO,600.31,SYNTHETIC_DEMO
2021-06-28,ARE_FUJ,MGO,754.83,SYNTHETIC_DEMO
2021-06-29,SGP_SIN,VLSFO,608.46,SYNTHETIC_DEMO
2021-06-29,SGP_SIN,MGO,768.46,SYNTHETIC_DEMO
2021-06-29,LKA_CMB,VLSFO,623.68,SYNTHETIC_DEMO
2021-06-29,LKA_CMB,MGO,787.67,SYNTHETIC_DEMO
2021-06-29,ARE_FUJ,VLSFO,602.38,SYNTHETIC_DEMO
2021-06-29,ARE_FUJ,MGO,760.77,SYNTHETIC_DEMO
2021-06-30,SGP_SIN,VLSFO,610.32,SYNTHETIC_DEMO
2021-06-30,SGP_SIN,MGO,781.88,SYNTHETIC_DEMO
2021-06-30,LKA_CMB,VLSFO,625.58,SYNTHETIC_DEMO
2021-06-30,LKA_CMB,MGO,801.43,SYNTHETIC_DEMO
2021-06-30,ARE_FUJ,VLSFO,604.21,SYNTHETIC_DEMO
2021-06-30,ARE_FUJ,MGO,774.06,SYNTHETIC_DEMO
2021-07-01,SGP_SIN,VLSFO,599.38,SYNTHETIC_DEMO
2021-07-01,SGP_SIN,MGO,766.99,SYNTHETIC_DEMO
2021-07-01,LKA_CMB,VLSFO,614.36,SYNTHETIC_DEMO
2021-07-01,LKA_CMB,MGO,786.17,SYNTHETIC_DEMO
2021-07-01,ARE_FUJ,VLSFO,593.38,SYNTHETIC_DEMO
2021-07-01,ARE_FUJ,MGO,759.32,SYNTHETIC_DEMO
2021-07-02,SGP_SIN,VLSFO,616.65,SYNTHETIC_DEMO
2021-07-02,SGP_SIN,MGO,784.85,SYNTHETIC_DEMO
2021-07-02,LKA_CMB,VLSFO,632.07,SYNTHETIC_DEMO
2021-07-02,LKA_CMB,MGO,804.47,SYNTHETIC_DEMO
2021-07-02,ARE_FUJ,VLSFO,610.48,SYNTHETIC_DEMO
2021-07-02,ARE_FUJ,MGO,777.0,SYNTHETIC_DEMO
2021-07-03,SGP_SIN,VLSFO,621.59,SYNTHETIC_DEMO
2021-07-03,SGP_SIN,MGO,791.99,SYNTHETIC_DEMO
2021-07-03,LKA_CMB,VLSFO,637.13,SYNTHETIC_DEMO
2021-07-03,LKA_CMB,MGO,811.79,SYNTHETIC_DEMO
2021-07-03,ARE_FUJ,VLSFO,615.38,SYNTHETIC_DEMO
2021-07-03,ARE_FUJ,MGO,784.07,SYNTHETIC_DEMO
2021-07-04,SGP_SIN,VLSFO,614.35,SYNTHETIC_DEMO
2021-07-04,SGP_SIN,MGO,776.88,SYNTHETIC_DEMO
2021-07-04,LKA_CMB,VLSFO,629.71,SYNTHETIC_DEMO
2021-07-04,LKA_CMB,MGO,796.3,SYNTHETIC_DEMO
2021-07-04,ARE_FUJ,VLSFO,608.21,SYNTHETIC_DEMO
2021-07-04,ARE_FUJ,MGO,769.11,SYNTHETIC_DEMO
2021-07-05,SGP_SIN,VLSFO,612.57,SYNTHETIC_DEMO
2021-07-05,SGP_SIN,MGO,795.2,SYNTHETIC_DEMO
2021-07-05,LKA_CMB,VLSFO,627.88,SYNTHETIC_DEMO
2021-07-05,LKA_CMB,MGO,815.08,SYNTHETIC_DEMO
2021-07-05,ARE_FUJ,VLSFO,606.44,SYNTHETIC_DEMO
2021-07-05,ARE_FUJ,MGO,787.24,SYNTHETIC_DEMO
2021-07-06,SGP_SIN,VLSFO,607.8,SYNTHETIC_DEMO
2021-07-06,SGP_SIN,MGO,786.35,SYNTHETIC_DEMO
2021-07-06,LKA_CMB,VLSFO,622.99,SYNTHETIC_DEMO
2021-07-06,LKA_CMB,MGO,806.01,SYNTHETIC_DEMO
2021-07-06,ARE_FUJ,VLSFO,601.72,SYNTHETIC_DEMO
2021-07-06,ARE_FUJ,MGO,778.48,SYNTHETIC_DEMO
2021-07-07,SGP_SIN,VLSFO,614.18,SYNTHETIC_DEMO
2021-07-07,SGP_SIN,MGO,772.24,SYNTHETIC_DEMO
2021-07-07,LKA_CMB,VLSFO,629.53,SYNTHETIC_DEMO
2021-07-07,LKA_CMB,MGO,791.55,SYNTHETIC_DEMO
2021-07-07,ARE_FUJ,VLSFO,608.04,SYNTHETIC_DEMO
2021-07-07,ARE_FUJ,MGO,764.52,SYNTHETIC_DEMO
2021-07-08,SGP_SIN,VLSFO,610.54,SYNTHETIC_DEMO
2021-07-08,SGP_SIN,MGO,790.93,SYNTHETIC_DEMO
2021-07-08,LKA_CMB,VLSFO,625.81,SYNTHETIC_DEMO
2021-07-08,LKA_CMB,MGO,810.7,SYNTHETIC_DEMO
2021-07-08,ARE_FUJ,VLSFO,604.44,SYNTHETIC_DEMO
2021-07-08,ARE_FUJ,MGO,783.02,SYNTHETIC_DEMO
2021-07-09,SGP_SIN,VLSFO,605.97,SYNTHETIC_DEMO
2021-07-09,SGP_SIN,MGO,771.73,SYNTHETIC_DEMO
2021-07-09,LKA_CMB,VLSFO,621.12,SYNTHETIC_DEMO
2021-07-09,LKA_CMB,MGO,791.03,SYNTHETIC_DEMO
2021-07-09,ARE_FUJ,VLSFO,599.91,SYNTHETIC_DEMO
2021-07-09,ARE_FUJ,MGO,764.01,SYNTHETIC_DEMO
2021-07-10,SGP_SIN,VLSFO,617.63,SYNTHETIC_DEMO
2021-07-10,SGP_SIN,MGO,784.93,SYNTHETIC_DEMO
2021-07-10,LKA_CMB,VLSFO,633.08,SYNTHETIC_DEMO
2021-07-10,LKA_CMB,MGO,804.55,SYNTHETIC_DEMO
2021-07-10,ARE_FUJ,VLSFO,611.46,SYNTHETIC_DEMO
2021-07-10,ARE_FUJ,MGO,777.08,SYNTHETIC_DEMO
2021-07-11,SGP_SIN,VLSFO,600.47,SYNTHETIC_DEMO
2021-07-11,SGP_SIN,MGO,775.14,SYNTHETIC_DEMO
2021-07-11,LKA_CMB,VLSFO,615.48,SYNTHETIC_DEMO
2021-07-11,LKA_CMB,MGO,794.52,SYNTHETIC_DEMO
2021-07-11,ARE_FUJ,VLSFO,594.46,SYNTHETIC_DEMO
2021-07-11,ARE_FUJ,MGO,767.39,SYNTHETIC_DEMO
2021-07-12,SGP_SIN,VLSFO,605.18,SYNTHETIC_DEMO
2021-07-12,SGP_SIN,MGO,769.74,SYNTHETIC_DEMO
2021-07-12,LKA_CMB,VLSFO,620.31,SYNTHETIC_DEMO
2021-07-12,LKA_CMB,MGO,788.99,SYNTHETIC_DEMO
2021-07-12,ARE_FUJ,VLSFO,599.13,SYNTHETIC_DEMO
2021-07-12,ARE_FUJ,MGO,762.05,SYNTHETIC_DEMO
2021-07-13,SGP_SIN,VLSFO,610.46,SYNTHETIC_DEMO
2021-07-13,SGP_SIN,MGO,794.53,SYNTHETIC_DEMO
2021-07-13,LKA_CMB,VLSFO,625.73,SYNTHETIC_DEMO
2021-07-13,LKA_CMB,MGO,814.39,SYNTHETIC_DEMO
2021-07-13,ARE_FUJ,VLSFO,604.36,SYNTHETIC_DEMO
2021-07-13,ARE_FUJ,MGO,786.58,SYNTHETIC_DEMO
2021-07-14,SGP_SIN,VLSFO,611.7,SYNTHETIC_DEMO
2021-07-14,SGP_SIN,MGO,788.16,SYNTHETIC_DEMO
2021-07-14,LKA_CMB,VLSFO,626.99,SYNTHETIC_DEMO
2021-07-14,LKA_CMB,MGO,807.87,SYNTHETIC_DEMO
2021-07-14,ARE_FUJ,VLSFO,605.58,SYNTHETIC_DEMO
2021-07-14,ARE_FUJ,MGO,780.28,SYNTHETIC_DEMO
2021-07-15,SGP_SIN,VLSFO,600.55,SYNTHETIC_DEMO
2021-07-15,SGP_SIN,MGO,756.88,SYNTHETIC_DEMO
2021-07-15,LKA_CMB,VLSFO,615.56,SYNTHETIC_DEMO
2021-07-15,LKA_CMB,MGO,775.8,SYNTHETIC_DEMO
2021-07-15,ARE_FUJ,VLSFO,594.54,SYNTHETIC_DEMO
2021-07-15,ARE_FUJ,MGO,749.31,SYNTHETIC_DEMO
2021-07-16,SGP_SIN,VLSFO,615.81,SYNTHETIC_DEMO
2021-07-16,SGP_SIN,MGO,794.63,SYNTHETIC_DEMO
2021-07-16,LKA_CMB,VLSFO,631.21,SYNTHETIC_DEMO
2021-07-16,LKA_CMB,MGO,814.5,SYNTHETIC_DEMO
2021-07-16,ARE_FUJ,VLSFO,609.65,SYNTHETIC_DEMO
2021-07-16,ARE_FUJ,MGO,786.69,SYNTHETIC_DEMO
2021-07-17,SGP_SIN,VLSFO,590.99,SYNTHETIC_DEMO
2021-07-17,SGP_SIN,MGO,754.11,SYNTHETIC_DEMO
2021-07-17,LKA_CMB,VLSFO,605.77,SYNTHETIC_DEMO
2021-07-17,LKA_CMB,MGO,772.97,SYNTHETIC_DEMO
2021-07-17,ARE_FUJ,VLSFO,585.08,SYNTHETIC_DEMO
2021-07-17,ARE_FUJ,MGO,746.57,SYNTHETIC_DEMO
2021-07-18,SGP_SIN,VLSFO,621.42,SYNTHETIC_DEMO
2021-07-18,SGP_SIN,MGO,786.34,SYNTHETIC_DEMO
2021-07-18,LKA_CMB,VLSFO,636.95,SYNTHETIC_DEMO
2021-07-18,LKA_CMB,MGO,806.0,SYNTHETIC_DEMO
2021-07-18,ARE_FUJ,VLSFO,615.2,SYNTHETIC_DEMO
2021-07-18,ARE_FUJ,MGO,778.47,SYNTHETIC_DEMO
2021-07-19,SGP_SIN,VLSFO,605.95,SYNTHETIC_DEMO
2021-07-19,SGP_SIN,MGO,774.14,SYNTHETIC_DEMO
2021-07-19,LKA_CMB,VLSFO,621.1,SYNTHETIC_DEMO
2021-07-19,LKA_CMB,MGO,793.49,SYNTHETIC_DEMO
2021-07-19,ARE_FUJ,VLSFO,599.9,SYNTHETIC_DEMO
2021-07-19,ARE_FUJ,MGO,766.4,SYNTHETIC_DEMO
2021-07-20,SGP_SIN,VLSFO,609.71,SYNTHETIC_DEMO
2021-07-20,SGP_SIN,MGO,773.32,SYNTHETIC_DEMO
2021-07-20,LKA_CMB,VLSFO,624.95,SYNTHETIC_DEMO
2021-07-20,LKA_CMB,MGO,792.65,SYNTHETIC_DEMO
2021-07-20,ARE_FUJ,VLSFO,603.61,SYNTHETIC_DEMO
2021-07-20,ARE_FUJ,MGO,765.58,SYNTHETIC_DEMO
2021-07-21,SGP_SIN,VLSFO,605.39,SYNTHETIC_DEMO
2021-07-21,SGP_SIN,MGO,769.85,SYNTHETIC_DEMO
2021-07-21,LKA_CMB,VLSFO,620.52,SYNTHETIC_DEMO
2021-07-21,LKA_CMB,MGO,789.09,SYNTHETIC_DEMO
2021-07-21,ARE_FUJ,VLSFO,599.34,SYNTHETIC_DEMO
2021-07-21,ARE_FUJ,MGO,762.15,SYNTHETIC_DEMO
2021-07-22,SGP_SIN,VLSFO,598.17,SYNTHETIC_DEMO
2021-07-22,SGP_SIN,MGO,771.9,SYNTHETIC_DEMO
2021-07-22,LKA_CMB,VLSFO,613.12,SYNTHETIC_DEMO
2021-07-22,LKA_CMB,MGO,791.2,SYNTHETIC_DEMO
2021-07-22,ARE_FUJ,VLSFO,592.19,SYNTHETIC_DEMO
2021-07-22,ARE_FUJ,MGO,764.18,SYNTHETIC_DEMO
2021-07-23,SGP_SIN,VLSFO,604.06,SYNTHETIC_DEMO
2021-07-23,SGP_SIN,MGO,769.02,SYNTHETIC_DEMO
2021-07-23,LKA_CMB,VLSFO,619.16,SYNTHETIC_DEMO
2021-07-23,LKA_CMB,MGO,788.25,SYNTHETIC_DEMO
2021-07-23,ARE_FUJ,VLSFO,598.02,SYNTHETIC_DEMO
2021-07-23,ARE_FUJ,MGO,761.33,SYNTHETIC_DEMO
2021-07-24,SGP_SIN,VLSFO,595.02,SYNTHETIC_DEMO
2021-07-24,SGP_SIN,MGO,750.95,SYNTHETIC_DEMO
2021-07-24,LKA_CMB,VLSFO,609.89,SYNTHETIC_DEMO
2021-07-24,LKA_CMB,MGO,769.72,SYNTHETIC_DEMO
2021-07-24,ARE_FUJ,VLSFO,589.07,SYNTHETIC_DEMO
2021-07-24,ARE_FUJ,MGO,743.44,SYNTHETIC_DEMO
2021-07-25,SGP_SIN,VLSFO,589.82,SYNTHETIC_DEMO
2021-07-25,SGP_SIN,MGO,747.58,SYNTHETIC_DEMO
2021-07-25,LKA_CMB,VLSFO,604.57,SYNTHETIC_DEMO
2021-07-25,LKA_CMB,MGO,766.27,SYNTHETIC_DEMO
2021-07-25,ARE_FUJ,VLSFO,583.92,SYNTHETIC_DEMO
2021-07-25,ARE_FUJ,MGO,740.11,SYNTHETIC_DEMO
2021-07-26,SGP_SIN,VLSFO,591.81,SYNTHETIC_DEMO
2021-07-26,SGP_SIN,MGO,752.83,SYNTHETIC_DEMO
2021-07-26,LKA_CMB,VLSFO,606.61,SYNTHETIC_DEMO
2021-07-26,LKA_CMB,MGO,771.65,SYNTHETIC_DEMO
2021-07-26,ARE_FUJ,VLSFO,585.89,SYNTHETIC_DEMO
2021-07-26,ARE_FUJ,MGO,745.3,SYNTHETIC_DEMO
2021-07-27,SGP_SIN,VLSFO,588.56,SYNTHETIC_DEMO
2021-07-27,SGP_SIN,MGO,739.49,SYNTHETIC_DEMO
2021-07-27,LKA_CMB,VLSFO,603.27,SYNTHETIC_DEMO
2021-07-27,LKA_CMB,MGO,757.97,SYNTHETIC_DEMO
2021-07-27,ARE_FUJ,VLSFO,582.67,SYNTHETIC_DEMO
2021-07-27,ARE_FUJ,MGO,732.09,SYNTHETIC_DEMO
2021-07-28,SGP_SIN,VLSFO,606.61,SYNTHETIC_DEMO
2021-07-28,SGP_SIN,MGO,765.72,SYNTHETIC_DEMO
2021-07-28,LKA_CMB,VLSFO,621.77,SYNTHETIC_DEMO
2021-07-28,LKA_CMB,MGO,784.86,SYNTHETIC_DEMO
2021-07-28,ARE_FUJ,VLSFO,600.54,SYNTHETIC_DEMO
2021-07-28,ARE_FUJ,MGO,758.06,SYNTHETIC_DEMO
2021-07-29,SGP_SIN,VLSFO,586.63,SYNTHETIC_DEMO
2021-07-29,SGP_SIN,MGO,744.43,SYNTHETIC_DEMO
2021-07-29,LKA_CMB,VLSFO,601.3,SYNTHETIC_DEMO
2021-07-29,LKA_CMB,MGO,763.04,SYNTHETIC_DEMO
2021-07-29,ARE_FUJ,VLSFO,580.77,SYNTHETIC_DEMO
2021-07-29,ARE_FUJ,MGO,736.98,SYNTHETIC_DEMO
2021-07-30,SGP_SIN,VLSFO,590.37,SYNTHETIC_DEMO
2021-07-30,SGP_SIN,MGO,750.01,SYNTHETIC_DEMO
2021-07-30,LKA_CMB,VLSFO,605.13,SYNTHETIC_DEMO
2021-07-30,LKA_CMB,MGO,768.76,SYNTHETIC_DEMO
2021-07-30,ARE_FUJ,VLSFO,584.46,SYNTHETIC_DEMO
2021-07-30,ARE_FUJ,MGO,742.51,SYNTHETIC_DEMO
2021-07-31,SGP_SIN,VLSFO,582.89,SYNTHETIC_DEMO
2021-07-31,SGP_SIN,MGO,748.52,SYNTHETIC_DEMO
2021-07-31,LKA_CMB,VLSFO,597.46,SYNTHETIC_DEMO
2021-07-31,LKA_CMB,MGO,767.23,SYNTHETIC_DEMO
2021-07-31,ARE_FUJ,VLSFO,577.06,SYNTHETIC_DEMO
2021-07-31,ARE_FUJ,MGO,741.04,SYNTHETIC_DEMO
2021-08-01,SGP_SIN,VLSFO,590.39,SYNTHETIC_DEMO
2021-08-01,SGP_SIN,MGO,753.76,SYNTHETIC_DEMO
2021-08-01,LKA_CMB,VLSFO,605.15,SYNTHETIC_DEMO
2021-08-01,LKA_CMB,MGO,772.6,SYNTHETIC_DEMO
2021-08-01,ARE_FUJ,VLSFO,584.48,SYNTHETIC_DEMO
2021-08-01,ARE_FUJ,MGO,746.22,SYNTHETIC_DEMO
2021-08-02,SGP_SIN,VLSFO,578.35,SYNTHETIC_DEMO
2021-08-02,SGP_SIN,MGO,752.23,SYNTHETIC_DEMO
2021-08-02,LKA_CMB,VLSFO,592.81,SYNTHETIC_DEMO
2021-08-02,LKA_CMB,MGO,771.03,SYNTHETIC_DEMO
2021-08-02,ARE_FUJ,VLSFO,572.56,SYNTHETIC_DEMO
2021-08-02,ARE_FUJ,MGO,744.71,SYNTHETIC_DEMO
2021-08-03,SGP_SIN,VLSFO,579.68,SYNTHETIC_DEMO
2021-08-03,SGP_SIN,MGO,744.75,SYNTHETIC_DEMO
2021-08-03,LKA_CMB,VLSFO,594.17,SYNTHETIC_DEMO
2021-08-03,LKA_CMB,MGO,763.37,SYNTHETIC_DEMO
2021-08-03,ARE_FUJ,VLSFO,573.88,SYNTHETIC_DEMO
2021-08-03,ARE_FUJ,MGO,737.3,SYNTHETIC_DEMO
2021-08-04,SGP_SIN,VLSFO,572.72,SYNTHETIC_DEMO
2021-08-04,SGP_SIN,MGO,727.97,SYNTHETIC_DEMO
2021-08-04,LKA_CMB,VLSFO,587.03,SYNTHETIC_DEMO
2021-08-04,LKA_CMB,MGO,746.16,SYNTHETIC_DEMO
2021-08-04,ARE_FUJ,VLSFO,566.99,SYNTHETIC_DEMO
2021-08-04,ARE_FUJ,MGO,720.69,SYNTHETIC_DEMO
2021-08-05,SGP_SIN,VLSFO,600.35,SYNTHETIC_DEMO
2021-08-05,SGP_SIN,MGO,760.83,SYNTHETIC_DEMO
2021-08-05,LKA_CMB,VLSFO,615.36,SYNTHETIC_DEMO
2021-08-05,LKA_CMB,MGO,779.85,SYNTHETIC_DEMO
2021-08-05,ARE_FUJ,VLSFO,594.35,SYNTHETIC_DEMO
2021-08-05,ARE_FUJ,MGO,753.22,SYNTHETIC_DEMO
2021-08-06,SGP_SIN,VLSFO,584.49,SYNTHETIC_DEMO
2021-08-06,SGP_SIN,MGO,748.82,SYNTHETIC_DEMO
2021-08-06,LKA_CMB,VLSFO,599.1,SYNTHETIC_DEMO
2021-08-06,LKA_CMB,MGO,767.55,SYNTHETIC_DEMO
2021-08-06,ARE_FUJ,VLSFO,578.64,SYNTHETIC_DEMO
2021-08-06,ARE_FUJ,MGO,741.34,SYNTHETIC_DEMO
2021-08-07,SGP_SIN,VLSFO,586.94,SYNTHETIC_DEMO
2021-08-07,SGP_SIN,MGO,747.54,SYNTHETIC_DEMO
2021-08-07,LKA_CMB,VLSFO,601.61,SYNTHETIC_DEMO
2021-08-07,LKA_CMB,MGO,766.23,SYNTHETIC_DEMO
2021-08-07,ARE_FUJ,VLSFO,581.07,SYNTHETIC_DEMO
2021-08-07,ARE_FUJ,MGO,740.06,SYNTHETIC_DEMO
2021-08-08,SGP_SIN,VLSFO,582.07,SYNTHETIC_DEMO
2021-08-08,SGP_SIN,MGO,732.18,SYNTHETIC_DEMO
2021-08-08,LKA_CMB,VLSFO,596.62,SYNTHETIC_DEMO
2021-08-08,LKA_CMB,MGO,750.49,SYNTHETIC_DEMO
2021-08-08,ARE_FUJ,VLSFO,576.25,SYNTHETIC_DEMO
2021-08-08,ARE_FUJ,MGO,724.86,SYNTHETIC_DEMO
2021-08-09,SGP_SIN,VLSFO,593.36,SYNTHETIC_DEMO
2021-08-09,SGP_SIN,MGO,754.53,SYNTHETIC_DEMO
2021-08-09,LKA_CMB,VLSFO,608.19,SYNTHETIC_DEMO
2021-08-09,LKA_CMB,MGO,773.4,SYNTHETIC_DEMO
2021-08-09,ARE_FUJ,VLSFO,587.43,SYNTHETIC_DEMO
2021-08-09,ARE_FUJ,MGO,746.99,SYNTHETIC_DEMO
2021-08-10,SGP_SIN,VLSFO,585.34,SYNTHETIC_DEMO
2021-08-10,SGP_SIN,MGO,750.88,SYNTHETIC_DEMO
2021-08-10,LKA_CMB,VLSFO,599.97,SYNTHETIC_DEMO
2021-08-10,LKA_CMB,MGO,769.65,SYNTHETIC_DEMO
2021-08-10,ARE_FUJ,VLSFO,579.48,SYNTHETIC_DEMO
2021-08-10,ARE_FUJ,MGO,743.37,SYNTHETIC_DEMO
2021-08-11,SGP_SIN,VLSFO,590.62,SYNTHETIC_DEMO
2021-08-11,SGP_SIN,MGO,769.29,SYNTHETIC_DEMO
2021-08-11,LKA_CMB,VLSFO,605.38,SYNTHETIC_DEMO
2021-08-11,LKA_CMB,MGO,788.53,SYNTHETIC_DEMO
2021-08-11,ARE_FUJ,VLSFO,584.71,SYNTHETIC_DEMO
2021-08-11,ARE_FUJ,MGO,761.6,SYNTHETIC_DEMO
2021-08-12,SGP_SIN,VLSFO,579.67,SYNTHETIC_DEMO
2021-08-12,SGP_SIN,MGO,758.76,SYNTHETIC_DEMO
2021-08-12,LKA_CMB,VLSFO,594.16,SYNTHETIC_DEMO
2021-08-12,LKA_CMB,MGO,777.73,SYNTHETIC_DEMO
2021-08-12,ARE_FUJ,VLSFO,573.87,SYNTHETIC_DEMO
2021-08-12,ARE_FUJ,MGO,751.18,SYNTHETIC_DEMO
2021-08-13,SGP_SIN,VLSFO,584.72,SYNTHETIC_DEMO
2021-08-13,SGP_SIN,MGO,756.09,SYNTHETIC_DEMO
2021-08-13,LKA_CMB,VLSFO,599.33,SYNTHETIC_DEMO
2021-08-13,LKA_CMB,MGO,774.99,SYNTHETIC_DEMO
2021-08-13,ARE_FUJ,VLSFO,578.87,SYNTHETIC_DEMO
2021-08-13,ARE_FUJ,MGO,748.53,SYNTHETIC_DEMO
2021-08-14,SGP_SIN,VLSFO,582.41,SYNTHETIC_DEMO
2021-08-14,SGP_SIN,MGO,729.27,SYNTHETIC_DEMO
2021-08-14,LKA_CMB,VLSFO,596.97,SYNTHETIC_DEMO
2021-08-14,LKA_CMB,MGO,747.5,SYNTHETIC_DEMO
2021-08-14,ARE_FUJ,VLSFO,576.59,SYNTHETIC_DEMO
2021-08-14,ARE_FUJ,MGO,721.97,SYNTHETIC_DEMO
2021-08-15,SGP_SIN,VLSFO,590.28,SYNTHETIC_DEMO
2021-08-15,SGP_SIN,MGO,755.17,SYNTHETIC_DEMO
2021-08-15,LKA_CMB,VLSFO,605.04,SYNTHETIC_DEMO
2021-08-15,LKA_CMB,MGO,774.04,SYNTHETIC_DEMO
2021-08-15,ARE_FUJ,VLSFO,584.38,SYNTHETIC_DEMO
2021-08-15,ARE_FUJ,MGO,747.61,SYNTHETIC_DEMO
2021-08-16,SGP_SIN,VLSFO,595.17,SYNTHETIC_DEMO
2021-08-16,SGP_SIN,MGO,751.48,SYNTHETIC_DEMO
2021-08-16,LKA_CMB,VLSFO,610.05,SYNTHETIC_DEMO
2021-08-16,LKA_CMB,MGO,770.27,SYNTHETIC_DEMO
2021-08-16,ARE_FUJ,VLSFO,589.22,SYNTHETIC_DEMO
2021-08-16,ARE_FUJ,MGO,743.97,SYNTHETIC_DEMO
2021-08-17,SGP_SIN,VLSFO,587.41,SYNTHETIC_DEMO
2021-08-17,SGP_SIN,MGO,748.75,SYNTHETIC_DEMO
2021-08-17,LKA_CMB,VLSFO,602.09,SYNTHETIC_DEMO
2021-08-17,LKA_CMB,MGO,767.47,SYNTHETIC_DEMO
2021-08-17,ARE_FUJ,VLSFO,581.53,SYNTHETIC_DEMO
2021-08-17,ARE_FUJ,MGO,741.26,SYNTHETIC_DEMO
2021-08-18,SGP_SIN,VLSFO,586.8,SYNTHETIC_DEMO
2021-08-18,SGP_SIN,MGO,761.04,SYNTHETIC_DEMO
2021-08-18,LKA_CMB,VLSFO,601.47,SYNTHETIC_DEMO
2021-08-18,LKA_CMB,MGO,780.07,SYNTHETIC_DEMO
2021-08-18,ARE_FUJ,VLSFO,580.93,SYNTHETIC_DEMO
2021-08-18,ARE_FUJ,MGO,753.43,SYNTHETIC_DEMO
2021-08-19,SGP_SIN,VLSFO,585.76,SYNTHETIC_DEMO
2021-08-19,SGP_SIN,MGO,746.13,SYNTHETIC_DEMO
2021-08-19,LKA_CMB,VLSFO,600.41,SYNTHETIC_DEMO
2021-08-19,LKA_CMB,MGO,764.78,SYNTHETIC_DEMO
2021-08-19,ARE_FUJ,VLSFO,579.91,SYNTHETIC_DEMO
2021-08-19,ARE_FUJ,MGO,738.67,SYNTHETIC_DEMO
2021-08-20,SGP_SIN,VLSFO,601.15,SYNTHETIC_DEMO
2021-08-20,SGP_SIN,MGO,761.46,SYNTHETIC_DEMO
2021-08-20,LKA_CMB,VLSFO,616.18,SYNTHETIC_DEMO
2021-08-20,LKA_CMB,MGO,780.5,SYNTHETIC_DEMO
2021-08-20,ARE_FUJ,VLSFO,595.14,SYNTHETIC_DEMO
2021-08-20,ARE_FUJ,MGO,753.84,SYNTHETIC_DEMO
2021-08-21,SGP_SIN,VLSFO,597.12,SYNTHETIC_DEMO
2021-08-21,SGP_SIN,MGO,751.06,SYNTHETIC_DEMO
2021-08-21,LKA_CMB,VLSFO,612.05,SYNTHETIC_DEMO
2021-08-21,LKA_CMB,MGO,769.84,SYNTHETIC_DEMO
2021-08-21,ARE_FUJ,VLSFO,591.15,SYNTHETIC_DEMO
2021-08-21,ARE_FUJ,MGO,743.55,SYNTHETIC_DEMO
2021-08-22,SGP_SIN,VLSFO,586.28,SYNTHETIC_DEMO
2021-08-22,SGP_SIN,MGO,761.07,SYNTHETIC_DEMO
2021-08-22,LKA_CMB,VLSFO,600.93,SYNTHETIC_DEMO
2021-08-22,LKA_CMB,MGO,780.09,SYNTHETIC_DEMO
2021-08-22,ARE_FUJ,VLSFO,580.41,SYNTHETIC_DEMO
2021-08-22,ARE_FUJ,MGO,753.45,SYNTHETIC_DEMO
2021-08-23,SGP_SIN,VLSFO,604.85,SYNTHETIC_DEMO
2021-08-23,SGP_SIN,MGO,774.89,SYNTHETIC_DEMO
2021-08-23,LKA_CMB,VLSFO,619.97,SYNTHETIC_DEMO
2021-08-23,LKA_CMB,MGO,794.26,SYNTHETIC_DEMO
2021-08-23,ARE_FUJ,VLSFO,598.8,SYNTHETIC_DEMO
2021-08-23,ARE_FUJ,MGO,767.14,SYNTHETIC_DEMO
2021-08-24,SGP_SIN,VLSFO,608.43,SYNTHETIC_DEMO
2021-08-24,SGP_SIN,MGO,784.19,SYNTHETIC_DEMO
2021-08-24,LKA_CMB,VLSFO,623.64,SYNTHETIC_DEMO
2021-08-24,LKA_CMB,MGO,803.8,SYNTHETIC_DEMO
2021-08-24,ARE_FUJ,VLSFO,602.34,SYNTHETIC_DEMO
2021-08-24,ARE_FUJ,MGO,776.35,SYNTHETIC_DEMO
2021-08-25,SGP_SIN,VLSFO,587.92,SYNTHETIC_DEMO
2021-08-25,SGP_SIN,MGO,758.79,SYNTHETIC_DEMO
2021-08-25,LKA_CMB,VLSFO,602.62,SYNTHETIC_DEMO
2021-08-25,LKA_CMB,MGO,777.76,SYNTHETIC_DEMO
2021-08-25,ARE_FUJ,VLSFO,582.04,SYNTHETIC_DEMO
2021-08-25,ARE_FUJ,MGO,751.2,SYNTHETIC_DEMO
2021-08-26,SGP_SIN,VLSFO,614.63,SYNTHETIC_DEMO
2021-08-26,SGP_SIN,MGO,778.33,SYNTHETIC_DEMO
2021-08-26,LKA_CMB,VLSFO,630.0,SYNTHETIC_DEMO
2021-08-26,LKA_CMB,MGO,797.79,SYNTHETIC_DEMO
2021-08-26,ARE_FUJ,VLSFO,608.49,SYNTHETIC_DEMO
2021-08-26,ARE_FUJ,MGO,770.55,SYNTHETIC_DEMO
2021-08-27,SGP_SIN,VLSFO,590.07,SYNTHETIC_DEMO
2021-08-27,SGP_SIN,MGO,751.59,SYNTHETIC_DEMO
2021-08-27,LKA_CMB,VLSFO,604.82,SYNTHETIC_DEMO
2021-08-27,LKA_CMB,MGO,770.38,SYNTHETIC_DEMO
2021-08-27,ARE_FUJ,VLSFO,584.17,SYNTHETIC_DEMO
2021-08-27,ARE_FUJ,MGO,744.08,SYNTHETIC_DEMO
2021-08-28,SGP_SIN,VLSFO,590.95,SYNTHETIC_DEMO
2021-08-28,SGP_SIN,MGO,768.22,SYNTHETIC_DEMO
2021-08-28,LKA_CMB,VLSFO,605.72,SYNTHETIC_DEMO
2021-08-28,LKA_CMB,MGO,787.42,SYNTHETIC_DEMO
2021-08-28,ARE_FUJ,VLSFO,585.04,SYNTHETIC_DEMO
2021-08-28,ARE_FUJ,MGO,760.54,SYNTHETIC_DEMO
2021-08-29,SGP_SIN,VLSFO,604.8,SYNTHETIC_DEMO
2021-08-29,SGP_SIN,MGO,784.97,SYNTHETIC_DEMO
2021-08-29,LKA_CMB,VLSFO,619.92,SYNTHETIC_DEMO
2021-08-29,LKA_CMB,MGO,804.6,SYNTHETIC_DEMO
2021-08-29,ARE_FUJ,VLSFO,598.75,SYNTHETIC_DEMO
2021-08-29,ARE_FUJ,MGO,777.12,SYNTHETIC_DEMO
2021-08-30,SGP_SIN,VLSFO,579.24,SYNTHETIC_DEMO
2021-08-30,SGP_SIN,MGO,742.83,SYNTHETIC_DEMO
2021-08-30,LKA_CMB,VLSFO,593.72,SYNTHETIC_DEMO
2021-08-30,LKA_CMB,MGO,761.4,SYNTHETIC_DEMO
2021-08-30,ARE_FUJ,VLSFO,573.45,SYNTHETIC_DEMO
2021-08-30,ARE_FUJ,MGO,735.4,SYNTHETIC_DEMO
2021-08-31,SGP_SIN,VLSFO,597.27,SYNTHETIC_DEMO
2021-08-31,SGP_SIN,MGO,775.67,SYNTHETIC_DEMO
2021-08-31,LKA_CMB,VLSFO,612.2,SYNTHETIC_DEMO
2021-08-31,LKA_CMB,MGO,795.07,SYNTHETIC_DEMO
2021-08-31,ARE_FUJ,VLSFO,591.3,SYNTHETIC_DEMO
2021-08-31,ARE_FUJ,MGO,767.92,SYNTHETIC_DEMO
2021-09-01,SGP_SIN,VLSFO,592.75,SYNTHETIC_DEMO
2021-09-01,SGP_SIN,MGO,767.36,SYNTHETIC_DEMO
2021-09-01,LKA_CMB,VLSFO,607.57,SYNTHETIC_DEMO
2021-09-01,LKA_CMB,MGO,786.55,SYNTHETIC_DEMO
2021-09-01,ARE_FUJ,VLSFO,586.82,SYNTHETIC_DEMO
2021-09-01,ARE_FUJ,MGO,759.69,SYNTHETIC_DEMO
2021-09-02,SGP_SIN,VLSFO,590.87,SYNTHETIC_DEMO
2021-09-02,SGP_SIN,MGO,770.42,SYNTHETIC_DEMO
2021-09-02,LKA_CMB,VLSFO,605.64,SYNTHETIC_DEMO
2021-09-02,LKA_CMB,MGO,789.68,SYNTHETIC_DEMO
2021-09-02,ARE_FUJ,VLSFO,584.96,SYNTHETIC_DEMO
2021-09-02,ARE_FUJ,MGO,762.71,SYNTHETIC_DEMO
2021-09-03,SGP_SIN,VLSFO,593.21,SYNTHETIC_DEMO
2021-09-03,SGP_SIN,MGO,763.62,SYNTHETIC_DEMO
2021-09-03,LKA_CMB,VLSFO,608.04,SYNTHETIC_DEMO
2021-09-03,LKA_CMB,MGO,782.72,SYNTHETIC_DEMO
2021-09-03,ARE_FUJ,VLSFO,587.28,SYNTHETIC_DEMO
2021-09-03,ARE_FUJ,MGO,755.99,SYNTHETIC_DEMO
2021-09-04,SGP_SIN,VLSFO,586.97,SYNTHETIC_DEMO
2021-09-04,SGP_SIN,MGO,740.34,SYNTHETIC_DEMO
2021-09-04,LKA_CMB,VLSFO,601.64,SYNTHETIC_DEMO
2021-09-04,LKA_CMB,MGO,758.85,SYNTHETIC_DEMO
2021-09-04,ARE_FUJ,VLSFO,581.1,SYNTHETIC_DEMO
2021-09-04,ARE_FUJ,MGO,732.94,SYNTHETIC_DEMO
2021-09-05,SGP_SIN,VLSFO,571.86,SYNTHETIC_DEMO
2021-09-05,SGP_SIN,MGO,728.61,SYNTHETIC_DEMO
2021-09-05,LKA_CMB,VLSFO,586.16,SYNTHETIC_DEMO
2021-09-05,LKA_CMB,MGO,746.83,SYNTHETIC_DEMO
2021-09-05,ARE_FUJ,VLSFO,566.14,SYNTHETIC_DEMO
2021-09-05,ARE_FUJ,MGO,721.33,SYNTHETIC_DEMO
2021-09-06,SGP_SIN,VLSFO,580.31,SYNTHETIC_DEMO
2021-09-06,SGP_SIN,MGO,755.51,SYNTHETIC_DEMO
2021-09-06,LKA_CMB,VLSFO,594.82,SYNTHETIC_DEMO
2021-09-06,LKA_CMB,MGO,774.4,SYNTHETIC_DEMO
2021-09-06,ARE_FUJ,VLSFO,574.51,SYNTHETIC_DEMO
2021-09-06,ARE_FUJ,MGO,747.96,SYNTHETIC_DEMO
2021-09-07,SGP_SIN,VLSFO,575.57,SYNTHETIC_DEMO
2021-09-07,SGP_SIN,MGO,735.4,SYNTHETIC_DEMO
2021-09-07,LKA_CMB,VLSFO,589.96,SYNTHETIC_DEMO
2021-09-07,LKA_CMB,MGO,753.79,SYNTHETIC_DEMO
2021-09-07,ARE_FUJ,VLSFO,569.81,SYNTHETIC_DEMO
2021-09-07,ARE_FUJ,MGO,728.05,SYNTHETIC_DEMO
2021-09-08,SGP_SIN,VLSFO,572.12,SYNTHETIC_DEMO
2021-09-08,SGP_SIN,MGO,725.0,SYNTHETIC_DEMO
2021-09-08,LKA_CMB,VLSFO,586.43,SYNTHETIC_DEMO
2021-09-08,LKA_CMB,MGO,743.12,SYNTHETIC_DEMO
2021-09-08,ARE_FUJ,VLSFO,566.4,SYNTHETIC_DEMO
2021-09-08,ARE_FUJ,MGO,717.75,SYNTHETIC_DEMO
2021-09-09,SGP_SIN,VLSFO,562.49,SYNTHETIC_DEMO
2021-09-09,SGP_SIN,MGO,714.87,SYNTHETIC_DEMO
2021-09-09,LKA_CMB,VLSFO,576.56,SYNTHETIC_DEMO
2021-09-09,LKA_CMB,MGO,732.75,SYNTHETIC_DEMO
2021-09-09,ARE_FUJ,VLSFO,556.87,SYNTHETIC_DEMO
2021-09-09,ARE_FUJ,MGO,707.73,SYNTHETIC_DEMO
2021-09-10,SGP_SIN,VLSFO,573.45,SYNTHETIC_DEMO
2021-09-10,SGP_SIN,MGO,726.28,SYNTHETIC_DEMO
2021-09-10,LKA_CMB,VLSFO,587.79,SYNTHETIC_DEMO
2021-09-10,LKA_CMB,MGO,744.44,SYNTHETIC_DEMO
2021-09-10,ARE_FUJ,VLSFO,567.72,SYNTHETIC_DEMO
2021-09-10,ARE_FUJ,MGO,719.02,SYNTHETIC_DEMO
2021-09-11,SGP_SIN,VLSFO,559.56,SYNTHETIC_DEMO
2021-09-11,SGP_SIN,MGO,718.03,SYNTHETIC_DEMO
2021-09-11,LKA_CMB,VLSFO,573.55,SYNTHETIC_DEMO
2021-09-11,LKA_CMB,MGO,735.99,SYNTHETIC_DEMO
2021-09-11,ARE_FUJ,VLSFO,553.97,SYNTHETIC_DEMO
2021-09-11,ARE_FUJ,MGO,710.85,SYNTHETIC_DEMO
2021-09-12,SGP_SIN,VLSFO,574.54,SYNTHETIC_DEMO
2021-09-12,SGP_SIN,MGO,724.5,SYNTHETIC_DEMO
2021-09-12,LKA_CMB,VLSFO,588.9,SYNTHETIC_DEMO
2021-09-12,LKA_CMB,MGO,742.62,SYNTHETIC_DEMO
2021-09-12,ARE_FUJ,VLSFO,568.79,SYNTHETIC_DEMO
2021-09-12,ARE_FUJ,MGO,717.26,SYNTHETIC_DEMO
2021-09-13,SGP_SIN,VLSFO,582.37,SYNTHETIC_DEMO
2021-09-13,SGP_SIN,MGO,750.71,SYNTHETIC_DEMO
2021-09-13,LKA_CMB,VLSFO,596.93,SYNTHETIC_DEMO
2021-09-13,LKA_CMB,MGO,769.47,SYNTHETIC_DEMO
2021-09-13,ARE_FUJ,VLSFO,576.55,SYNTHETIC_DEMO
2021-09-13,ARE_FUJ,MGO,743.2,SYNTHETIC_DEMO
2021-09-14,SGP_SIN,VLSFO,567.29,SYNTHETIC_DEMO
2021-09-14,SGP_SIN,MGO,723.61,SYNTHETIC_DEMO
2021-09-14,LKA_CMB,VLSFO,581.47,SYNTHETIC_DEMO
2021-09-14,LKA_CMB,MGO,741.7,SYNTHETIC_DEMO
2021-09-14,ARE_FUJ,VLSFO,561.62,SYNTHETIC_DEMO
2021-09-14,ARE_FUJ,MGO,716.38,SYNTHETIC_DEMO
2021-09-15,SGP_SIN,VLSFO,577.35,SYNTHETIC_DEMO
2021-09-15,SGP_SIN,MGO,730.04,SYNTHETIC_DEMO
2021-09-15,LKA_CMB,VLSFO,591.79,SYNTHETIC_DEMO
2021-09-15,LKA_CMB,MGO,748.29,SYNTHETIC_DEMO
2021-09-15,ARE_FUJ,VLSFO,571.58,SYNTHETIC_DEMO
2021-09-15,ARE_FUJ,MGO,722.74,SYNTHETIC_DEMO
2021-09-16,SGP_SIN,VLSFO,589.41,SYNTHETIC_DEMO
2021-09-16,SGP_SIN,MGO,761.15,SYNTHETIC_DEMO
2021-09-16,LKA_CMB,VLSFO,604.15,SYNTHETIC_DEMO
2021-09-16,LKA_CMB,MGO,780.18,SYNTHETIC_DEMO
2021-09-16,ARE_FUJ,VLSFO,583.52,SYNTHETIC_DEMO
2021-09-16,ARE_FUJ,MGO,753.54,SYNTHETIC_DEMO
2021-09-17,SGP_SIN,VLSFO,566.24,SYNTHETIC_DEMO
2021-09-17,SGP_SIN,MGO,719.22,SYNTHETIC_DEMO
2021-09-17,LKA_CMB,VLSFO,580.4,SYNTHETIC_DEMO
2021-09-17,LKA_CMB,MGO,737.2,SYNTHETIC_DEMO
2021-09-17,ARE_FUJ,VLSFO,560.58,SYNTHETIC_DEMO
2021-09-17,ARE_FUJ,MGO,712.03,SYNTHETIC_DEMO
2021-09-18,SGP_SIN,VLSFO,586.48,SYNTHETIC_DEMO
2021-09-18,SGP_SIN,MGO,756.58,SYNTHETIC_DEMO
2021-09-18,LKA_CMB,VLSFO,601.15,SYNTHETIC_DEMO
2021-09-18,LKA_CMB,MGO,775.49,SYNTHETIC_DEMO
2021-09-18,ARE_FUJ,VLSFO,580.62,SYNTHETIC_DEMO
2021-09-18,ARE_FUJ,MGO,749.01,SYNTHETIC_DEMO
2021-09-19,SGP_SIN,VLSFO,566.16,SYNTHETIC_DEMO
2021-09-19,SGP_SIN,MGO,729.95,SYNTHETIC_DEMO
2021-09-19,LKA_CMB,VLSFO,580.32,SYNTHETIC_DEMO
2021-09-19,LKA_CMB,MGO,748.2,SYNTHETIC_DEMO
2021-09-19,ARE_FUJ,VLSFO,560.5,SYNTHETIC_DEMO
2021-09-19,ARE_FUJ,MGO,722.65,SYNTHETIC_DEMO
2021-09-20,SGP_SIN,VLSFO,564.78,SYNTHETIC_DEMO
2021-09-20,SGP_SIN,MGO,731.84,SYNTHETIC_DEMO
2021-09-20,LKA_CMB,VLSFO,578.9,SYNTHETIC_DEMO
2021-09-20,LKA_CMB,MGO,750.14,SYNTHETIC_DEMO
2021-09-20,ARE_FUJ,VLSFO,559.13,SYNTHETIC_DEMO
2021-09-20,ARE_FUJ,MGO,724.53,SYNTHETIC_DEMO
2021-09-21,SGP_SIN,VLSFO,555.71,SYNTHETIC_DEMO
2021-09-21,SGP_SIN,MGO,716.57,SYNTHETIC_DEMO
2021-09-21,LKA_CMB,VLSFO,569.6,SYNTHETIC_DEMO
2021-09-21,LKA_CMB,MGO,734.48,SYNTHETIC_DEMO
2021-09-21,ARE_FUJ,VLSFO,550.15,SYNTHETIC_DEMO
2021-09-21,ARE_FUJ,MGO,709.4,SYNTHETIC_DEMO
2021-09-22,SGP_SIN,VLSFO,571.11,SYNTHETIC_DEMO
2021-09-22,SGP_SIN,MGO,741.11,SYNTHETIC_DEMO
2021-09-22,LKA_CMB,VLSFO,585.39,SYNTHETIC_DEMO
2021-09-22,LKA_CMB,MGO,759.63,SYNTHETIC_DEMO
2021-09-22,ARE_FUJ,VLSFO,565.4,SYNTHETIC_DEMO
2021-09-22,ARE_FUJ,MGO,733.7,SYNTHETIC_DEMO
2021-09-23,SGP_SIN,VLSFO,560.55,SYNTHETIC_DEMO
2021-09-23,SGP_SIN,MGO,721.36,SYNTHETIC_DEMO
2021-09-23,LKA_CMB,VLSFO,574.57,SYNTHETIC_DEMO
2021-09-23,LKA_CMB,MGO,739.4,SYNTHETIC_DEMO
2021-09-23,ARE_FUJ,VLSFO,554.95,SYNTHETIC_DEMO
2021-09-23,ARE_FUJ,MGO,714.15,SYNTHETIC_DEMO
2021-09-24,SGP_SIN,VLSFO,545.08,SYNTHETIC_DEMO
2021-09-24,SGP_SIN,MGO,700.59,SYNTHETIC_DEMO
2021-09-24,LKA_CMB,VLSFO,558.71,SYNTHETIC_DEMO
2021-09-24,LKA_CMB,MGO,718.1,SYNTHETIC_DEMO
2021-09-24,ARE_FUJ,VLSFO,539.63,SYNTHETIC_DEMO
2021-09-24,ARE_FUJ,MGO,693.58,SYNTHETIC_DEMO
2021-09-25,SGP_SIN,VLSFO,544.92,SYNTHETIC_DEMO
2021-09-25,SGP_SIN,MGO,690.97,SYNTHETIC_DEMO
2021-09-25,LKA_CMB,VLSFO,558.55,SYNTHETIC_DEMO
2021-09-25,LKA_CMB,MGO,708.24,SYNTHETIC_DEMO
2021-09-25,ARE_FUJ,VLSFO,539.47,SYNTHETIC_DEMO
2021-09-25,ARE_FUJ,MGO,684.06,SYNTHETIC_DEMO
2021-09-26,SGP_SIN,VLSFO,538.06,SYNTHETIC_DEMO
2021-09-26,SGP_SIN,MGO,680.71,SYNTHETIC_DEMO
2021-09-26,LKA_CMB,VLSFO,551.51,SYNTHETIC_DEMO
2021-09-26,LKA_CMB,MGO,697.73,SYNTHETIC_DEMO
2021-09-26,ARE_FUJ,VLSFO,532.68,SYNTHETIC_DEMO
2021-09-26,ARE_FUJ,MGO,673.9,SYNTHETIC_DEMO
2021-09-27,SGP_SIN,VLSFO,554.89,SYNTHETIC_DEMO
2021-09-27,SGP_SIN,MGO,710.94,SYNTHETIC_DEMO
2021-09-27,LKA_CMB,VLSFO,568.76,SYNTHETIC_DEMO
2021-09-27,LKA_CMB,MGO,728.72,SYNTHETIC_DEMO
2021-09-27,ARE_FUJ,VLSFO,549.34,SYNTHETIC_DEMO
2021-09-27,ARE_FUJ,MGO,703.83,SYNTHETIC_DEMO
2021-09-28,SGP_SIN,VLSFO,555.36,SYNTHETIC_DEMO
2021-09-28,SGP_SIN,MGO,706.63,SYNTHETIC_DEMO
2021-09-28,LKA_CMB,VLSFO,569.25,SYNTHETIC_DEMO
2021-09-28,LKA_CMB,MGO,724.3,SYNTHETIC_DEMO
2021-09-28,ARE_FUJ,VLSFO,549.81,SYNTHETIC_DEMO
2021-09-28,ARE_FUJ,MGO,699.56,SYNTHETIC_DEMO
2021-09-29,SGP_SIN,VLSFO,540.09,SYNTHETIC_DEMO
2021-09-29,SGP_SIN,MGO,700.41,SYNTHETIC_DEMO
2021-09-29,LKA_CMB,VLSFO,553.59,SYNTHETIC_DEMO
2021-09-29,LKA_CMB,MGO,717.92,SYNTHETIC_DEMO
2021-09-29,ARE_FUJ,VLSFO,534.69,SYNTHETIC_DEMO
2021-09-29,ARE_FUJ,MGO,693.41,SYNTHETIC_DEMO
2021-09-30,SGP_SIN,VLSFO,550.91,SYNTHETIC_DEMO
2021-09-30,SGP_SIN,MGO,692.21,SYNTHETIC_DEMO
2021-09-30,LKA_CMB,VLSFO,564.68,SYNTHETIC_DEMO
2021-09-30,LKA_CMB,MGO,709.51,SYNTHETIC_DEMO
2021-09-30,ARE_FUJ,VLSFO,545.4,SYNTHETIC_DEMO
2021-09-30,ARE_FUJ,MGO,685.28,SYNTHETIC_DEMO
2021-10-01,SGP_SIN,VLSFO,560.05,SYNTHETIC_DEMO
2021-10-01,SGP_SIN,MGO,724.04,SYNTHETIC_DEMO
2021-10-01,LKA_CMB,VLSFO,574.05,SYNTHETIC_DEMO
2021-10-01,LKA_CMB,MGO,742.14,SYNTHETIC_DEMO
2021-10-01,ARE_FUJ,VLSFO,554.45,SYNTHETIC_DEMO
2021-10-01,ARE_FUJ,MGO,716.8,SYNTHETIC_DEMO
2021-10-02,SGP_SIN,VLSFO,557.74,SYNTHETIC_DEMO
2021-10-02,SGP_SIN,MGO,703.41,SYNTHETIC_DEMO
2021-10-02,LKA_CMB,VLSFO,571.69,SYNTHETIC_DEMO
2021-10-02,LKA_CMB,MGO,720.99,SYNTHETIC_DEMO
2021-10-02,ARE_FUJ,VLSFO,552.17,SYNTHETIC_DEMO
2021-10-02,ARE_FUJ,MGO,696.37,SYNTHETIC_DEMO
2021-10-03,SGP_SIN,VLSFO,545.28,SYNTHETIC_DEMO
2021-10-03,SGP_SIN,MGO,683.53,SYNTHETIC_DEMO
2021-10-03,LKA_CMB,VLSFO,558.92,SYNTHETIC_DEMO
2021-10-03,LKA_CMB,MGO,700.62,SYNTHETIC_DEMO
2021-10-03,ARE_FUJ,VLSFO,539.83,SYNTHETIC_DEMO
2021-10-03,ARE_FUJ,MGO,676.69,SYNTHETIC_DEMO
2021-10-04,SGP_SIN,VLSFO,557.05,SYNTHETIC_DEMO
2021-10-04,SGP_SIN,MGO,716.58,SYNTHETIC_DEMO
2021-10-04,LKA_CMB,VLSFO,570.98,SYNTHETIC_DEMO
2021-10-04,LKA_CMB,MGO,734.49,SYNTHETIC_DEMO
2021-10-04,ARE_FUJ,VLSFO,551.48,SYNTHETIC_DEMO
2021-10-04,ARE_FUJ,MGO,709.41,SYNTHETIC_DEMO
2021-10-05,SGP_SIN,VLSFO,563.62,SYNTHETIC_DEMO
2021-10-05,SGP_SIN,MGO,710.52,SYNTHETIC_DEMO
2021-10-05,LKA_CMB,VLSFO,577.72,SYNTHETIC_DEMO
2021-10-05,LKA_CMB,MGO,728.28,SYNTHETIC_DEMO
2021-10-05,ARE_FUJ,VLSFO,557.99,SYNTHETIC_DEMO
2021-10-05,ARE_FUJ,MGO,703.42,SYNTHETIC_DEMO
2021-10-06,SGP_SIN,VLSFO,564.29,SYNTHETIC_DEMO
2021-10-06,SGP_SIN,MGO,710.69,SYNTHETIC_DEMO
2021-10-06,LKA_CMB,VLSFO,578.4,SYNTHETIC_DEMO
2021-10-06,LKA_CMB,MGO,728.45,SYNTHETIC_DEMO
2021-10-06,ARE_FUJ,VLSFO,558.65,SYNTHETIC_DEMO
2021-10-06,ARE_FUJ,MGO,703.58,SYNTHETIC_DEMO
2021-10-07,SGP_SIN,VLSFO,556.38,SYNTHETIC_DEMO
2021-10-07,SGP_SIN,MGO,702.9,SYNTHETIC_DEMO
2021-10-07,LKA_CMB,VLSFO,570.29,SYNTHETIC_DEMO
2021-10-07,LKA_CMB,MGO,720.47,SYNTHETIC_DEMO
2021-10-07,ARE_FUJ,VLSFO,550.81,SYNTHETIC_DEMO
2021-10-07,ARE_FUJ,MGO,695.87,SYNTHETIC_DEMO
2021-10-08,SGP_SIN,VLSFO,550.47,SYNTHETIC_DEMO
2021-10-08,SGP_SIN,MGO,689.06,SYNTHETIC_DEMO
2021-10-08,LKA_CMB,VLSFO,564.23,SYNTHETIC_DEMO
2021-10-08,LKA_CMB,MGO,706.29,SYNTHETIC_DEMO
2021-10-08,ARE_FUJ,VLSFO,544.97,SYNTHETIC_DEMO
2021-10-08,ARE_FUJ,MGO,682.17,SYNTHETIC_DEMO
2021-10-09,SGP_SIN,VLSFO,560.87,SYNTHETIC_DEMO
2021-10-09,SGP_SIN,MGO,727.02,SYNTHETIC_DEMO
2021-10-09,LKA_CMB,VLSFO,574.89,SYNTHETIC_DEMO
2021-10-09,LKA_CMB,MGO,745.19,SYNTHETIC_DEMO
2021-10-09,ARE_FUJ,VLSFO,555.26,SYNTHETIC_DEMO
2021-10-09,ARE_FUJ,MGO,719.75,SYNTHETIC_DEMO
2021-10-10,SGP_SIN,VLSFO,564.94,SYNTHETIC_DEMO
2021-10-10,SGP_SIN,MGO,744.17,SYNTHETIC_DEMO
2021-10-10,LKA_CMB,VLSFO,579.06,SYNTHETIC_DEMO
2021-10-10,LKA_CMB,MGO,762.78,SYNTHETIC_DEMO
2021-10-10,ARE_FUJ,VLSFO,559.29,SYNTHETIC_DEMO
2021-10-10,ARE_FUJ,MGO,736.73,SYNTHETIC_DEMO
2021-10-11,SGP_SIN,VLSFO,561.8,SYNTHETIC_DEMO
2021-10-11,SGP_SIN,MGO,721.51,SYNTHETIC_DEMO
2021-10-11,LKA_CMB,VLSFO,575.84,SYNTHETIC_DEMO
2021-10-11,LKA_CMB,MGO,739.54,SYNTHETIC_DEMO
2021-10-11,ARE_FUJ,VLSFO,556.18,SYNTHETIC_DEMO
2021-10-11,ARE_FUJ,MGO,714.29,SYNTHETIC_DEMO
2021-10-12,SGP_SIN,VLSFO,555.05,SYNTHETIC_DEMO
2021-10-12,SGP_SIN,MGO,715.87,SYNTHETIC_DEMO
2021-10-12,LKA_CMB,VLSFO,568.93,SYNTHETIC_DEMO
2021-10-12,LKA_CMB,MGO,733.77,SYNTHETIC_DEMO
2021-10-12,ARE_FUJ,VLSFO,549.5,SYNTHETIC_DEMO
2021-10-12,ARE_FUJ,MGO,708.72,SYNTHETIC_DEMO
2021-10-13,SGP_SIN,VLSFO,571.73,SYNTHETIC_DEMO
2021-10-13,SGP_SIN,MGO,745.41,SYNTHETIC_DEMO
2021-10-13,LKA_CMB,VLSFO,586.02,SYNTHETIC_DEMO
2021-10-13,LKA_CMB,MGO,764.05,SYNTHETIC_DEMO
2021-10-13,ARE_FUJ,VLSFO,566.01,SYNTHETIC_DEMO
2021-10-13,ARE_FUJ,MGO,737.96,SYNTHETIC_DEMO
2021-10-14,SGP_SIN,VLSFO,563.11,SYNTHETIC_DEMO
2021-10-14,SGP_SIN,MGO,717.31,SYNTHETIC_DEMO
2021-10-14,LKA_CMB,VLSFO,577.19,SYNTHETIC_DEMO
2021-10-14,LKA_CMB,MGO,735.25,SYNTHETIC_DEMO
2021-10-14,ARE_FUJ,VLSFO,557.48,SYNTHETIC_DEMO
2021-10-14,ARE_FUJ,MGO,710.14,SYNTHETIC_DEMO
2021-10-15,SGP_SIN,VLSFO,563.53,SYNTHETIC_DEMO
2021-10-15,SGP_SIN,MGO,722.26,SYNTHETIC_DEMO
2021-10-15,LKA_CMB,VLSFO,577.62,SYNTHETIC_DEMO
2021-10-15,LKA_CMB,MGO,740.32,SYNTHETIC_DEMO
2021-10-15,ARE_FUJ,VLSFO,557.9,SYNTHETIC_DEMO
2021-10-15,ARE_FUJ,MGO,715.04,SYNTHETIC_DEMO
2021-10-16,SGP_SIN,VLSFO,583.63,SYNTHETIC_DEMO
2021-10-16,SGP_SIN,MGO,762.21,SYNTHETIC_DEMO
2021-10-16,LKA_CMB,VLSFO,598.22,SYNTHETIC_DEMO
2021-10-16,LKA_CMB,MGO,781.27,SYNTHETIC_DEMO
2021-10-16,ARE_FUJ,VLSFO,577.79,SYNTHETIC_DEMO
2021-10-16,ARE_FUJ,MGO,754.59,SYNTHETIC_DEMO
2021-10-17,SGP_SIN,VLSFO,577.24,SYNTHETIC_DEMO
2021-10-17,SGP_SIN,MGO,737.69,SYNTHETIC_DEMO
2021-10-17,LKA_CMB,VLSFO,591.67,SYNTHETIC_DEMO
2021-10-17,LKA_CMB,MGO,756.14,SYNTHETIC_DEMO
2021-10-17,ARE_FUJ,VLSFO,571.46,SYNTHETIC_DEMO
2021-10-17,ARE_FUJ,MGO,730.32,SYNTHETIC_DEMO
2021-10-18,SGP_SIN,VLSFO,576.03,SYNTHETIC_DEMO
2021-10-18,SGP_SIN,MGO,737.76,SYNTHETIC_DEMO
2021-10-18,LKA_CMB,VLSFO,590.43,SYNTHETIC_DEMO
2021-10-18,LKA_CMB,MGO,756.2,SYNTHETIC_DEMO
2021-10-18,ARE_FUJ,VLSFO,570.27,SYNTHETIC_DEMO
2021-10-18,ARE_FUJ,MGO,730.38,SYNTHETIC_DEMO
2021-10-19,SGP_SIN,VLSFO,568.44,SYNTHETIC_DEMO
2021-10-19,SGP_SIN,MGO,735.46,SYNTHETIC_DEMO
2021-10-19,LKA_CMB,VLSFO,582.65,SYNTHETIC_DEMO
2021-10-19,LKA_CMB,MGO,753.85,SYNTHETIC_DEMO
2021-10-19,ARE_FUJ,VLSFO,562.76,SYNTHETIC_DEMO
2021-10-19,ARE_FUJ,MGO,728.1,SYNTHETIC_DEMO
2021-10-20,SGP_SIN,VLSFO,578.78,SYNTHETIC_DEMO
2021-10-20,SGP_SIN,MGO,732.36,SYNTHETIC_DEMO
2021-10-20,LKA_CMB,VLSFO,593.25,SYNTHETIC_DEMO
2021-10-20,LKA_CMB,MGO,750.67,SYNTHETIC_DEMO
2021-10-20,ARE_FUJ,VLSFO,573.0,SYNTHETIC_DEMO
2021-10-20,ARE_FUJ,MGO,725.03,SYNTHETIC_DEMO
2021-10-21,SGP_SIN,VLSFO,578.46,SYNTHETIC_DEMO
2021-10-21,SGP_SIN,MGO,740.66,SYNTHETIC_DEMO
2021-10-21,LKA_CMB,VLSFO,592.92,SYNTHETIC_DEMO
2021-10-21,LKA_CMB,MGO,759.18,SYNTHETIC_DEMO
2021-10-21,ARE_FUJ,VLSFO,572.67,SYNTHETIC_DEMO
2021-10-21,ARE_FUJ,MGO,733.26,SYNTHETIC_DEMO
2021-10-22,SGP_SIN,VLSFO,591.26,SYNTHETIC_DEMO
2021-10-22,SGP_SIN,MGO,756.29,SYNTHETIC_DEMO
2021-10-22,LKA_CMB,VLSFO,606.04,SYNTHETIC_DEMO
2021-10-22,LKA_CMB,MGO,775.2,SYNTHETIC_DEMO
2021-10-22,ARE_FUJ,VLSFO,585.35,SYNTHETIC_DEMO
2021-10-22,ARE_FUJ,MGO,748.73,SYNTHETIC_DEMO
2021-10-23,SGP_SIN,VLSFO,582.41,SYNTHETIC_DEMO
2021-10-23,SGP_SIN,MGO,758.01,SYNTHETIC_DEMO
2021-10-23,LKA_CMB,VLSFO,596.97,SYNTHETIC_DEMO
2021-10-23,LKA_CMB,MGO,776.96,SYNTHETIC_DEMO
2021-10-23,ARE_FUJ,VLSFO,576.59,SYNTHETIC_DEMO
2021-10-23,ARE_FUJ,MGO,750.43,SYNTHETIC_DEMO
2021-10-24,SGP_SIN,VLSFO,577.56,SYNTHETIC_DEMO
2021-10-24,SGP_SIN,MGO,747.49,SYNTHETIC_DEMO
2021-10-24,LKA_CMB,VLSFO,592.0,SYNTHETIC_DEMO
2021-10-24,LKA_CMB,MGO,766.17,SYNTHETIC_DEMO
2021-10-24,ARE_FUJ,VLSFO,571.78,SYNTHETIC_DEMO
2021-10-24,ARE_FUJ,MGO,740.01,SYNTHETIC_DEMO
2021-10-25,SGP_SIN,VLSFO,565.52,SYNTHETIC_DEMO
2021-10-25,SGP_SIN,MGO,724.57,SYNTHETIC_DEMO
2021-10-25,LKA_CMB,VLSFO,579.66,SYNTHETIC_DEMO
2021-10-25,LKA_CMB,MGO,742.68,SYNTHETIC_DEMO
2021-10-25,ARE_FUJ,VLSFO,559.87,SYNTHETIC_DEMO
2021-10-25,ARE_FUJ,MGO,717.32,SYNTHETIC_DEMO
2021-10-26,SGP_SIN,VLSFO,576.17,SYNTHETIC_DEMO
2021-10-26,SGP_SIN,MGO,727.19,SYNTHETIC_DEMO
2021-10-26,LKA_CMB,VLSFO,590.58,SYNTHETIC_DEMO
2021-10-26,LKA_CMB,MGO,745.37,SYNTHETIC_DEMO
2021-10-26,ARE_FUJ,VLSFO,570.41,SYNTHETIC_DEMO
2021-10-26,ARE_FUJ,MGO,719.92,SYNTHETIC_DEMO
2021-10-27,SGP_SIN,VLSFO,575.25,SYNTHETIC_DEMO
2021-10-27,SGP_SIN,MGO,741.74,SYNTHETIC_DEMO
2021-10-27,LKA_CMB,VLSFO,589.63,SYNTHETIC_DEMO
2021-10-27,LKA_CMB,MGO,760.28,SYNTHETIC_DEMO
2021-10-27,ARE_FUJ,VLSFO,569.5,SYNTHETIC_DEMO
2021-10-27,ARE_FUJ,MGO,734.32,SYNTHETIC_DEMO
2021-10-28,SGP_SIN,VLSFO,576.72,SYNTHETIC_DEMO
2021-10-28,SGP_SIN,MGO,734.5,SYNTHETIC_DEMO
2021-10-28,LKA_CMB,VLSFO,591.14,SYNTHETIC_DEMO
2021-10-28,LKA_CMB,MGO,752.86,SYNTHETIC_DEMO
2021-10-28,ARE_FUJ,VLSFO,570.95,SYNTHETIC_DEMO
2021-10-28,ARE_FUJ,MGO,727.15,SYNTHETIC_DEMO
2021-10-29,SGP_SIN,VLSFO,586.27,SYNTHETIC_DEMO
2021-10-29,SGP_SIN,MGO,762.84,SYNTHETIC_DEMO
2021-10-29,LKA_CMB,VLSFO,600.92,SYNTHETIC_DEMO
2021-10-29,LKA_CMB,MGO,781.91,SYNTHETIC_DEMO
2021-10-29,ARE_FUJ,VLSFO,580.41,SYNTHETIC_DEMO
2021-10-29,ARE_FUJ,MGO,755.21,SYNTHETIC_DEMO
2021-10-30,SGP_SIN,VLSFO,582.62,SYNTHETIC_DEMO
2021-10-30,SGP_SIN,MGO,754.03,SYNTHETIC_DEMO
2021-10-30,LKA_CMB,VLSFO,597.19,SYNTHETIC_DEMO
2021-10-30,LKA_CMB,MGO,772.88,SYNTHETIC_DEMO
2021-10-30,ARE_FUJ,VLSFO,576.8,SYNTHETIC_DEMO
2021-10-30,ARE_FUJ,MGO,746.49,SYNTHETIC_DEMO
2021-10-31,SGP_SIN,VLSFO,581.62,SYNTHETIC_DEMO
2021-10-31,SGP_SIN,MGO,743.77,SYNTHETIC_DEMO
2021-10-31,LKA_CMB,VLSFO,596.16,SYNTHETIC_DEMO
2021-10-31,LKA_CMB,MGO,762.36,SYNTHETIC_DEMO
2021-10-31,ARE_FUJ,VLSFO,575.8,SYNTHETIC_DEMO
2021-10-31,ARE_FUJ,MGO,736.33,SYNTHETIC_DEMO
2021-11-01,SGP_SIN,VLSFO,593.57,SYNTHETIC_DEMO
2021-11-01,SGP_SIN,MGO,761.98,SYNTHETIC_DEMO
2021-11-01,LKA_CMB,VLSFO,608.41,SYNTHETIC_DEMO
2021-11-01,LKA_CMB,MGO,781.03,SYNTHETIC_DEMO
2021-11-01,ARE_FUJ,VLSFO,587.63,SYNTHETIC_DEMO
2021-11-01,ARE_FUJ,MGO,754.36,SYNTHETIC_DEMO
2021-11-02,SGP_SIN,VLSFO,582.27,SYNTHETIC_DEMO
2021-11-02,SGP_SIN,MGO,734.82,SYNTHETIC_DEMO
2021-11-02,LKA_CMB,VLSFO,596.83,SYNTHETIC_DEMO
2021-11-02,LKA_CMB,MGO,753.19,SYNTHETIC_DEMO
2021-11-02,ARE_FUJ,VLSFO,576.45,SYNTHETIC_DEMO
2021-11-02,ARE_FUJ,MGO,727.47,SYNTHETIC_DEMO
2021-11-03,SGP_SIN,VLSFO,569.21,SYNTHETIC_DEMO
2021-11-03,SGP_SIN,MGO,743.66,SYNTHETIC_DEMO
2021-11-03,LKA_CMB,VLSFO,583.44,SYNTHETIC_DEMO
2021-11-03,LKA_CMB,MGO,762.25,SYNTHETIC_DEMO
2021-11-03,ARE_FUJ,VLSFO,563.52,SYNTHETIC_DEMO
2021-11-03,ARE_FUJ,MGO,736.23,SYNTHETIC_DEMO
2021-11-04,SGP_SIN,VLSFO,572.74,SYNTHETIC_DEMO
2021-11-04,SGP_SIN,MGO,733.21,SYNTHETIC_DEMO
2021-11-04,LKA_CMB,VLSFO,587.06,SYNTHETIC_DEMO
2021-11-04,LKA_CMB,MGO,751.54,SYNTHETIC_DEMO
2021-11-04,ARE_FUJ,VLSFO,567.02,SYNTHETIC_DEMO
2021-11-04,ARE_FUJ,MGO,725.87,SYNTHETIC_DEMO
2021-11-05,SGP_SIN,VLSFO,559.97,SYNTHETIC_DEMO
2021-11-05,SGP_SIN,MGO,712.68,SYNTHETIC_DEMO
2021-11-05,LKA_CMB,VLSFO,573.97,SYNTHETIC_DEMO
2021-11-05,LKA_CMB,MGO,730.49,SYNTHETIC_DEMO
2021-11-05,ARE_FUJ,VLSFO,554.37,SYNTHETIC_DEMO
2021-11-05,ARE_FUJ,MGO,705.55,SYNTHETIC_DEMO
2021-11-06,SGP_SIN,VLSFO,571.09,SYNTHETIC_DEMO
2021-11-06,SGP_SIN,MGO,731.02,SYNTHETIC_DEMO
2021-11-06,LKA_CMB,VLSFO,585.37,SYNTHETIC_DEMO
2021-11-06,LKA_CMB,MGO,749.3,SYNTHETIC_DEMO
2021-11-06,ARE_FUJ,VLSFO,565.38,SYNTHETIC_DEMO
2021-11-06,ARE_FUJ,MGO,723.71,SYNTHETIC_DEMO
2021-11-07,SGP_SIN,VLSFO,571.21,SYNTHETIC_DEMO
2021-11-07,SGP_SIN,MGO,730.03,SYNTHETIC_DEMO
2021-11-07,LKA_CMB,VLSFO,585.49,SYNTHETIC_DEMO
2021-11-07,LKA_CMB,MGO,748.28,SYNTHETIC_DEMO
2021-11-07,ARE_FUJ,VLSFO,565.5,SYNTHETIC_DEMO
2021-11-07,ARE_FUJ,MGO,722.73,SYNTHETIC_DEMO
2021-11-08,SGP_SIN,VLSFO,557.52,SYNTHETIC_DEMO
2021-11-08,SGP_SIN,MGO,701.85,SYNTHETIC_DEMO
2021-11-08,LKA_CMB,VLSFO,571.46,SYNTHETIC_DEMO
2021-11-08,LKA_CMB,MGO,719.4,SYNTHETIC_DEMO
2021-11-08,ARE_FUJ,VLSFO,551.95,SYNTHETIC_DEMO
2021-11-08,ARE_FUJ,MGO,694.84,SYNTHETIC_DEMO
2021-11-09,SGP_SIN,VLSFO,581.37,SYNTHETIC_DEMO
2021-11-09,SGP_SIN,MGO,742.26,SYNTHETIC_DEMO
2021-11-09,LKA_CMB,VLSFO,595.91,SYNTHETIC_DEMO
2021-11-09,LKA_CMB,MGO,760.82,SYNTHETIC_DEMO
2021-11-09,ARE_FUJ,VLSFO,575.56,SYNTHETIC_DEMO
2021-11-09,ARE_FUJ,MGO,734.84,SYNTHETIC_DEMO
2021-11-10,SGP_SIN,VLSFO,583.64,SYNTHETIC_DEMO
2021-11-10,SGP_SIN,MGO,748.29,SYNTHETIC_DEMO
2021-11-10,LKA_CMB,VLSFO,598.23,SYNTHETIC_DEMO
2021-11-10,LKA_CMB,MGO,767.0,SYNTHETIC_DEMO
2021-11-10,ARE_FUJ,VLSFO,577.8,SYNTHETIC_DEMO
2021-11-10,ARE_FUJ,MGO,740.81,SYNTHETIC_DEMO
2021-11-11,SGP_SIN,VLSFO,586.77,SYNTHETIC_DEMO
2021-11-11,SGP_SIN,MGO,769.22,SYNTHETIC_DEMO
2021-11-11,LKA_CMB,VLSFO,601.43,SYNTHETIC_DEMO
2021-11-11,LKA_CMB,MGO,788.45,SYNTHETIC_DEMO
2021-11-11,ARE_FUJ,VLSFO,580.9,SYNTHETIC_DEMO
2021-11-11,ARE_FUJ,MGO,761.53,SYNTHETIC_DEMO
2021-11-12,SGP_SIN,VLSFO,572.64,SYNTHETIC_DEMO
2021-11-12,SGP_SIN,MGO,734.58,SYNTHETIC_DEMO
2021-11-12,LKA_CMB,VLSFO,586.95,SYNTHETIC_DEMO
2021-11-12,LKA_CMB,MGO,752.95,SYNTHETIC_DEMO
2021-11-12,ARE_FUJ,VLSFO,566.91,SYNTHETIC_DEMO
2021-11-12,ARE_FUJ,MGO,727.24,SYNTHETIC_DEMO
2021-11-13,SGP_SIN,VLSFO,572.52,SYNTHETIC_DEMO
2021-11-13,SGP_SIN,MGO,719.19,SYNTHETIC_DEMO
2021-11-13,LKA_CMB,VLSFO,586.83,SYNTHETIC_DEMO
2021-11-13,LKA_CMB,MGO,737.17,SYNTHETIC_DEMO
2021-11-13,ARE_FUJ,VLSFO,566.8,SYNTHETIC_DEMO
2021-11-13,ARE_FUJ,MGO,712.0,SYNTHETIC_DEMO
2021-11-14,SGP_SIN,VLSFO,584.16,SYNTHETIC_DEMO
2021-11-14,SGP_SIN,MGO,765.61,SYNTHETIC_DEMO
2021-11-14,LKA_CMB,VLSFO,598.76,SYNTHETIC_DEMO
2021-11-14,LKA_CMB,MGO,784.76,SYNTHETIC_DEMO
2021-11-14,ARE_FUJ,VLSFO,578.32,SYNTHETIC_DEMO
2021-11-14,ARE_FUJ,MGO,757.96,SYNTHETIC_DEMO
2021-11-15,SGP_SIN,VLSFO,582.31,SYNTHETIC_DEMO
2021-11-15,SGP_SIN,MGO,748.3,SYNTHETIC_DEMO
2021-11-15,LKA_CMB,VLSFO,596.87,SYNTHETIC_DEMO
2021-11-15,LKA_CMB,MGO,767.0,SYNTHETIC_DEMO
2021-11-15,ARE_FUJ,VLSFO,576.49,SYNTHETIC_DEMO
2021-11-15,ARE_FUJ,MGO,740.81,SYNTHETIC_DEMO
2021-11-16,SGP_SIN,VLSFO,579.01,SYNTHETIC_DEMO
2021-11-16,SGP_SIN,MGO,741.27,SYNTHETIC_DEMO
2021-11-16,LKA_CMB,VLSFO,593.49,SYNTHETIC_DEMO
2021-11-16,LKA_CMB,MGO,759.8,SYNTHETIC_DEMO
2021-11-16,ARE_FUJ,VLSFO,573.22,SYNTHETIC_DEMO
2021-11-16,ARE_FUJ,MGO,733.86,SYNTHETIC_DEMO
2021-11-17,SGP_SIN,VLSFO,585.59,SYNTHETIC_DEMO
2021-11-17,SGP_SIN,MGO,745.45,SYNTHETIC_DEMO
2021-11-17,LKA_CMB,VLSFO,600.23,SYNTHETIC_DEMO
2021-11-17,LKA_CMB,MGO,764.09,SYNTHETIC_DEMO
2021-11-17,ARE_FUJ,VLSFO,579.73,SYNTHETIC_DEMO
2021-11-17,ARE_FUJ,MGO,738.0,SYNTHETIC_DEMO
2021-11-18,SGP_SIN,VLSFO,583.75,SYNTHETIC_DEMO
2021-11-18,SGP_SIN,MGO,746.36,SYNTHETIC_DEMO
2021-11-18,LKA_CMB,VLSFO,598.35,SYNTHETIC_DEMO
2021-11-18,LKA_CMB,MGO,765.02,SYNTHETIC_DEMO
2021-11-18,ARE_FUJ,VLSFO,577.92,SYNTHETIC_DEMO
2021-11-18,ARE_FUJ,MGO,738.9,SYNTHETIC_DEMO
2021-11-19,SGP_SIN,VLSFO,582.49,SYNTHETIC_DEMO
2021-11-19,SGP_SIN,MGO,735.7,SYNTHETIC_DEMO
2021-11-19,LKA_CMB,VLSFO,597.05,SYNTHETIC_DEMO
2021-11-19,LKA_CMB,MGO,754.09,SYNTHETIC_DEMO
2021-11-19,ARE_FUJ,VLSFO,576.66,SYNTHETIC_DEMO
2021-11-19,ARE_FUJ,MGO,728.34,SYNTHETIC_DEMO
2021-11-20,SGP_SIN,VLSFO,573.88,SYNTHETIC_DEMO
2021-11-20,SGP_SIN,MGO,729.24,SYNTHETIC_DEMO
2021-11-20,LKA_CMB,VLSFO,588.22,SYNTHETIC_DEMO
2021-11-20,LKA_CMB,MGO,747.48,SYNTHETIC_DEMO
2021-11-20,ARE_FUJ,VLSFO,568.14,SYNTHETIC_DEMO
2021-11-20,ARE_FUJ,MGO,721.95,SYNTHETIC_DEMO
2021-11-21,SGP_SIN,VLSFO,570.65,SYNTHETIC_DEMO
2021-11-21,SGP_SIN,MGO,730.14,SYNTHETIC_DEMO
2021-11-21,LKA_CMB,VLSFO,584.91,SYNTHETIC_DEMO
2021-11-21,LKA_CMB,MGO,748.39,SYNTHETIC_DEMO
2021-11-21,ARE_FUJ,VLSFO,564.94,SYNTHETIC_DEMO
2021-11-21,ARE_FUJ,MGO,722.84,SYNTHETIC_DEMO
2021-11-22,SGP_SIN,VLSFO,566.12,SYNTHETIC_DEMO
2021-11-22,SGP_SIN,MGO,733.08,SYNTHETIC_DEMO
2021-11-22,LKA_CMB,VLSFO,580.27,SYNTHETIC_DEMO
2021-11-22,LKA_CMB,MGO,751.41,SYNTHETIC_DEMO
2021-11-22,ARE_FUJ,VLSFO,560.46,SYNTHETIC_DEMO
2021-11-22,ARE_FUJ,MGO,725.75,SYNTHETIC_DEMO
2021-11-23,SGP_SIN,VLSFO,564.7,SYNTHETIC_DEMO
2021-11-23,SGP_SIN,MGO,726.23,SYNTHETIC_DEMO
2021-11-23,LKA_CMB,VLSFO,578.82,SYNTHETIC_DEMO
2021-11-23,LKA_CMB,MGO,744.39,SYNTHETIC_DEMO
2021-11-23,ARE_FUJ,VLSFO,559.06,SYNTHETIC_DEMO
2021-11-23,ARE_FUJ,MGO,718.97,SYNTHETIC_DEMO
2021-11-24,SGP_SIN,VLSFO,561.72,SYNTHETIC_DEMO
2021-11-24,SGP_SIN,MGO,727.29,SYNTHETIC_DEMO
2021-11-24,LKA_CMB,VLSFO,575.76,SYNTHETIC_DEMO
2021-11-24,LKA_CMB,MGO,745.48,SYNTHETIC_DEMO
2021-11-24,ARE_FUJ,VLSFO,556.1,SYNTHETIC_DEMO
2021-11-24,ARE_FUJ,MGO,720.02,SYNTHETIC_DEMO
2021-11-25,SGP_SIN,VLSFO,568.68,SYNTHETIC_DEMO
2021-11-25,SGP_SIN,MGO,725.1,SYNTHETIC_DEMO
2021-11-25,LKA_CMB,VLSFO,582.9,SYNTHETIC_DEMO
2021-11-25,LKA_CMB,MGO,743.23,SYNTHETIC_DEMO
2021-11-25,ARE_FUJ,VLSFO,563.0,SYNTHETIC_DEMO
2021-11-25,ARE_FUJ,MGO,717.85,SYNTHETIC_DEMO
2021-11-26,SGP_SIN,VLSFO,559.31,SYNTHETIC_DEMO
2021-11-26,SGP_SIN,MGO,727.4,SYNTHETIC_DEMO
2021-11-26,LKA_CMB,VLSFO,573.29,SYNTHETIC_DEMO
2021-11-26,LKA_CMB,MGO,745.59,SYNTHETIC_DEMO
2021-11-26,ARE_FUJ,VLSFO,553.71,SYNTHETIC_DEMO
2021-11-26,ARE_FUJ,MGO,720.13,SYNTHETIC_DEMO
2021-11-27,SGP_SIN,VLSFO,572.91,SYNTHETIC_DEMO
2021-11-27,SGP_SIN,MGO,727.53,SYNTHETIC_DEMO
2021-11-27,LKA_CMB,VLSFO,587.23,SYNTHETIC_DEMO
2021-11-27,LKA_CMB,MGO,745.71,SYNTHETIC_DEMO
2021-11-27,ARE_FUJ,VLSFO,567.18,SYNTHETIC_DEMO
2021-11-27,ARE_FUJ,MGO,720.25,SYNTHETIC_DEMO
2021-11-28,SGP_SIN,VLSFO,561.01,SYNTHETIC_DEMO
2021-11-28,SGP_SIN,MGO,705.88,SYNTHETIC_DEMO
2021-11-28,LKA_CMB,VLSFO,575.03,SYNTHETIC_DEMO
2021-11-28,LKA_CMB,MGO,723.53,SYNTHETIC_DEMO
2021-11-28,ARE_FUJ,VLSFO,555.4,SYNTHETIC_DEMO
2021-11-28,ARE_FUJ,MGO,698.82,SYNTHETIC_DEMO
2021-11-29,SGP_SIN,VLSFO,553.16,SYNTHETIC_DEMO
2021-11-29,SGP_SIN,MGO,697.2,SYNTHETIC_DEMO
2021-11-29,LKA_CMB,VLSFO,566.99,SYNTHETIC_DEMO
2021-11-29,LKA_CMB,MGO,714.63,SYNTHETIC_DEMO
2021-11-29,ARE_FUJ,VLSFO,547.63,SYNTHETIC_DEMO
2021-11-29,ARE_FUJ,MGO,690.23,SYNTHETIC_DEMO
2021-11-30,SGP_SIN,VLSFO,554.14,SYNTHETIC_DEMO
2021-11-30,SGP_SIN,MGO,729.04,SYNTHETIC_DEMO
2021-11-30,LKA_CMB,VLSFO,567.99,SYNTHETIC_DEMO
2021-11-30,LKA_CMB,MGO,747.26,SYNTHETIC_DEMO
2021-11-30,ARE_FUJ,VLSFO,548.6,SYNTHETIC_DEMO
2021-11-30,ARE_FUJ,MGO,721.75,SYNTHETIC_DEMO
2021-12-01,SGP_SIN,VLSFO,565.34,SYNTHETIC_DEMO
2021-12-01,SGP_SIN,MGO,732.2,SYNTHETIC_DEMO
2021-12-01,LKA_CMB,VLSFO,579.48,SYNTHETIC_DEMO
2021-12-01,LKA_CMB,MGO,750.5,SYNTHETIC_DEMO
2021-12-01,ARE_FUJ,VLSFO,559.69,SYNTHETIC_DEMO
2021-12-01,ARE_FUJ,MGO,724.88,SYNTHETIC_DEMO
2021-12-02,SGP_SIN,VLSFO,550.68,SYNTHETIC_DEMO
2021-12-02,SGP_SIN,MGO,700.51,SYNTHETIC_DEMO
2021-12-02,LKA_CMB,VLSFO,564.45,SYNTHETIC_DEMO
2021-12-02,LKA_CMB,MGO,718.02,SYNTHETIC_DEMO
2021-12-02,ARE_FUJ,VLSFO,545.17,SYNTHETIC_DEMO
2021-12-02,ARE_FUJ,MGO,693.5,SYNTHETIC_DEMO
2021-12-03,SGP_SIN,VLSFO,552.07,SYNTHETIC_DEMO
2021-12-03,SGP_SIN,MGO,700.14,SYNTHETIC_DEMO
2021-12-03,LKA_CMB,VLSFO,565.87,SYNTHETIC_DEMO
2021-12-03,LKA_CMB,MGO,717.65,SYNTHETIC_DEMO
2021-12-03,ARE_FUJ,VLSFO,546.55,SYNTHETIC_DEMO
2021-12-03,ARE_FUJ,MGO,693.14,SYNTHETIC_DEMO
2021-12-04,SGP_SIN,VLSFO,559.22,SYNTHETIC_DEMO
2021-12-04,SGP_SIN,MGO,715.53,SYNTHETIC_DEMO
2021-12-04,LKA_CMB,VLSFO,573.2,SYNTHETIC_DEMO
2021-12-04,LKA_CMB,MGO,733.42,SYNTHETIC_DEMO
2021-12-04,ARE_FUJ,VLSFO,553.62,SYNTHETIC_DEMO
2021-12-04,ARE_FUJ,MGO,708.38,SYNTHETIC_DEMO
2021-12-05,SGP_SIN,VLSFO,547.9,SYNTHETIC_DEMO
2021-12-05,SGP_SIN,MGO,713.88,SYNTHETIC_DEMO
2021-12-05,LKA_CMB,VLSFO,561.6,SYNTHETIC_DEMO
2021-12-05,LKA_CMB,MGO,731.73,SYNTHETIC_DEMO
2021-12-05,ARE_FUJ,VLSFO,542.42,SYNTHETIC_DEMO
2021-12-05,ARE_FUJ,MGO,706.74,SYNTHETIC_DEMO
2021-12-06,SGP_SIN,VLSFO,545.87,SYNTHETIC_DEMO
2021-12-06,SGP_SIN,MGO,701.96,SYNTHETIC_DEMO
2021-12-06,LKA_CMB,VLSFO,559.51,SYNTHETIC_DEMO
2021-12-06,LKA_CMB,MGO,719.51,SYNTHETIC_DEMO
2021-12-06,ARE_FUJ,VLSFO,540.41,SYNTHETIC_DEMO
2021-12-06,ARE_FUJ,MGO,694.94,SYNTHETIC_DEMO
2021-12-07,SGP_SIN,VLSFO,532.33,SYNTHETIC_DEMO
2021-12-07,SGP_SIN,MGO,680.0,SYNTHETIC_DEMO
2021-12-07,LKA_CMB,VLSFO,545.63,SYNTHETIC_DEMO
2021-12-07,LKA_CMB,MGO,697.0,SYNTHETIC_DEMO
2021-12-07,ARE_FUJ,VLSFO,527.0,SYNTHETIC_DEMO
2021-12-07,ARE_FUJ,MGO,673.2,SYNTHETIC_DEMO
2021-12-08,SGP_SIN,VLSFO,536.09,SYNTHETIC_DEMO
2021-12-08,SGP_SIN,MGO,680.0,SYNTHETIC_DEMO
2021-12-08,LKA_CMB,VLSFO,549.49,SYNTHETIC_DEMO
2021-12-08,LKA_CMB,MGO,697.0,SYNTHETIC_DEMO
2021-12-08,ARE_FUJ,VLSFO,530.73,SYNTHETIC_DEMO
2021-12-08,ARE_FUJ,MGO,673.2,SYNTHETIC_DEMO
2021-12-09,SGP_SIN,VLSFO,534.82,SYNTHETIC_DEMO
2021-12-09,SGP_SIN,MGO,680.0,SYNTHETIC_DEMO
2021-12-09,LKA_CMB,VLSFO,548.19,SYNTHETIC_DEMO
2021-12-09,LKA_CMB,MGO,697.0,SYNTHETIC_DEMO
2021-12-09,ARE_FUJ,VLSFO,529.47,SYNTHETIC_DEMO
2021-12-09,ARE_FUJ,MGO,673.2,SYNTHETIC_DEMO
2021-12-10,SGP_SIN,VLSFO,528.11,SYNTHETIC_DEMO
2021-12-10,SGP_SIN,MGO,680.0,SYNTHETIC_DEMO
2021-12-10,LKA_CMB,VLSFO,541.31,SYNTHETIC_DEMO
2021-12-10,LKA_CMB,MGO,697.0,SYNTHETIC_DEMO
2021-12-10,ARE_FUJ,VLSFO,522.83,SYNTHETIC_DEMO
2021-12-10,ARE_FUJ,MGO,673.2,SYNTHETIC_DEMO
2021-12-11,SGP_SIN,VLSFO,522.2,SYNTHETIC_DEMO
2021-12-11,SGP_SIN,MGO,680.0,SYNTHETIC_DEMO
2021-12-11,LKA_CMB,VLSFO,535.25,SYNTHETIC_DEMO
2021-12-11,LKA_CMB,MGO,697.0,SYNTHETIC_DEMO
2021-12-11,ARE_FUJ,VLSFO,516.98,SYNTHETIC_DEMO
2021-12-11,ARE_FUJ,MGO,673.2,SYNTHETIC_DEMO
2021-12-12,SGP_SIN,VLSFO,551.29,SYNTHETIC_DEMO
2021-12-12,SGP_SIN,MGO,693.73,SYNTHETIC_DEMO
2021-12-12,LKA_CMB,VLSFO,565.07,SYNTHETIC_DEMO
2021-12-12,LKA_CMB,MGO,711.08,SYNTHETIC_DEMO
2021-12-12,ARE_FUJ,VLSFO,545.78,SYNTHETIC_DEMO
2021-12-12,ARE_FUJ,MGO,686.8,SYNTHETIC_DEMO
2021-12-13,SGP_SIN,VLSFO,539.89,SYNTHETIC_DEMO
2021-12-13,SGP_SIN,MGO,704.79,SYNTHETIC_DEMO
2021-12-13,LKA_CMB,VLSFO,553.39,SYNTHETIC_DEMO
2021-12-13,LKA_CMB,MGO,722.41,SYNTHETIC_DEMO
2021-12-13,ARE_FUJ,VLSFO,534.5,SYNTHETIC_DEMO
2021-12-13,ARE_FUJ,MGO,697.74,SYNTHETIC_DEMO
2021-12-14,SGP_SIN,VLSFO,548.25,SYNTHETIC_DEMO
2021-12-14,SGP_SIN,MGO,695.75,SYNTHETIC_DEMO
2021-12-14,LKA_CMB,VLSFO,561.96,SYNTHETIC_DEMO
2021-12-14,LKA_CMB,MGO,713.15,SYNTHETIC_DEMO
2021-12-14,ARE_FUJ,VLSFO,542.77,SYNTHETIC_DEMO
2021-12-14,ARE_FUJ,MGO,688.79,SYNTHETIC_DEMO
2021-12-15,SGP_SIN,VLSFO,531.81,SYNTHETIC_DEMO
2021-12-15,SGP_SIN,MGO,680.57,SYNTHETIC_DEMO
2021-12-15,LKA_CMB,VLSFO,545.11,SYNTHETIC_DEMO
2021-12-15,LKA_CMB,MGO,697.59,SYNTHETIC_DEMO
2021-12-15,ARE_FUJ,VLSFO,526.5,SYNTHETIC_DEMO
2021-12-15,ARE_FUJ,MGO,673.77,SYNTHETIC_DEMO
2021-12-16,SGP_SIN,VLSFO,545.27,SYNTHETIC_DEMO
2021-12-16,SGP_SIN,MGO,691.27,SYNTHETIC_DEMO
2021-12-16,LKA_CMB,VLSFO,558.91,SYNTHETIC_DEMO
2021-12-16,LKA_CMB,MGO,708.55,SYNTHETIC_DEMO
2021-12-16,ARE_FUJ,VLSFO,539.82,SYNTHETIC_DEMO
2021-12-16,ARE_FUJ,MGO,684.36,SYNTHETIC_DEMO
2021-12-17,SGP_SIN,VLSFO,547.82,SYNTHETIC_DEMO
2021-12-17,SGP_SIN,MGO,689.91,SYNTHETIC_DEMO
2021-12-17,LKA_CMB,VLSFO,561.52,SYNTHETIC_DEMO
2021-12-17,LKA_CMB,MGO,707.16,SYNTHETIC_DEMO
2021-12-17,ARE_FUJ,VLSFO,542.35,SYNTHETIC_DEMO
2021-12-17,ARE_FUJ,MGO,683.01,SYNTHETIC_DEMO
2021-12-18,SGP_SIN,VLSFO,549.56,SYNTHETIC_DEMO
2021-12-18,SGP_SIN,MGO,700.51,SYNTHETIC_DEMO
2021-12-18,LKA_CMB,VLSFO,563.3,SYNTHETIC_DEMO
2021-12-18,LKA_CMB,MGO,718.03,SYNTHETIC_DEMO
2021-12-18,ARE_FUJ,VLSFO,544.07,SYNTHETIC_DEMO
2021-12-18,ARE_FUJ,MGO,693.51,SYNTHETIC_DEMO
2021-12-19,SGP_SIN,VLSFO,535.41,SYNTHETIC_DEMO
2021-12-19,SGP_SIN,MGO,680.0,SYNTHETIC_DEMO
2021-12-19,LKA_CMB,VLSFO,548.8,SYNTHETIC_DEMO
2021-12-19,LKA_CMB,MGO,697.0,SYNTHETIC_DEMO
2021-12-19,ARE_FUJ,VLSFO,530.06,SYNTHETIC_DEMO
2021-12-19,ARE_FUJ,MGO,673.2,SYNTHETIC_DEMO
2021-12-20,SGP_SIN,VLSFO,527.74,SYNTHETIC_DEMO
2021-12-20,SGP_SIN,MGO,684.98,SYNTHETIC_DEMO
2021-12-20,LKA_CMB,VLSFO,540.93,SYNTHETIC_DEMO
2021-12-20,LKA_CMB,MGO,702.11,SYNTHETIC_DEMO
2021-12-20,ARE_FUJ,VLSFO,522.46,SYNTHETIC_DEMO
2021-12-20,ARE_FUJ,MGO,678.13,SYNTHETIC_DEMO
2021-12-21,SGP_SIN,VLSFO,547.83,SYNTHETIC_DEMO
2021-12-21,SGP_SIN,MGO,692.27,SYNTHETIC_DEMO
2021-12-21,LKA_CMB,VLSFO,561.52,SYNTHETIC_DEMO
2021-12-21,LKA_CMB,MGO,709.57,SYNTHETIC_DEMO
2021-12-21,ARE_FUJ,VLSFO,542.35,SYNTHETIC_DEMO
2021-12-21,ARE_FUJ,MGO,685.34,SYNTHETIC_DEMO
2021-12-22,SGP_SIN,VLSFO,554.91,SYNTHETIC_DEMO
2021-12-22,SGP_SIN,MGO,714.15,SYNTHETIC_DEMO
2021-12-22,LKA_CMB,VLSFO,568.78,SYNTHETIC_DEMO
2021-12-22,LKA_CMB,MGO,732.0,SYNTHETIC_DEMO
2021-12-22,ARE_FUJ,VLSFO,549.36,SYNTHETIC_DEMO
2021-12-22,ARE_FUJ,MGO,707.01,SYNTHETIC_DEMO
2021-12-23,SGP_SIN,VLSFO,548.43,SYNTHETIC_DEMO
2021-12-23,SGP_SIN,MGO,700.41,SYNTHETIC_DEMO
2021-12-23,LKA_CMB,VLSFO,562.14,SYNTHETIC_DEMO
2021-12-23,LKA_CMB,MGO,717.92,SYNTHETIC_DEMO
2021-12-23,ARE_FUJ,VLSFO,542.94,SYNTHETIC_DEMO
2021-12-23,ARE_FUJ,MGO,693.41,SYNTHETIC_DEMO
2021-12-24,SGP_SIN,VLSFO,553.13,SYNTHETIC_DEMO
2021-12-24,SGP_SIN,MGO,695.77,SYNTHETIC_DEMO
2021-12-24,LKA_CMB,VLSFO,566.96,SYNTHETIC_DEMO
2021-12-24,LKA_CMB,MGO,713.16,SYNTHETIC_DEMO
2021-12-24,ARE_FUJ,VLSFO,547.6,SYNTHETIC_DEMO
2021-12-24,ARE_FUJ,MGO,688.81,SYNTHETIC_DEMO
2021-12-25,SGP_SIN,VLSFO,553.19,SYNTHETIC_DEMO
2021-12-25,SGP_SIN,MGO,710.47,SYNTHETIC_DEMO
2021-12-25,LKA_CMB,VLSFO,567.02,SYNTHETIC_DEMO
2021-12-25,LKA_CMB,MGO,728.24,SYNTHETIC_DEMO
2021-12-25,ARE_FUJ,VLSFO,547.66,SYNTHETIC_DEMO
2021-12-25,ARE_FUJ,MGO,703.37,SYNTHETIC_DEMO
2021-12-26,SGP_SIN,VLSFO,544.34,SYNTHETIC_DEMO
2021-12-26,SGP_SIN,MGO,696.75,SYNTHETIC_DEMO
2021-12-26,LKA_CMB,VLSFO,557.95,SYNTHETIC_DEMO
2021-12-26,LKA_CMB,MGO,714.17,SYNTHETIC_DEMO
2021-12-26,ARE_FUJ,VLSFO,538.9,SYNTHETIC_DEMO
2021-12-26,ARE_FUJ,MGO,689.79,SYNTHETIC_DEMO
2021-12-27,SGP_SIN,VLSFO,540.84,SYNTHETIC_DEMO
2021-12-27,SGP_SIN,MGO,696.08,SYNTHETIC_DEMO
2021-12-27,LKA_CMB,VLSFO,554.36,SYNTHETIC_DEMO
2021-12-27,LKA_CMB,MGO,713.48,SYNTHETIC_DEMO
2021-12-27,ARE_FUJ,VLSFO,535.43,SYNTHETIC_DEMO
2021-12-27,ARE_FUJ,MGO,689.12,SYNTHETIC_DEMO
2021-12-28,SGP_SIN,VLSFO,556.07,SYNTHETIC_DEMO
2021-12-28,SGP_SIN,MGO,725.39,SYNTHETIC_DEMO
2021-12-28,LKA_CMB,VLSFO,569.97,SYNTHETIC_DEMO
2021-12-28,LKA_CMB,MGO,743.52,SYNTHETIC_DEMO
2021-12-28,ARE_FUJ,VLSFO,550.5,SYNTHETIC_DEMO
2021-12-28,ARE_FUJ,MGO,718.14,SYNTHETIC_DEMO
2021-12-29,SGP_SIN,VLSFO,558.69,SYNTHETIC_DEMO
2021-12-29,SGP_SIN,MGO,730.13,SYNTHETIC_DEMO
2021-12-29,LKA_CMB,VLSFO,572.66,SYNTHETIC_DEMO
2021-12-29,LKA_CMB,MGO,748.39,SYNTHETIC_DEMO
2021-12-29,ARE_FUJ,VLSFO,553.11,SYNTHETIC_DEMO
2021-12-29,ARE_FUJ,MGO,722.83,SYNTHETIC_DEMO
2021-12-30,SGP_SIN,VLSFO,550.01,SYNTHETIC_DEMO
2021-12-30,SGP_SIN,MGO,689.24,SYNTHETIC_DEMO
2021-12-30,LKA_CMB,VLSFO,563.76,SYNTHETIC_DEMO
2021-12-30,LKA_CMB,MGO,706.47,SYNTHETIC_DEMO
2021-12-30,ARE_FUJ,VLSFO,544.51,SYNTHETIC_DEMO
2021-12-30,ARE_FUJ,MGO,682.35,SYNTHETIC_DEMO
2021-12-31,SGP_SIN,VLSFO,548.71,SYNTHETIC_DEMO
2021-12-31,SGP_SIN,MGO,700.72,SYNTHETIC_DEMO
2021-12-31,LKA_CMB,VLSFO,562.43,SYNTHETIC_DEMO
2021-12-31,LKA_CMB,MGO,718.24,SYNTHETIC_DEMO
2021-12-31,ARE_FUJ,VLSFO,543.22,SYNTHETIC_DEMO
2021-12-31,ARE_FUJ,MGO,693.72,SYNTHETIC_DEMO
2022-01-01,SGP_SIN,VLSFO,553.92,SYNTHETIC_DEMO
2022-01-01,SGP_SIN,MGO,717.12,SYNTHETIC_DEMO
2022-01-01,LKA_CMB,VLSFO,567.77,SYNTHETIC_DEMO
2022-01-01,LKA_CMB,MGO,735.05,SYNTHETIC_DEMO
2022-01-01,ARE_FUJ,VLSFO,548.38,SYNTHETIC_DEMO
2022-01-01,ARE_FUJ,MGO,709.95,SYNTHETIC_DEMO
2022-01-02,SGP_SIN,VLSFO,549.04,SYNTHETIC_DEMO
2022-01-02,SGP_SIN,MGO,711.48,SYNTHETIC_DEMO
2022-01-02,LKA_CMB,VLSFO,562.77,SYNTHETIC_DEMO
2022-01-02,LKA_CMB,MGO,729.27,SYNTHETIC_DEMO
2022-01-02,ARE_FUJ,VLSFO,543.55,SYNTHETIC_DEMO
2022-01-02,ARE_FUJ,MGO,704.36,SYNTHETIC_DEMO
2022-01-03,SGP_SIN,VLSFO,541.72,SYNTHETIC_DEMO
2022-01-03,SGP_SIN,MGO,693.38,SYNTHETIC_DEMO
2022-01-03,LKA_CMB,VLSFO,555.26,SYNTHETIC_DEMO
2022-01-03,LKA_CMB,MGO,710.72,SYNTHETIC_DEMO
2022-01-03,ARE_FUJ,VLSFO,536.3,SYNTHETIC_DEMO
2022-01-03,ARE_FUJ,MGO,686.45,SYNTHETIC_DEMO
2022-01-04,SGP_SIN,VLSFO,543.11,SYNTHETIC_DEMO
2022-01-04,SGP_SIN,MGO,686.99,SYNTHETIC_DEMO
2022-01-04,LKA_CMB,VLSFO,556.69,SYNTHETIC_DEMO
2022-01-04,LKA_CMB,MGO,704.17,SYNTHETIC_DEMO
2022-01-04,ARE_FUJ,VLSFO,537.68,SYNTHETIC_DEMO
2022-01-04,ARE_FUJ,MGO,680.12,SYNTHETIC_DEMO
2022-01-05,SGP_SIN,VLSFO,540.99,SYNTHETIC_DEMO
2022-01-05,SGP_SIN,MGO,704.57,SYNTHETIC_DEMO
2022-01-05,LKA_CMB,VLSFO,554.52,SYNTHETIC_DEMO
2022-01-05,LKA_CMB,MGO,722.19,SYNTHETIC_DEMO
2022-01-05,ARE_FUJ,VLSFO,535.58,SYNTHETIC_DEMO
2022-01-05,ARE_FUJ,MGO,697.53,SYNTHETIC_DEMO
2022-01-06,SGP_SIN,VLSFO,539.59,SYNTHETIC_DEMO
2022-01-06,SGP_SIN,MGO,696.13,SYNTHETIC_DEMO
2022-01-06,LKA_CMB,VLSFO,553.08,SYNTHETIC_DEMO
2022-01-06,LKA_CMB,MGO,713.53,SYNTHETIC_DEMO
2022-01-06,ARE_FUJ,VLSFO,534.2,SYNTHETIC_DEMO
2022-01-06,ARE_FUJ,MGO,689.16,SYNTHETIC_DEMO
2022-01-07,SGP_SIN,VLSFO,551.37,SYNTHETIC_DEMO
2022-01-07,SGP_SIN,MGO,694.01,SYNTHETIC_DEMO
2022-01-07,LKA_CMB,VLSFO,565.16,SYNTHETIC_DEMO
2022-01-07,LKA_CMB,MGO,711.36,SYNTHETIC_DEMO
2022-01-07,ARE_FUJ,VLSFO,545.86,SYNTHETIC_DEMO
2022-01-07,ARE_FUJ,MGO,687.07,SYNTHETIC_DEMO
2022-01-08,SGP_SIN,VLSFO,542.73,SYNTHETIC_DEMO
2022-01-08,SGP_SIN,MGO,708.57,SYNTHETIC_DEMO
2022-01-08,LKA_CMB,VLSFO,556.29,SYNTHETIC_DEMO
2022-01-08,LKA_CMB,MGO,726.28,SYNTHETIC_DEMO
2022-01-08,ARE_FUJ,VLSFO,537.3,SYNTHETIC_DEMO
2022-01-08,ARE_FUJ,MGO,701.48,SYNTHETIC_DEMO
2022-01-09,SGP_SIN,VLSFO,554.4,SYNTHETIC_DEMO
2022-01-09,SGP_SIN,MGO,705.48,SYNTHETIC_DEMO
2022-01-09,LKA_CMB,VLSFO,568.26,SYNTHETIC_DEMO
2022-01-09,LKA_CMB,MGO,723.12,SYNTHETIC_DEMO
2022-01-09,ARE_FUJ,VLSFO,548.85,SYNTHETIC_DEMO
2022-01-09,ARE_FUJ,MGO,698.42,SYNTHETIC_DEMO
2022-01-10,SGP_SIN,VLSFO,558.73,SYNTHETIC_DEMO
2022-01-10,SGP_SIN,MGO,718.77,SYNTHETIC_DEMO
2022-01-10,LKA_CMB,VLSFO,572.7,SYNTHETIC_DEMO
2022-01-10,LKA_CMB,MGO,736.74,SYNTHETIC_DEMO
2022-01-10,ARE_FUJ,VLSFO,553.14,SYNTHETIC_DEMO
2022-01-10,ARE_FUJ,MGO,711.58,SYNTHETIC_DEMO
2022-01-11,SGP_SIN,VLSFO,552.42,SYNTHETIC_DEMO
2022-01-11,SGP_SIN,MGO,699.14,SYNTHETIC_DEMO
2022-01-11,LKA_CMB,VLSFO,566.23,SYNTHETIC_DEMO
2022-01-11,LKA_CMB,MGO,716.61,SYNTHETIC_DEMO
2022-01-11,ARE_FUJ,VLSFO,546.9,SYNTHETIC_DEMO
2022-01-11,ARE_FUJ,MGO,692.14,SYNTHETIC_DEMO
2022-01-12,SGP_SIN,VLSFO,546.49,SYNTHETIC_DEMO
2022-01-12,SGP_SIN,MGO,692.28,SYNTHETIC_DEMO
2022-01-12,LKA_CMB,VLSFO,560.15,SYNTHETIC_DEMO
2022-01-12,LKA_CMB,MGO,709.59,SYNTHETIC_DEMO
2022-01-12,ARE_FUJ,VLSFO,541.02,SYNTHETIC_DEMO
2022-01-12,ARE_FUJ,MGO,685.36,SYNTHETIC_DEMO
2022-01-13,SGP_SIN,VLSFO,553.52,SYNTHETIC_DEMO
2022-01-13,SGP_SIN,MGO,696.81,SYNTHETIC_DEMO
2022-01-13,LKA_CMB,VLSFO,567.36,SYNTHETIC_DEMO
2022-01-13,LKA_CMB,MGO,714.23,SYNTHETIC_DEMO
2022-01-13,ARE_FUJ,VLSFO,547.99,SYNTHETIC_DEMO
2022-01-13,ARE_FUJ,MGO,689.84,SYNTHETIC_DEMO
2022-01-14,SGP_SIN,VLSFO,552.8,SYNTHETIC_DEMO
2022-01-14,SGP_SIN,MGO,716.4,SYNTHETIC_DEMO
2022-01-14,LKA_CMB,VLSFO,566.62,SYNTHETIC_DEMO
2022-01-14,LKA_CMB,MGO,734.31,SYNTHETIC_DEMO
2022-01-14,ARE_FUJ,VLSFO,547.27,SYNTHETIC_DEMO
2022-01-14,ARE_FUJ,MGO,709.24,SYNTHETIC_DEMO
2022-01-15,SGP_SIN,VLSFO,544.96,SYNTHETIC_DEMO
2022-01-15,SGP_SIN,MGO,700.46,SYNTHETIC_DEMO
2022-01-15,LKA_CMB,VLSFO,558.58,SYNTHETIC_DEMO
2022-01-15,LKA_CMB,MGO,717.97,SYNTHETIC_DEMO
2022-01-15,ARE_FUJ,VLSFO,539.51,SYNTHETIC_DEMO
2022-01-15,ARE_FUJ,MGO,693.45,SYNTHETIC_DEMO
2022-01-16,SGP_SIN,VLSFO,540.17,SYNTHETIC_DEMO
2022-01-16,SGP_SIN,MGO,680.1,SYNTHETIC_DEMO
2022-01-16,LKA_CMB,VLSFO,553.68,SYNTHETIC_DEMO
2022-01-16,LKA_CMB,MGO,697.1,SYNTHETIC_DEMO
2022-01-16,ARE_FUJ,VLSFO,534.77,SYNTHETIC_DEMO
2022-01-16,ARE_FUJ,MGO,673.29,SYNTHETIC_DEMO
2022-01-17,SGP_SIN,VLSFO,544.94,SYNTHETIC_DEMO
2022-01-17,SGP_SIN,MGO,684.88,SYNTHETIC_DEMO
2022-01-17,LKA_CMB,VLSFO,558.57,SYNTHETIC_DEMO
2022-01-17,LKA_CMB,MGO,702.01,SYNTHETIC_DEMO
2022-01-17,ARE_FUJ,VLSFO,539.49,SYNTHETIC_DEMO
2022-01-17,ARE_FUJ,MGO,678.04,SYNTHETIC_DEMO
2022-01-18,SGP_SIN,VLSFO,545.27,SYNTHETIC_DEMO
2022-01-18,SGP_SIN,MGO,712.01,SYNTHETIC_DEMO
2022-01-18,LKA_CMB,VLSFO,558.91,SYNTHETIC_DEMO
2022-01-18,LKA_CMB,MGO,729.81,SYNTHETIC_DEMO
2022-01-18,ARE_FUJ,VLSFO,539.82,SYNTHETIC_DEMO
2022-01-18,ARE_FUJ,MGO,704.89,SYNTHETIC_DEMO
2022-01-19,SGP_SIN,VLSFO,539.35,SYNTHETIC_DEMO
2022-01-19,SGP_SIN,MGO,686.11,SYNTHETIC_DEMO
2022-01-19,LKA_CMB,VLSFO,552.84,SYNTHETIC_DEMO
2022-01-19,LKA_CMB,MGO,703.26,SYNTHETIC_DEMO
2022-01-19,ARE_FUJ,VLSFO,533.96,SYNTHETIC_DEMO
2022-01-19,ARE_FUJ,MGO,679.25,SYNTHETIC_DEMO
2022-01-20,SGP_SIN,VLSFO,537.16,SYNTHETIC_DEMO
2022-01-20,SGP_SIN,MGO,680.0,SYNTHETIC_DEMO
2022-01-20,LKA_CMB,VLSFO,550.59,SYNTHETIC_DEMO
2022-01-20,LKA_CMB,MGO,697.0,SYNTHETIC_DEMO
2022-01-20,ARE_FUJ,VLSFO,531.79,SYNTHETIC_DEMO
2022-01-20,ARE_FUJ,MGO,673.2,SYNTHETIC_DEMO
2022-01-21,SGP_SIN,VLSFO,542.21,SYNTHETIC_DEMO
2022-01-21,SGP_SIN,MGO,704.13,SYNTHETIC_DEMO
2022-01-21,LKA_CMB,VLSFO,555.76,SYNTHETIC_DEMO
2022-01-21,LKA_CMB,MGO,721.73,SYNTHETIC_DEMO
2022-01-21,ARE_FUJ,VLSFO,536.79,SYNTHETIC_DEMO
2022-01-21,ARE_FUJ,MGO,697.09,SYNTHETIC_DEMO
2022-01-22,SGP_SIN,VLSFO,554.75,SYNTHETIC_DEMO
2022-01-22,SGP_SIN,MGO,706.69,SYNTHETIC_DEMO
2022-01-22,LKA_CMB,VLSFO,568.62,SYNTHETIC_DEMO
2022-01-22,LKA_CMB,MGO,724.36,SYNTHETIC_DEMO
2022-01-22,ARE_FUJ,VLSFO,549.2,SYNTHETIC_DEMO
2022-01-22,ARE_FUJ,MGO,699.62,SYNTHETIC_DEMO
2022-01-23,SGP_SIN,VLSFO,542.45,SYNTHETIC_DEMO
2022-01-23,SGP_SIN,MGO,691.14,SYNTHETIC_DEMO
2022-01-23,LKA_CMB,VLSFO,556.02,SYNTHETIC_DEMO
2022-01-23,LKA_CMB,MGO,708.42,SYNTHETIC_DEMO
2022-01-23,ARE_FUJ,VLSFO,537.03,SYNTHETIC_DEMO
2022-01-23,ARE_FUJ,MGO,684.23,SYNTHETIC_DEMO
2022-01-24,SGP_SIN,VLSFO,548.64,SYNTHETIC_DEMO
2022-01-24,SGP_SIN,MGO,703.16,SYNTHETIC_DEMO
2022-01-24,LKA_CMB,VLSFO,562.36,SYNTHETIC_DEMO
2022-01-24,LKA_CMB,MGO,720.74,SYNTHETIC_DEMO
2022-01-24,ARE_FUJ,VLSFO,543.16,SYNTHETIC_DEMO
2022-01-24,ARE_FUJ,MGO,696.13,SYNTHETIC_DEMO
2022-01-25,SGP_SIN,VLSFO,557.47,SYNTHETIC_DEMO
2022-01-25,SGP_SIN,MGO,714.45,SYNTHETIC_DEMO
2022-01-25,LKA_CMB,VLSFO,571.41,SYNTHETIC_DEMO
2022-01-25,LKA_CMB,MGO,732.31,SYNTHETIC_DEMO
2022-01-25,ARE_FUJ,VLSFO,551.9,SYNTHETIC_DEMO
2022-01-25,ARE_FUJ,MGO,707.31,SYNTHETIC_DEMO
2022-01-26,SGP_SIN,VLSFO,564.66,SYNTHETIC_DEMO
2022-01-26,SGP_SIN,MGO,728.62,SYNTHETIC_DEMO
2022-01-26,LKA_CMB,VLSFO,578.78,SYNTHETIC_DEMO
2022-01-26,LKA_CMB,MGO,746.83,SYNTHETIC_DEMO
2022-01-26,ARE_FUJ,VLSFO,559.01,SYNTHETIC_DEMO
2022-01-26,ARE_FUJ,MGO,721.33,SYNTHETIC_DEMO
2022-01-27,SGP_SIN,VLSFO,554.95,SYNTHETIC_DEMO
2022-01-27,SGP_SIN,MGO,696.1,SYNTHETIC_DEMO
2022-01-27,LKA_CMB,VLSFO,568.83,SYNTHETIC_DEMO
2022-01-27,LKA_CMB,MGO,713.5,SYNTHETIC_DEMO
2022-01-27,ARE_FUJ,VLSFO,549.4,SYNTHETIC_DEMO
2022-01-27,ARE_FUJ,MGO,689.14,SYNTHETIC_DEMO
2022-01-28,SGP_SIN,VLSFO,558.01,SYNTHETIC_DEMO
2022-01-28,SGP_SIN,MGO,726.13,SYNTHETIC_DEMO
2022-01-28,LKA_CMB,VLSFO,571.96,SYNTHETIC_DEMO
2022-01-28,LKA_CMB,MGO,744.29,SYNTHETIC_DEMO
2022-01-28,ARE_FUJ,VLSFO,552.43,SYNTHETIC_DEMO
2022-01-28,ARE_FUJ,MGO,718.87,SYNTHETIC_DEMO
2022-01-29,SGP_SIN,VLSFO,546.73,SYNTHETIC_DEMO
2022-01-29,SGP_SIN,MGO,689.22,SYNTHETIC_DEMO
2022-01-29,LKA_CMB,VLSFO,560.4,SYNTHETIC_DEMO
2022-01-29,LKA_CMB,MGO,706.45,SYNTHETIC_DEMO
2022-01-29,ARE_FUJ,VLSFO,541.27,SYNTHETIC_DEMO
2022-01-29,ARE_FUJ,MGO,682.33,SYNTHETIC_DEMO
2022-01-30,SGP_SIN,VLSFO,550.83,SYNTHETIC_DEMO
2022-01-30,SGP_SIN,MGO,700.71,SYNTHETIC_DEMO
2022-01-30,LKA_CMB,VLSFO,564.61,SYNTHETIC_DEMO
2022-01-30,LKA_CMB,MGO,718.22,SYNTHETIC_DEMO
2022-01-30,ARE_FUJ,VLSFO,545.33,SYNTHETIC_DEMO
2022-01-30,ARE_FUJ,MGO,693.7,SYNTHETIC_DEMO
2022-01-31,SGP_SIN,VLSFO,544.25,SYNTHETIC_DEMO
2022-01-31,SGP_SIN,MGO,705.34,SYNTHETIC_DEMO
2022-01-31,LKA_CMB,VLSFO,557.86,SYNTHETIC_DEMO
2022-01-31,LKA_CMB,MGO,722.97,SYNTHETIC_DEMO
2022-01-31,ARE_FUJ,VLSFO,538.81,SYNTHETIC_DEMO
2022-01-31,ARE_FUJ,MGO,698.28,SYNTHETIC_DEMO
2022-02-01,SGP_SIN,VLSFO,557.54,SYNTHETIC_DEMO
2022-02-01,SGP_SIN,MGO,718.59,SYNTHETIC_DEMO
2022-02-01,LKA_CMB,VLSFO,571.48,SYNTHETIC_DEMO
2022-02-01,LKA_CMB,MGO,736.56,SYNTHETIC_DEMO
2022-02-01,ARE_FUJ,VLSFO,551.96,SYNTHETIC_DEMO
2022-02-01,ARE_FUJ,MGO,711.41,SYNTHETIC_DEMO
2022-02-02,SGP_SIN,VLSFO,538.03,SYNTHETIC_DEMO
2022-02-02,SGP_SIN,MGO,705.97,SYNTHETIC_DEMO
2022-02-02,LKA_CMB,VLSFO,551.48,SYNTHETIC_DEMO
2022-02-02,LKA_CMB,MGO,723.62,SYNTHETIC_DEMO
2022-02-02,ARE_FUJ,VLSFO,532.65,SYNTHETIC_DEMO
2022-02-02,ARE_FUJ,MGO,698.91,SYNTHETIC_DEMO
2022-02-03,SGP_SIN,VLSFO,563.87,SYNTHETIC_DEMO
2022-02-03,SGP_SIN,MGO,710.53,SYNTHETIC_DEMO
2022-02-03,LKA_CMB,VLSFO,577.97,SYNTHETIC_DEMO
2022-02-03,LKA_CMB,MGO,728.29,SYNTHETIC_DEMO
2022-02-03,ARE_FUJ,VLSFO,558.23,SYNTHETIC_DEMO
2022-02-03,ARE_FUJ,MGO,703.42,SYNTHETIC_DEMO
2022-02-04,SGP_SIN,VLSFO,545.52,SYNTHETIC_DEMO
2022-02-04,SGP_SIN,MGO,693.31,SYNTHETIC_DEMO
2022-02-04,LKA_CMB,VLSFO,559.16,SYNTHETIC_DEMO
2022-02-04,LKA_CMB,MGO,710.64,SYNTHETIC_DEMO
2022-02-04,ARE_FUJ,VLSFO,540.06,SYNTHETIC_DEMO
2022-02-04,ARE_FUJ,MGO,686.38,SYNTHETIC_DEMO
2022-02-05,SGP_SIN,VLSFO,560.2,SYNTHETIC_DEMO
2022-02-05,SGP_SIN,MGO,724.82,SYNTHETIC_DEMO
2022-02-05,LKA_CMB,VLSFO,574.2,SYNTHETIC_DEMO
2022-02-05,LKA_CMB,MGO,742.94,SYNTHETIC_DEMO
2022-02-05,ARE_FUJ,VLSFO,554.6,SYNTHETIC_DEMO
2022-02-05,ARE_FUJ,MGO,717.57,SYNTHETIC_DEMO
2022-02-06,SGP_SIN,VLSFO,554.42,SYNTHETIC_DEMO
2022-02-06,SGP_SIN,MGO,717.03,SYNTHETIC_DEMO
2022-02-06,LKA_CMB,VLSFO,568.28,SYNTHETIC_DEMO
2022-02-06,LKA_CMB,MGO,734.95,SYNTHETIC_DEMO
2022-02-06,ARE_FUJ,VLSFO,548.87,SYNTHETIC_DEMO
2022-02-06,ARE_FUJ,MGO,709.86,SYNTHETIC_DEMO
2022-02-07,SGP_SIN,VLSFO,554.11,SYNTHETIC_DEMO
2022-02-07,SGP_SIN,MGO,699.91,SYNTHETIC_DEMO
2022-02-07,LKA_CMB,VLSFO,567.96,SYNTHETIC_DEMO
2022-02-07,LKA_CMB,MGO,717.41,SYNTHETIC_DEMO
2022-02-07,ARE_FUJ,VLSFO,548.57,SYNTHETIC_DEMO
2022-02-07,ARE_FUJ,MGO,692.91,SYNTHETIC_DEMO
2022-02-08,SGP_SIN,VLSFO,548.7,SYNTHETIC_DEMO
2022-02-08,SGP_SIN,MGO,712.55,SYNTHETIC_DEMO
2022-02-08,LKA_CMB,VLSFO,562.41,SYNTHETIC_DEMO
2022-02-08,LKA_CMB,MGO,730.37,SYNTHETIC_DEMO
2022-02-08,ARE_FUJ,VLSFO,543.21,SYNTHETIC_DEMO
2022-02-08,ARE_FUJ,MGO,705.43,SYNTHETIC_DEMO
2022-02-09,SGP_SIN,VLSFO,551.47,SYNTHETIC_DEMO
2022-02-09,SGP_SIN,MGO,713.79,SYNTHETIC_DEMO
2022-02-09,LKA_CMB,VLSFO,565.25,SYNTHETIC_DEMO
2022-02-09,LKA_CMB,MGO,731.64,SYNTHETIC_DEMO
2022-02-09,ARE_FUJ,VLSFO,545.95,SYNTHETIC_DEMO
2022-02-09,ARE_FUJ,MGO,706.65,SYNTHETIC_DEMO
2022-02-10,SGP_SIN,VLSFO,540.47,SYNTHETIC_DEMO
2022-02-10,SGP_SIN,MGO,687.69,SYNTHETIC_DEMO
2022-02-10,LKA_CMB,VLSFO,553.98,SYNTHETIC_DEMO
2022-02-10,LKA_CMB,MGO,704.88,SYNTHETIC_DEMO
2022-02-10,ARE_FUJ,VLSFO,535.06,SYNTHETIC_DEMO
2022-02-10,ARE_FUJ,MGO,680.81,SYNTHETIC_DEMO
2022-02-11,SGP_SIN,VLSFO,535.41,SYNTHETIC_DEMO
2022-02-11,SGP_SIN,MGO,687.98,SYNTHETIC_DEMO
2022-02-11,LKA_CMB,VLSFO,548.8,SYNTHETIC_DEMO
2022-02-11,LKA_CMB,MGO,705.18,SYNTHETIC_DEMO
2022-02-11,ARE_FUJ,VLSFO,530.06,SYNTHETIC_DEMO
2022-02-11,ARE_FUJ,MGO,681.1,SYNTHETIC_DEMO
2022-02-12,SGP_SIN,VLSFO,548.84,SYNTHETIC_DEMO
2022-02-12,SGP_SIN,MGO,710.38,SYNTHETIC_DEMO
2022-02-12,LKA_CMB,VLSFO,562.56,SYNTHETIC_DEMO
2022-02-12,LKA_CMB,MGO,728.14,SYNTHETIC_DEMO
2022-02-12,ARE_FUJ,VLSFO,543.35,SYNTHETIC_DEMO
2022-02-12,ARE_FUJ,MGO,703.28,SYNTHETIC_DEMO
2022-02-13,SGP_SIN,VLSFO,549.66,SYNTHETIC_DEMO
2022-02-13,SGP_SIN,MGO,716.24,SYNTHETIC_DEMO
2022-02-13,LKA_CMB,VLSFO,563.4,SYNTHETIC_DEMO
2022-02-13,LKA_CMB,MGO,734.14,SYNTHETIC_DEMO
2022-02-13,ARE_FUJ,VLSFO,544.16,SYNTHETIC_DEMO
2022-02-13,ARE_FUJ,MGO,709.07,SYNTHETIC_DEMO
2022-02-14,SGP_SIN,VLSFO,551.48,SYNTHETIC_DEMO
2022-02-14,SGP_SIN,MGO,698.07,SYNTHETIC_DEMO
2022-02-14,LKA_CMB,VLSFO,565.27,SYNTHETIC_DEMO
2022-02-14,LKA_CMB,MGO,715.52,SYNTHETIC_DEMO
2022-02-14,ARE_FUJ,VLSFO,545.97,SYNTHETIC_DEMO
2022-02-14,ARE_FUJ,MGO,691.09,SYNTHETIC_DEMO
2022-02-15,SGP_SIN,VLSFO,551.12,SYNTHETIC_DEMO
2022-02-15,SGP_SIN,MGO,709.18,SYNTHETIC_DEMO
2022-02-15,LKA_CMB,VLSFO,564.9,SYNTHETIC_DEMO
2022-02-15,LKA_CMB,MGO,726.91,SYNTHETIC_DEMO
2022-02-15,ARE_FUJ,VLSFO,545.61,SYNTHETIC_DEMO
2022-02-15,ARE_FUJ,MGO,702.09,SYNTHETIC_DEMO
2022-02-16,SGP_SIN,VLSFO,559.69,SYNTHETIC_DEMO
2022-02-16,SGP_SIN,MGO,717.45,SYNTHETIC_DEMO
2022-02-16,LKA_CMB,VLSFO,573.68,SYNTHETIC_DEMO
2022-02-16,LKA_CMB,MGO,735.38,SYNTHETIC_DEMO
2022-02-16,ARE_FUJ,VLSFO,554.09,SYNTHETIC_DEMO
2022-02-16,ARE_FUJ,MGO,710.27,SYNTHETIC_DEMO
2022-02-17,SGP_SIN,VLSFO,545.22,SYNTHETIC_DEMO
2022-02-17,SGP_SIN,MGO,705.53,SYNTHETIC_DEMO
2022-02-17,LKA_CMB,VLSFO,558.85,SYNTHETIC_DEMO
2022-02-17,LKA_CMB,MGO,723.17,SYNTHETIC_DEMO
2022-02-17,ARE_FUJ,VLSFO,539.77,SYNTHETIC_DEMO
2022-02-17,ARE_FUJ,MGO,698.48,SYNTHETIC_DEMO
2022-02-18,SGP_SIN,VLSFO,555.14,SYNTHETIC_DEMO
2022-02-18,SGP_SIN,MGO,715.2,SYNTHETIC_DEMO
2022-02-18,LKA_CMB,VLSFO,569.02,SYNTHETIC_DEMO
2022-02-18,LKA_CMB,MGO,733.08,SYNTHETIC_DEMO
2022-02-18,ARE_FUJ,VLSFO,549.59,SYNTHETIC_DEMO
2022-02-18,ARE_FUJ,MGO,708.05,SYNTHETIC_DEMO
2022-02-19,SGP_SIN,VLSFO,551.52,SYNTHETIC_DEMO
2022-02-19,SGP_SIN,MGO,704.75,SYNTHETIC_DEMO
2022-02-19,LKA_CMB,VLSFO,565.31,SYNTHETIC_DEMO
2022-02-19,LKA_CMB,MGO,722.36,SYNTHETIC_DEMO
2022-02-19,ARE_FUJ,VLSFO,546.0,SYNTHETIC_DEMO
2022-02-19,ARE_FUJ,MGO,697.7,SYNTHETIC_DEMO
2022-02-20,SGP_SIN,VLSFO,554.37,SYNTHETIC_DEMO
2022-02-20,SGP_SIN,MGO,710.6,SYNTHETIC_DEMO
2022-02-20,LKA_CMB,VLSFO,568.22,SYNTHETIC_DEMO
2022-02-20,LKA_CMB,MGO,728.37,SYNTHETIC_DEMO
2022-02-20,ARE_FUJ,VLSFO,548.82,SYNTHETIC_DEMO
2022-02-20,ARE_FUJ,MGO,703.5,SYNTHETIC_DEMO
2022-02-21,SGP_SIN,VLSFO,552.0,SYNTHETIC_DEMO
2022-02-21,SGP_SIN,MGO,700.57,SYNTHETIC_DEMO
2022-02-21,LKA_CMB,VLSFO,565.8,SYNTHETIC_DEMO
2022-02-21,LKA_CMB,MGO,718.09,SYNTHETIC_DEMO
2022-02-21,ARE_FUJ,VLSFO,546.48,SYNTHETIC_DEMO
2022-02-21,ARE_FUJ,MGO,693.57,SYNTHETIC_DEMO
2022-02-22,SGP_SIN,VLSFO,547.52,SYNTHETIC_DEMO
2022-02-22,SGP_SIN,MGO,700.39,SYNTHETIC_DEMO
2022-02-22,LKA_CMB,VLSFO,561.21,SYNTHETIC_DEMO
2022-02-22,LKA_CMB,MGO,717.9,SYNTHETIC_DEMO
2022-02-22,ARE_FUJ,VLSFO,542.04,SYNTHETIC_DEMO
2022-02-22,ARE_FUJ,MGO,693.38,SYNTHETIC_DEMO
2022-02-23,SGP_SIN,VLSFO,547.97,SYNTHETIC_DEMO
2022-02-23,SGP_SIN,MGO,709.28,SYNTHETIC_DEMO
2022-02-23,LKA_CMB,VLSFO,561.67,SYNTHETIC_DEMO
2022-02-23,LKA_CMB,MGO,727.01,SYNTHETIC_DEMO
2022-02-23,ARE_FUJ,VLSFO,542.49,SYNTHETIC_DEMO
2022-02-23,ARE_FUJ,MGO,702.18,SYNTHETIC_DEMO
2022-02-24,SGP_SIN,VLSFO,539.81,SYNTHETIC_DEMO
2022-02-24,SGP_SIN,MGO,699.09,SYNTHETIC_DEMO
2022-02-24,LKA_CMB,VLSFO,553.31,SYNTHETIC_DEMO
2022-02-24,LKA_CMB,MGO,716.56,SYNTHETIC_DEMO
2022-02-24,ARE_FUJ,VLSFO,534.41,SYNTHETIC_DEMO
2022-02-24,ARE_FUJ,MGO,692.1,SYNTHETIC_DEMO
2022-02-25,SGP_SIN,VLSFO,547.12,SYNTHETIC_DEMO
2022-02-25,SGP_SIN,MGO,699.71,SYNTHETIC_DEMO
2022-02-25,LKA_CMB,VLSFO,560.8,SYNTHETIC_DEMO
2022-02-25,LKA_CMB,MGO,717.2,SYNTHETIC_DEMO
2022-02-25,ARE_FUJ,VLSFO,541.65,SYNTHETIC_DEMO
2022-02-25,ARE_FUJ,MGO,692.71,SYNTHETIC_DEMO
2022-02-26,SGP_SIN,VLSFO,548.25,SYNTHETIC_DEMO
2022-02-26,SGP_SIN,MGO,702.09,SYNTHETIC_DEMO
2022-02-26,LKA_CMB,VLSFO,561.96,SYNTHETIC_DEMO
2022-02-26,LKA_CMB,MGO,719.64,SYNTHETIC_DEMO
2022-02-26,ARE_FUJ,VLSFO,542.77,SYNTHETIC_DEMO
2022-02-26,ARE_FUJ,MGO,695.07,SYNTHETIC_DEMO
2022-02-27,SGP_SIN,VLSFO,540.16,SYNTHETIC_DEMO
2022-02-27,SGP_SIN,MGO,695.64,SYNTHETIC_DEMO
2022-02-27,LKA_CMB,VLSFO,553.66,SYNTHETIC_DEMO
2022-02-27,LKA_CMB,MGO,713.03,SYNTHETIC_DEMO
2022-02-27,ARE_FUJ,VLSFO,534.76,SYNTHETIC_DEMO
2022-02-27,ARE_FUJ,MGO,688.68,SYNTHETIC_DEMO
2022-02-28,SGP_SIN,VLSFO,541.56,SYNTHETIC_DEMO
2022-02-28,SGP_SIN,MGO,689.98,SYNTHETIC_DEMO
2022-02-28,LKA_CMB,VLSFO,555.1,SYNTHETIC_DEMO
2022-02-28,LKA_CMB,MGO,707.23,SYNTHETIC_DEMO
2022-02-28,ARE_FUJ,VLSFO,536.15,SYNTHETIC_DEMO
2022-02-28,ARE_FUJ,MGO,683.08,SYNTHETIC_DEMO
2022-03-01,SGP_SIN,VLSFO,555.02,SYNTHETIC_DEMO
2022-03-01,SGP_SIN,MGO,711.24,SYNTHETIC_DEMO
2022-03-01,LKA_CMB,VLSFO,568.9,SYNTHETIC_DEMO
2022-03-01,LKA_CMB,MGO,729.02,SYNTHETIC_DEMO
2022-03-01,ARE_FUJ,VLSFO,549.47,SYNTHETIC_DEMO
2022-03-01,ARE_FUJ,MGO,704.12,SYNTHETIC_DEMO
2022-03-02,SGP_SIN,VLSFO,544.64,SYNTHETIC_DEMO
2022-03-02,SGP_SIN,MGO,683.43,SYNTHETIC_DEMO
2022-03-02,LKA_CMB,VLSFO,558.26,SYNTHETIC_DEMO
2022-03-02,LKA_CMB,MGO,700.51,SYNTHETIC_DEMO
2022-03-02,ARE_FUJ,VLSFO,539.2,SYNTHETIC_DEMO
2022-03-02,ARE_FUJ,MGO,676.59,SYNTHETIC_DEMO
2022-03-03,SGP_SIN,VLSFO,545.37,SYNTHETIC_DEMO
2022-03-03,SGP_SIN,MGO,700.27,SYNTHETIC_DEMO
2022-03-03,LKA_CMB,VLSFO,559.01,SYNTHETIC_DEMO
2022-03-03,LKA_CMB,MGO,717.78,SYNTHETIC_DEMO
2022-03-03,ARE_FUJ,VLSFO,539.92,SYNTHETIC_DEMO
2022-03-03,ARE_FUJ,MGO,693.27,SYNTHETIC_DEMO
2022-03-04,SGP_SIN,VLSFO,548.93,SYNTHETIC_DEMO
2022-03-04,SGP_SIN,MGO,710.64,SYNTHETIC_DEMO
2022-03-04,LKA_CMB,VLSFO,562.65,SYNTHETIC_DEMO
2022-03-04,LKA_CMB,MGO,728.41,SYNTHETIC_DEMO
2022-03-04,ARE_FUJ,VLSFO,543.44,SYNTHETIC_DEMO
2022-03-04,ARE_FUJ,MGO,703.54,SYNTHETIC_DEMO
2022-03-05,SGP_SIN,VLSFO,540.44,SYNTHETIC_DEMO
2022-03-05,SGP_SIN,MGO,695.53,SYNTHETIC_DEMO
2022-03-05,LKA_CMB,VLSFO,553.95,SYNTHETIC_DEMO
2022-03-05,LKA_CMB,MGO,712.91,SYNTHETIC_DEMO
2022-03-05,ARE_FUJ,VLSFO,535.04,SYNTHETIC_DEMO
2022-03-05,ARE_FUJ,MGO,688.57,SYNTHETIC_DEMO
2022-03-06,SGP_SIN,VLSFO,544.61,SYNTHETIC_DEMO
2022-03-06,SGP_SIN,MGO,709.12,SYNTHETIC_DEMO
2022-03-06,LKA_CMB,VLSFO,558.22,SYNTHETIC_DEMO
2022-03-06,LKA_CMB,MGO,726.85,SYNTHETIC_DEMO
2022-03-06,ARE_FUJ,VLSFO,539.16,SYNTHETIC_DEMO
2022-03-06,ARE_FUJ,MGO,702.03,SYNTHETIC_DEMO
2022-03-07,SGP_SIN,VLSFO,547.01,SYNTHETIC_DEMO
2022-03-07,SGP_SIN,MGO,693.76,SYNTHETIC_DEMO
2022-03-07,LKA_CMB,VLSFO,560.68,SYNTHETIC_DEMO
2022-03-07,LKA_CMB,MGO,711.11,SYNTHETIC_DEMO
2022-03-07,ARE_FUJ,VLSFO,541.54,SYNTHETIC_DEMO
2022-03-07,ARE_FUJ,MGO,686.82,SYNTHETIC_DEMO
2022-03-08,SGP_SIN,VLSFO,543.81,SYNTHETIC_DEMO
2022-03-08,SGP_SIN,MGO,689.13,SYNTHETIC_DEMO
2022-03-08,LKA_CMB,VLSFO,557.4,SYNTHETIC_DEMO
2022-03-08,LKA_CMB,MGO,706.36,SYNTHETIC_DEMO
2022-03-08,ARE_FUJ,VLSFO,538.37,SYNTHETIC_DEMO
2022-03-08,ARE_FUJ,MGO,682.24,SYNTHETIC_DEMO
2022-03-09,SGP_SIN,VLSFO,536.31,SYNTHETIC_DEMO
2022-03-09,SGP_SIN,MGO,688.15,SYNTHETIC_DEMO
2022-03-09,LKA_CMB,VLSFO,549.72,SYNTHETIC_DEMO
2022-03-09,LKA_CMB,MGO,705.35,SYNTHETIC_DEMO
2022-03-09,ARE_FUJ,VLSFO,530.95,SYNTHETIC_DEMO
2022-03-09,ARE_FUJ,MGO,681.27,SYNTHETIC_DEMO
2022-03-10,SGP_SIN,VLSFO,551.74,SYNTHETIC_DEMO
2022-03-10,SGP_SIN,MGO,714.22,SYNTHETIC_DEMO
2022-03-10,LKA_CMB,VLSFO,565.53,SYNTHETIC_DEMO
2022-03-10,LKA_CMB,MGO,732.07,SYNTHETIC_DEMO
2022-03-10,ARE_FUJ,VLSFO,546.22,SYNTHETIC_DEMO
2022-03-10,ARE_FUJ,MGO,707.07,SYNTHETIC_DEMO
2022-03-11,SGP_SIN,VLSFO,544.47,SYNTHETIC_DEMO
2022-03-11,SGP_SIN,MGO,695.88,SYNTHETIC_DEMO
2022-03-11,LKA_CMB,VLSFO,558.08,SYNTHETIC_DEMO
2022-03-11,LKA_CMB,MGO,713.28,SYNTHETIC_DEMO
2022-03-11,ARE_FUJ,VLSFO,539.03,SYNTHETIC_DEMO
2022-03-11,ARE_FUJ,MGO,688.92,SYNTHETIC_DEMO
2022-03-12,SGP_SIN,VLSFO,545.75,SYNTHETIC_DEMO
2022-03-12,SGP_SIN,MGO,691.23,SYNTHETIC_DEMO
2022-03-12,LKA_CMB,VLSFO,559.39,SYNTHETIC_DEMO
2022-03-12,LKA_CMB,MGO,708.51,SYNTHETIC_DEMO
2022-03-12,ARE_FUJ,VLSFO,540.29,SYNTHETIC_DEMO
2022-03-12,ARE_FUJ,MGO,684.32,SYNTHETIC_DEMO
2022-03-13,SGP_SIN,VLSFO,540.72,SYNTHETIC_DEMO
2022-03-13,SGP_SIN,MGO,697.92,SYNTHETIC_DEMO
2022-03-13,LKA_CMB,VLSFO,554.24,SYNTHETIC_DEMO
2022-03-13,LKA_CMB,MGO,715.37,SYNTHETIC_DEMO
2022-03-13,ARE_FUJ,VLSFO,535.31,SYNTHETIC_DEMO
2022-03-13,ARE_FUJ,MGO,690.94,SYNTHETIC_DEMO
2022-03-14,SGP_SIN,VLSFO,545.05,SYNTHETIC_DEMO
2022-03-14,SGP_SIN,MGO,701.66,SYNTHETIC_DEMO
2022-03-14,LKA_CMB,VLSFO,558.67,SYNTHETIC_DEMO
2022-03-14,LKA_CMB,MGO,719.21,SYNTHETIC_DEMO
2022-03-14,ARE_FUJ,VLSFO,539.6,SYNTHETIC_DEMO
2022-03-14,ARE_FUJ,MGO,694.65,SYNTHETIC_DEMO
2022-03-15,SGP_SIN,VLSFO,556.11,SYNTHETIC_DEMO
2022-03-15,SGP_SIN,MGO,717.68,SYNTHETIC_DEMO
2022-03-15,LKA_CMB,VLSFO,570.01,SYNTHETIC_DEMO
2022-03-15,LKA_CMB,MGO,735.62,SYNTHETIC_DEMO
2022-03-15,ARE_FUJ,VLSFO,550.55,SYNTHETIC_DEMO
2022-03-15,ARE_FUJ,MGO,710.5,SYNTHETIC_DEMO
2022-03-16,SGP_SIN,VLSFO,549.25,SYNTHETIC_DEMO
2022-03-16,SGP_SIN,MGO,697.48,SYNTHETIC_DEMO
2022-03-16,LKA_CMB,VLSFO,562.99,SYNTHETIC_DEMO
2022-03-16,LKA_CMB,MGO,714.92,SYNTHETIC_DEMO
2022-03-16,ARE_FUJ,VLSFO,543.76,SYNTHETIC_DEMO
2022-03-16,ARE_FUJ,MGO,690.51,SYNTHETIC_DEMO
2022-03-17,SGP_SIN,VLSFO,560.78,SYNTHETIC_DEMO
2022-03-17,SGP_SIN,MGO,709.36,SYNTHETIC_DEMO
2022-03-17,LKA_CMB,VLSFO,574.8,SYNTHETIC_DEMO
2022-03-17,LKA_CMB,MGO,727.09,SYNTHETIC_DEMO
2022-03-17,ARE_FUJ,VLSFO,555.18,SYNTHETIC_DEMO
2022-03-17,ARE_FUJ,MGO,702.27,SYNTHETIC_DEMO
2022-03-18,SGP_SIN,VLSFO,559.71,SYNTHETIC_DEMO
2022-03-18,SGP_SIN,MGO,715.8,SYNTHETIC_DEMO
2022-03-18,LKA_CMB,VLSFO,573.7,SYNTHETIC_DEMO
2022-03-18,LKA_CMB,MGO,733.7,SYNTHETIC_DEMO
2022-03-18,ARE_FUJ,VLSFO,554.11,SYNTHETIC_DEMO
2022-03-18,ARE_FUJ,MGO,708.64,SYNTHETIC_DEMO
2022-03-19,SGP_SIN,VLSFO,543.16,SYNTHETIC_DEMO
2022-03-19,SGP_SIN,MGO,696.84,SYNTHETIC_DEMO
2022-03-19,LKA_CMB,VLSFO,556.74,SYNTHETIC_DEMO
2022-03-19,LKA_CMB,MGO,714.26,SYNTHETIC_DEMO
2022-03-19,ARE_FUJ,VLSFO,537.73,SYNTHETIC_DEMO
2022-03-19,ARE_FUJ,MGO,689.87,SYNTHETIC_DEMO
2022-03-20,SGP_SIN,VLSFO,545.68,SYNTHETIC_DEMO
2022-03-20,SGP_SIN,MGO,692.64,SYNTHETIC_DEMO
2022-03-20,LKA_CMB,VLSFO,559.32,SYNTHETIC_DEMO
2022-03-20,LKA_CMB,MGO,709.95,SYNTHETIC_DEMO
2022-03-20,ARE_FUJ,VLSFO,540.22,SYNTHETIC_DEMO
2022-03-20,ARE_FUJ,MGO,685.71,SYNTHETIC_DEMO
2022-03-21,SGP_SIN,VLSFO,547.72,SYNTHETIC_DEMO
2022-03-21,SGP_SIN,MGO,690.37,SYNTHETIC_DEMO
2022-03-21,LKA_CMB,VLSFO,561.41,SYNTHETIC_DEMO
2022-03-21,LKA_CMB,MGO,707.63,SYNTHETIC_DEMO
2022-03-21,ARE_FUJ,VLSFO,542.24,SYNTHETIC_DEMO
2022-03-21,ARE_FUJ,MGO,683.47,SYNTHETIC_DEMO
2022-03-22,SGP_SIN,VLSFO,535.94,SYNTHETIC_DEMO
2022-03-22,SGP_SIN,MGO,693.76,SYNTHETIC_DEMO
2022-03-22,LKA_CMB,VLSFO,549.34,SYNTHETIC_DEMO
2022-03-22,LKA_CMB,MGO,711.11,SYNTHETIC_DEMO
2022-03-22,ARE_FUJ,VLSFO,530.58,SYNTHETIC_DEMO
2022-03-22,ARE_FUJ,MGO,686.82,SYNTHETIC_DEMO
2022-03-23,SGP_SIN,VLSFO,551.77,SYNTHETIC_DEMO
2022-03-23,SGP_SIN,MGO,715.85,SYNTHETIC_DEMO
2022-03-23,LKA_CMB,VLSFO,565.56,SYNTHETIC_DEMO
2022-03-23,LKA_CMB,MGO,733.74,SYNTHETIC_DEMO
2022-03-23,ARE_FUJ,VLSFO,546.25,SYNTHETIC_DEMO
2022-03-23,ARE_FUJ,MGO,708.69,SYNTHETIC_DEMO
2022-03-24,SGP_SIN,VLSFO,540.7,SYNTHETIC_DEMO
2022-03-24,SGP_SIN,MGO,694.8,SYNTHETIC_DEMO
2022-03-24,LKA_CMB,VLSFO,554.22,SYNTHETIC_DEMO
2022-03-24,LKA_CMB,MGO,712.17,SYNTHETIC_DEMO
2022-03-24,ARE_FUJ,VLSFO,535.29,SYNTHETIC_DEMO
2022-03-24,ARE_FUJ,MGO,687.85,SYNTHETIC_DEMO
2022-03-25,SGP_SIN,VLSFO,547.43,SYNTHETIC_DEMO
2022-03-25,SGP_SIN,MGO,696.47,SYNTHETIC_DEMO
2022-03-25,LKA_CMB,VLSFO,561.12,SYNTHETIC_DEMO
2022-03-25,LKA_CMB,MGO,713.88,SYNTHETIC_DEMO
2022-03-25,ARE_FUJ,VLSFO,541.96,SYNTHETIC_DEMO
2022-03-25,ARE_FUJ,MGO,689.51,SYNTHETIC_DEMO
2022-03-26,SGP_SIN,VLSFO,527.51,SYNTHETIC_DEMO
2022-03-26,SGP_SIN,MGO,680.0,SYNTHETIC_DEMO
2022-03-26,LKA_CMB,VLSFO,540.69,SYNTHETIC_DEMO
2022-03-26,LKA_CMB,MGO,697.0,SYNTHETIC_DEMO
2022-03-26,ARE_FUJ,VLSFO,522.23,SYNTHETIC_DEMO
2022-03-26,ARE_FUJ,MGO,673.2,SYNTHETIC_DEMO
2022-03-27,SGP_SIN,VLSFO,550.71,SYNTHETIC_DEMO
2022-03-27,SGP_SIN,MGO,706.8,SYNTHETIC_DEMO
2022-03-27,LKA_CMB,VLSFO,564.48,SYNTHETIC_DEMO
2022-03-27,LKA_CMB,MGO,724.47,SYNTHETIC_DEMO
2022-03-27,ARE_FUJ,VLSFO,545.2,SYNTHETIC_DEMO
2022-03-27,ARE_FUJ,MGO,699.73,SYNTHETIC_DEMO
2022-03-28,SGP_SIN,VLSFO,560.19,SYNTHETIC_DEMO
2022-03-28,SGP_SIN,MGO,708.63,SYNTHETIC_DEMO
2022-03-28,LKA_CMB,VLSFO,574.19,SYNTHETIC_DEMO
2022-03-28,LKA_CMB,MGO,726.35,SYNTHETIC_DEMO
2022-03-28,ARE_FUJ,VLSFO,554.59,SYNTHETIC_DEMO
2022-03-28,ARE_FUJ,MGO,701.54,SYNTHETIC_DEMO
2022-03-29,SGP_SIN,VLSFO,563.43,SYNTHETIC_DEMO
2022-03-29,SGP_SIN,MGO,729.12,SYNTHETIC_DEMO
2022-03-29,LKA_CMB,VLSFO,577.52,SYNTHETIC_DEMO
2022-03-29,LKA_CMB,MGO,747.35,SYNTHETIC_DEMO
2022-03-29,ARE_FUJ,VLSFO,557.8,SYNTHETIC_DEMO
2022-03-29,ARE_FUJ,MGO,721.83,SYNTHETIC_DEMO
2022-03-30,SGP_SIN,VLSFO,558.52,SYNTHETIC_DEMO
2022-03-30,SGP_SIN,MGO,707.29,SYNTHETIC_DEMO
2022-03-30,LKA_CMB,VLSFO,572.48,SYNTHETIC_DEMO
2022-03-30,LKA_CMB,MGO,724.98,SYNTHETIC_DEMO
2022-03-30,ARE_FUJ,VLSFO,552.94,SYNTHETIC_DEMO
2022-03-30,ARE_FUJ,MGO,700.22,SYNTHETIC_DEMO
2022-03-31,SGP_SIN,VLSFO,568.38,SYNTHETIC_DEMO
2022-03-31,SGP_SIN,MGO,725.62,SYNTHETIC_DEMO
2022-03-31,LKA_CMB,VLSFO,582.59,SYNTHETIC_DEMO
2022-03-31,LKA_CMB,MGO,743.76,SYNTHETIC_DEMO
2022-03-31,ARE_FUJ,VLSFO,562.7,SYNTHETIC_DEMO
2022-03-31,ARE_FUJ,MGO,718.36,SYNTHETIC_DEMO
2022-04-01,SGP_SIN,VLSFO,563.23,SYNTHETIC_DEMO
2022-04-01,SGP_SIN,MGO,718.3,SYNTHETIC_DEMO
2022-04-01,LKA_CMB,VLSFO,577.31,SYNTHETIC_DEMO
2022-04-01,LKA_CMB,MGO,736.25,SYNTHETIC_DEMO
2022-04-01,ARE_FUJ,VLSFO,557.59,SYNTHETIC_DEMO
2022-04-01,ARE_FUJ,MGO,711.11,SYNTHETIC_DEMO
2022-04-02,SGP_SIN,VLSFO,561.89,SYNTHETIC_DEMO
2022-04-02,SGP_SIN,MGO,716.34,SYNTHETIC_DEMO
2022-04-02,LKA_CMB,VLSFO,575.93,SYNTHETIC_DEMO
2022-04-02,LKA_CMB,MGO,734.25,SYNTHETIC_DEMO
2022-04-02,ARE_FUJ,VLSFO,556.27,SYNTHETIC_DEMO
2022-04-02,ARE_FUJ,MGO,709.17,SYNTHETIC_DEMO
2022-04-03,SGP_SIN,VLSFO,573.82,SYNTHETIC_DEMO
2022-04-03,SGP_SIN,MGO,736.6,SYNTHETIC_DEMO
2022-04-03,LKA_CMB,VLSFO,588.17,SYNTHETIC_DEMO
2022-04-03,LKA_CMB,MGO,755.01,SYNTHETIC_DEMO
2022-04-03,ARE_FUJ,VLSFO,568.09,SYNTHETIC_DEMO
2022-04-03,ARE_FUJ,MGO,729.23,SYNTHETIC_DEMO
2022-04-04,SGP_SIN,VLSFO,563.22,SYNTHETIC_DEMO
2022-04-04,SGP_SIN,MGO,733.53,SYNTHETIC_DEMO
2022-04-04,LKA_CMB,VLSFO,577.3,SYNTHETIC_DEMO
2022-04-04,LKA_CMB,MGO,751.87,SYNTHETIC_DEMO
2022-04-04,ARE_FUJ,VLSFO,557.59,SYNTHETIC_DEMO
2022-04-04,ARE_FUJ,MGO,726.2,SYNTHETIC_DEMO
2022-04-05,SGP_SIN,VLSFO,576.37,SYNTHETIC_DEMO
2022-04-05,SGP_SIN,MGO,750.41,SYNTHETIC_DEMO
2022-04-05,LKA_CMB,VLSFO,590.78,SYNTHETIC_DEMO
2022-04-05,LKA_CMB,MGO,769.17,SYNTHETIC_DEMO
2022-04-05,ARE_FUJ,VLSFO,570.6,SYNTHETIC_DEMO
2022-04-05,ARE_FUJ,MGO,742.91,SYNTHETIC_DEMO
2022-04-06,SGP_SIN,VLSFO,569.59,SYNTHETIC_DEMO
2022-04-06,SGP_SIN,MGO,735.54,SYNTHETIC_DEMO
2022-04-06,LKA_CMB,VLSFO,583.83,SYNTHETIC_DEMO
2022-04-06,LKA_CMB,MGO,753.93,SYNTHETIC_DEMO
2022-04-06,ARE_FUJ,VLSFO,563.9,SYNTHETIC_DEMO
2022-04-06,ARE_FUJ,MGO,728.19,SYNTHETIC_DEMO
2022-04-07,SGP_SIN,VLSFO,567.28,SYNTHETIC_DEMO
2022-04-07,SGP_SIN,MGO,738.46,SYNTHETIC_DEMO
2022-04-07,LKA_CMB,VLSFO,581.46,SYNTHETIC_DEMO
2022-04-07,LKA_CMB,MGO,756.92,SYNTHETIC_DEMO
2022-04-07,ARE_FUJ,VLSFO,561.6,SYNTHETIC_DEMO
2022-04-07,ARE_FUJ,MGO,731.07,SYNTHETIC_DEMO
2022-04-08,SGP_SIN,VLSFO,560.07,SYNTHETIC_DEMO
2022-04-08,SGP_SIN,MGO,725.74,SYNTHETIC_DEMO
2022-04-08,LKA_CMB,VLSFO,574.07,SYNTHETIC_DEMO
2022-04-08,LKA_CMB,MGO,743.89,SYNTHETIC_DEMO
2022-04-08,ARE_FUJ,VLSFO,554.47,SYNTHETIC_DEMO
2022-04-08,ARE_FUJ,MGO,718.48,SYNTHETIC_DEMO
2022-04-09,SGP_SIN,VLSFO,564.17,SYNTHETIC_DEMO
2022-04-09,SGP_SIN,MGO,723.95,SYNTHETIC_DEMO
2022-04-09,LKA_CMB,VLSFO,578.27,SYNTHETIC_DEMO
2022-04-09,LKA_CMB,MGO,742.05,SYNTHETIC_DEMO
2022-04-09,ARE_FUJ,VLSFO,558.52,SYNTHETIC_DEMO
2022-04-09,ARE_FUJ,MGO,716.71,SYNTHETIC_DEMO
2022-04-10,SGP_SIN,VLSFO,553.24,SYNTHETIC_DEMO
2022-04-10,SGP_SIN,MGO,711.16,SYNTHETIC_DEMO
2022-04-10,LKA_CMB,VLSFO,567.08,SYNTHETIC_DEMO
2022-04-10,LKA_CMB,MGO,728.94,SYNTHETIC_DEMO
2022-04-10,ARE_FUJ,VLSFO,547.71,SYNTHETIC_DEMO
2022-04-10,ARE_FUJ,MGO,704.05,SYNTHETIC_DEMO
2022-04-11,SGP_SIN,VLSFO,559.39,SYNTHETIC_DEMO
2022-04-11,SGP_SIN,MGO,717.93,SYNTHETIC_DEMO
2022-04-11,LKA_CMB,VLSFO,573.38,SYNTHETIC_DEMO
2022-04-11,LKA_CMB,MGO,735.88,SYNTHETIC_DEMO
2022-04-11,ARE_FUJ,VLSFO,553.8,SYNTHETIC_DEMO
2022-04-11,ARE_FUJ,MGO,710.75,SYNTHETIC_DEMO
2022-04-12,SGP_SIN,VLSFO,560.97,SYNTHETIC_DEMO
2022-04-12,SGP_SIN,MGO,725.2,SYNTHETIC_DEMO
2022-04-12,LKA_CMB,VLSFO,574.99,SYNTHETIC_DEMO
2022-04-12,LKA_CMB,MGO,743.33,SYNTHETIC_DEMO
2022-04-12,ARE_FUJ,VLSFO,555.36,SYNTHETIC_DEMO
2022-04-12,ARE_FUJ,MGO,717.95,SYNTHETIC_DEMO
2022-04-13,SGP_SIN,VLSFO,569.02,SYNTHETIC_DEMO
2022-04-13,SGP_SIN,MGO,719.74,SYNTHETIC_DEMO
2022-04-13,LKA_CMB,VLSFO,583.25,SYNTHETIC_DEMO
2022-04-13,LKA_CMB,MGO,737.73,SYNTHETIC_DEMO
2022-04-13,ARE_FUJ,VLSFO,563.33,SYNTHETIC_DEMO
2022-04-13,ARE_FUJ,MGO,712.54,SYNTHETIC_DEMO
2022-04-14,SGP_SIN,VLSFO,567.69,SYNTHETIC_DEMO
2022-04-14,SGP_SIN,MGO,725.68,SYNTHETIC_DEMO
2022-04-14,LKA_CMB,VLSFO,581.88,SYNTHETIC_DEMO
2022-04-14,LKA_CMB,MGO,743.82,SYNTHETIC_DEMO
2022-04-14,ARE_FUJ,VLSFO,562.01,SYNTHETIC_DEMO
2022-04-14,ARE_FUJ,MGO,718.42,SYNTHETIC_DEMO
2022-04-15,SGP_SIN,VLSFO,562.95,SYNTHETIC_DEMO
2022-04-15,SGP_SIN,MGO,727.67,SYNTHETIC_DEMO
2022-04-15,LKA_CMB,VLSFO,577.02,SYNTHETIC_DEMO
2022-04-15,LKA_CMB,MGO,745.86,SYNTHETIC_DEMO
2022-04-15,ARE_FUJ,VLSFO,557.32,SYNTHETIC_DEMO
2022-04-15,ARE_FUJ,MGO,720.39,SYNTHETIC_DEMO
2022-04-16,SGP_SIN,VLSFO,561.31,SYNTHETIC_DEMO
2022-04-16,SGP_SIN,MGO,712.39,SYNTHETIC_DEMO
2022-04-16,LKA_CMB,VLSFO,575.34,SYNTHETIC_DEMO
2022-04-16,LKA_CMB,MGO,730.2,SYNTHETIC_DEMO
2022-04-16,ARE_FUJ,VLSFO,555.7,SYNTHETIC_DEMO
2022-04-16,ARE_FUJ,MGO,705.27,SYNTHETIC_DEMO
2022-04-17,SGP_SIN,VLSFO,559.62,SYNTHETIC_DEMO
2022-04-17,SGP_SIN,MGO,724.08,SYNTHETIC_DEMO
2022-04-17,LKA_CMB,VLSFO,573.62,SYNTHETIC_DEMO
2022-04-17,LKA_CMB,MGO,742.18,SYNTHETIC_DEMO
2022-04-17,ARE_FUJ,VLSFO,554.03,SYNTHETIC_DEMO
2022-04-17,ARE_FUJ,MGO,716.84,SYNTHETIC_DEMO
2022-04-18,SGP_SIN,VLSFO,552.86,SYNTHETIC_DEMO
2022-04-18,SGP_SIN,MGO,707.36,SYNTHETIC_DEMO
2022-04-18,LKA_CMB,VLSFO,566.68,SYNTHETIC_DEMO
2022-04-18,LKA_CMB,MGO,725.04,SYNTHETIC_DEMO
2022-04-18,ARE_FUJ,VLSFO,547.33,SYNTHETIC_DEMO
2022-04-18,ARE_FUJ,MGO,700.29,SYNTHETIC_DEMO
2022-04-19,SGP_SIN,VLSFO,556.65,SYNTHETIC_DEMO
2022-04-19,SGP_SIN,MGO,716.58,SYNTHETIC_DEMO
2022-04-19,LKA_CMB,VLSFO,570.56,SYNTHETIC_DEMO
2022-04-19,LKA_CMB,MGO,734.5,SYNTHETIC_DEMO
2022-04-19,ARE_FUJ,VLSFO,551.08,SYNTHETIC_DEMO
2022-04-19,ARE_FUJ,MGO,709.42,SYNTHETIC_DEMO
2022-04-20,SGP_SIN,VLSFO,572.23,SYNTHETIC_DEMO
2022-04-20,SGP_SIN,MGO,725.53,SYNTHETIC_DEMO
2022-04-20,LKA_CMB,VLSFO,586.53,SYNTHETIC_DEMO
2022-04-20,LKA_CMB,MGO,743.67,SYNTHETIC_DEMO
2022-04-20,ARE_FUJ,VLSFO,566.5,SYNTHETIC_DEMO
2022-04-20,ARE_FUJ,MGO,718.28,SYNTHETIC_DEMO
2022-04-21,SGP_SIN,VLSFO,570.42,SYNTHETIC_DEMO
2022-04-21,SGP_SIN,MGO,744.52,SYNTHETIC_DEMO
2022-04-21,LKA_CMB,VLSFO,584.68,SYNTHETIC_DEMO
2022-04-21,LKA_CMB,MGO,763.13,SYNTHETIC_DEMO
2022-04-21,ARE_FUJ,VLSFO,564.72,SYNTHETIC_DEMO
2022-04-21,ARE_FUJ,MGO,737.07,SYNTHETIC_DEMO
2022-04-22,SGP_SIN,VLSFO,561.99,SYNTHETIC_DEMO
2022-04-22,SGP_SIN,MGO,718.26,SYNTHETIC_DEMO
2022-04-22,LKA_CMB,VLSFO,576.04,SYNTHETIC_DEMO
2022-04-22,LKA_CMB,MGO,736.22,SYNTHETIC_DEMO
2022-04-22,ARE_FUJ,VLSFO,556.37,SYNTHETIC_DEMO
2022-04-22,ARE_FUJ,MGO,711.08,SYNTHETIC_DEMO
2022-04-23,SGP_SIN,VLSFO,568.84,SYNTHETIC_DEMO
2022-04-23,SGP_SIN,MGO,744.44,SYNTHETIC_DEMO
2022-04-23,LKA_CMB,VLSFO,583.06,SYNTHETIC_DEMO
2022-04-23,LKA_CMB,MGO,763.05,SYNTHETIC_DEMO
2022-04-23,ARE_FUJ,VLSFO,563.15,SYNTHETIC_DEMO
2022-04-23,ARE_FUJ,MGO,736.99,SYNTHETIC_DEMO
2022-04-24,SGP_SIN,VLSFO,565.48,SYNTHETIC_DEMO
2022-04-24,SGP_SIN,MGO,718.9,SYNTHETIC_DEMO
2022-04-24,LKA_CMB,VLSFO,579.62,SYNTHETIC_DEMO
2022-04-24,LKA_CMB,MGO,736.87,SYNTHETIC_DEMO
2022-04-24,ARE_FUJ,VLSFO,559.82,SYNTHETIC_DEMO
2022-04-24,ARE_FUJ,MGO,711.71,SYNTHETIC_DEMO
2022-04-25,SGP_SIN,VLSFO,559.9,SYNTHETIC_DEMO
2022-04-25,SGP_SIN,MGO,715.88,SYNTHETIC_DEMO
2022-04-25,LKA_CMB,VLSFO,573.9,SYNTHETIC_DEMO
2022-04-25,LKA_CMB,MGO,733.78,SYNTHETIC_DEMO
2022-04-25,ARE_FUJ,VLSFO,554.3,SYNTHETIC_DEMO
2022-04-25,ARE_FUJ,MGO,708.73,SYNTHETIC_DEMO
2022-04-26,SGP_SIN,VLSFO,554.81,SYNTHETIC_DEMO
2022-04-26,SGP_SIN,MGO,705.21,SYNTHETIC_DEMO
2022-04-26,LKA_CMB,VLSFO,568.68,SYNTHETIC_DEMO
2022-04-26,LKA_CMB,MGO,722.84,SYNTHETIC_DEMO
2022-04-26,ARE_FUJ,VLSFO,549.26,SYNTHETIC_DEMO
2022-04-26,ARE_FUJ,MGO,698.16,SYNTHETIC_DEMO
2022-04-27,SGP_SIN,VLSFO,558.11,SYNTHETIC_DEMO
2022-04-27,SGP_SIN,MGO,703.34,SYNTHETIC_DEMO
2022-04-27,LKA_CMB,VLSFO,572.07,SYNTHETIC_DEMO
2022-04-27,LKA_CMB,MGO,720.93,SYNTHETIC_DEMO
2022-04-27,ARE_FUJ,VLSFO,552.53,SYNTHETIC_DEMO
2022-04-27,ARE_FUJ,MGO,696.31,SYNTHETIC_DEMO
2022-04-28,SGP_SIN,VLSFO,562.55,SYNTHETIC_DEMO
2022-04-28,SGP_SIN,MGO,722.08,SYNTHETIC_DEMO
2022-04-28,LKA_CMB,VLSFO,576.61,SYNTHETIC_DEMO
2022-04-28,LKA_CMB,MGO,740.13,SYNTHETIC_DEMO
2022-04-28,ARE_FUJ,VLSFO,556.92,SYNTHETIC_DEMO
2022-04-28,ARE_FUJ,MGO,714.85,SYNTHETIC_DEMO
2022-04-29,SGP_SIN,VLSFO,545.06,SYNTHETIC_DEMO
2022-04-29,SGP_SIN,MGO,694.94,SYNTHETIC_DEMO
2022-04-29,LKA_CMB,VLSFO,558.69,SYNTHETIC_DEMO
2022-04-29,LKA_CMB,MGO,712.31,SYNTHETIC_DEMO
2022-04-29,ARE_FUJ,VLSFO,539.61,SYNTHETIC_DEMO
2022-04-29,ARE_FUJ,MGO,687.99,SYNTHETIC_DEMO
2022-04-30,SGP_SIN,VLSFO,557.84,SYNTHETIC_DEMO
2022-04-30,SGP_SIN,MGO,702.41,SYNTHETIC_DEMO
2022-04-30,LKA_CMB,VLSFO,571.78,SYNTHETIC_DEMO
2022-04-30,LKA_CMB,MGO,719.97,SYNTHETIC_DEMO
2022-04-30,ARE_FUJ,VLSFO,552.26,SYNTHETIC_DEMO
2022-04-30,ARE_FUJ,MGO,695.39,SYNTHETIC_DEMO
2022-05-01,SGP_SIN,VLSFO,554.06,SYNTHETIC_DEMO
2022-05-01,SGP_SIN,MGO,724.86,SYNTHETIC_DEMO
2022-05-01,LKA_CMB,VLSFO,567.91,SYNTHETIC_DEMO
2022-05-01,LKA_CMB,MGO,742.98,SYNTHETIC_DEMO
2022-05-01,ARE_FUJ,VLSFO,548.52,SYNTHETIC_DEMO
2022-05-01,ARE_FUJ,MGO,717.61,SYNTHETIC_DEMO
2022-05-02,SGP_SIN,VLSFO,553.64,SYNTHETIC_DEMO
2022-05-02,SGP_SIN,MGO,713.09,SYNTHETIC_DEMO
2022-05-02,LKA_CMB,VLSFO,567.48,SYNTHETIC_DEMO
2022-05-02,LKA_CMB,MGO,730.92,SYNTHETIC_DEMO
2022-05-02,ARE_FUJ,VLSFO,548.1,SYNTHETIC_DEMO
2022-05-02,ARE_FUJ,MGO,705.96,SYNTHETIC_DEMO
2022-05-03,SGP_SIN,VLSFO,549.06,SYNTHETIC_DEMO
2022-05-03,SGP_SIN,MGO,713.1,SYNTHETIC_DEMO
2022-05-03,LKA_CMB,VLSFO,562.79,SYNTHETIC_DEMO
2022-05-03,LKA_CMB,MGO,730.93,SYNTHETIC_DEMO
2022-05-03,ARE_FUJ,VLSFO,543.57,SYNTHETIC_DEMO
2022-05-03,ARE_FUJ,MGO,705.97,SYNTHETIC_DEMO
2022-05-04,SGP_SIN,VLSFO,563.25,SYNTHETIC_DEMO
2022-05-04,SGP_SIN,MGO,709.04,SYNTHETIC_DEMO
2022-05-04,LKA_CMB,VLSFO,577.33,SYNTHETIC_DEMO
2022-05-04,LKA_CMB,MGO,726.76,SYNTHETIC_DEMO
2022-05-04,ARE_FUJ,VLSFO,557.62,SYNTHETIC_DEMO
2022-05-04,ARE_FUJ,MGO,701.95,SYNTHETIC_DEMO
2022-05-05,SGP_SIN,VLSFO,560.11,SYNTHETIC_DEMO
2022-05-05,SGP_SIN,MGO,725.98,SYNTHETIC_DEMO
2022-05-05,LKA_CMB,VLSFO,574.11,SYNTHETIC_DEMO
2022-05-05,LKA_CMB,MGO,744.13,SYNTHETIC_DEMO
2022-05-05,ARE_FUJ,VLSFO,554.51,SYNTHETIC_DEMO
2022-05-05,ARE_FUJ,MGO,718.72,SYNTHETIC_DEMO
2022-05-06,SGP_SIN,VLSFO,558.59,SYNTHETIC_DEMO
2022-05-06,SGP_SIN,MGO,709.79,SYNTHETIC_DEMO
2022-05-06,LKA_CMB,VLSFO,572.55,SYNTHETIC_DEMO
2022-05-06,LKA_CMB,MGO,727.54,SYNTHETIC_DEMO
2022-05-06,ARE_FUJ,VLSFO,553.0,SYNTHETIC_DEMO
2022-05-06,ARE_FUJ,MGO,702.69,SYNTHETIC_DEMO
2022-05-07,SGP_SIN,VLSFO,555.62,SYNTHETIC_DEMO
2022-05-07,SGP_SIN,MGO,717.27,SYNTHETIC_DEMO
2022-05-07,LKA_CMB,VLSFO,569.51,SYNTHETIC_DEMO
2022-05-07,LKA_CMB,MGO,735.2,SYNTHETIC_DEMO
2022-05-07,ARE_FUJ,VLSFO,550.07,SYNTHETIC_DEMO
2022-05-07,ARE_FUJ,MGO,710.1,SYNTHETIC_DEMO
2022-05-08,SGP_SIN,VLSFO,564.78,SYNTHETIC_DEMO
2022-05-08,SGP_SIN,MGO,721.75,SYNTHETIC_DEMO
2022-05-08,LKA_CMB,VLSFO,578.9,SYNTHETIC_DEMO
2022-05-08,LKA_CMB,MGO,739.8,SYNTHETIC_DEMO
2022-05-08,ARE_FUJ,VLSFO,559.13,SYNTHETIC_DEMO
2022-05-08,ARE_FUJ,MGO,714.53,SYNTHETIC_DEMO
2022-05-09,SGP_SIN,VLSFO,565.46,SYNTHETIC_DEMO
2022-05-09,SGP_SIN,MGO,721.26,SYNTHETIC_DEMO
2022-05-09,LKA_CMB,VLSFO,579.59,SYNTHETIC_DEMO
2022-05-09,LKA_CMB,MGO,739.3,SYNTHETIC_DEMO
2022-05-09,ARE_FUJ,VLSFO,559.8,SYNTHETIC_DEMO
2022-05-09,ARE_FUJ,MGO,714.05,SYNTHETIC_DEMO
2022-05-10,SGP_SIN,VLSFO,557.4,SYNTHETIC_DEMO
2022-05-10,SGP_SIN,MGO,707.1,SYNTHETIC_DEMO
2022-05-10,LKA_CMB,VLSFO,571.33,SYNTHETIC_DEMO
2022-05-10,LKA_CMB,MGO,724.78,SYNTHETIC_DEMO
2022-05-10,ARE_FUJ,VLSFO,551.82,SYNTHETIC_DEMO
2022-05-10,ARE_FUJ,MGO,700.03,SYNTHETIC_DEMO
2022-05-11,SGP_SIN,VLSFO,564.27,SYNTHETIC_DEMO
2022-05-11,SGP_SIN,MGO,722.87,SYNTHETIC_DEMO
2022-05-11,LKA_CMB,VLSFO,578.38,SYNTHETIC_DEMO
2022-05-11,LKA_CMB,MGO,740.95,SYNTHETIC_DEMO
2022-05-11,ARE_FUJ,VLSFO,558.63,SYNTHETIC_DEMO
2022-05-11,ARE_FUJ,MGO,715.64,SYNTHETIC_DEMO
2022-05-12,SGP_SIN,VLSFO,557.21,SYNTHETIC_DEMO
2022-05-12,SGP_SIN,MGO,716.94,SYNTHETIC_DEMO
2022-05-12,LKA_CMB,VLSFO,571.14,SYNTHETIC_DEMO
2022-05-12,LKA_CMB,MGO,734.87,SYNTHETIC_DEMO
2022-05-12,ARE_FUJ,VLSFO,551.63,SYNTHETIC_DEMO
2022-05-12,ARE_FUJ,MGO,709.78,SYNTHETIC_DEMO
2022-05-13,SGP_SIN,VLSFO,562.0,SYNTHETIC_DEMO
2022-05-13,SGP_SIN,MGO,714.41,SYNTHETIC_DEMO
2022-05-13,LKA_CMB,VLSFO,576.05,SYNTHETIC_DEMO
2022-05-13,LKA_CMB,MGO,732.27,SYNTHETIC_DEMO
2022-05-13,ARE_FUJ,VLSFO,556.38,SYNTHETIC_DEMO
2022-05-13,ARE_FUJ,MGO,707.27,SYNTHETIC_DEMO
2022-05-14,SGP_SIN,VLSFO,574.12,SYNTHETIC_DEMO
2022-05-14,SGP_SIN,MGO,727.29,SYNTHETIC_DEMO
2022-05-14,LKA_CMB,VLSFO,588.47,SYNTHETIC_DEMO
2022-05-14,LKA_CMB,MGO,745.48,SYNTHETIC_DEMO
2022-05-14,ARE_FUJ,VLSFO,568.38,SYNTHETIC_DEMO
2022-05-14,ARE_FUJ,MGO,720.02,SYNTHETIC_DEMO
2022-05-15,SGP_SIN,VLSFO,567.79,SYNTHETIC_DEMO
2022-05-15,SGP_SIN,MGO,729.18,SYNTHETIC_DEMO
2022-05-15,LKA_CMB,VLSFO,581.99,SYNTHETIC_DEMO
2022-05-15,LKA_CMB,MGO,747.41,SYNTHETIC_DEMO
2022-05-15,ARE_FUJ,VLSFO,562.11,SYNTHETIC_DEMO
2022-05-15,ARE_FUJ,MGO,721.89,SYNTHETIC_DEMO
2022-05-16,SGP_SIN,VLSFO,568.21,SYNTHETIC_DEMO
2022-05-16,SGP_SIN,MGO,734.0,SYNTHETIC_DEMO
2022-05-16,LKA_CMB,VLSFO,582.41,SYNTHETIC_DEMO
2022-05-16,LKA_CMB,MGO,752.35,SYNTHETIC_DEMO
2022-05-16,ARE_FUJ,VLSFO,562.52,SYNTHETIC_DEMO
2022-05-16,ARE_FUJ,MGO,726.66,SYNTHETIC_DEMO
2022-05-17,SGP_SIN,VLSFO,562.7,SYNTHETIC_DEMO
2022-05-17,SGP_SIN,MGO,716.34,SYNTHETIC_DEMO
2022-05-17,LKA_CMB,VLSFO,576.77,SYNTHETIC_DEMO
2022-05-17,LKA_CMB,MGO,734.24,SYNTHETIC_DEMO
2022-05-17,ARE_FUJ,VLSFO,557.07,SYNTHETIC_DEMO
2022-05-17,ARE_FUJ,MGO,709.17,SYNTHETIC_DEMO
2022-05-18,SGP_SIN,VLSFO,570.93,SYNTHETIC_DEMO
2022-05-18,SGP_SIN,MGO,734.79,SYNTHETIC_DEMO
2022-05-18,LKA_CMB,VLSFO,585.21,SYNTHETIC_DEMO
2022-05-18,LKA_CMB,MGO,753.16,SYNTHETIC_DEMO
2022-05-18,ARE_FUJ,VLSFO,565.22,SYNTHETIC_DEMO
2022-05-18,ARE_FUJ,MGO,727.44,SYNTHETIC_DEMO
2022-05-19,SGP_SIN,VLSFO,566.12,SYNTHETIC_DEMO
2022-05-19,SGP_SIN,MGO,726.76,SYNTHETIC_DEMO
2022-05-19,LKA_CMB,VLSFO,580.28,SYNTHETIC_DEMO
2022-05-19,LKA_CMB,MGO,744.93,SYNTHETIC_DEMO
2022-05-19,ARE_FUJ,VLSFO,560.46,SYNTHETIC_DEMO
2022-05-19,ARE_FUJ,MGO,719.49,SYNTHETIC_DEMO
2022-05-20,SGP_SIN,VLSFO,568.26,SYNTHETIC_DEMO
2022-05-20,SGP_SIN,MGO,714.55,SYNTHETIC_DEMO
2022-05-20,LKA_CMB,VLSFO,582.47,SYNTHETIC_DEMO
2022-05-20,LKA_CMB,MGO,732.41,SYNTHETIC_DEMO
2022-05-20,ARE_FUJ,VLSFO,562.58,SYNTHETIC_DEMO
2022-05-20,ARE_FUJ,MGO,707.4,SYNTHETIC_DEMO
2022-05-21,SGP_SIN,VLSFO,562.27,SYNTHETIC_DEMO
2022-05-21,SGP_SIN,MGO,713.09,SYNTHETIC_DEMO
2022-05-21,LKA_CMB,VLSFO,576.33,SYNTHETIC_DEMO
2022-05-21,LKA_CMB,MGO,730.91,SYNTHETIC_DEMO
2022-05-21,ARE_FUJ,VLSFO,556.65,SYNTHETIC_DEMO
2022-05-21,ARE_FUJ,MGO,705.96,SYNTHETIC_DEMO
2022-05-22,SGP_SIN,VLSFO,561.8,SYNTHETIC_DEMO
2022-05-22,SGP_SIN,MGO,717.26,SYNTHETIC_DEMO
2022-05-22,LKA_CMB,VLSFO,575.84,SYNTHETIC_DEMO
2022-05-22,LKA_CMB,MGO,735.2,SYNTHETIC_DEMO
2022-05-22,ARE_FUJ,VLSFO,556.18,SYNTHETIC_DEMO
2022-05-22,ARE_FUJ,MGO,710.09,SYNTHETIC_DEMO
2022-05-23,SGP_SIN,VLSFO,584.33,SYNTHETIC_DEMO
2022-05-23,SGP_SIN,MGO,746.46,SYNTHETIC_DEMO
2022-05-23,LKA_CMB,VLSFO,598.94,SYNTHETIC_DEMO
2022-05-23,LKA_CMB,MGO,765.12,SYNTHETIC_DEMO
2022-05-23,ARE_FUJ,VLSFO,578.49,SYNTHETIC_DEMO
2022-05-23,ARE_FUJ,MGO,738.99,SYNTHETIC_DEMO
2022-05-24,SGP_SIN,VLSFO,587.99,SYNTHETIC_DEMO
2022-05-24,SGP_SIN,MGO,758.67,SYNTHETIC_DEMO
2022-05-24,LKA_CMB,VLSFO,602.69,SYNTHETIC_DEMO
2022-05-24,LKA_CMB,MGO,777.63,SYNTHETIC_DEMO
2022-05-24,ARE_FUJ,VLSFO,582.11,SYNTHETIC_DEMO
2022-05-24,ARE_FUJ,MGO,751.08,SYNTHETIC_DEMO
2022-05-25,SGP_SIN,VLSFO,570.37,SYNTHETIC_DEMO
2022-05-25,SGP_SIN,MGO,725.06,SYNTHETIC_DEMO
2022-05-25,LKA_CMB,VLSFO,584.63,SYNTHETIC_DEMO
2022-05-25,LKA_CMB,MGO,743.18,SYNTHETIC_DEMO
2022-05-25,ARE_FUJ,VLSFO,564.67,SYNTHETIC_DEMO
2022-05-25,ARE_FUJ,MGO,717.81,SYNTHETIC_DEMO
2022-05-26,SGP_SIN,VLSFO,575.89,SYNTHETIC_DEMO
2022-05-26,SGP_SIN,MGO,747.88,SYNTHETIC_DEMO
2022-05-26,LKA_CMB,VLSFO,590.29,SYNTHETIC_DEMO
2022-05-26,LKA_CMB,MGO,766.57,SYNTHETIC_DEMO
2022-05-26,ARE_FUJ,VLSFO,570.13,SYNTHETIC_DEMO
2022-05-26,ARE_FUJ,MGO,740.4,SYNTHETIC_DEMO
2022-05-27,SGP_SIN,VLSFO,571.43,SYNTHETIC_DEMO
2022-05-27,SGP_SIN,MGO,721.56,SYNTHETIC_DEMO
2022-05-27,LKA_CMB,VLSFO,585.72,SYNTHETIC_DEMO
2022-05-27,LKA_CMB,MGO,739.6,SYNTHETIC_DEMO
2022-05-27,ARE_FUJ,VLSFO,565.72,SYNTHETIC_DEMO
2022-05-27,ARE_FUJ,MGO,714.34,SYNTHETIC_DEMO
2022-05-28,SGP_SIN,VLSFO,568.46,SYNTHETIC_DEMO
2022-05-28,SGP_SIN,MGO,725.04,SYNTHETIC_DEMO
2022-05-28,LKA_CMB,VLSFO,582.67,SYNTHETIC_DEMO
2022-05-28,LKA_CMB,MGO,743.16,SYNTHETIC_DEMO
2022-05-28,ARE_FUJ,VLSFO,562.77,SYNTHETIC_DEMO
2022-05-28,ARE_FUJ,MGO,717.79,SYNTHETIC_DEMO
2022-05-29,SGP_SIN,VLSFO,568.88,SYNTHETIC_DEMO
2022-05-29,SGP_SIN,MGO,727.23,SYNTHETIC_DEMO
2022-05-29,LKA_CMB,VLSFO,583.1,SYNTHETIC_DEMO
2022-05-29,LKA_CMB,MGO,745.41,SYNTHETIC_DEMO
2022-05-29,ARE_FUJ,VLSFO,563.19,SYNTHETIC_DEMO
2022-05-29,ARE_FUJ,MGO,719.96,SYNTHETIC_DEMO
2022-05-30,SGP_SIN,VLSFO,569.05,SYNTHETIC_DEMO
2022-05-30,SGP_SIN,MGO,747.03,SYNTHETIC_DEMO
2022-05-30,LKA_CMB,VLSFO,583.28,SYNTHETIC_DEMO
2022-05-30,LKA_CMB,MGO,765.71,SYNTHETIC_DEMO
2022-05-30,ARE_FUJ,VLSFO,563.36,SYNTHETIC_DEMO
2022-05-30,ARE_FUJ,MGO,739.56,SYNTHETIC_DEMO
2022-05-31,SGP_SIN,VLSFO,580.87,SYNTHETIC_DEMO
2022-05-31,SGP_SIN,MGO,736.18,SYNTHETIC_DEMO
2022-05-31,LKA_CMB,VLSFO,595.39,SYNTHETIC_DEMO
2022-05-31,LKA_CMB,MGO,754.58,SYNTHETIC_DEMO
2022-05-31,ARE_FUJ,VLSFO,575.06,SYNTHETIC_DEMO
2022-05-31,ARE_FUJ,MGO,728.82,SYNTHETIC_DEMO
2022-06-01,SGP_SIN,VLSFO,571.07,SYNTHETIC_DEMO
2022-06-01,SGP_SIN,MGO,731.61,SYNTHETIC_DEMO
2022-06-01,LKA_CMB,VLSFO,585.35,SYNTHETIC_DEMO
2022-06-01,LKA_CMB,MGO,749.9,SYNTHETIC_DEMO
2022-06-01,ARE_FUJ,VLSFO,565.36,SYNTHETIC_DEMO
2022-06-01,ARE_FUJ,MGO,724.29,SYNTHETIC_DEMO
2022-06-02,SGP_SIN,VLSFO,597.56,SYNTHETIC_DEMO
2022-06-02,SGP_SIN,MGO,765.11,SYNTHETIC_DEMO
2022-06-02,LKA_CMB,VLSFO,612.5,SYNTHETIC_DEMO
2022-06-02,LKA_CMB,MGO,784.23,SYNTHETIC_DEMO
2022-06-02,ARE_FUJ,VLSFO,591.59,SYNTHETIC_DEMO
2022-06-02,ARE_FUJ,MGO,757.45,SYNTHETIC_DEMO
2022-06-03,SGP_SIN,VLSFO,584.26,SYNTHETIC_DEMO
2022-06-03,SGP_SIN,MGO,756.9,SYNTHETIC_DEMO
2022-06-03,LKA_CMB,VLSFO,598.87,SYNTHETIC_DEMO
2022-06-03,LKA_CMB,MGO,775.83,SYNTHETIC_DEMO
2022-06-03,ARE_FUJ,VLSFO,578.42,SYNTHETIC_DEMO
2022-06-03,ARE_FUJ,MGO,749.33,SYNTHETIC_DEMO
2022-06-04,SGP_SIN,VLSFO,595.16,SYNTHETIC_DEMO
2022-06-04,SGP_SIN,MGO,758.19,SYNTHETIC_DEMO
2022-06-04,LKA_CMB,VLSFO,610.04,SYNTHETIC_DEMO
2022-06-04,LKA_CMB,MGO,777.14,SYNTHETIC_DEMO
2022-06-04,ARE_FUJ,VLSFO,589.21,SYNTHETIC_DEMO
2022-06-04,ARE_FUJ,MGO,750.6,SYNTHETIC_DEMO
2022-06-05,SGP_SIN,VLSFO,581.58,SYNTHETIC_DEMO
2022-06-05,SGP_SIN,MGO,749.64,SYNTHETIC_DEMO
2022-06-05,LKA_CMB,VLSFO,596.12,SYNTHETIC_DEMO
2022-06-05,LKA_CMB,MGO,768.38,SYNTHETIC_DEMO
2022-06-05,ARE_FUJ,VLSFO,575.76,SYNTHETIC_DEMO
2022-06-05,ARE_FUJ,MGO,742.14,SYNTHETIC_DEMO
2022-06-06,SGP_SIN,VLSFO,594.0,SYNTHETIC_DEMO
2022-06-06,SGP_SIN,MGO,766.34,SYNTHETIC_DEMO
2022-06-06,LKA_CMB,VLSFO,608.85,SYNTHETIC_DEMO
2022-06-06,LKA_CMB,MGO,785.5,SYNTHETIC_DEMO
2022-06-06,ARE_FUJ,VLSFO,588.06,SYNTHETIC_DEMO
2022-06-06,ARE_FUJ,MGO,758.68,SYNTHETIC_DEMO
2022-06-07,SGP_SIN,VLSFO,590.23,SYNTHETIC_DEMO
2022-06-07,SGP_SIN,MGO,762.15,SYNTHETIC_DEMO
2022-06-07,LKA_CMB,VLSFO,604.99,SYNTHETIC_DEMO
2022-06-07,LKA_CMB,MGO,781.21,SYNTHETIC_DEMO
2022-06-07,ARE_FUJ,VLSFO,584.33,SYNTHETIC_DEMO
2022-06-07,ARE_FUJ,MGO,754.53,SYNTHETIC_DEMO
2022-06-08,SGP_SIN,VLSFO,595.73,SYNTHETIC_DEMO
2022-06-08,SGP_SIN,MGO,763.2,SYNTHETIC_DEMO
2022-06-08,LKA_CMB,VLSFO,610.62,SYNTHETIC_DEMO
2022-06-08,LKA_CMB,MGO,782.28,SYNTHETIC_DEMO
2022-06-08,ARE_FUJ,VLSFO,589.77,SYNTHETIC_DEMO
2022-06-08,ARE_FUJ,MGO,755.57,SYNTHETIC_DEMO
2022-06-09,SGP_SIN,VLSFO,582.72,SYNTHETIC_DEMO
2022-06-09,SGP_SIN,MGO,746.54,SYNTHETIC_DEMO
2022-06-09,LKA_CMB,VLSFO,597.29,SYNTHETIC_DEMO
2022-06-09,LKA_CMB,MGO,765.21,SYNTHETIC_DEMO
2022-06-09,ARE_FUJ,VLSFO,576.89,SYNTHETIC_DEMO
2022-06-09,ARE_FUJ,MGO,739.08,SYNTHETIC_DEMO
2022-06-10,SGP_SIN,VLSFO,582.2,SYNTHETIC_DEMO
2022-06-10,SGP_SIN,MGO,735.94,SYNTHETIC_DEMO
2022-06-10,LKA_CMB,VLSFO,596.75,SYNTHETIC_DEMO
2022-06-10,LKA_CMB,MGO,754.33,SYNTHETIC_DEMO
2022-06-10,ARE_FUJ,VLSFO,576.38,SYNTHETIC_DEMO
2022-06-10,ARE_FUJ,MGO,728.58,SYNTHETIC_DEMO
2022-06-11,SGP_SIN,VLSFO,581.59,SYNTHETIC_DEMO
2022-06-11,SGP_SIN,MGO,746.86,SYNTHETIC_DEMO
2022-06-11,LKA_CMB,VLSFO,596.13,SYNTHETIC_DEMO
2022-06-11,LKA_CMB,MGO,765.53,SYNTHETIC_DEMO
2022-06-11,ARE_FUJ,VLSFO,575.78,SYNTHETIC_DEMO
2022-06-11,ARE_FUJ,MGO,739.39,SYNTHETIC_DEMO
2022-06-12,SGP_SIN,VLSFO,577.05,SYNTHETIC_DEMO
2022-06-12,SGP_SIN,MGO,735.85,SYNTHETIC_DEMO
2022-06-12,LKA_CMB,VLSFO,591.47,SYNTHETIC_DEMO
2022-06-12,LKA_CMB,MGO,754.25,SYNTHETIC_DEMO
2022-06-12,ARE_FUJ,VLSFO,571.28,SYNTHETIC_DEMO
2022-06-12,ARE_FUJ,MGO,728.5,SYNTHETIC_DEMO
2022-06-13,SGP_SIN,VLSFO,575.15,SYNTHETIC_DEMO
2022-06-13,SGP_SIN,MGO,728.73,SYNTHETIC_DEMO
2022-06-13,LKA_CMB,VLSFO,589.53,SYNTHETIC_DEMO
2022-06-13,LKA_CMB,MGO,746.95,SYNTHETIC_DEMO
2022-06-13,ARE_FUJ,VLSFO,569.4,SYNTHETIC_DEMO
2022-06-13,ARE_FUJ,MGO,721.44,SYNTHETIC_DEMO
2022-06-14,SGP_SIN,VLSFO,574.04,SYNTHETIC_DEMO
2022-06-14,SGP_SIN,MGO,732.47,SYNTHETIC_DEMO
2022-06-14,LKA_CMB,VLSFO,588.39,SYNTHETIC_DEMO
2022-06-14,LKA_CMB,MGO,750.78,SYNTHETIC_DEMO
2022-06-14,ARE_FUJ,VLSFO,568.3,SYNTHETIC_DEMO
2022-06-14,ARE_FUJ,MGO,725.14,SYNTHETIC_DEMO
2022-06-15,SGP_SIN,VLSFO,570.17,SYNTHETIC_DEMO
2022-06-15,SGP_SIN,MGO,718.3,SYNTHETIC_DEMO
2022-06-15,LKA_CMB,VLSFO,584.42,SYNTHETIC_DEMO
2022-06-15,LKA_CMB,MGO,736.26,SYNTHETIC_DEMO
2022-06-15,ARE_FUJ,VLSFO,564.47,SYNTHETIC_DEMO
2022-06-15,ARE_FUJ,MGO,711.12,SYNTHETIC_DEMO
2022-06-16,SGP_SIN,VLSFO,579.51,SYNTHETIC_DEMO
2022-06-16,SGP_SIN,MGO,736.9,SYNTHETIC_DEMO
2022-06-16,LKA_CMB,VLSFO,594.0,SYNTHETIC_DEMO
2022-06-16,LKA_CMB,MGO,755.32,SYNTHETIC_DEMO
2022-06-16,ARE_FUJ,VLSFO,573.72,SYNTHETIC_DEMO
2022-06-16,ARE_FUJ,MGO,729.53,SYNTHETIC_DEMO
2022-06-17,SGP_SIN,VLSFO,563.02,SYNTHETIC_DEMO
2022-06-17,SGP_SIN,MGO,715.07,SYNTHETIC_DEMO
2022-06-17,LKA_CMB,VLSFO,577.09,SYNTHETIC_DEMO
2022-06-17,LKA_CMB,MGO,732.95,SYNTHETIC_DEMO
2022-06-17,ARE_FUJ,VLSFO,557.39,SYNTHETIC_DEMO
2022-06-17,ARE_FUJ,MGO,707.92,SYNTHETIC_DEMO
2022-06-18,SGP_SIN,VLSFO,570.69,SYNTHETIC_DEMO
2022-06-18,SGP_SIN,MGO,742.15,SYNTHETIC_DEMO
2022-06-18,LKA_CMB,VLSFO,584.96,SYNTHETIC_DEMO
2022-06-18,LKA_CMB,MGO,760.7,SYNTHETIC_DEMO
2022-06-18,ARE_FUJ,VLSFO,564.98,SYNTHETIC_DEMO
2022-06-18,ARE_FUJ,MGO,734.73,SYNTHETIC_DEMO
2022-06-19,SGP_SIN,VLSFO,573.42,SYNTHETIC_DEMO
2022-06-19,SGP_SIN,MGO,731.23,SYNTHETIC_DEMO
2022-06-19,LKA_CMB,VLSFO,587.76,SYNTHETIC_DEMO
2022-06-19,LKA_CMB,MGO,749.51,SYNTHETIC_DEMO
2022-06-19,ARE_FUJ,VLSFO,567.69,SYNTHETIC_DEMO
2022-06-19,ARE_FUJ,MGO,723.92,SYNTHETIC_DEMO
2022-06-20,SGP_SIN,VLSFO,572.08,SYNTHETIC_DEMO
2022-06-20,SGP_SIN,MGO,738.73,SYNTHETIC_DEMO
2022-06-20,LKA_CMB,VLSFO,586.38,SYNTHETIC_DEMO
2022-06-20,LKA_CMB,MGO,757.2,SYNTHETIC_DEMO
2022-06-20,ARE_FUJ,VLSFO,566.35,SYNTHETIC_DEMO
2022-06-20,ARE_FUJ,MGO,731.35,SYNTHETIC_DEMO
2022-06-21,SGP_SIN,VLSFO,577.9,SYNTHETIC_DEMO
2022-06-21,SGP_SIN,MGO,751.76,SYNTHETIC_DEMO
2022-06-21,LKA_CMB,VLSFO,592.35,SYNTHETIC_DEMO
2022-06-21,LKA_CMB,MGO,770.55,SYNTHETIC_DEMO
2022-06-21,ARE_FUJ,VLSFO,572.12,SYNTHETIC_DEMO
2022-06-21,ARE_FUJ,MGO,744.24,SYNTHETIC_DEMO
2022-06-22,SGP_SIN,VLSFO,581.16,SYNTHETIC_DEMO
2022-06-22,SGP_SIN,MGO,736.61,SYNTHETIC_DEMO
2022-06-22,LKA_CMB,VLSFO,595.69,SYNTHETIC_DEMO
2022-06-22,LKA_CMB,MGO,755.03,SYNTHETIC_DEMO
2022-06-22,ARE_FUJ,VLSFO,575.35,SYNTHETIC_DEMO
2022-06-22,ARE_FUJ,MGO,729.24,SYNTHETIC_DEMO
2022-06-23,SGP_SIN,VLSFO,582.46,SYNTHETIC_DEMO
2022-06-23,SGP_SIN,MGO,750.0,SYNTHETIC_DEMO
2022-06-23,LKA_CMB,VLSFO,597.02,SYNTHETIC_DEMO
2022-06-23,LKA_CMB,MGO,768.75,SYNTHETIC_DEMO
2022-06-23,ARE_FUJ,VLSFO,576.63,SYNTHETIC_DEMO
2022-06-23,ARE_FUJ,MGO,742.5,SYNTHETIC_DEMO
2022-06-24,SGP_SIN,VLSFO,572.27,SYNTHETIC_DEMO
2022-06-24,SGP_SIN,MGO,725.9,SYNTHETIC_DEMO
2022-06-24,LKA_CMB,VLSFO,586.58,SYNTHETIC_DEMO
2022-06-24,LKA_CMB,MGO,744.05,SYNTHETIC_DEMO
2022-06-24,ARE_FUJ,VLSFO,566.55,SYNTHETIC_DEMO
2022-06-24,ARE_FUJ,MGO,718.64,SYNTHETIC_DEMO
2022-06-25,SGP_SIN,VLSFO,576.93,SYNTHETIC_DEMO
2022-06-25,SGP_SIN,MGO,735.23,SYNTHETIC_DEMO
2022-06-25,LKA_CMB,VLSFO,591.36,SYNTHETIC_DEMO
2022-06-25,LKA_CMB,MGO,753.61,SYNTHETIC_DEMO
2022-06-25,ARE_FUJ,VLSFO,571.16,SYNTHETIC_DEMO
2022-06-25,ARE_FUJ,MGO,727.88,SYNTHETIC_DEMO
2022-06-26,SGP_SIN,VLSFO,580.9,SYNTHETIC_DEMO
2022-06-26,SGP_SIN,MGO,741.94,SYNTHETIC_DEMO
2022-06-26,LKA_CMB,VLSFO,595.42,SYNTHETIC_DEMO
2022-06-26,LKA_CMB,MGO,760.49,SYNTHETIC_DEMO
2022-06-26,ARE_FUJ,VLSFO,575.09,SYNTHETIC_DEMO
2022-06-26,ARE_FUJ,MGO,734.52,SYNTHETIC_DEMO
2022-06-27,SGP_SIN,VLSFO,582.43,SYNTHETIC_DEMO
2022-06-27,SGP_SIN,MGO,745.93,SYNTHETIC_DEMO
2022-06-27,LKA_CMB,VLSFO,596.99,SYNTHETIC_DEMO
2022-06-27,LKA_CMB,MGO,764.58,SYNTHETIC_DEMO
2022-06-27,ARE_FUJ,VLSFO,576.6,SYNTHETIC_DEMO
2022-06-27,ARE_FUJ,MGO,738.47,SYNTHETIC_DEMO
2022-06-28,SGP_SIN,VLSFO,575.24,SYNTHETIC_DEMO
2022-06-28,SGP_SIN,MGO,743.87,SYNTHETIC_DEMO
2022-06-28,LKA_CMB,VLSFO,589.62,SYNTHETIC_DEMO
2022-06-28,LKA_CMB,MGO,762.46,SYNTHETIC_DEMO
2022-06-28,ARE_FUJ,VLSFO,569.48,SYNTHETIC_DEMO
2022-06-28,ARE_FUJ,MGO,736.43,SYNTHETIC_DEMO
2022-06-29,SGP_SIN,VLSFO,588.53,SYNTHETIC_DEMO
2022-06-29,SGP_SIN,MGO,748.5,SYNTHETIC_DEMO
2022-06-29,LKA_CMB,VLSFO,603.24,SYNTHETIC_DEMO
2022-06-29,LKA_CMB,MGO,767.22,SYNTHETIC_DEMO
2022-06-29,ARE_FUJ,VLSFO,582.65,SYNTHETIC_DEMO
2022-06-29,ARE_FUJ,MGO,741.02,SYNTHETIC_DEMO
2022-06-30,SGP_SIN,VLSFO,579.4,SYNTHETIC_DEMO
2022-06-30,SGP_SIN,MGO,744.34,SYNTHETIC_DEMO
2022-06-30,LKA_CMB,VLSFO,593.89,SYNTHETIC_DEMO
2022-06-30,LKA_CMB,MGO,762.95,SYNTHETIC_DEMO
2022-06-30,ARE_FUJ,VLSFO,573.61,SYNTHETIC_DEMO
2022-06-30,ARE_FUJ,MGO,736.9,SYNTHETIC_DEMO
2022-07-01,SGP_SIN,VLSFO,595.53,SYNTHETIC_DEMO
2022-07-01,SGP_SIN,MGO,761.85,SYNTHETIC_DEMO
2022-07-01,LKA_CMB,VLSFO,610.41,SYNTHETIC_DEMO
2022-07-01,LKA_CMB,MGO,780.89,SYNTHETIC_DEMO
2022-07-01,ARE_FUJ,VLSFO,589.57,SYNTHETIC_DEMO
2022-07-01,ARE_FUJ,MGO,754.23,SYNTHETIC_DEMO
2022-07-02,SGP_SIN,VLSFO,586.78,SYNTHETIC_DEMO
2022-07-02,SGP_SIN,MGO,736.07,SYNTHETIC_DEMO
2022-07-02,LKA_CMB,VLSFO,601.44,SYNTHETIC_DEMO
2022-07-02,LKA_CMB,MGO,754.47,SYNTHETIC_DEMO
2022-07-02,ARE_FUJ,VLSFO,580.91,SYNTHETIC_DEMO
2022-07-02,ARE_FUJ,MGO,728.71,SYNTHETIC_DEMO
2022-07-03,SGP_SIN,VLSFO,576.07,SYNTHETIC_DEMO
2022-07-03,SGP_SIN,MGO,744.83,SYNTHETIC_DEMO
2022-07-03,LKA_CMB,VLSFO,590.48,SYNTHETIC_DEMO
2022-07-03,LKA_CMB,MGO,763.45,SYNTHETIC_DEMO
2022-07-03,ARE_FUJ,VLSFO,570.31,SYNTHETIC_DEMO
2022-07-03,ARE_FUJ,MGO,737.38,SYNTHETIC_DEMO
2022-07-04,SGP_SIN,VLSFO,574.95,SYNTHETIC_DEMO
2022-07-04,SGP_SIN,MGO,735.03,SYNTHETIC_DEMO
2022-07-04,LKA_CMB,VLSFO,589.32,SYNTHETIC_DEMO
2022-07-04,LKA_CMB,MGO,753.4,SYNTHETIC_DEMO
2022-07-04,ARE_FUJ,VLSFO,569.2,SYNTHETIC_DEMO
2022-07-04,ARE_FUJ,MGO,727.68,SYNTHETIC_DEMO
2022-07-05,SGP_SIN,VLSFO,578.35,SYNTHETIC_DEMO
2022-07-05,SGP_SIN,MGO,737.45,SYNTHETIC_DEMO
2022-07-05,LKA_CMB,VLSFO,592.81,SYNTHETIC_DEMO
2022-07-05,LKA_CMB,MGO,755.89,SYNTHETIC_DEMO
2022-07-05,ARE_FUJ,VLSFO,572.57,SYNTHETIC_DEMO
2022-07-05,ARE_FUJ,MGO,730.08,SYNTHETIC_DEMO
2022-07-06,SGP_SIN,VLSFO,586.74,SYNTHETIC_DEMO
2022-07-06,SGP_SIN,MGO,744.96,SYNTHETIC_DEMO
2022-07-06,LKA_CMB,VLSFO,601.41,SYNTHETIC_DEMO
2022-07-06,LKA_CMB,MGO,763.58,SYNTHETIC_DEMO
2022-07-06,ARE_FUJ,VLSFO,580.88,SYNTHETIC_DEMO
2022-07-06,ARE_FUJ,MGO,737.51,SYNTHETIC_DEMO
2022-07-07,SGP_SIN,VLSFO,580.32,SYNTHETIC_DEMO
2022-07-07,SGP_SIN,MGO,740.8,SYNTHETIC_DEMO
2022-07-07,LKA_CMB,VLSFO,594.83,SYNTHETIC_DEMO
2022-07-07,LKA_CMB,MGO,759.32,SYNTHETIC_DEMO
2022-07-07,ARE_FUJ,VLSFO,574.52,SYNTHETIC_DEMO
2022-07-07,ARE_FUJ,MGO,733.39,SYNTHETIC_DEMO
2022-07-08,SGP_SIN,VLSFO,580.34,SYNTHETIC_DEMO
2022-07-08,SGP_SIN,MGO,754.75,SYNTHETIC_DEMO
2022-07-08,LKA_CMB,VLSFO,594.84,SYNTHETIC_DEMO
2022-07-08,LKA_CMB,MGO,773.61,SYNTHETIC_DEMO
2022-07-08,ARE_FUJ,VLSFO,574.53,SYNTHETIC_DEMO
2022-07-08,ARE_FUJ,MGO,747.2,SYNTHETIC_DEMO
2022-07-09,SGP_SIN,VLSFO,589.18,SYNTHETIC_DEMO
2022-07-09,SGP_SIN,MGO,757.18,SYNTHETIC_DEMO
2022-07-09,LKA_CMB,VLSFO,603.91,SYNTHETIC_DEMO
2022-07-09,LKA_CMB,MGO,776.11,SYNTHETIC_DEMO
2022-07-09,ARE_FUJ,VLSFO,583.29,SYNTHETIC_DEMO
2022-07-09,ARE_FUJ,MGO,749.6,SYNTHETIC_DEMO
2022-07-10,SGP_SIN,VLSFO,603.88,SYNTHETIC_DEMO
2022-07-10,SGP_SIN,MGO,770.29,SYNTHETIC_DEMO
2022-07-10,LKA_CMB,VLSFO,618.97,SYNTHETIC_DEMO
2022-07-10,LKA_CMB,MGO,789.55,SYNTHETIC_DEMO
2022-07-10,ARE_FUJ,VLSFO,597.84,SYNTHETIC_DEMO
2022-07-10,ARE_FUJ,MGO,762.59,SYNTHETIC_DEMO
2022-07-11,SGP_SIN,VLSFO,601.13,SYNTHETIC_DEMO
2022-07-11,SGP_SIN,MGO,772.41,SYNTHETIC_DEMO
2022-07-11,LKA_CMB,VLSFO,616.16,SYNTHETIC_DEMO
2022-07-11,LKA_CMB,MGO,791.72,SYNTHETIC_DEMO
2022-07-11,ARE_FUJ,VLSFO,595.12,SYNTHETIC_DEMO
2022-07-11,ARE_FUJ,MGO,764.69,SYNTHETIC_DEMO
2022-07-12,SGP_SIN,VLSFO,596.04,SYNTHETIC_DEMO
2022-07-12,SGP_SIN,MGO,749.64,SYNTHETIC_DEMO
2022-07-12,LKA_CMB,VLSFO,610.94,SYNTHETIC_DEMO
2022-07-12,LKA_CMB,MGO,768.38,SYNTHETIC_DEMO
2022-07-12,ARE_FUJ,VLSFO,590.08,SYNTHETIC_DEMO
2022-07-12,ARE_FUJ,MGO,742.15,SYNTHETIC_DEMO
2022-07-13,SGP_SIN,VLSFO,601.48,SYNTHETIC_DEMO
2022-07-13,SGP_SIN,MGO,768.98,SYNTHETIC_DEMO
2022-07-13,LKA_CMB,VLSFO,616.52,SYNTHETIC_DEMO
2022-07-13,LKA_CMB,MGO,788.21,SYNTHETIC_DEMO
2022-07-13,ARE_FUJ,VLSFO,595.47,SYNTHETIC_DEMO
2022-07-13,ARE_FUJ,MGO,761.29,SYNTHETIC_DEMO
2022-07-14,SGP_SIN,VLSFO,598.16,SYNTHETIC_DEMO
2022-07-14,SGP_SIN,MGO,773.54,SYNTHETIC_DEMO
2022-07-14,LKA_CMB,VLSFO,613.12,SYNTHETIC_DEMO
2022-07-14,LKA_CMB,MGO,792.87,SYNTHETIC_DEMO
2022-07-14,ARE_FUJ,VLSFO,592.18,SYNTHETIC_DEMO
2022-07-14,ARE_FUJ,MGO,765.8,SYNTHETIC_DEMO
2022-07-15,SGP_SIN,VLSFO,620.26,SYNTHETIC_DEMO
2022-07-15,SGP_SIN,MGO,797.76,SYNTHETIC_DEMO
2022-07-15,LKA_CMB,VLSFO,635.77,SYNTHETIC_DEMO
2022-07-15,LKA_CMB,MGO,817.71,SYNTHETIC_DEMO
2022-07-15,ARE_FUJ,VLSFO,614.06,SYNTHETIC_DEMO
2022-07-15,ARE_FUJ,MGO,789.78,SYNTHETIC_DEMO
2022-07-16,SGP_SIN,VLSFO,598.74,SYNTHETIC_DEMO
2022-07-16,SGP_SIN,MGO,772.87,SYNTHETIC_DEMO
2022-07-16,LKA_CMB,VLSFO,613.7,SYNTHETIC_DEMO
2022-07-16,LKA_CMB,MGO,792.2,SYNTHETIC_DEMO
2022-07-16,ARE_FUJ,VLSFO,592.75,SYNTHETIC_DEMO
2022-07-16,ARE_FUJ,MGO,765.15,SYNTHETIC_DEMO
2022-07-17,SGP_SIN,VLSFO,600.54,SYNTHETIC_DEMO
2022-07-17,SGP_SIN,MGO,771.27,SYNTHETIC_DEMO
2022-07-17,LKA_CMB,VLSFO,615.55,SYNTHETIC_DEMO
2022-07-17,LKA_CMB,MGO,790.55,SYNTHETIC_DEMO
2022-07-17,ARE_FUJ,VLSFO,594.53,SYNTHETIC_DEMO
2022-07-17,ARE_FUJ,MGO,763.55,SYNTHETIC_DEMO
2022-07-18,SGP_SIN,VLSFO,584.95,SYNTHETIC_DEMO
2022-07-18,SGP_SIN,MGO,739.7,SYNTHETIC_DEMO
2022-07-18,LKA_CMB,VLSFO,599.58,SYNTHETIC_DEMO
2022-07-18,LKA_CMB,MGO,758.19,SYNTHETIC_DEMO
2022-07-18,ARE_FUJ,VLSFO,579.1,SYNTHETIC_DEMO
2022-07-18,ARE_FUJ,MGO,732.31,SYNTHETIC_DEMO
2022-07-19,SGP_SIN,VLSFO,582.23,SYNTHETIC_DEMO
2022-07-19,SGP_SIN,MGO,736.75,SYNTHETIC_DEMO
2022-07-19,LKA_CMB,VLSFO,596.78,SYNTHETIC_DEMO
2022-07-19,LKA_CMB,MGO,755.17,SYNTHETIC_DEMO
2022-07-19,ARE_FUJ,VLSFO,576.41,SYNTHETIC_DEMO
2022-07-19,ARE_FUJ,MGO,729.38,SYNTHETIC_DEMO
2022-07-20,SGP_SIN,VLSFO,575.82,SYNTHETIC_DEMO
2022-07-20,SGP_SIN,MGO,727.66,SYNTHETIC_DEMO
2022-07-20,LKA_CMB,VLSFO,590.22,SYNTHETIC_DEMO
2022-07-20,LKA_CMB,MGO,745.85,SYNTHETIC_DEMO
2022-07-20,ARE_FUJ,VLSFO,570.06,SYNTHETIC_DEMO
2022-07-20,ARE_FUJ,MGO,720.38,SYNTHETIC_DEMO
2022-07-21,SGP_SIN,VLSFO,575.16,SYNTHETIC_DEMO
2022-07-21,SGP_SIN,MGO,738.84,SYNTHETIC_DEMO
2022-07-21,LKA_CMB,VLSFO,589.54,SYNTHETIC_DEMO
2022-07-21,LKA_CMB,MGO,757.31,SYNTHETIC_DEMO
2022-07-21,ARE_FUJ,VLSFO,569.41,SYNTHETIC_DEMO
2022-07-21,ARE_FUJ,MGO,731.45,SYNTHETIC_DEMO
2022-07-22,SGP_SIN,VLSFO,579.93,SYNTHETIC_DEMO
2022-07-22,SGP_SIN,MGO,743.13,SYNTHETIC_DEMO
2022-07-22,LKA_CMB,VLSFO,594.43,SYNTHETIC_DEMO
2022-07-22,LKA_CMB,MGO,761.7,SYNTHETIC_DEMO
2022-07-22,ARE_FUJ,VLSFO,574.13,SYNTHETIC_DEMO
2022-07-22,ARE_FUJ,MGO,735.69,SYNTHETIC_DEMO
2022-07-23,SGP_SIN,VLSFO,585.38,SYNTHETIC_DEMO
2022-07-23,SGP_SIN,MGO,763.22,SYNTHETIC_DEMO
2022-07-23,LKA_CMB,VLSFO,600.02,SYNTHETIC_DEMO
2022-07-23,LKA_CMB,MGO,782.3,SYNTHETIC_DEMO
2022-07-23,ARE_FUJ,VLSFO,579.53,SYNTHETIC_DEMO
2022-07-23,ARE_FUJ,MGO,755.58,SYNTHETIC_DEMO
2022-07-24,SGP_SIN,VLSFO,575.29,SYNTHETIC_DEMO
2022-07-24,SGP_SIN,MGO,737.01,SYNTHETIC_DEMO
2022-07-24,LKA_CMB,VLSFO,589.67,SYNTHETIC_DEMO
2022-07-24,LKA_CMB,MGO,755.44,SYNTHETIC_DEMO
2022-07-24,ARE_FUJ,VLSFO,569.53,SYNTHETIC_DEMO
2022-07-24,ARE_FUJ,MGO,729.64,SYNTHETIC_DEMO
2022-07-25,SGP_SIN,VLSFO,585.5,SYNTHETIC_DEMO
2022-07-25,SGP_SIN,MGO,765.57,SYNTHETIC_DEMO
2022-07-25,LKA_CMB,VLSFO,600.14,SYNTHETIC_DEMO
2022-07-25,LKA_CMB,MGO,784.71,SYNTHETIC_DEMO
2022-07-25,ARE_FUJ,VLSFO,579.65,SYNTHETIC_DEMO
2022-07-25,ARE_FUJ,MGO,757.91,SYNTHETIC_DEMO
2022-07-26,SGP_SIN,VLSFO,590.19,SYNTHETIC_DEMO
2022-07-26,SGP_SIN,MGO,761.02,SYNTHETIC_DEMO
2022-07-26,LKA_CMB,VLSFO,604.95,SYNTHETIC_DEMO
2022-07-26,LKA_CMB,MGO,780.05,SYNTHETIC_DEMO
2022-07-26,ARE_FUJ,VLSFO,584.29,SYNTHETIC_DEMO
2022-07-26,ARE_FUJ,MGO,753.41,SYNTHETIC_DEMO
2022-07-27,SGP_SIN,VLSFO,584.6,SYNTHETIC_DEMO
2022-07-27,SGP_SIN,MGO,750.5,SYNTHETIC_DEMO
2022-07-27,LKA_CMB,VLSFO,599.22,SYNTHETIC_DEMO
2022-07-27,LKA_CMB,MGO,769.26,SYNTHETIC_DEMO
2022-07-27,ARE_FUJ,VLSFO,578.76,SYNTHETIC_DEMO
2022-07-27,ARE_FUJ,MGO,743.0,SYNTHETIC_DEMO
2022-07-28,SGP_SIN,VLSFO,585.15,SYNTHETIC_DEMO
2022-07-28,SGP_SIN,MGO,754.57,SYNTHETIC_DEMO
2022-07-28,LKA_CMB,VLSFO,599.78,SYNTHETIC_DEMO
2022-07-28,LKA_CMB,MGO,773.44,SYNTHETIC_DEMO
2022-07-28,ARE_FUJ,VLSFO,579.3,SYNTHETIC_DEMO
2022-07-28,ARE_FUJ,MGO,747.03,SYNTHETIC_DEMO
2022-07-29,SGP_SIN,VLSFO,590.12,SYNTHETIC_DEMO
2022-07-29,SGP_SIN,MGO,748.54,SYNTHETIC_DEMO
2022-07-29,LKA_CMB,VLSFO,604.88,SYNTHETIC_DEMO
2022-07-29,LKA_CMB,MGO,767.25,SYNTHETIC_DEMO
2022-07-29,ARE_FUJ,VLSFO,584.22,SYNTHETIC_DEMO
2022-07-29,ARE_FUJ,MGO,741.05,SYNTHETIC_DEMO
2022-07-30,SGP_SIN,VLSFO,600.46,SYNTHETIC_DEMO
2022-07-30,SGP_SIN,MGO,766.49,SYNTHETIC_DEMO
2022-07-30,LKA_CMB,VLSFO,615.47,SYNTHETIC_DEMO
2022-07-30,LKA_CMB,MGO,785.65,SYNTHETIC_DEMO
2022-07-30,ARE_FUJ,VLSFO,594.46,SYNTHETIC_DEMO
2022-07-30,ARE_FUJ,MGO,758.83,SYNTHETIC_DEMO
2022-07-31,SGP_SIN,VLSFO,588.87,SYNTHETIC_DEMO
2022-07-31,SGP_SIN,MGO,743.2,SYNTHETIC_DEMO
2022-07-31,LKA_CMB,VLSFO,603.59,SYNTHETIC_DEMO
2022-07-31,LKA_CMB,MGO,761.78,SYNTHETIC_DEMO
2022-07-31,ARE_FUJ,VLSFO,582.98,SYNTHETIC_DEMO
2022-07-31,ARE_FUJ,MGO,735.77,SYNTHETIC_DEMO
2022-08-01,SGP_SIN,VLSFO,583.98,SYNTHETIC_DEMO
2022-08-01,SGP_SIN,MGO,751.22,SYNTHETIC_DEMO
2022-08-01,LKA_CMB,VLSFO,598.58,SYNTHETIC_DEMO
2022-08-01,LKA_CMB,MGO,770.0,SYNTHETIC_DEMO
2022-08-01,ARE_FUJ,VLSFO,578.14,SYNTHETIC_DEMO
2022-08-01,ARE_FUJ,MGO,743.7,SYNTHETIC_DEMO
2022-08-02,SGP_SIN,VLSFO,595.77,SYNTHETIC_DEMO
2022-08-02,SGP_SIN,MGO,760.56,SYNTHETIC_DEMO
2022-08-02,LKA_CMB,VLSFO,610.66,SYNTHETIC_DEMO
2022-08-02,LKA_CMB,MGO,779.58,SYNTHETIC_DEMO
2022-08-02,ARE_FUJ,VLSFO,589.81,SYNTHETIC_DEMO
2022-08-02,ARE_FUJ,MGO,752.96,SYNTHETIC_DEMO
2022-08-03,SGP_SIN,VLSFO,592.24,SYNTHETIC_DEMO
2022-08-03,SGP_SIN,MGO,749.48,SYNTHETIC_DEMO
2022-08-03,LKA_CMB,VLSFO,607.05,SYNTHETIC_DEMO
2022-08-03,LKA_CMB,MGO,768.22,SYNTHETIC_DEMO
2022-08-03,ARE_FUJ,VLSFO,586.32,SYNTHETIC_DEMO
2022-08-03,ARE_FUJ,MGO,741.98,SYNTHETIC_DEMO
2022-08-04,SGP_SIN,VLSFO,589.25,SYNTHETIC_DEMO
2022-08-04,SGP_SIN,MGO,735.3,SYNTHETIC_DEMO
2022-08-04,LKA_CMB,VLSFO,603.98,SYNTHETIC_DEMO
2022-08-04,LKA_CMB,MGO,753.68,SYNTHETIC_DEMO
2022-08-04,ARE_FUJ,VLSFO,583.35,SYNTHETIC_DEMO
2022-08-04,ARE_FUJ,MGO,727.95,SYNTHETIC_DEMO
2022-08-05,SGP_SIN,VLSFO,598.92,SYNTHETIC_DEMO
2022-08-05,SGP_SIN,MGO,755.25,SYNTHETIC_DEMO
2022-08-05,LKA_CMB,VLSFO,613.9,SYNTHETIC_DEMO
2022-08-05,LKA_CMB,MGO,774.13,SYNTHETIC_DEMO
2022-08-05,ARE_FUJ,VLSFO,592.93,SYNTHETIC_DEMO
2022-08-05,ARE_FUJ,MGO,747.7,SYNTHETIC_DEMO
2022-08-06,SGP_SIN,VLSFO,601.06,SYNTHETIC_DEMO
2022-08-06,SGP_SIN,MGO,773.2,SYNTHETIC_DEMO
2022-08-06,LKA_CMB,VLSFO,616.09,SYNTHETIC_DEMO
2022-08-06,LKA_CMB,MGO,792.53,SYNTHETIC_DEMO
2022-08-06,ARE_FUJ,VLSFO,595.05,SYNTHETIC_DEMO
2022-08-06,ARE_FUJ,MGO,765.47,SYNTHETIC_DEMO
2022-08-07,SGP_SIN,VLSFO,618.67,SYNTHETIC_DEMO
2022-08-07,SGP_SIN,MGO,789.38,SYNTHETIC_DEMO
2022-08-07,LKA_CMB,VLSFO,634.13,SYNTHETIC_DEMO
2022-08-07,LKA_CMB,MGO,809.11,SYNTHETIC_DEMO
2022-08-07,ARE_FUJ,VLSFO,612.48,SYNTHETIC_DEMO
2022-08-07,ARE_FUJ,MGO,781.48,SYNTHETIC_DEMO
2022-08-08,SGP_SIN,VLSFO,602.35,SYNTHETIC_DEMO
2022-08-08,SGP_SIN,MGO,775.01,SYNTHETIC_DEMO
2022-08-08,LKA_CMB,VLSFO,617.41,SYNTHETIC_DEMO
2022-08-08,LKA_CMB,MGO,794.39,SYNTHETIC_DEMO
2022-08-08,ARE_FUJ,VLSFO,596.33,SYNTHETIC_DEMO
2022-08-08,ARE_FUJ,MGO,767.26,SYNTHETIC_DEMO
2022-08-09,SGP_SIN,VLSFO,621.12,SYNTHETIC_DEMO
2022-08-09,SGP_SIN,MGO,782.61,SYNTHETIC_DEMO
2022-08-09,LKA_CMB,VLSFO,636.64,SYNTHETIC_DEMO
2022-08-09,LKA_CMB,MGO,802.18,SYNTHETIC_DEMO
2022-08-09,ARE_FUJ,VLSFO,614.9,SYNTHETIC_DEMO
2022-08-09,ARE_FUJ,MGO,774.79,SYNTHETIC_DEMO
2022-08-10,SGP_SIN,VLSFO,611.43,SYNTHETIC_DEMO
2022-08-10,SGP_SIN,MGO,774.33,SYNTHETIC_DEMO
2022-08-10,LKA_CMB,VLSFO,626.71,SYNTHETIC_DEMO
2022-08-10,LKA_CMB,MGO,793.68,SYNTHETIC_DEMO
2022-08-10,ARE_FUJ,VLSFO,605.31,SYNTHETIC_DEMO
2022-08-10,ARE_FUJ,MGO,766.58,SYNTHETIC_DEMO
2022-08-11,SGP_SIN,VLSFO,616.4,SYNTHETIC_DEMO
2022-08-11,SGP_SIN,MGO,774.86,SYNTHETIC_DEMO
2022-08-11,LKA_CMB,VLSFO,631.81,SYNTHETIC_DEMO
2022-08-11,LKA_CMB,MGO,794.23,SYNTHETIC_DEMO
2022-08-11,ARE_FUJ,VLSFO,610.23,SYNTHETIC_DEMO
2022-08-11,ARE_FUJ,MGO,767.11,SYNTHETIC_DEMO
2022-08-12,SGP_SIN,VLSFO,610.97,SYNTHETIC_DEMO
2022-08-12,SGP_SIN,MGO,793.82,SYNTHETIC_DEMO
2022-08-12,LKA_CMB,VLSFO,626.24,SYNTHETIC_DEMO
2022-08-12,LKA_CMB,MGO,813.66,SYNTHETIC_DEMO
2022-08-12,ARE_FUJ,VLSFO,604.86,SYNTHETIC_DEMO
2022-08-12,ARE_FUJ,MGO,785.88,SYNTHETIC_DEMO
2022-08-13,SGP_SIN,VLSFO,613.78,SYNTHETIC_DEMO
2022-08-13,SGP_SIN,MGO,789.36,SYNTHETIC_DEMO
2022-08-13,LKA_CMB,VLSFO,629.13,SYNTHETIC_DEMO
2022-08-13,LKA_CMB,MGO,809.09,SYNTHETIC_DEMO
2022-08-13,ARE_FUJ,VLSFO,607.64,SYNTHETIC_DEMO
2022-08-13,ARE_FUJ,MGO,781.47,SYNTHETIC_DEMO
2022-08-14,SGP_SIN,VLSFO,607.89,SYNTHETIC_DEMO
2022-08-14,SGP_SIN,MGO,773.48,SYNTHETIC_DEMO
2022-08-14,LKA_CMB,VLSFO,623.08,SYNTHETIC_DEMO
2022-08-14,LKA_CMB,MGO,792.82,SYNTHETIC_DEMO
2022-08-14,ARE_FUJ,VLSFO,601.81,SYNTHETIC_DEMO
2022-08-14,ARE_FUJ,MGO,765.75,SYNTHETIC_DEMO
2022-08-15,SGP_SIN,VLSFO,589.58,SYNTHETIC_DEMO
2022-08-15,SGP_SIN,MGO,743.59,SYNTHETIC_DEMO
2022-08-15,LKA_CMB,VLSFO,604.32,SYNTHETIC_DEMO
2022-08-15,LKA_CMB,MGO,762.18,SYNTHETIC_DEMO
2022-08-15,ARE_FUJ,VLSFO,583.69,SYNTHETIC_DEMO
2022-08-15,ARE_FUJ,MGO,736.16,SYNTHETIC_DEMO
2022-08-16,SGP_SIN,VLSFO,592.83,SYNTHETIC_DEMO
2022-08-16,SGP_SIN,MGO,758.35,SYNTHETIC_DEMO
2022-08-16,LKA_CMB,VLSFO,607.65,SYNTHETIC_DEMO
2022-08-16,LKA_CMB,MGO,777.31,SYNTHETIC_DEMO
2022-08-16,ARE_FUJ,VLSFO,586.9,SYNTHETIC_DEMO
2022-08-16,ARE_FUJ,MGO,750.77,SYNTHETIC_DEMO
2022-08-17,SGP_SIN,VLSFO,595.46,SYNTHETIC_DEMO
2022-08-17,SGP_SIN,MGO,746.92,SYNTHETIC_DEMO
2022-08-17,LKA_CMB,VLSFO,610.35,SYNTHETIC_DEMO
2022-08-17,LKA_CMB,MGO,765.6,SYNTHETIC_DEMO
2022-08-17,ARE_FUJ,VLSFO,589.51,SYNTHETIC_DEMO
2022-08-17,ARE_FUJ,MGO,739.45,SYNTHETIC_DEMO
2022-08-18,SGP_SIN,VLSFO,601.44,SYNTHETIC_DEMO
2022-08-18,SGP_SIN,MGO,774.15,SYNTHETIC_DEMO
2022-08-18,LKA_CMB,VLSFO,616.47,SYNTHETIC_DEMO
2022-08-18,LKA_CMB,MGO,793.5,SYNTHETIC_DEMO
2022-08-18,ARE_FUJ,VLSFO,595.42,SYNTHETIC_DEMO
2022-08-18,ARE_FUJ,MGO,766.41,SYNTHETIC_DEMO
2022-08-19,SGP_SIN,VLSFO,603.24,SYNTHETIC_DEMO
2022-08-19,SGP_SIN,MGO,769.88,SYNTHETIC_DEMO
2022-08-19,LKA_CMB,VLSFO,618.33,SYNTHETIC_DEMO
2022-08-19,LKA_CMB,MGO,789.12,SYNTHETIC_DEMO
2022-08-19,ARE_FUJ,VLSFO,597.21,SYNTHETIC_DEMO
2022-08-19,ARE_FUJ,MGO,762.18,SYNTHETIC_DEMO
2022-08-20,SGP_SIN,VLSFO,596.54,SYNTHETIC_DEMO
2022-08-20,SGP_SIN,MGO,774.81,SYNTHETIC_DEMO
2022-08-20,LKA_CMB,VLSFO,611.45,SYNTHETIC_DEMO
2022-08-20,LKA_CMB,MGO,794.19,SYNTHETIC_DEMO
2022-08-20,ARE_FUJ,VLSFO,590.57,SYNTHETIC_DEMO
2022-08-20,ARE_FUJ,MGO,767.07,SYNTHETIC_DEMO
2022-08-21,SGP_SIN,VLSFO,602.56,SYNTHETIC_DEMO
2022-08-21,SGP_SIN,MGO,774.92,SYNTHETIC_DEMO
2022-08-21,LKA_CMB,VLSFO,617.63,SYNTHETIC_DEMO
2022-08-21,LKA_CMB,MGO,794.3,SYNTHETIC_DEMO
2022-08-21,ARE_FUJ,VLSFO,596.54,SYNTHETIC_DEMO
2022-08-21,ARE_FUJ,MGO,767.17,SYNTHETIC_DEMO
2022-08-22,SGP_SIN,VLSFO,601.83,SYNTHETIC_DEMO
2022-08-22,SGP_SIN,MGO,766.9,SYNTHETIC_DEMO
2022-08-22,LKA_CMB,VLSFO,616.87,SYNTHETIC_DEMO
2022-08-22,LKA_CMB,MGO,786.07,SYNTHETIC_DEMO
2022-08-22,ARE_FUJ,VLSFO,595.81,SYNTHETIC_DEMO
2022-08-22,ARE_FUJ,MGO,759.23,SYNTHETIC_DEMO
2022-08-23,SGP_SIN,VLSFO,606.74,SYNTHETIC_DEMO
2022-08-23,SGP_SIN,MGO,756.38,SYNTHETIC_DEMO
2022-08-23,LKA_CMB,VLSFO,621.91,SYNTHETIC_DEMO
2022-08-23,LKA_CMB,MGO,775.29,SYNTHETIC_DEMO
2022-08-23,ARE_FUJ,VLSFO,600.67,SYNTHETIC_DEMO
2022-08-23,ARE_FUJ,MGO,748.81,SYNTHETIC_DEMO
2022-08-24,SGP_SIN,VLSFO,606.34,SYNTHETIC_DEMO
2022-08-24,SGP_SIN,MGO,790.63,SYNTHETIC_DEMO
2022-08-24,LKA_CMB,VLSFO,621.5,SYNTHETIC_DEMO
2022-08-24,LKA_CMB,MGO,810.39,SYNTHETIC_DEMO
2022-08-24,ARE_FUJ,VLSFO,600.28,SYNTHETIC_DEMO
2022-08-24,ARE_FUJ,MGO,782.72,SYNTHETIC_DEMO
2022-08-25,SGP_SIN,VLSFO,598.3,SYNTHETIC_DEMO
2022-08-25,SGP_SIN,MGO,763.52,SYNTHETIC_DEMO
2022-08-25,LKA_CMB,VLSFO,613.26,SYNTHETIC_DEMO
2022-08-25,LKA_CMB,MGO,782.61,SYNTHETIC_DEMO
2022-08-25,ARE_FUJ,VLSFO,592.32,SYNTHETIC_DEMO
2022-08-25,ARE_FUJ,MGO,755.89,SYNTHETIC_DEMO
2022-08-26,SGP_SIN,VLSFO,607.49,SYNTHETIC_DEMO
2022-08-26,SGP_SIN,MGO,782.31,SYNTHETIC_DEMO
2022-08-26,LKA_CMB,VLSFO,622.68,SYNTHETIC_DEMO
2022-08-26,LKA_CMB,MGO,801.87,SYNTHETIC_DEMO
2022-08-26,ARE_FUJ,VLSFO,601.42,SYNTHETIC_DEMO
2022-08-26,ARE_FUJ,MGO,774.49,SYNTHETIC_DEMO
2022-08-27,SGP_SIN,VLSFO,603.2,SYNTHETIC_DEMO
2022-08-27,SGP_SIN,MGO,771.86,SYNTHETIC_DEMO
2022-08-27,LKA_CMB,VLSFO,618.28,SYNTHETIC_DEMO
2022-08-27,LKA_CMB,MGO,791.15,SYNTHETIC_DEMO
2022-08-27,ARE_FUJ,VLSFO,597.17,SYNTHETIC_DEMO
2022-08-27,ARE_FUJ,MGO,764.14,SYNTHETIC_DEMO
2022-08-28,SGP_SIN,VLSFO,597.71,SYNTHETIC_DEMO
2022-08-28,SGP_SIN,MGO,767.29,SYNTHETIC_DEMO
2022-08-28,LKA_CMB,VLSFO,612.65,SYNTHETIC_DEMO
2022-08-28,LKA_CMB,MGO,786.47,SYNTHETIC_DEMO
2022-08-28,ARE_FUJ,VLSFO,591.73,SYNTHETIC_DEMO
2022-08-28,ARE_FUJ,MGO,759.62,SYNTHETIC_DEMO
2022-08-29,SGP_SIN,VLSFO,606.72,SYNTHETIC_DEMO
2022-08-29,SGP_SIN,MGO,769.5,SYNTHETIC_DEMO
2022-08-29,LKA_CMB,VLSFO,621.89,SYNTHETIC_DEMO
2022-08-29,LKA_CMB,MGO,788.74,SYNTHETIC_DEMO
2022-08-29,ARE_FUJ,VLSFO,600.65,SYNTHETIC_DEMO
2022-08-29,ARE_FUJ,MGO,761.81,SYNTHETIC_DEMO
2022-08-30,SGP_SIN,VLSFO,600.31,SYNTHETIC_DEMO
2022-08-30,SGP_SIN,MGO,760.59,SYNTHETIC_DEMO
2022-08-30,LKA_CMB,VLSFO,615.32,SYNTHETIC_DEMO
2022-08-30,LKA_CMB,MGO,779.61,SYNTHETIC_DEMO
2022-08-30,ARE_FUJ,VLSFO,594.31,SYNTHETIC_DEMO
2022-08-30,ARE_FUJ,MGO,752.99,SYNTHETIC_DEMO
2022-08-31,SGP_SIN,VLSFO,597.84,SYNTHETIC_DEMO
2022-08-31,SGP_SIN,MGO,752.37,SYNTHETIC_DEMO
2022-08-31,LKA_CMB,VLSFO,612.78,SYNTHETIC_DEMO
2022-08-31,LKA_CMB,MGO,771.18,SYNTHETIC_DEMO
2022-08-31,ARE_FUJ,VLSFO,591.86,SYNTHETIC_DEMO
2022-08-31,ARE_FUJ,MGO,744.84,SYNTHETIC_DEMO
2022-09-01,SGP_SIN,VLSFO,612.0,SYNTHETIC_DEMO
2022-09-01,SGP_SIN,MGO,788.68,SYNTHETIC_DEMO
2022-09-01,LKA_CMB,VLSFO,627.3,SYNTHETIC_DEMO
2022-09-01,LKA_CMB,MGO,808.39,SYNTHETIC_DEMO
2022-09-01,ARE_FUJ,VLSFO,605.88,SYNTHETIC_DEMO
2022-09-01,ARE_FUJ,MGO,780.79,SYNTHETIC_DEMO
2022-09-02,SGP_SIN,VLSFO,598.48,SYNTHETIC_DEMO
2022-09-02,SGP_SIN,MGO,775.41,SYNTHETIC_DEMO
2022-09-02,LKA_CMB,VLSFO,613.44,SYNTHETIC_DEMO
2022-09-02,LKA_CMB,MGO,794.79,SYNTHETIC_DEMO
2022-09-02,ARE_FUJ,VLSFO,592.49,SYNTHETIC_DEMO
2022-09-02,ARE_FUJ,MGO,767.65,SYNTHETIC_DEMO
2022-09-03,SGP_SIN,VLSFO,615.31,SYNTHETIC_DEMO
2022-09-03,SGP_SIN,MGO,803.65,SYNTHETIC_DEMO
2022-09-03,LKA_CMB,VLSFO,630.7,SYNTHETIC_DEMO
2022-09-03,LKA_CMB,MGO,823.74,SYNTHETIC_DEMO
2022-09-03,ARE_FUJ,VLSFO,609.16,SYNTHETIC_DEMO
2022-09-03,ARE_FUJ,MGO,795.61,SYNTHETIC_DEMO
2022-09-04,SGP_SIN,VLSFO,586.54,SYNTHETIC_DEMO
2022-09-04,SGP_SIN,MGO,744.41,SYNTHETIC_DEMO
2022-09-04,LKA_CMB,VLSFO,601.2,SYNTHETIC_DEMO
2022-09-04,LKA_CMB,MGO,763.02,SYNTHETIC_DEMO
2022-09-04,ARE_FUJ,VLSFO,580.67,SYNTHETIC_DEMO
2022-09-04,ARE_FUJ,MGO,736.97,SYNTHETIC_DEMO
2022-09-05,SGP_SIN,VLSFO,592.09,SYNTHETIC_DEMO
2022-09-05,SGP_SIN,MGO,753.98,SYNTHETIC_DEMO
2022-09-05,LKA_CMB,VLSFO,606.89,SYNTHETIC_DEMO
2022-09-05,LKA_CMB,MGO,772.83,SYNTHETIC_DEMO
2022-09-05,ARE_FUJ,VLSFO,586.17,SYNTHETIC_DEMO
2022-09-05,ARE_FUJ,MGO,746.44,SYNTHETIC_DEMO
2022-09-06,SGP_SIN,VLSFO,589.67,SYNTHETIC_DEMO
2022-09-06,SGP_SIN,MGO,759.85,SYNTHETIC_DEMO
2022-09-06,LKA_CMB,VLSFO,604.42,SYNTHETIC_DEMO
2022-09-06,LKA_CMB,MGO,778.84,SYNTHETIC_DEMO
2022-09-06,ARE_FUJ,VLSFO,583.78,SYNTHETIC_DEMO
2022-09-06,ARE_FUJ,MGO,752.25,SYNTHETIC_DEMO
2022-09-07,SGP_SIN,VLSFO,593.56,SYNTHETIC_DEMO
2022-09-07,SGP_SIN,MGO,761.35,SYNTHETIC_DEMO
2022-09-07,LKA_CMB,VLSFO,608.4,SYNTHETIC_DEMO
2022-09-07,LKA_CMB,MGO,780.38,SYNTHETIC_DEMO
2022-09-07,ARE_FUJ,VLSFO,587.63,SYNTHETIC_DEMO
2022-09-07,ARE_FUJ,MGO,753.74,SYNTHETIC_DEMO
2022-09-08,SGP_SIN,VLSFO,581.26,SYNTHETIC_DEMO
2022-09-08,SGP_SIN,MGO,743.97,SYNTHETIC_DEMO
2022-09-08,LKA_CMB,VLSFO,595.8,SYNTHETIC_DEMO
2022-09-08,LKA_CMB,MGO,762.57,SYNTHETIC_DEMO
2022-09-08,ARE_FUJ,VLSFO,575.45,SYNTHETIC_DEMO
2022-09-08,ARE_FUJ,MGO,736.53,SYNTHETIC_DEMO
2022-09-09,SGP_SIN,VLSFO,593.13,SYNTHETIC_DEMO
2022-09-09,SGP_SIN,MGO,759.08,SYNTHETIC_DEMO
2022-09-09,LKA_CMB,VLSFO,607.95,SYNTHETIC_DEMO
2022-09-09,LKA_CMB,MGO,778.05,SYNTHETIC_DEMO
2022-09-09,ARE_FUJ,VLSFO,587.19,SYNTHETIC_DEMO
2022-09-09,ARE_FUJ,MGO,751.48,SYNTHETIC_DEMO
2022-09-10,SGP_SIN,VLSFO,600.27,SYNTHETIC_DEMO
2022-09-10,SGP_SIN,MGO,763.92,SYNTHETIC_DEMO
2022-09-10,LKA_CMB,VLSFO,615.28,SYNTHETIC_DEMO
2022-09-10,LKA_CMB,MGO,783.02,SYNTHETIC_DEMO
2022-09-10,ARE_FUJ,VLSFO,594.27,SYNTHETIC_DEMO
2022-09-10,ARE_FUJ,MGO,756.28,SYNTHETIC_DEMO
2022-09-11,SGP_SIN,VLSFO,600.5,SYNTHETIC_DEMO
2022-09-11,SGP_SIN,MGO,769.46,SYNTHETIC_DEMO
2022-09-11,LKA_CMB,VLSFO,615.52,SYNTHETIC_DEMO
2022-09-11,LKA_CMB,MGO,788.7,SYNTHETIC_DEMO
2022-09-11,ARE_FUJ,VLSFO,594.5,SYNTHETIC_DEMO
2022-09-11,ARE_FUJ,MGO,761.77,SYNTHETIC_DEMO
2022-09-12,SGP_SIN,VLSFO,593.32,SYNTHETIC_DEMO
2022-09-12,SGP_SIN,MGO,763.81,SYNTHETIC_DEMO
2022-09-12,LKA_CMB,VLSFO,608.16,SYNTHETIC_DEMO
2022-09-12,LKA_CMB,MGO,782.91,SYNTHETIC_DEMO
2022-09-12,ARE_FUJ,VLSFO,587.39,SYNTHETIC_DEMO
2022-09-12,ARE_FUJ,MGO,756.17,SYNTHETIC_DEMO
2022-09-13,SGP_SIN,VLSFO,597.79,SYNTHETIC_DEMO
2022-09-13,SGP_SIN,MGO,741.59,SYNTHETIC_DEMO
2022-09-13,LKA_CMB,VLSFO,612.74,SYNTHETIC_DEMO
2022-09-13,LKA_CMB,MGO,760.13,SYNTHETIC_DEMO
2022-09-13,ARE_FUJ,VLSFO,591.82,SYNTHETIC_DEMO
2022-09-13,ARE_FUJ,MGO,734.17,SYNTHETIC_DEMO
2022-09-14,SGP_SIN,VLSFO,610.52,SYNTHETIC_DEMO
2022-09-14,SGP_SIN,MGO,777.36,SYNTHETIC_DEMO
2022-09-14,LKA_CMB,VLSFO,625.78,SYNTHETIC_DEMO
2022-09-14,LKA_CMB,MGO,796.79,SYNTHETIC_DEMO
2022-09-14,ARE_FUJ,VLSFO,604.41,SYNTHETIC_DEMO
2022-09-14,ARE_FUJ,MGO,769.58,SYNTHETIC_DEMO
2022-09-15,SGP_SIN,VLSFO,612.51,SYNTHETIC_DEMO
2022-09-15,SGP_SIN,MGO,797.52,SYNTHETIC_DEMO
2022-09-15,LKA_CMB,VLSFO,627.82,SYNTHETIC_DEMO
2022-09-15,LKA_CMB,MGO,817.45,SYNTHETIC_DEMO
2022-09-15,ARE_FUJ,VLSFO,606.39,SYNTHETIC_DEMO
2022-09-15,ARE_FUJ,MGO,789.54,SYNTHETIC_DEMO
2022-09-16,SGP_SIN,VLSFO,603.41,SYNTHETIC_DEMO
2022-09-16,SGP_SIN,MGO,777.94,SYNTHETIC_DEMO
2022-09-16,LKA_CMB,VLSFO,618.5,SYNTHETIC_DEMO
2022-09-16,LKA_CMB,MGO,797.39,SYNTHETIC_DEMO
2022-09-16,ARE_FUJ,VLSFO,597.38,SYNTHETIC_DEMO
2022-09-16,ARE_FUJ,MGO,770.16,SYNTHETIC_DEMO
2022-09-17,SGP_SIN,VLSFO,601.7,SYNTHETIC_DEMO
2022-09-17,SGP_SIN,MGO,763.9,SYNTHETIC_DEMO
2022-09-17,LKA_CMB,VLSFO,616.75,SYNTHETIC_DEMO
2022-09-17,LKA_CMB,MGO,783.0,SYNTHETIC_DEMO
2022-09-17,ARE_FUJ,VLSFO,595.69,SYNTHETIC_DEMO
2022-09-17,ARE_FUJ,MGO,756.26,SYNTHETIC_DEMO
2022-09-18,SGP_SIN,VLSFO,603.89,SYNTHETIC_DEMO
2022-09-18,SGP_SIN,MGO,774.46,SYNTHETIC_DEMO
2022-09-18,LKA_CMB,VLSFO,618.98,SYNTHETIC_DEMO
2022-09-18,LKA_CMB,MGO,793.82,SYNTHETIC_DEMO
2022-09-18,ARE_FUJ,VLSFO,597.85,SYNTHETIC_DEMO
2022-09-18,ARE_FUJ,MGO,766.72,SYNTHETIC_DEMO
2022-09-19,SGP_SIN,VLSFO,609.12,SYNTHETIC_DEMO
2022-09-19,SGP_SIN,MGO,784.79,SYNTHETIC_DEMO
2022-09-19,LKA_CMB,VLSFO,624.35,SYNTHETIC_DEMO
2022-09-19,LKA_CMB,MGO,804.41,SYNTHETIC_DEMO
2022-09-19,ARE_FUJ,VLSFO,603.03,SYNTHETIC_DEMO
2022-09-19,ARE_FUJ,MGO,776.94,SYNTHETIC_DEMO
2022-09-20,SGP_SIN,VLSFO,606.27,SYNTHETIC_DEMO
2022-09-20,SGP_SIN,MGO,775.92,SYNTHETIC_DEMO
2022-09-20,LKA_CMB,VLSFO,621.43,SYNTHETIC_DEMO
2022-09-20,LKA_CMB,MGO,795.31,SYNTHETIC_DEMO
2022-09-20,ARE_FUJ,VLSFO,600.21,SYNTHETIC_DEMO
2022-09-20,ARE_FUJ,MGO,768.16,SYNTHETIC_DEMO
2022-09-21,SGP_SIN,VLSFO,609.7,SYNTHETIC_DEMO
2022-09-21,SGP_SIN,MGO,796.47,SYNTHETIC_DEMO
2022-09-21,LKA_CMB,VLSFO,624.95,SYNTHETIC_DEMO
2022-09-21,LKA_CMB,MGO,816.38,SYNTHETIC_DEMO
2022-09-21,ARE_FUJ,VLSFO,603.61,SYNTHETIC_DEMO
2022-09-21,ARE_FUJ,MGO,788.5,SYNTHETIC_DEMO
2022-09-22,SGP_SIN,VLSFO,603.89,SYNTHETIC_DEMO
2022-09-22,SGP_SIN,MGO,760.52,SYNTHETIC_DEMO
2022-09-22,LKA_CMB,VLSFO,618.98,SYNTHETIC_DEMO
2022-09-22,LKA_CMB,MGO,779.53,SYNTHETIC_DEMO
2022-09-22,ARE_FUJ,VLSFO,597.85,SYNTHETIC_DEMO
2022-09-22,ARE_FUJ,MGO,752.92,SYNTHETIC_DEMO
2022-09-23,SGP_SIN,VLSFO,617.85,SYNTHETIC_DEMO
2022-09-23,SGP_SIN,MGO,787.92,SYNTHETIC_DEMO
2022-09-23,LKA_CMB,VLSFO,633.3,SYNTHETIC_DEMO
2022-09-23,LKA_CMB,MGO,807.62,SYNTHETIC_DEMO
2022-09-23,ARE_FUJ,VLSFO,611.67,SYNTHETIC_DEMO
2022-09-23,ARE_FUJ,MGO,780.04,SYNTHETIC_DEMO
2022-09-24,SGP_SIN,VLSFO,610.05,SYNTHETIC_DEMO
2022-09-24,SGP_SIN,MGO,780.5,SYNTHETIC_DEMO
2022-09-24,LKA_CMB,VLSFO,625.3,SYNTHETIC_DEMO
2022-09-24,LKA_CMB,MGO,800.01,SYNTHETIC_DEMO
2022-09-24,ARE_FUJ,VLSFO,603.95,SYNTHETIC_DEMO
2022-09-24,ARE_FUJ,MGO,772.69,SYNTHETIC_DEMO
2022-09-25,SGP_SIN,VLSFO,606.86,SYNTHETIC_DEMO
2022-09-25,SGP_SIN,MGO,773.78,SYNTHETIC_DEMO
2022-09-25,LKA_CMB,VLSFO,622.03,SYNTHETIC_DEMO
2022-09-25,LKA_CMB,MGO,793.13,SYNTHETIC_DEMO
2022-09-25,ARE_FUJ,VLSFO,600.79,SYNTHETIC_DEMO
2022-09-25,ARE_FUJ,MGO,766.05,SYNTHETIC_DEMO
2022-09-26,SGP_SIN,VLSFO,595.59,SYNTHETIC_DEMO
2022-09-26,SGP_SIN,MGO,757.77,SYNTHETIC_DEMO
2022-09-26,LKA_CMB,VLSFO,610.48,SYNTHETIC_DEMO
2022-09-26,LKA_CMB,MGO,776.72,SYNTHETIC_DEMO
2022-09-26,ARE_FUJ,VLSFO,589.64,SYNTHETIC_DEMO
2022-09-26,ARE_FUJ,MGO,750.2,SYNTHETIC_DEMO
2022-09-27,SGP_SIN,VLSFO,605.79,SYNTHETIC_DEMO
2022-09-27,SGP_SIN,MGO,768.7,SYNTHETIC_DEMO
2022-09-27,LKA_CMB,VLSFO,620.94,SYNTHETIC_DEMO
2022-09-27,LKA_CMB,MGO,787.92,SYNTHETIC_DEMO
2022-09-27,ARE_FUJ,VLSFO,599.74,SYNTHETIC_DEMO
2022-09-27,ARE_FUJ,MGO,761.01,SYNTHETIC_DEMO
2022-09-28,SGP_SIN,VLSFO,603.5,SYNTHETIC_DEMO
2022-09-28,SGP_SIN,MGO,790.97,SYNTHETIC_DEMO
2022-09-28,LKA_CMB,VLSFO,618.59,SYNTHETIC_DEMO
2022-09-28,LKA_CMB,MGO,810.74,SYNTHETIC_DEMO
2022-09-28,ARE_FUJ,VLSFO,597.47,SYNTHETIC_DEMO
2022-09-28,ARE_FUJ,MGO,783.06,SYNTHETIC_DEMO
2022-09-29,SGP_SIN,VLSFO,606.79,SYNTHETIC_DEMO
2022-09-29,SGP_SIN,MGO,777.15,SYNTHETIC_DEMO
2022-09-29,LKA_CMB,VLSFO,621.96,SYNTHETIC_DEMO
2022-09-29,LKA_CMB,MGO,796.58,SYNTHETIC_DEMO
2022-09-29,ARE_FUJ,VLSFO,600.72,SYNTHETIC_DEMO
2022-09-29,ARE_FUJ,MGO,769.38,SYNTHETIC_DEMO
2022-09-30,SGP_SIN,VLSFO,609.81,SYNTHETIC_DEMO
2022-09-30,SGP_SIN,MGO,788.23,SYNTHETIC_DEMO
2022-09-30,LKA_CMB,VLSFO,625.06,SYNTHETIC_DEMO
2022-09-30,LKA_CMB,MGO,807.94,SYNTHETIC_DEMO
2022-09-30,ARE_FUJ,VLSFO,603.71,SYNTHETIC_DEMO
2022-09-30,ARE_FUJ,MGO,780.35,SYNTHETIC_DEMO
2022-10-01,SGP_SIN,VLSFO,608.96,SYNTHETIC_DEMO
2022-10-01,SGP_SIN,MGO,779.06,SYNTHETIC_DEMO
2022-10-01,LKA_CMB,VLSFO,624.18,SYNTHETIC_DEMO
2022-10-01,LKA_CMB,MGO,798.53,SYNTHETIC_DEMO
2022-10-01,ARE_FUJ,VLSFO,602.87,SYNTHETIC_DEMO
2022-10-01,ARE_FUJ,MGO,771.26,SYNTHETIC_DEMO
2022-10-02,SGP_SIN,VLSFO,606.21,SYNTHETIC_DEMO
2022-10-02,SGP_SIN,MGO,784.18,SYNTHETIC_DEMO
2022-10-02,LKA_CMB,VLSFO,621.37,SYNTHETIC_DEMO
2022-10-02,LKA_CMB,MGO,803.78,SYNTHETIC_DEMO
2022-10-02,ARE_FUJ,VLSFO,600.15,SYNTHETIC_DEMO
2022-10-02,ARE_FUJ,MGO,776.34,SYNTHETIC_DEMO
2022-10-03,SGP_SIN,VLSFO,603.41,SYNTHETIC_DEMO
2022-10-03,SGP_SIN,MGO,768.75,SYNTHETIC_DEMO
2022-10-03,LKA_CMB,VLSFO,618.49,SYNTHETIC_DEMO
2022-10-03,LKA_CMB,MGO,787.97,SYNTHETIC_DEMO
2022-10-03,ARE_FUJ,VLSFO,597.38,SYNTHETIC_DEMO
2022-10-03,ARE_FUJ,MGO,761.07,SYNTHETIC_DEMO
2022-10-04,SGP_SIN,VLSFO,602.72,SYNTHETIC_DEMO
2022-10-04,SGP_SIN,MGO,785.76,SYNTHETIC_DEMO
2022-10-04,LKA_CMB,VLSFO,617.79,SYNTHETIC_DEMO
2022-10-04,LKA_CMB,MGO,805.4,SYNTHETIC_DEMO
2022-10-04,ARE_FUJ,VLSFO,596.7,SYNTHETIC_DEMO
2022-10-04,ARE_FUJ,MGO,777.9,SYNTHETIC_DEMO
2022-10-05,SGP_SIN,VLSFO,620.04,SYNTHETIC_DEMO
2022-10-05,SGP_SIN,MGO,782.89,SYNTHETIC_DEMO
2022-10-05,LKA_CMB,VLSFO,635.54,SYNTHETIC_DEMO
2022-10-05,LKA_CMB,MGO,802.46,SYNTHETIC_DEMO
2022-10-05,ARE_FUJ,VLSFO,613.84,SYNTHETIC_DEMO
2022-10-05,ARE_FUJ,MGO,775.06,SYNTHETIC_DEMO
2022-10-06,SGP_SIN,VLSFO,603.96,SYNTHETIC_DEMO
2022-10-06,SGP_SIN,MGO,770.36,SYNTHETIC_DEMO
2022-10-06,LKA_CMB,VLSFO,619.06,SYNTHETIC_DEMO
2022-10-06,LKA_CMB,MGO,789.62,SYNTHETIC_DEMO
2022-10-06,ARE_FUJ,VLSFO,597.92,SYNTHETIC_DEMO
2022-10-06,ARE_FUJ,MGO,762.66,SYNTHETIC_DEMO
2022-10-07,SGP_SIN,VLSFO,605.07,SYNTHETIC_DEMO
2022-10-07,SGP_SIN,MGO,770.55,SYNTHETIC_DEMO
2022-10-07,LKA_CMB,VLSFO,620.2,SYNTHETIC_DEMO
2022-10-07,LKA_CMB,MGO,789.81,SYNTHETIC_DEMO
2022-10-07,ARE_FUJ,VLSFO,599.02,SYNTHETIC_DEMO
2022-10-07,ARE_FUJ,MGO,762.84,SYNTHETIC_DEMO
2022-10-08,SGP_SIN,VLSFO,607.71,SYNTHETIC_DEMO
2022-10-08,SGP_SIN,MGO,787.27,SYNTHETIC_DEMO
2022-10-08,LKA_CMB,VLSFO,622.9,SYNTHETIC_DEMO
2022-10-08,LKA_CMB,MGO,806.95,SYNTHETIC_DEMO
2022-10-08,ARE_FUJ,VLSFO,601.63,SYNTHETIC_DEMO
2022-10-08,ARE_FUJ,MGO,779.39,SYNTHETIC_DEMO
2022-10-09,SGP_SIN,VLSFO,613.06,SYNTHETIC_DEMO
2022-10-09,SGP_SIN,MGO,776.8,SYNTHETIC_DEMO
2022-10-09,LKA_CMB,VLSFO,628.39,SYNTHETIC_DEMO
2022-10-09,LKA_CMB,MGO,796.22,SYNTHETIC_DEMO
2022-10-09,ARE_FUJ,VLSFO,606.93,SYNTHETIC_DEMO
2022-10-09,ARE_FUJ,MGO,769.03,SYNTHETIC_DEMO
2022-10-10,SGP_SIN,VLSFO,611.64,SYNTHETIC_DEMO
2022-10-10,SGP_SIN,MGO,779.8,SYNTHETIC_DEMO
2022-10-10,LKA_CMB,VLSFO,626.93,SYNTHETIC_DEMO
2022-10-10,LKA_CMB,MGO,799.29,SYNTHETIC_DEMO
2022-10-10,ARE_FUJ,VLSFO,605.52,SYNTHETIC_DEMO
2022-10-10,ARE_FUJ,MGO,772.0,SYNTHETIC_DEMO
2022-10-11,SGP_SIN,VLSFO,598.17,SYNTHETIC_DEMO
2022-10-11,SGP_SIN,MGO,765.2,SYNTHETIC_DEMO
2022-10-11,LKA_CMB,VLSFO,613.12,SYNTHETIC_DEMO
2022-10-11,LKA_CMB,MGO,784.33,SYNTHETIC_DEMO
2022-10-11,ARE_FUJ,VLSFO,592.19,SYNTHETIC_DEMO
2022-10-11,ARE_FUJ,MGO,757.55,SYNTHETIC_DEMO
2022-10-12,SGP_SIN,VLSFO,600.22,SYNTHETIC_DEMO
2022-10-12,SGP_SIN,MGO,766.4,SYNTHETIC_DEMO
2022-10-12,LKA_CMB,VLSFO,615.22,SYNTHETIC_DEMO
2022-10-12,LKA_CMB,MGO,785.56,SYNTHETIC_DEMO
2022-10-12,ARE_FUJ,VLSFO,594.22,SYNTHETIC_DEMO
2022-10-12,ARE_FUJ,MGO,758.73,SYNTHETIC_DEMO
2022-10-13,SGP_SIN,VLSFO,630.36,SYNTHETIC_DEMO
2022-10-13,SGP_SIN,MGO,793.68,SYNTHETIC_DEMO
2022-10-13,LKA_CMB,VLSFO,646.12,SYNTHETIC_DEMO
2022-10-13,LKA_CMB,MGO,813.52,SYNTHETIC_DEMO
2022-10-13,ARE_FUJ,VLSFO,624.06,SYNTHETIC_DEMO
2022-10-13,ARE_FUJ,MGO,785.74,SYNTHETIC_DEMO
2022-10-14,SGP_SIN,VLSFO,621.97,SYNTHETIC_DEMO
2022-10-14,SGP_SIN,MGO,793.28,SYNTHETIC_DEMO
2022-10-14,LKA_CMB,VLSFO,637.52,SYNTHETIC_DEMO
2022-10-14,LKA_CMB,MGO,813.11,SYNTHETIC_DEMO
2022-10-14,ARE_FUJ,VLSFO,615.75,SYNTHETIC_DEMO
2022-10-14,ARE_FUJ,MGO,785.35,SYNTHETIC_DEMO
2022-10-15,SGP_SIN,VLSFO,615.93,SYNTHETIC_DEMO
2022-10-15,SGP_SIN,MGO,794.81,SYNTHETIC_DEMO
2022-10-15,LKA_CMB,VLSFO,631.33,SYNTHETIC_DEMO
2022-10-15,LKA_CMB,MGO,814.68,SYNTHETIC_DEMO
2022-10-15,ARE_FUJ,VLSFO,609.77,SYNTHETIC_DEMO
2022-10-15,ARE_FUJ,MGO,786.86,SYNTHETIC_DEMO
2022-10-16,SGP_SIN,VLSFO,604.16,SYNTHETIC_DEMO
2022-10-16,SGP_SIN,MGO,769.36,SYNTHETIC_DEMO
2022-10-16,LKA_CMB,VLSFO,619.27,SYNTHETIC_DEMO
2022-10-16,LKA_CMB,MGO,788.59,SYNTHETIC_DEMO
2022-10-16,ARE_FUJ,VLSFO,598.12,SYNTHETIC_DEMO
2022-10-16,ARE_FUJ,MGO,761.66,SYNTHETIC_DEMO
2022-10-17,SGP_SIN,VLSFO,594.51,SYNTHETIC_DEMO
2022-10-17,SGP_SIN,MGO,764.25,SYNTHETIC_DEMO
2022-10-17,LKA_CMB,VLSFO,609.38,SYNTHETIC_DEMO
2022-10-17,LKA_CMB,MGO,783.36,SYNTHETIC_DEMO
2022-10-17,ARE_FUJ,VLSFO,588.57,SYNTHETIC_DEMO
2022-10-17,ARE_FUJ,MGO,756.61,SYNTHETIC_DEMO
2022-10-18,SGP_SIN,VLSFO,615.71,SYNTHETIC_DEMO
2022-10-18,SGP_SIN,MGO,794.64,SYNTHETIC_DEMO
2022-10-18,LKA_CMB,VLSFO,631.1,SYNTHETIC_DEMO
2022-10-18,LKA_CMB,MGO,814.51,SYNTHETIC_DEMO
2022-10-18,ARE_FUJ,VLSFO,609.55,SYNTHETIC_DEMO
2022-10-18,ARE_FUJ,MGO,786.69,SYNTHETIC_DEMO
2022-10-19,SGP_SIN,VLSFO,630.24,SYNTHETIC_DEMO
2022-10-19,SGP_SIN,MGO,814.89,SYNTHETIC_DEMO
2022-10-19,LKA_CMB,VLSFO,646.0,SYNTHETIC_DEMO
2022-10-19,LKA_CMB,MGO,835.26,SYNTHETIC_DEMO
2022-10-19,ARE_FUJ,VLSFO,623.94,SYNTHETIC_DEMO
2022-10-19,ARE_FUJ,MGO,806.74,SYNTHETIC_DEMO
2022-10-20,SGP_SIN,VLSFO,619.5,SYNTHETIC_DEMO
2022-10-20,SGP_SIN,MGO,798.92,SYNTHETIC_DEMO
2022-10-20,LKA_CMB,VLSFO,634.99,SYNTHETIC_DEMO
2022-10-20,LKA_CMB,MGO,818.89,SYNTHETIC_DEMO
2022-10-20,ARE_FUJ,VLSFO,613.31,SYNTHETIC_DEMO
2022-10-20,ARE_FUJ,MGO,790.93,SYNTHETIC_DEMO
2022-10-21,SGP_SIN,VLSFO,623.26,SYNTHETIC_DEMO
2022-10-21,SGP_SIN,MGO,805.32,SYNTHETIC_DEMO
2022-10-21,LKA_CMB,VLSFO,638.84,SYNTHETIC_DEMO
2022-10-21,LKA_CMB,MGO,825.45,SYNTHETIC_DEMO
2022-10-21,ARE_FUJ,VLSFO,617.03,SYNTHETIC_DEMO
2022-10-21,ARE_FUJ,MGO,797.26,SYNTHETIC_DEMO
2022-10-22,SGP_SIN,VLSFO,613.45,SYNTHETIC_DEMO
2022-10-22,SGP_SIN,MGO,789.21,SYNTHETIC_DEMO
2022-10-22,LKA_CMB,VLSFO,628.79,SYNTHETIC_DEMO
2022-10-22,LKA_CMB,MGO,808.94,SYNTHETIC_DEMO
2022-10-22,ARE_FUJ,VLSFO,607.32,SYNTHETIC_DEMO
2022-10-22,ARE_FUJ,MGO,781.32,SYNTHETIC_DEMO
2022-10-23,SGP_SIN,VLSFO,617.42,SYNTHETIC_DEMO
2022-10-23,SGP_SIN,MGO,784.67,SYNTHETIC_DEMO
2022-10-23,LKA_CMB,VLSFO,632.86,SYNTHETIC_DEMO
2022-10-23,LKA_CMB,MGO,804.29,SYNTHETIC_DEMO
2022-10-23,ARE_FUJ,VLSFO,611.25,SYNTHETIC_DEMO
2022-10-23,ARE_FUJ,MGO,776.82,SYNTHETIC_DEMO
2022-10-24,SGP_SIN,VLSFO,607.74,SYNTHETIC_DEMO
2022-10-24,SGP_SIN,MGO,780.27,SYNTHETIC_DEMO
2022-10-24,LKA_CMB,VLSFO,622.94,SYNTHETIC_DEMO
2022-10-24,LKA_CMB,MGO,799.78,SYNTHETIC_DEMO
2022-10-24,ARE_FUJ,VLSFO,601.67,SYNTHETIC_DEMO
2022-10-24,ARE_FUJ,MGO,772.47,SYNTHETIC_DEMO
2022-10-25,SGP_SIN,VLSFO,609.87,SYNTHETIC_DEMO
2022-10-25,SGP_SIN,MGO,777.31,SYNTHETIC_DEMO
2022-10-25,LKA_CMB,VLSFO,625.12,SYNTHETIC_DEMO
2022-10-25,LKA_CMB,MGO,796.74,SYNTHETIC_DEMO
2022-10-25,ARE_FUJ,VLSFO,603.78,SYNTHETIC_DEMO
2022-10-25,ARE_FUJ,MGO,769.54,SYNTHETIC_DEMO
2022-10-26,SGP_SIN,VLSFO,622.44,SYNTHETIC_DEMO
2022-10-26,SGP_SIN,MGO,797.12,SYNTHETIC_DEMO
2022-10-26,LKA_CMB,VLSFO,638.0,SYNTHETIC_DEMO
2022-10-26,LKA_CMB,MGO,817.04,SYNTHETIC_DEMO
2022-10-26,ARE_FUJ,VLSFO,616.22,SYNTHETIC_DEMO
2022-10-26,ARE_FUJ,MGO,789.15,SYNTHETIC_DEMO
2022-10-27,SGP_SIN,VLSFO,598.83,SYNTHETIC_DEMO
2022-10-27,SGP_SIN,MGO,782.41,SYNTHETIC_DEMO
2022-10-27,LKA_CMB,VLSFO,613.8,SYNTHETIC_DEMO
2022-10-27,LKA_CMB,MGO,801.97,SYNTHETIC_DEMO
2022-10-27,ARE_FUJ,VLSFO,592.84,SYNTHETIC_DEMO
2022-10-27,ARE_FUJ,MGO,774.58,SYNTHETIC_DEMO
2022-10-28,SGP_SIN,VLSFO,592.97,SYNTHETIC_DEMO
2022-10-28,SGP_SIN,MGO,773.81,SYNTHETIC_DEMO
2022-10-28,LKA_CMB,VLSFO,607.8,SYNTHETIC_DEMO
2022-10-28,LKA_CMB,MGO,793.16,SYNTHETIC_DEMO
2022-10-28,ARE_FUJ,VLSFO,587.04,SYNTHETIC_DEMO
2022-10-28,ARE_FUJ,MGO,766.07,SYNTHETIC_DEMO
2022-10-29,SGP_SIN,VLSFO,596.14,SYNTHETIC_DEMO
2022-10-29,SGP_SIN,MGO,752.71,SYNTHETIC_DEMO
2022-10-29,LKA_CMB,VLSFO,611.04,SYNTHETIC_DEMO
2022-10-29,LKA_CMB,MGO,771.52,SYNTHETIC_DEMO
2022-10-29,ARE_FUJ,VLSFO,590.17,SYNTHETIC_DEMO
2022-10-29,ARE_FUJ,MGO,745.18,SYNTHETIC_DEMO
2022-10-30,SGP_SIN,VLSFO,583.02,SYNTHETIC_DEMO
2022-10-30,SGP_SIN,MGO,743.07,SYNTHETIC_DEMO
2022-10-30,LKA_CMB,VLSFO,597.59,SYNTHETIC_DEMO
2022-10-30,LKA_CMB,MGO,761.64,SYNTHETIC_DEMO
2022-10-30,ARE_FUJ,VLSFO,577.19,SYNTHETIC_DEMO
2022-10-30,ARE_FUJ,MGO,735.64,SYNTHETIC_DEMO
2022-10-31,SGP_SIN,VLSFO,589.9,SYNTHETIC_DEMO
2022-10-31,SGP_SIN,MGO,755.45,SYNTHETIC_DEMO
2022-10-31,LKA_CMB,VLSFO,604.64,SYNTHETIC_DEMO
2022-10-31,LKA_CMB,MGO,774.33,SYNTHETIC_DEMO
2022-10-31,ARE_FUJ,VLSFO,584.0,SYNTHETIC_DEMO
2022-10-31,ARE_FUJ,MGO,747.89,SYNTHETIC_DEMO
2022-11-01,SGP_SIN,VLSFO,590.16,SYNTHETIC_DEMO
2022-11-01,SGP_SIN,MGO,756.97,SYNTHETIC_DEMO
2022-11-01,LKA_CMB,VLSFO,604.92,SYNTHETIC_DEMO
2022-11-01,LKA_CMB,MGO,775.89,SYNTHETIC_DEMO
2022-11-01,ARE_FUJ,VLSFO,584.26,SYNTHETIC_DEMO
2022-11-01,ARE_FUJ,MGO,749.4,SYNTHETIC_DEMO
2022-11-02,SGP_SIN,VLSFO,586.48,SYNTHETIC_DEMO
2022-11-02,SGP_SIN,MGO,750.11,SYNTHETIC_DEMO
2022-11-02,LKA_CMB,VLSFO,601.14,SYNTHETIC_DEMO
2022-11-02,LKA_CMB,MGO,768.86,SYNTHETIC_DEMO
2022-11-02,ARE_FUJ,VLSFO,580.61,SYNTHETIC_DEMO
2022-11-02,ARE_FUJ,MGO,742.61,SYNTHETIC_DEMO
2022-11-03,SGP_SIN,VLSFO,591.07,SYNTHETIC_DEMO
2022-11-03,SGP_SIN,MGO,768.26,SYNTHETIC_DEMO
2022-11-03,LKA_CMB,VLSFO,605.85,SYNTHETIC_DEMO
2022-11-03,LKA_CMB,MGO,787.47,SYNTHETIC_DEMO
2022-11-03,ARE_FUJ,VLSFO,585.16,SYNTHETIC_DEMO
2022-11-03,ARE_FUJ,MGO,760.58,SYNTHETIC_DEMO
2022-11-04,SGP_SIN,VLSFO,586.26,SYNTHETIC_DEMO
2022-11-04,SGP_SIN,MGO,743.43,SYNTHETIC_DEMO
2022-11-04,LKA_CMB,VLSFO,600.92,SYNTHETIC_DEMO
2022-11-04,LKA_CMB,MGO,762.02,SYNTHETIC_DEMO
2022-11-04,ARE_FUJ,VLSFO,580.4,SYNTHETIC_DEMO
2022-11-04,ARE_FUJ,MGO,736.0,SYNTHETIC_DEMO
2022-11-05,SGP_SIN,VLSFO,602.91,SYNTHETIC_DEMO
2022-11-05,SGP_SIN,MGO,774.39,SYNTHETIC_DEMO
2022-11-05,LKA_CMB,VLSFO,617.98,SYNTHETIC_DEMO
2022-11-05,LKA_CMB,MGO,793.75,SYNTHETIC_DEMO
2022-11-05,ARE_FUJ,VLSFO,596.88,SYNTHETIC_DEMO
2022-11-05,ARE_FUJ,MGO,766.65,SYNTHETIC_DEMO
2022-11-06,SGP_SIN,VLSFO,606.07,SYNTHETIC_DEMO
2022-11-06,SGP_SIN,MGO,778.65,SYNTHETIC_DEMO
2022-11-06,LKA_CMB,VLSFO,621.23,SYNTHETIC_DEMO
2022-11-06,LKA_CMB,MGO,798.11,SYNTHETIC_DEMO
2022-11-06,ARE_FUJ,VLSFO,600.01,SYNTHETIC_DEMO
2022-11-06,ARE_FUJ,MGO,770.86,SYNTHETIC_DEMO
2022-11-07,SGP_SIN,VLSFO,587.07,SYNTHETIC_DEMO
2022-11-07,SGP_SIN,MGO,760.64,SYNTHETIC_DEMO
2022-11-07,LKA_CMB,VLSFO,601.75,SYNTHETIC_DEMO
2022-11-07,LKA_CMB,MGO,779.66,SYNTHETIC_DEMO
2022-11-07,ARE_FUJ,VLSFO,581.2,SYNTHETIC_DEMO
2022-11-07,ARE_FUJ,MGO,753.04,SYNTHETIC_DEMO
2022-11-08,SGP_SIN,VLSFO,596.5,SYNTHETIC_DEMO
2022-11-08,SGP_SIN,MGO,768.65,SYNTHETIC_DEMO
2022-11-08,LKA_CMB,VLSFO,611.42,SYNTHETIC_DEMO
2022-11-08,LKA_CMB,MGO,787.86,SYNTHETIC_DEMO
2022-11-08,ARE_FUJ,VLSFO,590.54,SYNTHETIC_DEMO
2022-11-08,ARE_FUJ,MGO,760.96,SYNTHETIC_DEMO
2022-11-09,SGP_SIN,VLSFO,584.87,SYNTHETIC_DEMO
2022-11-09,SGP_SIN,MGO,751.43,SYNTHETIC_DEMO
2022-11-09,LKA_CMB,VLSFO,599.49,SYNTHETIC_DEMO
2022-11-09,LKA_CMB,MGO,770.21,SYNTHETIC_DEMO
2022-11-09,ARE_FUJ,VLSFO,579.02,SYNTHETIC_DEMO
2022-11-09,ARE_FUJ,MGO,743.91,SYNTHETIC_DEMO
2022-11-10,SGP_SIN,VLSFO,592.02,SYNTHETIC_DEMO
2022-11-10,SGP_SIN,MGO,770.48,SYNTHETIC_DEMO
2022-11-10,LKA_CMB,VLSFO,606.82,SYNTHETIC_DEMO
2022-11-10,LKA_CMB,MGO,789.74,SYNTHETIC_DEMO
2022-11-10,ARE_FUJ,VLSFO,586.1,SYNTHETIC_DEMO
2022-11-10,ARE_FUJ,MGO,762.77,SYNTHETIC_DEMO
2022-11-11,SGP_SIN,VLSFO,600.66,SYNTHETIC_DEMO
2022-11-11,SGP_SIN,MGO,776.48,SYNTHETIC_DEMO
2022-11-11,LKA_CMB,VLSFO,615.68,SYNTHETIC_DEMO
2022-11-11,LKA_CMB,MGO,795.89,SYNTHETIC_DEMO
2022-11-11,ARE_FUJ,VLSFO,594.65,SYNTHETIC_DEMO
2022-11-11,ARE_FUJ,MGO,768.72,SYNTHETIC_DEMO
2022-11-12,SGP_SIN,VLSFO,605.83,SYNTHETIC_DEMO
2022-11-12,SGP_SIN,MGO,782.94,SYNTHETIC_DEMO
2022-11-12,LKA_CMB,VLSFO,620.98,SYNTHETIC_DEMO
2022-11-12,LKA_CMB,MGO,802.52,SYNTHETIC_DEMO
2022-11-12,ARE_FUJ,VLSFO,599.77,SYNTHETIC_DEMO
2022-11-12,ARE_FUJ,MGO,775.11,SYNTHETIC_DEMO
2022-11-13,SGP_SIN,VLSFO,610.46,SYNTHETIC_DEMO
2022-11-13,SGP_SIN,MGO,796.63,SYNTHETIC_DEMO
2022-11-13,LKA_CMB,VLSFO,625.72,SYNTHETIC_DEMO
2022-11-13,LKA_CMB,MGO,816.55,SYNTHETIC_DEMO
2022-11-13,ARE_FUJ,VLSFO,604.35,SYNTHETIC_DEMO
2022-11-13,ARE_FUJ,MGO,788.67,SYNTHETIC_DEMO
2022-11-14,SGP_SIN,VLSFO,598.32,SYNTHETIC_DEMO
2022-11-14,SGP_SIN,MGO,760.59,SYNTHETIC_DEMO
2022-11-14,LKA_CMB,VLSFO,613.27,SYNTHETIC_DEMO
2022-11-14,LKA_CMB,MGO,779.61,SYNTHETIC_DEMO
2022-11-14,ARE_FUJ,VLSFO,592.33,SYNTHETIC_DEMO
2022-11-14,ARE_FUJ,MGO,752.99,SYNTHETIC_DEMO
2022-11-15,SGP_SIN,VLSFO,589.8,SYNTHETIC_DEMO
2022-11-15,SGP_SIN,MGO,760.89,SYNTHETIC_DEMO
2022-11-15,LKA_CMB,VLSFO,604.54,SYNTHETIC_DEMO
2022-11-15,LKA_CMB,MGO,779.91,SYNTHETIC_DEMO
2022-11-15,ARE_FUJ,VLSFO,583.9,SYNTHETIC_DEMO
2022-11-15,ARE_FUJ,MGO,753.28,SYNTHETIC_DEMO
2022-11-16,SGP_SIN,VLSFO,582.14,SYNTHETIC_DEMO
2022-11-16,SGP_SIN,MGO,752.67,SYNTHETIC_DEMO
2022-11-16,LKA_CMB,VLSFO,596.69,SYNTHETIC_DEMO
2022-11-16,LKA_CMB,MGO,771.49,SYNTHETIC_DEMO
2022-11-16,ARE_FUJ,VLSFO,576.32,SYNTHETIC_DEMO
2022-11-16,ARE_FUJ,MGO,745.14,SYNTHETIC_DEMO
2022-11-17,SGP_SIN,VLSFO,594.73,SYNTHETIC_DEMO
2022-11-17,SGP_SIN,MGO,757.95,SYNTHETIC_DEMO
2022-11-17,LKA_CMB,VLSFO,609.6,SYNTHETIC_DEMO
2022-11-17,LKA_CMB,MGO,776.9,SYNTHETIC_DEMO
2022-11-17,ARE_FUJ,VLSFO,588.79,SYNTHETIC_DEMO
2022-11-17,ARE_FUJ,MGO,750.37,SYNTHETIC_DEMO
2022-11-18,SGP_SIN,VLSFO,601.55,SYNTHETIC_DEMO
2022-11-18,SGP_SIN,MGO,773.79,SYNTHETIC_DEMO
2022-11-18,LKA_CMB,VLSFO,616.58,SYNTHETIC_DEMO
2022-11-18,LKA_CMB,MGO,793.14,SYNTHETIC_DEMO
2022-11-18,ARE_FUJ,VLSFO,595.53,SYNTHETIC_DEMO
2022-11-18,ARE_FUJ,MGO,766.05,SYNTHETIC_DEMO
2022-11-19,SGP_SIN,VLSFO,598.37,SYNTHETIC_DEMO
2022-11-19,SGP_SIN,MGO,764.67,SYNTHETIC_DEMO
2022-11-19,LKA_CMB,VLSFO,613.33,SYNTHETIC_DEMO
2022-11-19,LKA_CMB,MGO,783.78,SYNTHETIC_DEMO
2022-11-19,ARE_FUJ,VLSFO,592.39,SYNTHETIC_DEMO
2022-11-19,ARE_FUJ,MGO,757.02,SYNTHETIC_DEMO
2022-11-20,SGP_SIN,VLSFO,590.39,SYNTHETIC_DEMO
2022-11-20,SGP_SIN,MGO,746.93,SYNTHETIC_DEMO
2022-11-20,LKA_CMB,VLSFO,605.15,SYNTHETIC_DEMO
2022-11-20,LKA_CMB,MGO,765.6,SYNTHETIC_DEMO
2022-11-20,ARE_FUJ,VLSFO,584.48,SYNTHETIC_DEMO
2022-11-20,ARE_FUJ,MGO,739.46,SYNTHETIC_DEMO
2022-11-21,SGP_SIN,VLSFO,599.43,SYNTHETIC_DEMO
2022-11-21,SGP_SIN,MGO,769.23,SYNTHETIC_DEMO
2022-11-21,LKA_CMB,VLSFO,614.41,SYNTHETIC_DEMO
2022-11-21,LKA_CMB,MGO,788.46,SYNTHETIC_DEMO
2022-11-21,ARE_FUJ,VLSFO,593.43,SYNTHETIC_DEMO
2022-11-21,ARE_FUJ,MGO,761.53,SYNTHETIC_DEMO
2022-11-22,SGP_SIN,VLSFO,585.28,SYNTHETIC_DEMO
2022-11-22,SGP_SIN,MGO,750.53,SYNTHETIC_DEMO
2022-11-22,LKA_CMB,VLSFO,599.92,SYNTHETIC_DEMO
2022-11-22,LKA_CMB,MGO,769.3,SYNTHETIC_DEMO
2022-11-22,ARE_FUJ,VLSFO,579.43,SYNTHETIC_DEMO
2022-11-22,ARE_FUJ,MGO,743.03,SYNTHETIC_DEMO
2022-11-23,SGP_SIN,VLSFO,607.53,SYNTHETIC_DEMO
2022-11-23,SGP_SIN,MGO,773.5,SYNTHETIC_DEMO
2022-11-23,LKA_CMB,VLSFO,622.72,SYNTHETIC_DEMO
2022-11-23,LKA_CMB,MGO,792.84,SYNTHETIC_DEMO
2022-11-23,ARE_FUJ,VLSFO,601.45,SYNTHETIC_DEMO
2022-11-23,ARE_FUJ,MGO,765.76,SYNTHETIC_DEMO
2022-11-24,SGP_SIN,VLSFO,596.69,SYNTHETIC_DEMO
2022-11-24,SGP_SIN,MGO,753.6,SYNTHETIC_DEMO
2022-11-24,LKA_CMB,VLSFO,611.61,SYNTHETIC_DEMO
2022-11-24,LKA_CMB,MGO,772.44,SYNTHETIC_DEMO
2022-11-24,ARE_FUJ,VLSFO,590.72,SYNTHETIC_DEMO
2022-11-24,ARE_FUJ,MGO,746.06,SYNTHETIC_DEMO
2022-11-25,SGP_SIN,VLSFO,597.1,SYNTHETIC_DEMO
2022-11-25,SGP_SIN,MGO,769.16,SYNTHETIC_DEMO
2022-11-25,LKA_CMB,VLSFO,612.03,SYNTHETIC_DEMO
2022-11-25,LKA_CMB,MGO,788.39,SYNTHETIC_DEMO
2022-11-25,ARE_FUJ,VLSFO,591.13,SYNTHETIC_DEMO
2022-11-25,ARE_FUJ,MGO,761.47,SYNTHETIC_DEMO
2022-11-26,SGP_SIN,VLSFO,588.04,SYNTHETIC_DEMO
2022-11-26,SGP_SIN,MGO,743.04,SYNTHETIC_DEMO
2022-11-26,LKA_CMB,VLSFO,602.74,SYNTHETIC_DEMO
2022-11-26,LKA_CMB,MGO,761.62,SYNTHETIC_DEMO
2022-11-26,ARE_FUJ,VLSFO,582.16,SYNTHETIC_DEMO
2022-11-26,ARE_FUJ,MGO,735.61,SYNTHETIC_DEMO
2022-11-27,SGP_SIN,VLSFO,595.71,SYNTHETIC_DEMO
2022-11-27,SGP_SIN,MGO,765.59,SYNTHETIC_DEMO
2022-11-27,LKA_CMB,VLSFO,610.6,SYNTHETIC_DEMO
2022-11-27,LKA_CMB,MGO,784.73,SYNTHETIC_DEMO
2022-11-27,ARE_FUJ,VLSFO,589.75,SYNTHETIC_DEMO
2022-11-27,ARE_FUJ,MGO,757.93,SYNTHETIC_DEMO
2022-11-28,SGP_SIN,VLSFO,607.45,SYNTHETIC_DEMO
2022-11-28,SGP_SIN,MGO,776.87,SYNTHETIC_DEMO
2022-11-28,LKA_CMB,VLSFO,622.63,SYNTHETIC_DEMO
2022-11-28,LKA_CMB,MGO,796.3,SYNTHETIC_DEMO
2022-11-28,ARE_FUJ,VLSFO,601.37,SYNTHETIC_DEMO
2022-11-28,ARE_FUJ,MGO,769.11,SYNTHETIC_DEMO
2022-11-29,SGP_SIN,VLSFO,588.57,SYNTHETIC_DEMO
2022-11-29,SGP_SIN,MGO,752.03,SYNTHETIC_DEMO
2022-11-29,LKA_CMB,VLSFO,603.28,SYNTHETIC_DEMO
2022-11-29,LKA_CMB,MGO,770.83,SYNTHETIC_DEMO
2022-11-29,ARE_FUJ,VLSFO,582.68,SYNTHETIC_DEMO
2022-11-29,ARE_FUJ,MGO,744.51,SYNTHETIC_DEMO
2022-11-30,SGP_SIN,VLSFO,595.71,SYNTHETIC_DEMO
2022-11-30,SGP_SIN,MGO,766.49,SYNTHETIC_DEMO
2022-11-30,LKA_CMB,VLSFO,610.6,SYNTHETIC_DEMO
2022-11-30,LKA_CMB,MGO,785.65,SYNTHETIC_DEMO
2022-11-30,ARE_FUJ,VLSFO,589.75,SYNTHETIC_DEMO
2022-11-30,ARE_FUJ,MGO,758.82,SYNTHETIC_DEMO
2022-12-01,SGP_SIN,VLSFO,585.97,SYNTHETIC_DEMO
2022-12-01,SGP_SIN,MGO,756.57,SYNTHETIC_DEMO
2022-12-01,LKA_CMB,VLSFO,600.62,SYNTHETIC_DEMO
2022-12-01,LKA_CMB,MGO,775.49,SYNTHETIC_DEMO
2022-12-01,ARE_FUJ,VLSFO,580.11,SYNTHETIC_DEMO
2022-12-01,ARE_FUJ,MGO,749.01,SYNTHETIC_DEMO
2022-12-02,SGP_SIN,VLSFO,594.06,SYNTHETIC_DEMO
2022-12-02,SGP_SIN,MGO,762.76,SYNTHETIC_DEMO
2022-12-02,LKA_CMB,VLSFO,608.91,SYNTHETIC_DEMO
2022-12-02,LKA_CMB,MGO,781.83,SYNTHETIC_DEMO
2022-12-02,ARE_FUJ,VLSFO,588.12,SYNTHETIC_DEMO
2022-12-02,ARE_FUJ,MGO,755.13,SYNTHETIC_DEMO
2022-12-03,SGP_SIN,VLSFO,599.14,SYNTHETIC_DEMO
2022-12-03,SGP_SIN,MGO,768.38,SYNTHETIC_DEMO
2022-12-03,LKA_CMB,VLSFO,614.12,SYNTHETIC_DEMO
2022-12-03,LKA_CMB,MGO,787.58,SYNTHETIC_DEMO
2022-12-03,ARE_FUJ,VLSFO,593.15,SYNTHETIC_DEMO
2022-12-03,ARE_FUJ,MGO,760.69,SYNTHETIC_DEMO
2022-12-04,SGP_SIN,VLSFO,600.37,SYNTHETIC_DEMO
2022-12-04,SGP_SIN,MGO,762.42,SYNTHETIC_DEMO
2022-12-04,LKA_CMB,VLSFO,615.38,SYNTHETIC_DEMO
2022-12-04,LKA_CMB,MGO,781.48,SYNTHETIC_DEMO
2022-12-04,ARE_FUJ,VLSFO,594.36,SYNTHETIC_DEMO
2022-12-04,ARE_FUJ,MGO,754.79,SYNTHETIC_DEMO
2022-12-05,SGP_SIN,VLSFO,604.48,SYNTHETIC_DEMO
2022-12-05,SGP_SIN,MGO,773.9,SYNTHETIC_DEMO
2022-12-05,LKA_CMB,VLSFO,619.59,SYNTHETIC_DEMO
2022-12-05,LKA_CMB,MGO,793.25,SYNTHETIC_DEMO
2022-12-05,ARE_FUJ,VLSFO,598.44,SYNTHETIC_DEMO
2022-12-05,ARE_FUJ,MGO,766.16,SYNTHETIC_DEMO
2022-12-06,SGP_SIN,VLSFO,594.86,SYNTHETIC_DEMO
2022-12-06,SGP_SIN,MGO,760.96,SYNTHETIC_DEMO
2022-12-06,LKA_CMB,VLSFO,609.74,SYNTHETIC_DEMO
2022-12-06,LKA_CMB,MGO,779.98,SYNTHETIC_DEMO
2022-12-06,ARE_FUJ,VLSFO,588.92,SYNTHETIC_DEMO
2022-12-06,ARE_FUJ,MGO,753.35,SYNTHETIC_DEMO
2022-12-07,SGP_SIN,VLSFO,600.16,SYNTHETIC_DEMO
2022-12-07,SGP_SIN,MGO,763.98,SYNTHETIC_DEMO
2022-12-07,LKA_CMB,VLSFO,615.17,SYNTHETIC_DEMO
2022-12-07,LKA_CMB,MGO,783.08,SYNTHETIC_DEMO
2022-12-07,ARE_FUJ,VLSFO,594.16,SYNTHETIC_DEMO
2022-12-07,ARE_FUJ,MGO,756.34,SYNTHETIC_DEMO
2022-12-08,SGP_SIN,VLSFO,594.76,SYNTHETIC_DEMO
2022-12-08,SGP_SIN,MGO,764.75,SYNTHETIC_DEMO
2022-12-08,LKA_CMB,VLSFO,609.63,SYNTHETIC_DEMO
2022-12-08,LKA_CMB,MGO,783.87,SYNTHETIC_DEMO
2022-12-08,ARE_FUJ,VLSFO,588.82,SYNTHETIC_DEMO
2022-12-08,ARE_FUJ,MGO,757.11,SYNTHETIC_DEMO
2022-12-09,SGP_SIN,VLSFO,598.11,SYNTHETIC_DEMO
2022-12-09,SGP_SIN,MGO,773.97,SYNTHETIC_DEMO
2022-12-09,LKA_CMB,VLSFO,613.06,SYNTHETIC_DEMO
2022-12-09,LKA_CMB,MGO,793.32,SYNTHETIC_DEMO
2022-12-09,ARE_FUJ,VLSFO,592.13,SYNTHETIC_DEMO
2022-12-09,ARE_FUJ,MGO,766.23,SYNTHETIC_DEMO
2022-12-10,SGP_SIN,VLSFO,601.63,SYNTHETIC_DEMO
2022-12-10,SGP_SIN,MGO,760.45,SYNTHETIC_DEMO
2022-12-10,LKA_CMB,VLSFO,616.68,SYNTHETIC_DEMO
2022-12-10,LKA_CMB,MGO,779.46,SYNTHETIC_DEMO
2022-12-10,ARE_FUJ,VLSFO,595.62,SYNTHETIC_DEMO
2022-12-10,ARE_FUJ,MGO,752.84,SYNTHETIC_DEMO
2022-12-11,SGP_SIN,VLSFO,595.28,SYNTHETIC_DEMO
2022-12-11,SGP_SIN,MGO,771.39,SYNTHETIC_DEMO
2022-12-11,LKA_CMB,VLSFO,610.16,SYNTHETIC_DEMO
2022-12-11,LKA_CMB,MGO,790.68,SYNTHETIC_DEMO
2022-12-11,ARE_FUJ,VLSFO,589.33,SYNTHETIC_DEMO
2022-12-11,ARE_FUJ,MGO,763.68,SYNTHETIC_DEMO
2022-12-12,SGP_SIN,VLSFO,604.55,SYNTHETIC_DEMO
2022-12-12,SGP_SIN,MGO,777.91,SYNTHETIC_DEMO
2022-12-12,LKA_CMB,VLSFO,619.67,SYNTHETIC_DEMO
2022-12-12,LKA_CMB,MGO,797.35,SYNTHETIC_DEMO
2022-12-12,ARE_FUJ,VLSFO,598.51,SYNTHETIC_DEMO
2022-12-12,ARE_FUJ,MGO,770.13,SYNTHETIC_DEMO
2022-12-13,SGP_SIN,VLSFO,599.16,SYNTHETIC_DEMO
2022-12-13,SGP_SIN,MGO,767.48,SYNTHETIC_DEMO
2022-12-13,LKA_CMB,VLSFO,614.14,SYNTHETIC_DEMO
2022-12-13,LKA_CMB,MGO,786.66,SYNTHETIC_DEMO
2022-12-13,ARE_FUJ,VLSFO,593.17,SYNTHETIC_DEMO
2022-12-13,ARE_FUJ,MGO,759.8,SYNTHETIC_DEMO
2022-12-14,SGP_SIN,VLSFO,589.77,SYNTHETIC_DEMO
2022-12-14,SGP_SIN,MGO,760.27,SYNTHETIC_DEMO
2022-12-14,LKA_CMB,VLSFO,604.52,SYNTHETIC_DEMO
2022-12-14,LKA_CMB,MGO,779.27,SYNTHETIC_DEMO
2022-12-14,ARE_FUJ,VLSFO,583.87,SYNTHETIC_DEMO
2022-12-14,ARE_FUJ,MGO,752.66,SYNTHETIC_DEMO
2022-12-15,SGP_SIN,VLSFO,606.15,SYNTHETIC_DEMO
2022-12-15,SGP_SIN,MGO,761.92,SYNTHETIC_DEMO
2022-12-15,LKA_CMB,VLSFO,621.3,SYNTHETIC_DEMO
2022-12-15,LKA_CMB,MGO,780.97,SYNTHETIC_DEMO
2022-12-15,ARE_FUJ,VLSFO,600.09,SYNTHETIC_DEMO
2022-12-15,ARE_FUJ,MGO,754.3,SYNTHETIC_DEMO
2022-12-16,SGP_SIN,VLSFO,598.88,SYNTHETIC_DEMO
2022-12-16,SGP_SIN,MGO,776.37,SYNTHETIC_DEMO
2022-12-16,LKA_CMB,VLSFO,613.85,SYNTHETIC_DEMO
2022-12-16,LKA_CMB,MGO,795.78,SYNTHETIC_DEMO
2022-12-16,ARE_FUJ,VLSFO,592.89,SYNTHETIC_DEMO
2022-12-16,ARE_FUJ,MGO,768.6,SYNTHETIC_DEMO
2022-12-17,SGP_SIN,VLSFO,598.11,SYNTHETIC_DEMO
2022-12-17,SGP_SIN,MGO,755.5,SYNTHETIC_DEMO
2022-12-17,LKA_CMB,VLSFO,613.06,SYNTHETIC_DEMO
2022-12-17,LKA_CMB,MGO,774.39,SYNTHETIC_DEMO
2022-12-17,ARE_FUJ,VLSFO,592.13,SYNTHETIC_DEMO
2022-12-17,ARE_FUJ,MGO,747.95,SYNTHETIC_DEMO
2022-12-18,SGP_SIN,VLSFO,586.69,SYNTHETIC_DEMO
2022-12-18,SGP_SIN,MGO,754.47,SYNTHETIC_DEMO
2022-12-18,LKA_CMB,VLSFO,601.36,SYNTHETIC_DEMO
2022-12-18,LKA_CMB,MGO,773.34,SYNTHETIC_DEMO
2022-12-18,ARE_FUJ,VLSFO,580.82,SYNTHETIC_DEMO
2022-12-18,ARE_FUJ,MGO,746.93,SYNTHETIC_DEMO
2022-12-19,SGP_SIN,VLSFO,587.98,SYNTHETIC_DEMO
2022-12-19,SGP_SIN,MGO,755.25,SYNTHETIC_DEMO
2022-12-19,LKA_CMB,VLSFO,602.68,SYNTHETIC_DEMO
2022-12-19,LKA_CMB,MGO,774.13,SYNTHETIC_DEMO
2022-12-19,ARE_FUJ,VLSFO,582.1,SYNTHETIC_DEMO
2022-12-19,ARE_FUJ,MGO,747.7,SYNTHETIC_DEMO
2022-12-20,SGP_SIN,VLSFO,593.64,SYNTHETIC_DEMO
2022-12-20,SGP_SIN,MGO,766.2,SYNTHETIC_DEMO
2022-12-20,LKA_CMB,VLSFO,608.48,SYNTHETIC_DEMO
2022-12-20,LKA_CMB,MGO,785.36,SYNTHETIC_DEMO
2022-12-20,ARE_FUJ,VLSFO,587.7,SYNTHETIC_DEMO
2022-12-20,ARE_FUJ,MGO,758.54,SYNTHETIC_DEMO
2022-12-21,SGP_SIN,VLSFO,595.66,SYNTHETIC_DEMO
2022-12-21,SGP_SIN,MGO,765.25,SYNTHETIC_DEMO
2022-12-21,LKA_CMB,VLSFO,610.56,SYNTHETIC_DEMO
2022-12-21,LKA_CMB,MGO,784.39,SYNTHETIC_DEMO
2022-12-21,ARE_FUJ,VLSFO,589.71,SYNTHETIC_DEMO
2022-12-21,ARE_FUJ,MGO,757.6,SYNTHETIC_DEMO
2022-12-22,SGP_SIN,VLSFO,605.05,SYNTHETIC_DEMO
2022-12-22,SGP_SIN,MGO,786.58,SYNTHETIC_DEMO
2022-12-22,LKA_CMB,VLSFO,620.18,SYNTHETIC_DEMO
2022-12-22,LKA_CMB,MGO,806.24,SYNTHETIC_DEMO
2022-12-22,ARE_FUJ,VLSFO,599.0,SYNTHETIC_DEMO
2022-12-22,ARE_FUJ,MGO,778.71,SYNTHETIC_DEMO
2022-12-23,SGP_SIN,VLSFO,584.73,SYNTHETIC_DEMO
2022-12-23,SGP_SIN,MGO,766.0,SYNTHETIC_DEMO
2022-12-23,LKA_CMB,VLSFO,599.35,SYNTHETIC_DEMO
2022-12-23,LKA_CMB,MGO,785.15,SYNTHETIC_DEMO
2022-12-23,ARE_FUJ,VLSFO,578.88,SYNTHETIC_DEMO
2022-12-23,ARE_FUJ,MGO,758.34,SYNTHETIC_DEMO
2022-12-24,SGP_SIN,VLSFO,587.77,SYNTHETIC_DEMO
2022-12-24,SGP_SIN,MGO,756.68,SYNTHETIC_DEMO
2022-12-24,LKA_CMB,VLSFO,602.47,SYNTHETIC_DEMO
2022-12-24,LKA_CMB,MGO,775.6,SYNTHETIC_DEMO
2022-12-24,ARE_FUJ,VLSFO,581.9,SYNTHETIC_DEMO
2022-12-24,ARE_FUJ,MGO,749.12,SYNTHETIC_DEMO
2022-12-25,SGP_SIN,VLSFO,567.98,SYNTHETIC_DEMO
2022-12-25,SGP_SIN,MGO,726.7,SYNTHETIC_DEMO
2022-12-25,LKA_CMB,VLSFO,582.18,SYNTHETIC_DEMO
2022-12-25,LKA_CMB,MGO,744.87,SYNTHETIC_DEMO
2022-12-25,ARE_FUJ,VLSFO,562.3,SYNTHETIC_DEMO
2022-12-25,ARE_FUJ,MGO,719.44,SYNTHETIC_DEMO
2022-12-26,SGP_SIN,VLSFO,583.02,SYNTHETIC_DEMO
2022-12-26,SGP_SIN,MGO,750.33,SYNTHETIC_DEMO
2022-12-26,LKA_CMB,VLSFO,597.6,SYNTHETIC_DEMO
2022-12-26,LKA_CMB,MGO,769.09,SYNTHETIC_DEMO
2022-12-26,ARE_FUJ,VLSFO,577.19,SYNTHETIC_DEMO
2022-12-26,ARE_FUJ,MGO,742.83,SYNTHETIC_DEMO
2022-12-27,SGP_SIN,VLSFO,588.26,SYNTHETIC_DEMO
2022-12-27,SGP_SIN,MGO,754.35,SYNTHETIC_DEMO
2022-12-27,LKA_CMB,VLSFO,602.97,SYNTHETIC_DEMO
2022-12-27,LKA_CMB,MGO,773.21,SYNTHETIC_DEMO
2022-12-27,ARE_FUJ,VLSFO,582.38,SYNTHETIC_DEMO
2022-12-27,ARE_FUJ,MGO,746.81,SYNTHETIC_DEMO
2022-12-28,SGP_SIN,VLSFO,594.68,SYNTHETIC_DEMO
2022-12-28,SGP_SIN,MGO,762.72,SYNTHETIC_DEMO
2022-12-28,LKA_CMB,VLSFO,609.54,SYNTHETIC_DEMO
2022-12-28,LKA_CMB,MGO,781.79,SYNTHETIC_DEMO
2022-12-28,ARE_FUJ,VLSFO,588.73,SYNTHETIC_DEMO
2022-12-28,ARE_FUJ,MGO,755.09,SYNTHETIC_DEMO
2022-12-29,SGP_SIN,VLSFO,605.63,SYNTHETIC_DEMO
2022-12-29,SGP_SIN,MGO,776.53,SYNTHETIC_DEMO
2022-12-29,LKA_CMB,VLSFO,620.78,SYNTHETIC_DEMO
2022-12-29,LKA_CMB,MGO,795.94,SYNTHETIC_DEMO
2022-12-29,ARE_FUJ,VLSFO,599.58,SYNTHETIC_DEMO
2022-12-29,ARE_FUJ,MGO,768.76,SYNTHETIC_DEMO
2022-12-30,SGP_SIN,VLSFO,612.96,SYNTHETIC_DEMO
2022-12-30,SGP_SIN,MGO,779.96,SYNTHETIC_DEMO
2022-12-30,LKA_CMB,VLSFO,628.29,SYNTHETIC_DEMO
2022-12-30,LKA_CMB,MGO,799.46,SYNTHETIC_DEMO
2022-12-30,ARE_FUJ,VLSFO,606.83,SYNTHETIC_DEMO
2022-12-30,ARE_FUJ,MGO,772.16,SYNTHETIC_DEMO
2022-12-31,SGP_SIN,VLSFO,612.92,SYNTHETIC_DEMO
2022-12-31,SGP_SIN,MGO,782.62,SYNTHETIC_DEMO
2022-12-31,LKA_CMB,VLSFO,628.25,SYNTHETIC_DEMO
2022-12-31,LKA_CMB,MGO,802.18,SYNTHETIC_DEMO
2022-12-31,ARE_FUJ,VLSFO,606.79,SYNTHETIC_DEMO
2022-12-31,ARE_FUJ,MGO,774.79,SYNTHETIC_DEMO
2023-01-01,SGP_SIN,VLSFO,618.77,SYNTHETIC_DEMO
2023-01-01,SGP_SIN,MGO,791.67,SYNTHETIC_DEMO
2023-01-01,LKA_CMB,VLSFO,634.24,SYNTHETIC_DEMO
2023-01-01,LKA_CMB,MGO,811.47,SYNTHETIC_DEMO
2023-01-01,ARE_FUJ,VLSFO,612.58,SYNTHETIC_DEMO
2023-01-01,ARE_FUJ,MGO,783.76,SYNTHETIC_DEMO
2023-01-02,SGP_SIN,VLSFO,599.5,SYNTHETIC_DEMO
2023-01-02,SGP_SIN,MGO,760.33,SYNTHETIC_DEMO
2023-01-02,LKA_CMB,VLSFO,614.49,SYNTHETIC_DEMO
2023-01-02,LKA_CMB,MGO,779.34,SYNTHETIC_DEMO
2023-01-02,ARE_FUJ,VLSFO,593.5,SYNTHETIC_DEMO
2023-01-02,ARE_FUJ,MGO,752.72,SYNTHETIC_DEMO
2023-01-03,SGP_SIN,VLSFO,604.57,SYNTHETIC_DEMO
2023-01-03,SGP_SIN,MGO,781.61,SYNTHETIC_DEMO
2023-01-03,LKA_CMB,VLSFO,619.69,SYNTHETIC_DEMO
2023-01-03,LKA_CMB,MGO,801.15,SYNTHETIC_DEMO
2023-01-03,ARE_FUJ,VLSFO,598.53,SYNTHETIC_DEMO
2023-01-03,ARE_FUJ,MGO,773.79,SYNTHETIC_DEMO
2023-01-04,SGP_SIN,VLSFO,607.19,SYNTHETIC_DEMO
2023-01-04,SGP_SIN,MGO,765.08,SYNTHETIC_DEMO
2023-01-04,LKA_CMB,VLSFO,622.37,SYNTHETIC_DEMO
2023-01-04,LKA_CMB,MGO,784.21,SYNTHETIC_DEMO
2023-01-04,ARE_FUJ,VLSFO,601.12,SYNTHETIC_DEMO
2023-01-04,ARE_FUJ,MGO,757.43,SYNTHETIC_DEMO
2023-01-05,SGP_SIN,VLSFO,611.62,SYNTHETIC_DEMO
2023-01-05,SGP_SIN,MGO,793.23,SYNTHETIC_DEMO
2023-01-05,LKA_CMB,VLSFO,626.91,SYNTHETIC_DEMO
2023-01-05,LKA_CMB,MGO,813.06,SYNTHETIC_DEMO
2023-01-05,ARE_FUJ,VLSFO,605.5,SYNTHETIC_DEMO
2023-01-05,ARE_FUJ,MGO,785.3,SYNTHETIC_DEMO
2023-01-06,SGP_SIN,VLSFO,615.22,SYNTHETIC_DEMO
2023-01-06,SGP_SIN,MGO,785.99,SYNTHETIC_DEMO
2023-01-06,LKA_CMB,VLSFO,630.6,SYNTHETIC_DEMO
2023-01-06,LKA_CMB,MGO,805.64,SYNTHETIC_DEMO
2023-01-06,ARE_FUJ,VLSFO,609.07,SYNTHETIC_DEMO
2023-01-06,ARE_FUJ,MGO,778.13,SYNTHETIC_DEMO
2023-01-07,SGP_SIN,VLSFO,614.42,SYNTHETIC_DEMO
2023-01-07,SGP_SIN,MGO,776.92,SYNTHETIC_DEMO
2023-01-07,LKA_CMB,VLSFO,629.78,SYNTHETIC_DEMO
2023-01-07,LKA_CMB,MGO,796.34,SYNTHETIC_DEMO
2023-01-07,ARE_FUJ,VLSFO,608.28,SYNTHETIC_DEMO
2023-01-07,ARE_FUJ,MGO,769.15,SYNTHETIC_DEMO
2023-01-08,SGP_SIN,VLSFO,597.32,SYNTHETIC_DEMO
2023-01-08,SGP_SIN,MGO,772.62,SYNTHETIC_DEMO
2023-01-08,LKA_CMB,VLSFO,612.25,SYNTHETIC_DEMO
2023-01-08,LKA_CMB,MGO,791.94,SYNTHETIC_DEMO
2023-01-08,ARE_FUJ,VLSFO,591.35,SYNTHETIC_DEMO
2023-01-08,ARE_FUJ,MGO,764.89,SYNTHETIC_DEMO
2023-01-09,SGP_SIN,VLSFO,598.44,SYNTHETIC_DEMO
2023-01-09,SGP_SIN,MGO,771.97,SYNTHETIC_DEMO
2023-01-09,LKA_CMB,VLSFO,613.4,SYNTHETIC_DEMO
2023-01-09,LKA_CMB,MGO,791.27,SYNTHETIC_DEMO
2023-01-09,ARE_FUJ,VLSFO,592.46,SYNTHETIC_DEMO
2023-01-09,ARE_FUJ,MGO,764.25,SYNTHETIC_DEMO
2023-01-10,SGP_SIN,VLSFO,600.61,SYNTHETIC_DEMO
2023-01-10,SGP_SIN,MGO,768.28,SYNTHETIC_DEMO
2023-01-10,LKA_CMB,VLSFO,615.63,SYNTHETIC_DEMO
2023-01-10,LKA_CMB,MGO,787.49,SYNTHETIC_DEMO
2023-01-10,ARE_FUJ,VLSFO,594.61,SYNTHETIC_DEMO
2023-01-10,ARE_FUJ,MGO,760.6,SYNTHETIC_DEMO
2023-01-11,SGP_SIN,VLSFO,614.37,SYNTHETIC_DEMO
2023-01-11,SGP_SIN,MGO,801.4,SYNTHETIC_DEMO
2023-01-11,LKA_CMB,VLSFO,629.73,SYNTHETIC_DEMO
2023-01-11,LKA_CMB,MGO,821.43,SYNTHETIC_DEMO
2023-01-11,ARE_FUJ,VLSFO,608.23,SYNTHETIC_DEMO
2023-01-11,ARE_FUJ,MGO,793.39,SYNTHETIC_DEMO
2023-01-12,SGP_SIN,VLSFO,600.99,SYNTHETIC_DEMO
2023-01-12,SGP_SIN,MGO,777.7,SYNTHETIC_DEMO
2023-01-12,LKA_CMB,VLSFO,616.01,SYNTHETIC_DEMO
2023-01-12,LKA_CMB,MGO,797.14,SYNTHETIC_DEMO
2023-01-12,ARE_FUJ,VLSFO,594.98,SYNTHETIC_DEMO
2023-01-12,ARE_FUJ,MGO,769.92,SYNTHETIC_DEMO
2023-01-13,SGP_SIN,VLSFO,600.2,SYNTHETIC_DEMO
2023-01-13,SGP_SIN,MGO,766.96,SYNTHETIC_DEMO
2023-01-13,LKA_CMB,VLSFO,615.21,SYNTHETIC_DEMO
2023-01-13,LKA_CMB,MGO,786.14,SYNTHETIC_DEMO
2023-01-13,ARE_FUJ,VLSFO,594.2,SYNTHETIC_DEMO
2023-01-13,ARE_FUJ,MGO,759.29,SYNTHETIC_DEMO
2023-01-14,SGP_SIN,VLSFO,591.11,SYNTHETIC_DEMO
2023-01-14,SGP_SIN,MGO,757.03,SYNTHETIC_DEMO
2023-01-14,LKA_CMB,VLSFO,605.89,SYNTHETIC_DEMO
2023-01-14,LKA_CMB,MGO,775.96,SYNTHETIC_DEMO
2023-01-14,ARE_FUJ,VLSFO,585.2,SYNTHETIC_DEMO
2023-01-14,ARE_FUJ,MGO,749.46,SYNTHETIC_DEMO
2023-01-15,SGP_SIN,VLSFO,620.45,SYNTHETIC_DEMO
2023-01-15,SGP_SIN,MGO,808.89,SYNTHETIC_DEMO
2023-01-15,LKA_CMB,VLSFO,635.96,SYNTHETIC_DEMO
2023-01-15,LKA_CMB,MGO,829.11,SYNTHETIC_DEMO
2023-01-15,ARE_FUJ,VLSFO,614.25,SYNTHETIC_DEMO
2023-01-15,ARE_FUJ,MGO,800.8,SYNTHETIC_DEMO
2023-01-16,SGP_SIN,VLSFO,607.14,SYNTHETIC_DEMO
2023-01-16,SGP_SIN,MGO,784.03,SYNTHETIC_DEMO
2023-01-16,LKA_CMB,VLSFO,622.32,SYNTHETIC_DEMO
2023-01-16,LKA_CMB,MGO,803.63,SYNTHETIC_DEMO
2023-01-16,ARE_FUJ,VLSFO,601.07,SYNTHETIC_DEMO
2023-01-16,ARE_FUJ,MGO,776.19,SYNTHETIC_DEMO
2023-01-17,SGP_SIN,VLSFO,618.62,SYNTHETIC_DEMO
2023-01-17,SGP_SIN,MGO,779.59,SYNTHETIC_DEMO
2023-01-17,LKA_CMB,VLSFO,634.08,SYNTHETIC_DEMO
2023-01-17,LKA_CMB,MGO,799.08,SYNTHETIC_DEMO
2023-01-17,ARE_FUJ,VLSFO,612.43,SYNTHETIC_DEMO
2023-01-17,ARE_FUJ,MGO,771.79,SYNTHETIC_DEMO
2023-01-18,SGP_SIN,VLSFO,604.7,SYNTHETIC_DEMO
2023-01-18,SGP_SIN,MGO,789.15,SYNTHETIC_DEMO
2023-01-18,LKA_CMB,VLSFO,619.82,SYNTHETIC_DEMO
2023-01-18,LKA_CMB,MGO,808.88,SYNTHETIC_DEMO
2023-01-18,ARE_FUJ,VLSFO,598.65,SYNTHETIC_DEMO
2023-01-18,ARE_FUJ,MGO,781.26,SYNTHETIC_DEMO
2023-01-19,SGP_SIN,VLSFO,627.31,SYNTHETIC_DEMO
2023-01-19,SGP_SIN,MGO,814.8,SYNTHETIC_DEMO
2023-01-19,LKA_CMB,VLSFO,642.99,SYNTHETIC_DEMO
2023-01-19,LKA_CMB,MGO,835.17,SYNTHETIC_DEMO
2023-01-19,ARE_FUJ,VLSFO,621.03,SYNTHETIC_DEMO
2023-01-19,ARE_FUJ,MGO,806.65,SYNTHETIC_DEMO
2023-01-20,SGP_SIN,VLSFO,601.28,SYNTHETIC_DEMO
2023-01-20,SGP_SIN,MGO,772.91,SYNTHETIC_DEMO
2023-01-20,LKA_CMB,VLSFO,616.31,SYNTHETIC_DEMO
2023-01-20,LKA_CMB,MGO,792.24,SYNTHETIC_DEMO
2023-01-20,ARE_FUJ,VLSFO,595.26,SYNTHETIC_DEMO
2023-01-20,ARE_FUJ,MGO,765.18,SYNTHETIC_DEMO
2023-01-21,SGP_SIN,VLSFO,616.94,SYNTHETIC_DEMO
2023-01-21,SGP_SIN,MGO,785.24,SYNTHETIC_DEMO
2023-01-21,LKA_CMB,VLSFO,632.36,SYNTHETIC_DEMO
2023-01-21,LKA_CMB,MGO,804.87,SYNTHETIC_DEMO
2023-01-21,ARE_FUJ,VLSFO,610.77,SYNTHETIC_DEMO
2023-01-21,ARE_FUJ,MGO,777.39,SYNTHETIC_DEMO
2023-01-22,SGP_SIN,VLSFO,610.99,SYNTHETIC_DEMO
2023-01-22,SGP_SIN,MGO,782.05,SYNTHETIC_DEMO
2023-01-22,LKA_CMB,VLSFO,626.27,SYNTHETIC_DEMO
2023-01-22,LKA_CMB,MGO,801.6,SYNTHETIC_DEMO
2023-01-22,ARE_FUJ,VLSFO,604.88,SYNTHETIC_DEMO
2023-01-22,ARE_FUJ,MGO,774.23,SYNTHETIC_DEMO
2023-01-23,SGP_SIN,VLSFO,612.27,SYNTHETIC_DEMO
2023-01-23,SGP_SIN,MGO,772.63,SYNTHETIC_DEMO
2023-01-23,LKA_CMB,VLSFO,627.58,SYNTHETIC_DEMO
2023-01-23,LKA_CMB,MGO,791.94,SYNTHETIC_DEMO
2023-01-23,ARE_FUJ,VLSFO,606.15,SYNTHETIC_DEMO
2023-01-23,ARE_FUJ,MGO,764.9,SYNTHETIC_DEMO
2023-01-24,SGP_SIN,VLSFO,604.14,SYNTHETIC_DEMO
2023-01-24,SGP_SIN,MGO,769.13,SYNTHETIC_DEMO
2023-01-24,LKA_CMB,VLSFO,619.25,SYNTHETIC_DEMO
2023-01-24,LKA_CMB,MGO,788.36,SYNTHETIC_DEMO
2023-01-24,ARE_FUJ,VLSFO,598.1,SYNTHETIC_DEMO
2023-01-24,ARE_FUJ,MGO,761.44,SYNTHETIC_DEMO
2023-01-25,SGP_SIN,VLSFO,611.42,SYNTHETIC_DEMO
2023-01-25,SGP_SIN,MGO,774.17,SYNTHETIC_DEMO
2023-01-25,LKA_CMB,VLSFO,626.7,SYNTHETIC_DEMO
2023-01-25,LKA_CMB,MGO,793.52,SYNTHETIC_DEMO
2023-01-25,ARE_FUJ,VLSFO,605.3,SYNTHETIC_DEMO
2023-01-25,ARE_FUJ,MGO,766.43,SYNTHETIC_DEMO
2023-01-26,SGP_SIN,VLSFO,606.18,SYNTHETIC_DEMO
2023-01-26,SGP_SIN,MGO,789.5,SYNTHETIC_DEMO
2023-01-26,LKA_CMB,VLSFO,621.33,SYNTHETIC_DEMO
2023-01-26,LKA_CMB,MGO,809.23,SYNTHETIC_DEMO
2023-01-26,ARE_FUJ,VLSFO,600.12,SYNTHETIC_DEMO
2023-01-26,ARE_FUJ,MGO,781.6,SYNTHETIC_DEMO
2023-01-27,SGP_SIN,VLSFO,599.24,SYNTHETIC_DEMO
2023-01-27,SGP_SIN,MGO,767.04,SYNTHETIC_DEMO
2023-01-27,LKA_CMB,VLSFO,614.22,SYNTHETIC_DEMO
2023-01-27,LKA_CMB,MGO,786.21,SYNTHETIC_DEMO
2023-01-27,ARE_FUJ,VLSFO,593.25,SYNTHETIC_DEMO
2023-01-27,ARE_FUJ,MGO,759.37,SYNTHETIC_DEMO
2023-01-28,SGP_SIN,VLSFO,599.11,SYNTHETIC_DEMO
2023-01-28,SGP_SIN,MGO,746.59,SYNTHETIC_DEMO
2023-01-28,LKA_CMB,VLSFO,614.09,SYNTHETIC_DEMO
2023-01-28,LKA_CMB,MGO,765.25,SYNTHETIC_DEMO
2023-01-28,ARE_FUJ,VLSFO,593.12,SYNTHETIC_DEMO
2023-01-28,ARE_FUJ,MGO,739.12,SYNTHETIC_DEMO
2023-01-29,SGP_SIN,VLSFO,593.8,SYNTHETIC_DEMO
2023-01-29,SGP_SIN,MGO,762.17,SYNTHETIC_DEMO
2023-01-29,LKA_CMB,VLSFO,608.64,SYNTHETIC_DEMO
2023-01-29,LKA_CMB,MGO,781.22,SYNTHETIC_DEMO
2023-01-29,ARE_FUJ,VLSFO,587.86,SYNTHETIC_DEMO
2023-01-29,ARE_FUJ,MGO,754.55,SYNTHETIC_DEMO
2023-01-30,SGP_SIN,VLSFO,598.16,SYNTHETIC_DEMO
2023-01-30,SGP_SIN,MGO,768.06,SYNTHETIC_DEMO
2023-01-30,LKA_CMB,VLSFO,613.12,SYNTHETIC_DEMO
2023-01-30,LKA_CMB,MGO,787.26,SYNTHETIC_DEMO
2023-01-30,ARE_FUJ,VLSFO,592.18,SYNTHETIC_DEMO
2023-01-30,ARE_FUJ,MGO,760.38,SYNTHETIC_DEMO
2023-01-31,SGP_SIN,VLSFO,613.59,SYNTHETIC_DEMO
2023-01-31,SGP_SIN,MGO,787.89,SYNTHETIC_DEMO
2023-01-31,LKA_CMB,VLSFO,628.93,SYNTHETIC_DEMO
2023-01-31,LKA_CMB,MGO,807.59,SYNTHETIC_DEMO
2023-01-31,ARE_FUJ,VLSFO,607.46,SYNTHETIC_DEMO
2023-01-31,ARE_FUJ,MGO,780.01,SYNTHETIC_DEMO
2023-02-01,SGP_SIN,VLSFO,603.46,SYNTHETIC_DEMO
2023-02-01,SGP_SIN,MGO,784.6,SYNTHETIC_DEMO
2023-02-01,LKA_CMB,VLSFO,618.55,SYNTHETIC_DEMO
2023-02-01,LKA_CMB,MGO,804.22,SYNTHETIC_DEMO
2023-02-01,ARE_FUJ,VLSFO,597.43,SYNTHETIC_DEMO
2023-02-01,ARE_FUJ,MGO,776.76,SYNTHETIC_DEMO
2023-02-02,SGP_SIN,VLSFO,600.45,SYNTHETIC_DEMO
2023-02-02,SGP_SIN,MGO,763.75,SYNTHETIC_DEMO
2023-02-02,LKA_CMB,VLSFO,615.46,SYNTHETIC_DEMO
2023-02-02,LKA_CMB,MGO,782.84,SYNTHETIC_DEMO
2023-02-02,ARE_FUJ,VLSFO,594.44,SYNTHETIC_DEMO
2023-02-02,ARE_FUJ,MGO,756.11,SYNTHETIC_DEMO
2023-02-03,SGP_SIN,VLSFO,601.23,SYNTHETIC_DEMO
2023-02-03,SGP_SIN,MGO,774.07,SYNTHETIC_DEMO
2023-02-03,LKA_CMB,VLSFO,616.26,SYNTHETIC_DEMO
2023-02-03,LKA_CMB,MGO,793.42,SYNTHETIC_DEMO
2023-02-03,ARE_FUJ,VLSFO,595.22,SYNTHETIC_DEMO
2023-02-03,ARE_FUJ,MGO,766.33,SYNTHETIC_DEMO
2023-02-04,SGP_SIN,VLSFO,603.97,SYNTHETIC_DEMO
2023-02-04,SGP_SIN,MGO,772.99,SYNTHETIC_DEMO
2023-02-04,LKA_CMB,VLSFO,619.06,SYNTHETIC_DEMO
2023-02-04,LKA_CMB,MGO,792.32,SYNTHETIC_DEMO
2023-02-04,ARE_FUJ,VLSFO,597.93,SYNTHETIC_DEMO
2023-02-04,ARE_FUJ,MGO,765.26,SYNTHETIC_DEMO
2023-02-05,SGP_SIN,VLSFO,609.27,SYNTHETIC_DEMO
2023-02-05,SGP_SIN,MGO,782.19,SYNTHETIC_DEMO
2023-02-05,LKA_CMB,VLSFO,624.51,SYNTHETIC_DEMO
2023-02-05,LKA_CMB,MGO,801.75,SYNTHETIC_DEMO
2023-02-05,ARE_FUJ,VLSFO,603.18,SYNTHETIC_DEMO
2023-02-05,ARE_FUJ,MGO,774.37,SYNTHETIC_DEMO
2023-02-06,SGP_SIN,VLSFO,618.12,SYNTHETIC_DEMO
2023-02-06,SGP_SIN,MGO,788.54,SYNTHETIC_DEMO
2023-02-06,LKA_CMB,VLSFO,633.57,SYNTHETIC_DEMO
2023-02-06,LKA_CMB,MGO,808.26,SYNTHETIC_DEMO
2023-02-06,ARE_FUJ,VLSFO,611.94,SYNTHETIC_DEMO
2023-02-06,ARE_FUJ,MGO,780.66,SYNTHETIC_DEMO
2023-02-07,SGP_SIN,VLSFO,605.52,SYNTHETIC_DEMO
2023-02-07,SGP_SIN,MGO,779.18,SYNTHETIC_DEMO
2023-02-07,LKA_CMB,VLSFO,620.66,SYNTHETIC_DEMO
2023-02-07,LKA_CMB,MGO,798.66,SYNTHETIC_DEMO
2023-02-07,ARE_FUJ,VLSFO,599.46,SYNTHETIC_DEMO
2023-02-07,ARE_FUJ,MGO,771.39,SYNTHETIC_DEMO
2023-02-08,SGP_SIN,VLSFO,624.08,SYNTHETIC_DEMO
2023-02-08,SGP_SIN,MGO,798.25,SYNTHETIC_DEMO
2023-02-08,LKA_CMB,VLSFO,639.68,SYNTHETIC_DEMO
2023-02-08,LKA_CMB,MGO,818.21,SYNTHETIC_DEMO
2023-02-08,ARE_FUJ,VLSFO,617.84,SYNTHETIC_DEMO
2023-02-08,ARE_FUJ,MGO,790.27,SYNTHETIC_DEMO
2023-02-09,SGP_SIN,VLSFO,618.63,SYNTHETIC_DEMO
2023-02-09,SGP_SIN,MGO,794.82,SYNTHETIC_DEMO
2023-02-09,LKA_CMB,VLSFO,634.09,SYNTHETIC_DEMO
2023-02-09,LKA_CMB,MGO,814.69,SYNTHETIC_DEMO
2023-02-09,ARE_FUJ,VLSFO,612.44,SYNTHETIC_DEMO
2023-02-09,ARE_FUJ,MGO,786.88,SYNTHETIC_DEMO
2023-02-10,SGP_SIN,VLSFO,612.78,SYNTHETIC_DEMO
2023-02-10,SGP_SIN,MGO,786.19,SYNTHETIC_DEMO
2023-02-10,LKA_CMB,VLSFO,628.09,SYNTHETIC_DEMO
2023-02-10,LKA_CMB,MGO,805.84,SYNTHETIC_DEMO
2023-02-10,ARE_FUJ,VLSFO,606.65,SYNTHETIC_DEMO
2023-02-10,ARE_FUJ,MGO,778.32,SYNTHETIC_DEMO
2023-02-11,SGP_SIN,VLSFO,606.22,SYNTHETIC_DEMO
2023-02-11,SGP_SIN,MGO,774.93,SYNTHETIC_DEMO
2023-02-11,LKA_CMB,VLSFO,621.37,SYNTHETIC_DEMO
2023-02-11,LKA_CMB,MGO,794.3,SYNTHETIC_DEMO
2023-02-11,ARE_FUJ,VLSFO,600.16,SYNTHETIC_DEMO
2023-02-11,ARE_FUJ,MGO,767.18,SYNTHETIC_DEMO
2023-02-12,SGP_SIN,VLSFO,615.71,SYNTHETIC_DEMO
2023-02-12,SGP_SIN,MGO,790.23,SYNTHETIC_DEMO
2023-02-12,LKA_CMB,VLSFO,631.1,SYNTHETIC_DEMO
2023-02-12,LKA_CMB,MGO,809.98,SYNTHETIC_DEMO
2023-02-12,ARE_FUJ,VLSFO,609.55,SYNTHETIC_DEMO
2023-02-12,ARE_FUJ,MGO,782.33,SYNTHETIC_DEMO
2023-02-13,SGP_SIN,VLSFO,608.1,SYNTHETIC_DEMO
2023-02-13,SGP_SIN,MGO,779.01,SYNTHETIC_DEMO
2023-02-13,LKA_CMB,VLSFO,623.3,SYNTHETIC_DEMO
2023-02-13,LKA_CMB,MGO,798.49,SYNTHETIC_DEMO
2023-02-13,ARE_FUJ,VLSFO,602.01,SYNTHETIC_DEMO
2023-02-13,ARE_FUJ,MGO,771.22,SYNTHETIC_DEMO
2023-02-14,SGP_SIN,VLSFO,612.65,SYNTHETIC_DEMO
2023-02-14,SGP_SIN,MGO,786.86,SYNTHETIC_DEMO
2023-02-14,LKA_CMB,VLSFO,627.97,SYNTHETIC_DEMO
2023-02-14,LKA_CMB,MGO,806.53,SYNTHETIC_DEMO
2023-02-14,ARE_FUJ,VLSFO,606.53,SYNTHETIC_DEMO
2023-02-14,ARE_FUJ,MGO,778.99,SYNTHETIC_DEMO
2023-02-15,SGP_SIN,VLSFO,607.69,SYNTHETIC_DEMO
2023-02-15,SGP_SIN,MGO,774.46,SYNTHETIC_DEMO
2023-02-15,LKA_CMB,VLSFO,622.88,SYNTHETIC_DEMO
2023-02-15,LKA_CMB,MGO,793.82,SYNTHETIC_DEMO
2023-02-15,ARE_FUJ,VLSFO,601.61,SYNTHETIC_DEMO
2023-02-15,ARE_FUJ,MGO,766.71,SYNTHETIC_DEMO
2023-02-16,SGP_SIN,VLSFO,618.38,SYNTHETIC_DEMO
2023-02-16,SGP_SIN,MGO,789.97,SYNTHETIC_DEMO
2023-02-16,LKA_CMB,VLSFO,633.84,SYNTHETIC_DEMO
2023-02-16,LKA_CMB,MGO,809.72,SYNTHETIC_DEMO
2023-02-16,ARE_FUJ,VLSFO,612.19,SYNTHETIC_DEMO
2023-02-16,ARE_FUJ,MGO,782.07,SYNTHETIC_DEMO
2023-02-17,SGP_SIN,VLSFO,632.21,SYNTHETIC_DEMO
2023-02-17,SGP_SIN,MGO,797.12,SYNTHETIC_DEMO
2023-02-17,LKA_CMB,VLSFO,648.01,SYNTHETIC_DEMO
2023-02-17,LKA_CMB,MGO,817.05,SYNTHETIC_DEMO
2023-02-17,ARE_FUJ,VLSFO,625.88,SYNTHETIC_DEMO
2023-02-17,ARE_FUJ,MGO,789.15,SYNTHETIC_DEMO
2023-02-18,SGP_SIN,VLSFO,606.01,SYNTHETIC_DEMO
2023-02-18,SGP_SIN,MGO,768.95,SYNTHETIC_DEMO
2023-02-18,LKA_CMB,VLSFO,621.16,SYNTHETIC_DEMO
2023-02-18,LKA_CMB,MGO,788.18,SYNTHETIC_DEMO
2023-02-18,ARE_FUJ,VLSFO,599.95,SYNTHETIC_DEMO
2023-02-18,ARE_FUJ,MGO,761.27,SYNTHETIC_DEMO
2023-02-19,SGP_SIN,VLSFO,610.74,SYNTHETIC_DEMO
2023-02-19,SGP_SIN,MGO,768.42,SYNTHETIC_DEMO
2023-02-19,LKA_CMB,VLSFO,626.01,SYNTHETIC_DEMO
2023-02-19,LKA_CMB,MGO,787.63,SYNTHETIC_DEMO
2023-02-19,ARE_FUJ,VLSFO,604.63,SYNTHETIC_DEMO
2023-02-19,ARE_FUJ,MGO,760.74,SYNTHETIC_DEMO
2023-02-20,SGP_SIN,VLSFO,608.18,SYNTHETIC_DEMO
2023-02-20,SGP_SIN,MGO,772.65,SYNTHETIC_DEMO
2023-02-20,LKA_CMB,VLSFO,623.38,SYNTHETIC_DEMO
2023-02-20,LKA_CMB,MGO,791.96,SYNTHETIC_DEMO
2023-02-20,ARE_FUJ,VLSFO,602.1,SYNTHETIC_DEMO
2023-02-20,ARE_FUJ,MGO,764.92,SYNTHETIC_DEMO
2023-02-21,SGP_SIN,VLSFO,616.88,SYNTHETIC_DEMO
2023-02-21,SGP_SIN,MGO,800.19,SYNTHETIC_DEMO
2023-02-21,LKA_CMB,VLSFO,632.3,SYNTHETIC_DEMO
2023-02-21,LKA_CMB,MGO,820.19,SYNTHETIC_DEMO
2023-02-21,ARE_FUJ,VLSFO,610.71,SYNTHETIC_DEMO
2023-02-21,ARE_FUJ,MGO,792.19,SYNTHETIC_DEMO
2023-02-22,SGP_SIN,VLSFO,621.54,SYNTHETIC_DEMO
2023-02-22,SGP_SIN,MGO,789.9,SYNTHETIC_DEMO
2023-02-22,LKA_CMB,VLSFO,637.08,SYNTHETIC_DEMO
2023-02-22,LKA_CMB,MGO,809.65,SYNTHETIC_DEMO
2023-02-22,ARE_FUJ,VLSFO,615.32,SYNTHETIC_DEMO
2023-02-22,ARE_FUJ,MGO,782.0,SYNTHETIC_DEMO
2023-02-23,SGP_SIN,VLSFO,612.6,SYNTHETIC_DEMO
2023-02-23,SGP_SIN,MGO,799.51,SYNTHETIC_DEMO
2023-02-23,LKA_CMB,VLSFO,627.92,SYNTHETIC_DEMO
2023-02-23,LKA_CMB,MGO,819.5,SYNTHETIC_DEMO
2023-02-23,ARE_FUJ,VLSFO,606.47,SYNTHETIC_DEMO
2023-02-23,ARE_FUJ,MGO,791.52,SYNTHETIC_DEMO
2023-02-24,SGP_SIN,VLSFO,620.97,SYNTHETIC_DEMO
2023-02-24,SGP_SIN,MGO,788.37,SYNTHETIC_DEMO
2023-02-24,LKA_CMB,VLSFO,636.5,SYNTHETIC_DEMO
2023-02-24,LKA_CMB,MGO,808.08,SYNTHETIC_DEMO
2023-02-24,ARE_FUJ,VLSFO,614.76,SYNTHETIC_DEMO
2023-02-24,ARE_FUJ,MGO,780.49,SYNTHETIC_DEMO
2023-02-25,SGP_SIN,VLSFO,629.13,SYNTHETIC_DEMO
2023-02-25,SGP_SIN,MGO,795.43,SYNTHETIC_DEMO
2023-02-25,LKA_CMB,VLSFO,644.86,SYNTHETIC_DEMO
2023-02-25,LKA_CMB,MGO,815.31,SYNTHETIC_DEMO
2023-02-25,ARE_FUJ,VLSFO,622.84,SYNTHETIC_DEMO
2023-02-25,ARE_FUJ,MGO,787.47,SYNTHETIC_DEMO
2023-02-26,SGP_SIN,VLSFO,622.55,SYNTHETIC_DEMO
2023-02-26,SGP_SIN,MGO,796.28,SYNTHETIC_DEMO
2023-02-26,LKA_CMB,VLSFO,638.12,SYNTHETIC_DEMO
2023-02-26,LKA_CMB,MGO,816.19,SYNTHETIC_DEMO
2023-02-26,ARE_FUJ,VLSFO,616.33,SYNTHETIC_DEMO
2023-02-26,ARE_FUJ,MGO,788.32,SYNTHETIC_DEMO
2023-02-27,SGP_SIN,VLSFO,618.47,SYNTHETIC_DEMO
2023-02-27,SGP_SIN,MGO,793.6,SYNTHETIC_DEMO
2023-02-27,LKA_CMB,VLSFO,633.93,SYNTHETIC_DEMO
2023-02-27,LKA_CMB,MGO,813.44,SYNTHETIC_DEMO
2023-02-27,ARE_FUJ,VLSFO,612.28,SYNTHETIC_DEMO
2023-02-27,ARE_FUJ,MGO,785.66,SYNTHETIC_DEMO
2023-02-28,SGP_SIN,VLSFO,619.9,SYNTHETIC_DEMO
2023-02-28,SGP_SIN,MGO,784.83,SYNTHETIC_DEMO
2023-02-28,LKA_CMB,VLSFO,635.4,SYNTHETIC_DEMO
2023-02-28,LKA_CMB,MGO,804.45,SYNTHETIC_DEMO
2023-02-28,ARE_FUJ,VLSFO,613.7,SYNTHETIC_DEMO
2023-02-28,ARE_FUJ,MGO,776.98,SYNTHETIC_DEMO
2023-03-01,SGP_SIN,VLSFO,611.11,SYNTHETIC_DEMO
2023-03-01,SGP_SIN,MGO,782.06,SYNTHETIC_DEMO
2023-03-01,LKA_CMB,VLSFO,626.39,SYNTHETIC_DEMO
2023-03-01,LKA_CMB,MGO,801.61,SYNTHETIC_DEMO
2023-03-01,ARE_FUJ,VLSFO,605.0,SYNTHETIC_DEMO
2023-03-01,ARE_FUJ,MGO,774.24,SYNTHETIC_DEMO
2023-03-02,SGP_SIN,VLSFO,619.03,SYNTHETIC_DEMO
2023-03-02,SGP_SIN,MGO,777.64,SYNTHETIC_DEMO
2023-03-02,LKA_CMB,VLSFO,634.51,SYNTHETIC_DEMO
2023-03-02,LKA_CMB,MGO,797.08,SYNTHETIC_DEMO
2023-03-02,ARE_FUJ,VLSFO,612.84,SYNTHETIC_DEMO
2023-03-02,ARE_FUJ,MGO,769.87,SYNTHETIC_DEMO
2023-03-03,SGP_SIN,VLSFO,623.64,SYNTHETIC_DEMO
2023-03-03,SGP_SIN,MGO,798.99,SYNTHETIC_DEMO
2023-03-03,LKA_CMB,VLSFO,639.23,SYNTHETIC_DEMO
2023-03-03,LKA_CMB,MGO,818.97,SYNTHETIC_DEMO
2023-03-03,ARE_FUJ,VLSFO,617.41,SYNTHETIC_DEMO
2023-03-03,ARE_FUJ,MGO,791.0,SYNTHETIC_DEMO
2023-03-04,SGP_SIN,VLSFO,622.47,SYNTHETIC_DEMO
2023-03-04,SGP_SIN,MGO,785.81,SYNTHETIC_DEMO
2023-03-04,LKA_CMB,VLSFO,638.03,SYNTHETIC_DEMO
2023-03-04,LKA_CMB,MGO,805.45,SYNTHETIC_DEMO
2023-03-04,ARE_FUJ,VLSFO,616.24,SYNTHETIC_DEMO
2023-03-04,ARE_FUJ,MGO,777.95,SYNTHETIC_DEMO
2023-03-05,SGP_SIN,VLSFO,620.14,SYNTHETIC_DEMO
2023-03-05,SGP_SIN,MGO,797.38,SYNTHETIC_DEMO
2023-03-05,LKA_CMB,VLSFO,635.64,SYNTHETIC_DEMO
2023-03-05,LKA_CMB,MGO,817.31,SYNTHETIC_DEMO
2023-03-05,ARE_FUJ,VLSFO,613.94,SYNTHETIC_DEMO
2023-03-05,ARE_FUJ,MGO,789.4,SYNTHETIC_DEMO
2023-03-06,SGP_SIN,VLSFO,633.72,SYNTHETIC_DEMO
2023-03-06,SGP_SIN,MGO,805.87,SYNTHETIC_DEMO
2023-03-06,LKA_CMB,VLSFO,649.56,SYNTHETIC_DEMO
2023-03-06,LKA_CMB,MGO,826.01,SYNTHETIC_DEMO
2023-03-06,ARE_FUJ,VLSFO,627.38,SYNTHETIC_DEMO
2023-03-06,ARE_FUJ,MGO,797.81,SYNTHETIC_DEMO
2023-03-07,SGP_SIN,VLSFO,632.98,SYNTHETIC_DEMO
2023-03-07,SGP_SIN,MGO,812.0,SYNTHETIC_DEMO
2023-03-07,LKA_CMB,VLSFO,648.81,SYNTHETIC_DEMO
2023-03-07,LKA_CMB,MGO,832.3,SYNTHETIC_DEMO
2023-03-07,ARE_FUJ,VLSFO,626.65,SYNTHETIC_DEMO
2023-03-07,ARE_FUJ,MGO,803.88,SYNTHETIC_DEMO
2023-03-08,SGP_SIN,VLSFO,638.03,SYNTHETIC_DEMO
2023-03-08,SGP_SIN,MGO,818.24,SYNTHETIC_DEMO
2023-03-08,LKA_CMB,VLSFO,653.98,SYNTHETIC_DEMO
2023-03-08,LKA_CMB,MGO,838.7,SYNTHETIC_DEMO
2023-03-08,ARE_FUJ,VLSFO,631.65,SYNTHETIC_DEMO
2023-03-08,ARE_FUJ,MGO,810.06,SYNTHETIC_DEMO
2023-03-09,SGP_SIN,VLSFO,615.84,SYNTHETIC_DEMO
2023-03-09,SGP_SIN,MGO,782.27,SYNTHETIC_DEMO
2023-03-09,LKA_CMB,VLSFO,631.24,SYNTHETIC_DEMO
2023-03-09,LKA_CMB,MGO,801.82,SYNTHETIC_DEMO
2023-03-09,ARE_FUJ,VLSFO,609.68,SYNTHETIC_DEMO
2023-03-09,ARE_FUJ,MGO,774.44,SYNTHETIC_DEMO
2023-03-10,SGP_SIN,VLSFO,638.89,SYNTHETIC_DEMO
2023-03-10,SGP_SIN,MGO,800.14,SYNTHETIC_DEMO
2023-03-10,LKA_CMB,VLSFO,654.86,SYNTHETIC_DEMO
2023-03-10,LKA_CMB,MGO,820.15,SYNTHETIC_DEMO
2023-03-10,ARE_FUJ,VLSFO,632.5,SYNTHETIC_DEMO
2023-03-10,ARE_FUJ,MGO,792.14,SYNTHETIC_DEMO
2023-03-11,SGP_SIN,VLSFO,621.94,SYNTHETIC_DEMO
2023-03-11,SGP_SIN,MGO,797.44,SYNTHETIC_DEMO
2023-03-11,LKA_CMB,VLSFO,637.49,SYNTHETIC_DEMO
2023-03-11,LKA_CMB,MGO,817.37,SYNTHETIC_DEMO
2023-03-11,ARE_FUJ,VLSFO,615.72,SYNTHETIC_DEMO
2023-03-11,ARE_FUJ,MGO,789.46,SYNTHETIC_DEMO
2023-03-12,SGP_SIN,VLSFO,630.05,SYNTHETIC_DEMO
2023-03-12,SGP_SIN,MGO,802.09,SYNTHETIC_DEMO
2023-03-12,LKA_CMB,VLSFO,645.8,SYNTHETIC_DEMO
2023-03-12,LKA_CMB,MGO,822.15,SYNTHETIC_DEMO
2023-03-12,ARE_FUJ,VLSFO,623.75,SYNTHETIC_DEMO
2023-03-12,ARE_FUJ,MGO,794.07,SYNTHETIC_DEMO
2023-03-13,SGP_SIN,VLSFO,624.13,SYNTHETIC_DEMO
2023-03-13,SGP_SIN,MGO,797.94,SYNTHETIC_DEMO
2023-03-13,LKA_CMB,VLSFO,639.73,SYNTHETIC_DEMO
2023-03-13,LKA_CMB,MGO,817.89,SYNTHETIC_DEMO
2023-03-13,ARE_FUJ,VLSFO,617.89,SYNTHETIC_DEMO
2023-03-13,ARE_FUJ,MGO,789.96,SYNTHETIC_DEMO
2023-03-14,SGP_SIN,VLSFO,625.04,SYNTHETIC_DEMO
2023-03-14,SGP_SIN,MGO,807.18,SYNTHETIC_DEMO
2023-03-14,LKA_CMB,VLSFO,640.67,SYNTHETIC_DEMO
2023-03-14,LKA_CMB,MGO,827.36,SYNTHETIC_DEMO
2023-03-14,ARE_FUJ,VLSFO,618.79,SYNTHETIC_DEMO
2023-03-14,ARE_FUJ,MGO,799.1,SYNTHETIC_DEMO
2023-03-15,SGP_SIN,VLSFO,622.98,SYNTHETIC_DEMO
2023-03-15,SGP_SIN,MGO,803.14,SYNTHETIC_DEMO
2023-03-15,LKA_CMB,VLSFO,638.56,SYNTHETIC_DEMO
2023-03-15,LKA_CMB,MGO,823.22,SYNTHETIC_DEMO
2023-03-15,ARE_FUJ,VLSFO,616.75,SYNTHETIC_DEMO
2023-03-15,ARE_FUJ,MGO,795.11,SYNTHETIC_DEMO
2023-03-16,SGP_SIN,VLSFO,636.63,SYNTHETIC_DEMO
2023-03-16,SGP_SIN,MGO,804.69,SYNTHETIC_DEMO
2023-03-16,LKA_CMB,VLSFO,652.54,SYNTHETIC_DEMO
2023-03-16,LKA_CMB,MGO,824.81,SYNTHETIC_DEMO
2023-03-16,ARE_FUJ,VLSFO,630.26,SYNTHETIC_DEMO
2023-03-16,ARE_FUJ,MGO,796.64,SYNTHETIC_DEMO
2023-03-17,SGP_SIN,VLSFO,634.09,SYNTHETIC_DEMO
2023-03-17,SGP_SIN,MGO,814.73,SYNTHETIC_DEMO
2023-03-17,LKA_CMB,VLSFO,649.94,SYNTHETIC_DEMO
2023-03-17,LKA_CMB,MGO,835.1,SYNTHETIC_DEMO
2023-03-17,ARE_FUJ,VLSFO,627.75,SYNTHETIC_DEMO
2023-03-17,ARE_FUJ,MGO,806.58,SYNTHETIC_DEMO
2023-03-18,SGP_SIN,VLSFO,635.64,SYNTHETIC_DEMO
2023-03-18,SGP_SIN,MGO,809.98,SYNTHETIC_DEMO
2023-03-18,LKA_CMB,VLSFO,651.53,SYNTHETIC_DEMO
2023-03-18,LKA_CMB,MGO,830.23,SYNTHETIC_DEMO
2023-03-18,ARE_FUJ,VLSFO,629.28,SYNTHETIC_DEMO
2023-03-18,ARE_FUJ,MGO,801.88,SYNTHETIC_DEMO
2023-03-19,SGP_SIN,VLSFO,620.83,SYNTHETIC_DEMO
2023-03-19,SGP_SIN,MGO,793.74,SYNTHETIC_DEMO
2023-03-19,LKA_CMB,VLSFO,636.35,SYNTHETIC_DEMO
2023-03-19,LKA_CMB,MGO,813.58,SYNTHETIC_DEMO
2023-03-19,ARE_FUJ,VLSFO,614.62,SYNTHETIC_DEMO
2023-03-19,ARE_FUJ,MGO,785.8,SYNTHETIC_DEMO
2023-03-20,SGP_SIN,VLSFO,633.22,SYNTHETIC_DEMO
2023-03-20,SGP_SIN,MGO,810.44,SYNTHETIC_DEMO
2023-03-20,LKA_CMB,VLSFO,649.05,SYNTHETIC_DEMO
2023-03-20,LKA_CMB,MGO,830.7,SYNTHETIC_DEMO
2023-03-20,ARE_FUJ,VLSFO,626.89,SYNTHETIC_DEMO
2023-03-20,ARE_FUJ,MGO,802.33,SYNTHETIC_DEMO
2023-03-21,SGP_SIN,VLSFO,637.23,SYNTHETIC_DEMO
2023-03-21,SGP_SIN,MGO,822.71,SYNTHETIC_DEMO
2023-03-21,LKA_CMB,VLSFO,653.17,SYNTHETIC_DEMO
2023-03-21,LKA_CMB,MGO,843.28,SYNTHETIC_DEMO
2023-03-21,ARE_FUJ,VLSFO,630.86,SYNTHETIC_DEMO
2023-03-21,ARE_FUJ,MGO,814.49,SYNTHETIC_DEMO
2023-03-22,SGP_SIN,VLSFO,624.11,SYNTHETIC_DEMO
2023-03-22,SGP_SIN,MGO,813.49,SYNTHETIC_DEMO
2023-03-22,LKA_CMB,VLSFO,639.71,SYNTHETIC_DEMO
2023-03-22,LKA_CMB,MGO,833.83,SYNTHETIC_DEMO
2023-03-22,ARE_FUJ,VLSFO,617.86,SYNTHETIC_DEMO
2023-03-22,ARE_FUJ,MGO,805.36,SYNTHETIC_DEMO
2023-03-23,SGP_SIN,VLSFO,618.71,SYNTHETIC_DEMO
2023-03-23,SGP_SIN,MGO,786.93,SYNTHETIC_DEMO
2023-03-23,LKA_CMB,VLSFO,634.17,SYNTHETIC_DEMO
2023-03-23,LKA_CMB,MGO,806.6,SYNTHETIC_DEMO
2023-03-23,ARE_FUJ,VLSFO,612.52,SYNTHETIC_DEMO
2023-03-23,ARE_FUJ,MGO,779.06,SYNTHETIC_DEMO
2023-03-24,SGP_SIN,VLSFO,615.59,SYNTHETIC_DEMO
2023-03-24,SGP_SIN,MGO,795.69,SYNTHETIC_DEMO
2023-03-24,LKA_CMB,VLSFO,630.98,SYNTHETIC_DEMO
2023-03-24,LKA_CMB,MGO,815.58,SYNTHETIC_DEMO
2023-03-24,ARE_FUJ,VLSFO,609.44,SYNTHETIC_DEMO
2023-03-24,ARE_FUJ,MGO,787.73,SYNTHETIC_DEMO
2023-03-25,SGP_SIN,VLSFO,621.73,SYNTHETIC_DEMO
2023-03-25,SGP_SIN,MGO,796.42,SYNTHETIC_DEMO
2023-03-25,LKA_CMB,VLSFO,637.28,SYNTHETIC_DEMO
2023-03-25,LKA_CMB,MGO,816.34,SYNTHETIC_DEMO
2023-03-25,ARE_FUJ,VLSFO,615.52,SYNTHETIC_DEMO
2023-03-25,ARE_FUJ,MGO,788.46,SYNTHETIC_DEMO
2023-03-26,SGP_SIN,VLSFO,619.52,SYNTHETIC_DEMO
2023-03-26,SGP_SIN,MGO,809.8,SYNTHETIC_DEMO
2023-03-26,LKA_CMB,VLSFO,635.01,SYNTHETIC_DEMO
2023-03-26,LKA_CMB,MGO,830.05,SYNTHETIC_DEMO
2023-03-26,ARE_FUJ,VLSFO,613.33,SYNTHETIC_DEMO
2023-03-26,ARE_FUJ,MGO,801.7,SYNTHETIC_DEMO
2023-03-27,SGP_SIN,VLSFO,636.02,SYNTHETIC_DEMO
2023-03-27,SGP_SIN,MGO,818.85,SYNTHETIC_DEMO
2023-03-27,LKA_CMB,VLSFO,651.92,SYNTHETIC_DEMO
2023-03-27,LKA_CMB,MGO,839.32,SYNTHETIC_DEMO
2023-03-27,ARE_FUJ,VLSFO,629.66,SYNTHETIC_DEMO
2023-03-27,ARE_FUJ,MGO,810.66,SYNTHETIC_DEMO
2023-03-28,SGP_SIN,VLSFO,608.58,SYNTHETIC_DEMO
2023-03-28,SGP_SIN,MGO,784.56,SYNTHETIC_DEMO
2023-03-28,LKA_CMB,VLSFO,623.79,SYNTHETIC_DEMO
2023-03-28,LKA_CMB,MGO,804.17,SYNTHETIC_DEMO
2023-03-28,ARE_FUJ,VLSFO,602.49,SYNTHETIC_DEMO
2023-03-28,ARE_FUJ,MGO,776.71,SYNTHETIC_DEMO
2023-03-29,SGP_SIN,VLSFO,617.52,SYNTHETIC_DEMO
2023-03-29,SGP_SIN,MGO,787.51,SYNTHETIC_DEMO
2023-03-29,LKA_CMB,VLSFO,632.95,SYNTHETIC_DEMO
2023-03-29,LKA_CMB,MGO,807.2,SYNTHETIC_DEMO
2023-03-29,ARE_FUJ,VLSFO,611.34,SYNTHETIC_DEMO
2023-03-29,ARE_FUJ,MGO,779.64,SYNTHETIC_DEMO
2023-03-30,SGP_SIN,VLSFO,614.44,SYNTHETIC_DEMO
2023-03-30,SGP_SIN,MGO,780.08,SYNTHETIC_DEMO
2023-03-30,LKA_CMB,VLSFO,629.8,SYNTHETIC_DEMO
2023-03-30,LKA_CMB,MGO,799.58,SYNTHETIC_DEMO
2023-03-30,ARE_FUJ,VLSFO,608.3,SYNTHETIC_DEMO
2023-03-30,ARE_FUJ,MGO,772.28,SYNTHETIC_DEMO
2023-03-31,SGP_SIN,VLSFO,605.1,SYNTHETIC_DEMO
2023-03-31,SGP_SIN,MGO,760.21,SYNTHETIC_DEMO
2023-03-31,LKA_CMB,VLSFO,620.23,SYNTHETIC_DEMO
2023-03-31,LKA_CMB,MGO,779.22,SYNTHETIC_DEMO
2023-03-31,ARE_FUJ,VLSFO,599.05,SYNTHETIC_DEMO
2023-03-31,ARE_FUJ,MGO,752.61,SYNTHETIC_DEMO
2023-04-01,SGP_SIN,VLSFO,616.89,SYNTHETIC_DEMO
2023-04-01,SGP_SIN,MGO,790.78,SYNTHETIC_DEMO
2023-04-01,LKA_CMB,VLSFO,632.31,SYNTHETIC_DEMO
2023-04-01,LKA_CMB,MGO,810.55,SYNTHETIC_DEMO
2023-04-01,ARE_FUJ,VLSFO,610.72,SYNTHETIC_DEMO
2023-04-01,ARE_FUJ,MGO,782.87,SYNTHETIC_DEMO
2023-04-02,SGP_SIN,VLSFO,607.11,SYNTHETIC_DEMO
2023-04-02,SGP_SIN,MGO,781.63,SYNTHETIC_DEMO
2023-04-02,LKA_CMB,VLSFO,622.29,SYNTHETIC_DEMO
2023-04-02,LKA_CMB,MGO,801.17,SYNTHETIC_DEMO
2023-04-02,ARE_FUJ,VLSFO,601.04,SYNTHETIC_DEMO
2023-04-02,ARE_FUJ,MGO,773.82,SYNTHETIC_DEMO
2023-04-03,SGP_SIN,VLSFO,618.66,SYNTHETIC_DEMO
2023-04-03,SGP_SIN,MGO,809.56,SYNTHETIC_DEMO
2023-04-03,LKA_CMB,VLSFO,634.13,SYNTHETIC_DEMO
2023-04-03,LKA_CMB,MGO,829.8,SYNTHETIC_DEMO
2023-04-03,ARE_FUJ,VLSFO,612.47,SYNTHETIC_DEMO
2023-04-03,ARE_FUJ,MGO,801.47,SYNTHETIC_DEMO
2023-04-04,SGP_SIN,VLSFO,604.24,SYNTHETIC_DEMO
2023-04-04,SGP_SIN,MGO,776.73,SYNTHETIC_DEMO
2023-04-04,LKA_CMB,VLSFO,619.35,SYNTHETIC_DEMO
2023-04-04,LKA_CMB,MGO,796.14,SYNTHETIC_DEMO
2023-04-04,ARE_FUJ,VLSFO,598.2,SYNTHETIC_DEMO
2023-04-04,ARE_FUJ,MGO,768.96,SYNTHETIC_DEMO
2023-04-05,SGP_SIN,VLSFO,600.21,SYNTHETIC_DEMO
2023-04-05,SGP_SIN,MGO,770.04,SYNTHETIC_DEMO
2023-04-05,LKA_CMB,VLSFO,615.21,SYNTHETIC_DEMO
2023-04-05,LKA_CMB,MGO,789.29,SYNTHETIC_DEMO
2023-04-05,ARE_FUJ,VLSFO,594.21,SYNTHETIC_DEMO
2023-04-05,ARE_FUJ,MGO,762.34,SYNTHETIC_DEMO
2023-04-06,SGP_SIN,VLSFO,600.29,SYNTHETIC_DEMO
2023-04-06,SGP_SIN,MGO,773.31,SYNTHETIC_DEMO
2023-04-06,LKA_CMB,VLSFO,615.3,SYNTHETIC_DEMO
2023-04-06,LKA_CMB,MGO,792.64,SYNTHETIC_DEMO
2023-04-06,ARE_FUJ,VLSFO,594.29,SYNTHETIC_DEMO
2023-04-06,ARE_FUJ,MGO,765.58,SYNTHETIC_DEMO
2023-04-07,SGP_SIN,VLSFO,608.98,SYNTHETIC_DEMO
2023-04-07,SGP_SIN,MGO,788.16,SYNTHETIC_DEMO
2023-04-07,LKA_CMB,VLSFO,624.21,SYNTHETIC_DEMO
2023-04-07,LKA_CMB,MGO,807.87,SYNTHETIC_DEMO
2023-04-07,ARE_FUJ,VLSFO,602.89,SYNTHETIC_DEMO
2023-04-07,ARE_FUJ,MGO,780.28,SYNTHETIC_DEMO
2023-04-08,SGP_SIN,VLSFO,613.01,SYNTHETIC_DEMO
2023-04-08,SGP_SIN,MGO,792.68,SYNTHETIC_DEMO
2023-04-08,LKA_CMB,VLSFO,628.34,SYNTHETIC_DEMO
2023-04-08,LKA_CMB,MGO,812.5,SYNTHETIC_DEMO
2023-04-08,ARE_FUJ,VLSFO,606.88,SYNTHETIC_DEMO
2023-04-08,ARE_FUJ,MGO,784.75,SYNTHETIC_DEMO
2023-04-09,SGP_SIN,VLSFO,607.72,SYNTHETIC_DEMO
2023-04-09,SGP_SIN,MGO,766.86,SYNTHETIC_DEMO
2023-04-09,LKA_CMB,VLSFO,622.91,SYNTHETIC_DEMO
2023-04-09,LKA_CMB,MGO,786.03,SYNTHETIC_DEMO
2023-04-09,ARE_FUJ,VLSFO,601.64,SYNTHETIC_DEMO
2023-04-09,ARE_FUJ,MGO,759.19,SYNTHETIC_DEMO
2023-04-10,SGP_SIN,VLSFO,614.67,SYNTHETIC_DEMO
2023-04-10,SGP_SIN,MGO,773.11,SYNTHETIC_DEMO
2023-04-10,LKA_CMB,VLSFO,630.03,SYNTHETIC_DEMO
2023-04-10,LKA_CMB,MGO,792.44,SYNTHETIC_DEMO
2023-04-10,ARE_FUJ,VLSFO,608.52,SYNTHETIC_DEMO
2023-04-10,ARE_FUJ,MGO,765.38,SYNTHETIC_DEMO
2023-04-11,SGP_SIN,VLSFO,602.76,SYNTHETIC_DEMO
2023-04-11,SGP_SIN,MGO,777.75,SYNTHETIC_DEMO
2023-04-11,LKA_CMB,VLSFO,617.83,SYNTHETIC_DEMO
2023-04-11,LKA_CMB,MGO,797.19,SYNTHETIC_DEMO
2023-04-11,ARE_FUJ,VLSFO,596.73,SYNTHETIC_DEMO
2023-04-11,ARE_FUJ,MGO,769.97,SYNTHETIC_DEMO
2023-04-12,SGP_SIN,VLSFO,623.53,SYNTHETIC_DEMO
2023-04-12,SGP_SIN,MGO,796.49,SYNTHETIC_DEMO
2023-04-12,LKA_CMB,VLSFO,639.12,SYNTHETIC_DEMO
2023-04-12,LKA_CMB,MGO,816.4,SYNTHETIC_DEMO
2023-04-12,ARE_FUJ,VLSFO,617.3,SYNTHETIC_DEMO
2023-04-12,ARE_FUJ,MGO,788.52,SYNTHETIC_DEMO
2023-04-13,SGP_SIN,VLSFO,604.32,SYNTHETIC_DEMO
2023-04-13,SGP_SIN,MGO,774.95,SYNTHETIC_DEMO
2023-04-13,LKA_CMB,VLSFO,619.43,SYNTHETIC_DEMO
2023-04-13,LKA_CMB,MGO,794.33,SYNTHETIC_DEMO
2023-04-13,ARE_FUJ,VLSFO,598.28,SYNTHETIC_DEMO
2023-04-13,ARE_FUJ,MGO,767.2,SYNTHETIC_DEMO
2023-04-14,SGP_SIN,VLSFO,606.29,SYNTHETIC_DEMO
2023-04-14,SGP_SIN,MGO,773.26,SYNTHETIC_DEMO
2023-04-14,LKA_CMB,VLSFO,621.45,SYNTHETIC_DEMO
2023-04-14,LKA_CMB,MGO,792.59,SYNTHETIC_DEMO
2023-04-14,ARE_FUJ,VLSFO,600.23,SYNTHETIC_DEMO
2023-04-14,ARE_FUJ,MGO,765.52,SYNTHETIC_DEMO
2023-04-15,SGP_SIN,VLSFO,604.67,SYNTHETIC_DEMO
2023-04-15,SGP_SIN,MGO,774.74,SYNTHETIC_DEMO
2023-04-15,LKA_CMB,VLSFO,619.79,SYNTHETIC_DEMO
2023-04-15,LKA_CMB,MGO,794.11,SYNTHETIC_DEMO
2023-04-15,ARE_FUJ,VLSFO,598.62,SYNTHETIC_DEMO
2023-04-15,ARE_FUJ,MGO,766.99,SYNTHETIC_DEMO
2023-04-16,SGP_SIN,VLSFO,607.19,SYNTHETIC_DEMO
2023-04-16,SGP_SIN,MGO,765.76,SYNTHETIC_DEMO
2023-04-16,LKA_CMB,VLSFO,622.37,SYNTHETIC_DEMO
2023-04-16,LKA_CMB,MGO,784.9,SYNTHETIC_DEMO
2023-04-16,ARE_FUJ,VLSFO,601.12,SYNTHETIC_DEMO
2023-04-16,ARE_FUJ,MGO,758.1,SYNTHETIC_DEMO
2023-04-17,SGP_SIN,VLSFO,590.0,SYNTHETIC_DEMO
2023-04-17,SGP_SIN,MGO,759.33,SYNTHETIC_DEMO
2023-04-17,LKA_CMB,VLSFO,604.75,SYNTHETIC_DEMO
2023-04-17,LKA_CMB,MGO,778.32,SYNTHETIC_DEMO
2023-04-17,ARE_FUJ,VLSFO,584.1,SYNTHETIC_DEMO
2023-04-17,ARE_FUJ,MGO,751.74,SYNTHETIC_DEMO
2023-04-18,SGP_SIN,VLSFO,602.92,SYNTHETIC_DEMO
2023-04-18,SGP_SIN,MGO,764.4,SYNTHETIC_DEMO
2023-04-18,LKA_CMB,VLSFO,618.0,SYNTHETIC_DEMO
2023-04-18,LKA_CMB,MGO,783.51,SYNTHETIC_DEMO
2023-04-18,ARE_FUJ,VLSFO,596.9,SYNTHETIC_DEMO
2023-04-18,ARE_FUJ,MGO,756.76,SYNTHETIC_DEMO
2023-04-19,SGP_SIN,VLSFO,596.5,SYNTHETIC_DEMO
2023-04-19,SGP_SIN,MGO,752.06,SYNTHETIC_DEMO
2023-04-19,LKA_CMB,VLSFO,611.42,SYNTHETIC_DEMO
2023-04-19,LKA_CMB,MGO,770.86,SYNTHETIC_DEMO
2023-04-19,ARE_FUJ,VLSFO,590.54,SYNTHETIC_DEMO
2023-04-19,ARE_FUJ,MGO,744.54,SYNTHETIC_DEMO
2023-04-20,SGP_SIN,VLSFO,597.25,SYNTHETIC_DEMO
2023-04-20,SGP_SIN,MGO,761.24,SYNTHETIC_DEMO
2023-04-20,LKA_CMB,VLSFO,612.18,SYNTHETIC_DEMO
2023-04-20,LKA_CMB,MGO,780.27,SYNTHETIC_DEMO
2023-04-20,ARE_FUJ,VLSFO,591.28,SYNTHETIC_DEMO
2023-04-20,ARE_FUJ,MGO,753.63,SYNTHETIC_DEMO
2023-04-21,SGP_SIN,VLSFO,602.14,SYNTHETIC_DEMO
2023-04-21,SGP_SIN,MGO,766.7,SYNTHETIC_DEMO
2023-04-21,LKA_CMB,VLSFO,617.2,SYNTHETIC_DEMO
2023-04-21,LKA_CMB,MGO,785.87,SYNTHETIC_DEMO
2023-04-21,ARE_FUJ,VLSFO,596.12,SYNTHETIC_DEMO
2023-04-21,ARE_FUJ,MGO,759.03,SYNTHETIC_DEMO
2023-04-22,SGP_SIN,VLSFO,581.17,SYNTHETIC_DEMO
2023-04-22,SGP_SIN,MGO,745.51,SYNTHETIC_DEMO
2023-04-22,LKA_CMB,VLSFO,595.7,SYNTHETIC_DEMO
2023-04-22,LKA_CMB,MGO,764.15,SYNTHETIC_DEMO
2023-04-22,ARE_FUJ,VLSFO,575.35,SYNTHETIC_DEMO
2023-04-22,ARE_FUJ,MGO,738.06,SYNTHETIC_DEMO
2023-04-23,SGP_SIN,VLSFO,605.97,SYNTHETIC_DEMO
2023-04-23,SGP_SIN,MGO,783.21,SYNTHETIC_DEMO
2023-04-23,LKA_CMB,VLSFO,621.12,SYNTHETIC_DEMO
2023-04-23,LKA_CMB,MGO,802.79,SYNTHETIC_DEMO
2023-04-23,ARE_FUJ,VLSFO,599.91,SYNTHETIC_DEMO
2023-04-23,ARE_FUJ,MGO,775.38,SYNTHETIC_DEMO
2023-04-24,SGP_SIN,VLSFO,589.26,SYNTHETIC_DEMO
2023-04-24,SGP_SIN,MGO,750.66,SYNTHETIC_DEMO
2023-04-24,LKA_CMB,VLSFO,603.99,SYNTHETIC_DEMO
2023-04-24,LKA_CMB,MGO,769.43,SYNTHETIC_DEMO
2023-04-24,ARE_FUJ,VLSFO,583.37,SYNTHETIC_DEMO
2023-04-24,ARE_FUJ,MGO,743.16,SYNTHETIC_DEMO
2023-04-25,SGP_SIN,VLSFO,594.91,SYNTHETIC_DEMO
2023-04-25,SGP_SIN,MGO,766.81,SYNTHETIC_DEMO
2023-04-25,LKA_CMB,VLSFO,609.79,SYNTHETIC_DEMO
2023-04-25,LKA_CMB,MGO,785.98,SYNTHETIC_DEMO
2023-04-25,ARE_FUJ,VLSFO,588.97,SYNTHETIC_DEMO
2023-04-25,ARE_FUJ,MGO,759.14,SYNTHETIC_DEMO
2023-04-26,SGP_SIN,VLSFO,580.58,SYNTHETIC_DEMO
2023-04-26,SGP_SIN,MGO,745.39,SYNTHETIC_DEMO
2023-04-26,LKA_CMB,VLSFO,595.1,SYNTHETIC_DEMO
2023-04-26,LKA_CMB,MGO,764.02,SYNTHETIC_DEMO
2023-04-26,ARE_FUJ,VLSFO,574.78,SYNTHETIC_DEMO
2023-04-26,ARE_FUJ,MGO,737.93,SYNTHETIC_DEMO
2023-04-27,SGP_SIN,VLSFO,592.25,SYNTHETIC_DEMO
2023-04-27,SGP_SIN,MGO,752.14,SYNTHETIC_DEMO
2023-04-27,LKA_CMB,VLSFO,607.06,SYNTHETIC_DEMO
2023-04-27,LKA_CMB,MGO,770.94,SYNTHETIC_DEMO
2023-04-27,ARE_FUJ,VLSFO,586.33,SYNTHETIC_DEMO
2023-04-27,ARE_FUJ,MGO,744.62,SYNTHETIC_DEMO
2023-04-28,SGP_SIN,VLSFO,594.14,SYNTHETIC_DEMO
2023-04-28,SGP_SIN,MGO,766.6,SYNTHETIC_DEMO
2023-04-28,LKA_CMB,VLSFO,608.99,SYNTHETIC_DEMO
2023-04-28,LKA_CMB,MGO,785.76,SYNTHETIC_DEMO
2023-04-28,ARE_FUJ,VLSFO,588.2,SYNTHETIC_DEMO
2023-04-28,ARE_FUJ,MGO,758.93,SYNTHETIC_DEMO
2023-04-29,SGP_SIN,VLSFO,595.26,SYNTHETIC_DEMO
2023-04-29,SGP_SIN,MGO,753.32,SYNTHETIC_DEMO
2023-04-29,LKA_CMB,VLSFO,610.15,SYNTHETIC_DEMO
2023-04-29,LKA_CMB,MGO,772.15,SYNTHETIC_DEMO
2023-04-29,ARE_FUJ,VLSFO,589.31,SYNTHETIC_DEMO
2023-04-29,ARE_FUJ,MGO,745.79,SYNTHETIC_DEMO
2023-04-30,SGP_SIN,VLSFO,593.65,SYNTHETIC_DEMO
2023-04-30,SGP_SIN,MGO,772.23,SYNTHETIC_DEMO
2023-04-30,LKA_CMB,VLSFO,608.49,SYNTHETIC_DEMO
2023-04-30,LKA_CMB,MGO,791.54,SYNTHETIC_DEMO
2023-04-30,ARE_FUJ,VLSFO,587.72,SYNTHETIC_DEMO
2023-04-30,ARE_FUJ,MGO,764.51,SYNTHETIC_DEMO
2023-05-01,SGP_SIN,VLSFO,601.11,SYNTHETIC_DEMO
2023-05-01,SGP_SIN,MGO,769.8,SYNTHETIC_DEMO
2023-05-01,LKA_CMB,VLSFO,616.13,SYNTHETIC_DEMO
2023-05-01,LKA_CMB,MGO,789.04,SYNTHETIC_DEMO
2023-05-01,ARE_FUJ,VLSFO,595.1,SYNTHETIC_DEMO
2023-05-01,ARE_FUJ,MGO,762.1,SYNTHETIC_DEMO
2023-05-02,SGP_SIN,VLSFO,596.01,SYNTHETIC_DEMO
2023-05-02,SGP_SIN,MGO,780.4,SYNTHETIC_DEMO
2023-05-02,LKA_CMB,VLSFO,610.91,SYNTHETIC_DEMO
2023-05-02,LKA_CMB,MGO,799.91,SYNTHETIC_DEMO
2023-05-02,ARE_FUJ,VLSFO,590.05,SYNTHETIC_DEMO
2023-05-02,ARE_FUJ,MGO,772.6,SYNTHETIC_DEMO
2023-05-03,SGP_SIN,VLSFO,592.46,SYNTHETIC_DEMO
2023-05-03,SGP_SIN,MGO,765.88,SYNTHETIC_DEMO
2023-05-03,LKA_CMB,VLSFO,607.27,SYNTHETIC_DEMO
2023-05-03,LKA_CMB,MGO,785.03,SYNTHETIC_DEMO
2023-05-03,ARE_FUJ,VLSFO,586.54,SYNTHETIC_DEMO
2023-05-03,ARE_FUJ,MGO,758.22,SYNTHETIC_DEMO
2023-05-04,SGP_SIN,VLSFO,608.62,SYNTHETIC_DEMO
2023-05-04,SGP_SIN,MGO,774.96,SYNTHETIC_DEMO
2023-05-04,LKA_CMB,VLSFO,623.84,SYNTHETIC_DEMO
2023-05-04,LKA_CMB,MGO,794.33,SYNTHETIC_DEMO
2023-05-04,ARE_FUJ,VLSFO,602.54,SYNTHETIC_DEMO
2023-05-04,ARE_FUJ,MGO,767.21,SYNTHETIC_DEMO
2023-05-05,SGP_SIN,VLSFO,599.27,SYNTHETIC_DEMO
2023-05-05,SGP_SIN,MGO,779.17,SYNTHETIC_DEMO
2023-05-05,LKA_CMB,VLSFO,614.25,SYNTHETIC_DEMO
2023-05-05,LKA_CMB,MGO,798.65,SYNTHETIC_DEMO
2023-05-05,ARE_FUJ,VLSFO,593.28,SYNTHETIC_DEMO
2023-05-05,ARE_FUJ,MGO,771.38,SYNTHETIC_DEMO
2023-05-06,SGP_SIN,VLSFO,607.91,SYNTHETIC_DEMO
2023-05-06,SGP_SIN,MGO,780.5,SYNTHETIC_DEMO
2023-05-06,LKA_CMB,VLSFO,623.11,SYNTHETIC_DEMO
2023-05-06,LKA_CMB,MGO,800.02,SYNTHETIC_DEMO
2023-05-06,ARE_FUJ,VLSFO,601.83,SYNTHETIC_DEMO
2023-05-06,ARE_FUJ,MGO,772.7,SYNTHETIC_DEMO
2023-05-07,SGP_SIN,VLSFO,614.42,SYNTHETIC_DEMO
2023-05-07,SGP_SIN,MGO,789.32,SYNTHETIC_DEMO
2023-05-07,LKA_CMB,VLSFO,629.78,SYNTHETIC_DEMO
2023-05-07,LKA_CMB,MGO,809.06,SYNTHETIC_DEMO
2023-05-07,ARE_FUJ,VLSFO,608.27,SYNTHETIC_DEMO
2023-05-07,ARE_FUJ,MGO,781.43,SYNTHETIC_DEMO
2023-05-08,SGP_SIN,VLSFO,610.58,SYNTHETIC_DEMO
2023-05-08,SGP_SIN,MGO,781.28,SYNTHETIC_DEMO
2023-05-08,LKA_CMB,VLSFO,625.84,SYNTHETIC_DEMO
2023-05-08,LKA_CMB,MGO,800.81,SYNTHETIC_DEMO
2023-05-08,ARE_FUJ,VLSFO,604.47,SYNTHETIC_DEMO
2023-05-08,ARE_FUJ,MGO,773.46,SYNTHETIC_DEMO
2023-05-09,SGP_SIN,VLSFO,614.23,SYNTHETIC_DEMO
2023-05-09,SGP_SIN,MGO,799.65,SYNTHETIC_DEMO
2023-05-09,LKA_CMB,VLSFO,629.59,SYNTHETIC_DEMO
2023-05-09,LKA_CMB,MGO,819.64,SYNTHETIC_DEMO
2023-05-09,ARE_FUJ,VLSFO,608.09,SYNTHETIC_DEMO
2023-05-09,ARE_FUJ,MGO,791.65,SYNTHETIC_DEMO
2023-05-10,SGP_SIN,VLSFO,615.05,SYNTHETIC_DEMO
2023-05-10,SGP_SIN,MGO,789.79,SYNTHETIC_DEMO
2023-05-10,LKA_CMB,VLSFO,630.43,SYNTHETIC_DEMO
2023-05-10,LKA_CMB,MGO,809.54,SYNTHETIC_DEMO
2023-05-10,ARE_FUJ,VLSFO,608.9,SYNTHETIC_DEMO
2023-05-10,ARE_FUJ,MGO,781.89,SYNTHETIC_DEMO
2023-05-11,SGP_SIN,VLSFO,608.68,SYNTHETIC_DEMO
2023-05-11,SGP_SIN,MGO,790.47,SYNTHETIC_DEMO
2023-05-11,LKA_CMB,VLSFO,623.9,SYNTHETIC_DEMO
2023-05-11,LKA_CMB,MGO,810.23,SYNTHETIC_DEMO
2023-05-11,ARE_FUJ,VLSFO,602.59,SYNTHETIC_DEMO
2023-05-11,ARE_FUJ,MGO,782.56,SYNTHETIC_DEMO
2023-05-12,SGP_SIN,VLSFO,602.62,SYNTHETIC_DEMO
2023-05-12,SGP_SIN,MGO,769.51,SYNTHETIC_DEMO
2023-05-12,LKA_CMB,VLSFO,617.69,SYNTHETIC_DEMO
2023-05-12,LKA_CMB,MGO,788.75,SYNTHETIC_DEMO
2023-05-12,ARE_FUJ,VLSFO,596.6,SYNTHETIC_DEMO
2023-05-12,ARE_FUJ,MGO,761.82,SYNTHETIC_DEMO
2023-05-13,SGP_SIN,VLSFO,588.93,SYNTHETIC_DEMO
2023-05-13,SGP_SIN,MGO,758.51,SYNTHETIC_DEMO
2023-05-13,LKA_CMB,VLSFO,603.65,SYNTHETIC_DEMO
2023-05-13,LKA_CMB,MGO,777.47,SYNTHETIC_DEMO
2023-05-13,ARE_FUJ,VLSFO,583.04,SYNTHETIC_DEMO
2023-05-13,ARE_FUJ,MGO,750.93,SYNTHETIC_DEMO
2023-05-14,SGP_SIN,VLSFO,601.35,SYNTHETIC_DEMO
2023-05-14,SGP_SIN,MGO,781.86,SYNTHETIC_DEMO
2023-05-14,LKA_CMB,VLSFO,616.38,SYNTHETIC_DEMO
2023-05-14,LKA_CMB,MGO,801.41,SYNTHETIC_DEMO
2023-05-14,ARE_FUJ,VLSFO,595.34,SYNTHETIC_DEMO
2023-05-14,ARE_FUJ,MGO,774.04,SYNTHETIC_DEMO
2023-05-15,SGP_SIN,VLSFO,594.32,SYNTHETIC_DEMO
2023-05-15,SGP_SIN,MGO,775.72,SYNTHETIC_DEMO
2023-05-15,LKA_CMB,VLSFO,609.18,SYNTHETIC_DEMO
2023-05-15,LKA_CMB,MGO,795.11,SYNTHETIC_DEMO
2023-05-15,ARE_FUJ,VLSFO,588.38,SYNTHETIC_DEMO
2023-05-15,ARE_FUJ,MGO,767.96,SYNTHETIC_DEMO
2023-05-16,SGP_SIN,VLSFO,602.5,SYNTHETIC_DEMO
2023-05-16,SGP_SIN,MGO,773.47,SYNTHETIC_DEMO
2023-05-16,LKA_CMB,VLSFO,617.57,SYNTHETIC_DEMO
2023-05-16,LKA_CMB,MGO,792.81,SYNTHETIC_DEMO
2023-05-16,ARE_FUJ,VLSFO,596.48,SYNTHETIC_DEMO
2023-05-16,ARE_FUJ,MGO,765.73,SYNTHETIC_DEMO
2023-05-17,SGP_SIN,VLSFO,600.34,SYNTHETIC_DEMO
2023-05-17,SGP_SIN,MGO,778.61,SYNTHETIC_DEMO
2023-05-17,LKA_CMB,VLSFO,615.34,SYNTHETIC_DEMO
2023-05-17,LKA_CMB,MGO,798.07,SYNTHETIC_DEMO
2023-05-17,ARE_FUJ,VLSFO,594.33,SYNTHETIC_DEMO
2023-05-17,ARE_FUJ,MGO,770.82,SYNTHETIC_DEMO
2023-05-18,SGP_SIN,VLSFO,603.79,SYNTHETIC_DEMO
2023-05-18,SGP_SIN,MGO,773.72,SYNTHETIC_DEMO
2023-05-18,LKA_CMB,VLSFO,618.88,SYNTHETIC_DEMO
2023-05-18,LKA_CMB,MGO,793.07,SYNTHETIC_DEMO
2023-05-18,ARE_FUJ,VLSFO,597.75,SYNTHETIC_DEMO
2023-05-18,ARE_FUJ,MGO,765.99,SYNTHETIC_DEMO
2023-05-19,SGP_SIN,VLSFO,607.0,SYNTHETIC_DEMO
2023-05-19,SGP_SIN,MGO,787.55,SYNTHETIC_DEMO
2023-05-19,LKA_CMB,VLSFO,622.17,SYNTHETIC_DEMO
2023-05-19,LKA_CMB,MGO,807.24,SYNTHETIC_DEMO
2023-05-19,ARE_FUJ,VLSFO,600.93,SYNTHETIC_DEMO
2023-05-19,ARE_FUJ,MGO,779.68,SYNTHETIC_DEMO
2023-05-20,SGP_SIN,VLSFO,599.01,SYNTHETIC_DEMO
2023-05-20,SGP_SIN,MGO,763.25,SYNTHETIC_DEMO
2023-05-20,LKA_CMB,VLSFO,613.98,SYNTHETIC_DEMO
2023-05-20,LKA_CMB,MGO,782.33,SYNTHETIC_DEMO
2023-05-20,ARE_FUJ,VLSFO,593.02,SYNTHETIC_DEMO
2023-05-20,ARE_FUJ,MGO,755.61,SYNTHETIC_DEMO
2023-05-21,SGP_SIN,VLSFO,600.18,SYNTHETIC_DEMO
2023-05-21,SGP_SIN,MGO,781.51,SYNTHETIC_DEMO
2023-05-21,LKA_CMB,VLSFO,615.18,SYNTHETIC_DEMO
2023-05-21,LKA_CMB,MGO,801.05,SYNTHETIC_DEMO
2023-05-21,ARE_FUJ,VLSFO,594.18,SYNTHETIC_DEMO
2023-05-21,ARE_FUJ,MGO,773.7,SYNTHETIC_DEMO
2023-05-22,SGP_SIN,VLSFO,582.33,SYNTHETIC_DEMO
2023-05-22,SGP_SIN,MGO,746.0,SYNTHETIC_DEMO
2023-05-22,LKA_CMB,VLSFO,596.89,SYNTHETIC_DEMO
2023-05-22,LKA_CMB,MGO,764.65,SYNTHETIC_DEMO
2023-05-22,ARE_FUJ,VLSFO,576.51,SYNTHETIC_DEMO
2023-05-22,ARE_FUJ,MGO,738.54,SYNTHETIC_DEMO
2023-05-23,SGP_SIN,VLSFO,590.39,SYNTHETIC_DEMO
2023-05-23,SGP_SIN,MGO,752.27,SYNTHETIC_DEMO
2023-05-23,LKA_CMB,VLSFO,605.15,SYNTHETIC_DEMO
2023-05-23,LKA_CMB,MGO,771.08,SYNTHETIC_DEMO
2023-05-23,ARE_FUJ,VLSFO,584.49,SYNTHETIC_DEMO
2023-05-23,ARE_FUJ,MGO,744.75,SYNTHETIC_DEMO
2023-05-24,SGP_SIN,VLSFO,580.66,SYNTHETIC_DEMO
2023-05-24,SGP_SIN,MGO,759.55,SYNTHETIC_DEMO
2023-05-24,LKA_CMB,VLSFO,595.17,SYNTHETIC_DEMO
2023-05-24,LKA_CMB,MGO,778.54,SYNTHETIC_DEMO
2023-05-24,ARE_FUJ,VLSFO,574.85,SYNTHETIC_DEMO
2023-05-24,ARE_FUJ,MGO,751.96,SYNTHETIC_DEMO
2023-05-25,SGP_SIN,VLSFO,601.09,SYNTHETIC_DEMO
2023-05-25,SGP_SIN,MGO,773.89,SYNTHETIC_DEMO
2023-05-25,LKA_CMB,VLSFO,616.12,SYNTHETIC_DEMO
2023-05-25,LKA_CMB,MGO,793.24,SYNTHETIC_DEMO
2023-05-25,ARE_FUJ,VLSFO,595.08,SYNTHETIC_DEMO
2023-05-25,ARE_FUJ,MGO,766.15,SYNTHETIC_DEMO
2023-05-26,SGP_SIN,VLSFO,590.65,SYNTHETIC_DEMO
2023-05-26,SGP_SIN,MGO,757.53,SYNTHETIC_DEMO
2023-05-26,LKA_CMB,VLSFO,605.42,SYNTHETIC_DEMO
2023-05-26,LKA_CMB,MGO,776.47,SYNTHETIC_DEMO
2023-05-26,ARE_FUJ,VLSFO,584.74,SYNTHETIC_DEMO
2023-05-26,ARE_FUJ,MGO,749.95,SYNTHETIC_DEMO
2023-05-27,SGP_SIN,VLSFO,596.83,SYNTHETIC_DEMO
2023-05-27,SGP_SIN,MGO,759.81,SYNTHETIC_DEMO
2023-05-27,LKA_CMB,VLSFO,611.75,SYNTHETIC_DEMO
2023-05-27,LKA_CMB,MGO,778.81,SYNTHETIC_DEMO
2023-05-27,ARE_FUJ,VLSFO,590.86,SYNTHETIC_DEMO
2023-05-27,ARE_FUJ,MGO,752.21,SYNTHETIC_DEMO
2023-05-28,SGP_SIN,VLSFO,590.02,SYNTHETIC_DEMO
2023-05-28,SGP_SIN,MGO,761.12,SYNTHETIC_DEMO
2023-05-28,LKA_CMB,VLSFO,604.77,SYNTHETIC_DEMO
2023-05-28,LKA_CMB,MGO,780.15,SYNTHETIC_DEMO
2023-05-28,ARE_FUJ,VLSFO,584.12,SYNTHETIC_DEMO
2023-05-28,ARE_FUJ,MGO,753.51,SYNTHETIC_DEMO
2023-05-29,SGP_SIN,VLSFO,590.11,SYNTHETIC_DEMO
2023-05-29,SGP_SIN,MGO,756.69,SYNTHETIC_DEMO
2023-05-29,LKA_CMB,VLSFO,604.87,SYNTHETIC_DEMO
2023-05-29,LKA_CMB,MGO,775.61,SYNTHETIC_DEMO
2023-05-29,ARE_FUJ,VLSFO,584.21,SYNTHETIC_DEMO
2023-05-29,ARE_FUJ,MGO,749.12,SYNTHETIC_DEMO
2023-05-30,SGP_SIN,VLSFO,594.43,SYNTHETIC_DEMO
2023-05-30,SGP_SIN,MGO,750.85,SYNTHETIC_DEMO
2023-05-30,LKA_CMB,VLSFO,609.29,SYNTHETIC_DEMO
2023-05-30,LKA_CMB,MGO,769.62,SYNTHETIC_DEMO
2023-05-30,ARE_FUJ,VLSFO,588.48,SYNTHETIC_DEMO
2023-05-30,ARE_FUJ,MGO,743.34,SYNTHETIC_DEMO
2023-05-31,SGP_SIN,VLSFO,585.21,SYNTHETIC_DEMO
2023-05-31,SGP_SIN,MGO,749.25,SYNTHETIC_DEMO
2023-05-31,LKA_CMB,VLSFO,599.84,SYNTHETIC_DEMO
2023-05-31,LKA_CMB,MGO,767.98,SYNTHETIC_DEMO
2023-05-31,ARE_FUJ,VLSFO,579.36,SYNTHETIC_DEMO
2023-05-31,ARE_FUJ,MGO,741.76,SYNTHETIC_DEMO
2023-06-01,SGP_SIN,VLSFO,584.18,SYNTHETIC_DEMO
2023-06-01,SGP_SIN,MGO,739.71,SYNTHETIC_DEMO
2023-06-01,LKA_CMB,VLSFO,598.78,SYNTHETIC_DEMO
2023-06-01,LKA_CMB,MGO,758.2,SYNTHETIC_DEMO
2023-06-01,ARE_FUJ,VLSFO,578.34,SYNTHETIC_DEMO
2023-06-01,ARE_FUJ,MGO,732.31,SYNTHETIC_DEMO
2023-06-02,SGP_SIN,VLSFO,609.87,SYNTHETIC_DEMO
2023-06-02,SGP_SIN,MGO,774.81,SYNTHETIC_DEMO
2023-06-02,LKA_CMB,VLSFO,625.12,SYNTHETIC_DEMO
2023-06-02,LKA_CMB,MGO,794.18,SYNTHETIC_DEMO
2023-06-02,ARE_FUJ,VLSFO,603.77,SYNTHETIC_DEMO
2023-06-02,ARE_FUJ,MGO,767.06,SYNTHETIC_DEMO
2023-06-03,SGP_SIN,VLSFO,587.77,SYNTHETIC_DEMO
2023-06-03,SGP_SIN,MGO,751.87,SYNTHETIC_DEMO
2023-06-03,LKA_CMB,VLSFO,602.46,SYNTHETIC_DEMO
2023-06-03,LKA_CMB,MGO,770.67,SYNTHETIC_DEMO
2023-06-03,ARE_FUJ,VLSFO,581.89,SYNTHETIC_DEMO
2023-06-03,ARE_FUJ,MGO,744.35,SYNTHETIC_DEMO
2023-06-04,SGP_SIN,VLSFO,613.7,SYNTHETIC_DEMO
2023-06-04,SGP_SIN,MGO,773.04,SYNTHETIC_DEMO
2023-06-04,LKA_CMB,VLSFO,629.05,SYNTHETIC_DEMO
2023-06-04,LKA_CMB,MGO,792.37,SYNTHETIC_DEMO
2023-06-04,ARE_FUJ,VLSFO,607.57,SYNTHETIC_DEMO
2023-06-04,ARE_FUJ,MGO,765.31,SYNTHETIC_DEMO
2023-06-05,SGP_SIN,VLSFO,602.74,SYNTHETIC_DEMO
2023-06-05,SGP_SIN,MGO,760.35,SYNTHETIC_DEMO
2023-06-05,LKA_CMB,VLSFO,617.8,SYNTHETIC_DEMO
2023-06-05,LKA_CMB,MGO,779.36,SYNTHETIC_DEMO
2023-06-05,ARE_FUJ,VLSFO,596.71,SYNTHETIC_DEMO
2023-06-05,ARE_FUJ,MGO,752.75,SYNTHETIC_DEMO
2023-06-06,SGP_SIN,VLSFO,604.28,SYNTHETIC_DEMO
2023-06-06,SGP_SIN,MGO,777.29,SYNTHETIC_DEMO
2023-06-06,LKA_CMB,VLSFO,619.39,SYNTHETIC_DEMO
2023-06-06,LKA_CMB,MGO,796.72,SYNTHETIC_DEMO
2023-06-06,ARE_FUJ,VLSFO,598.24,SYNTHETIC_DEMO
2023-06-06,ARE_FUJ,MGO,769.51,SYNTHETIC_DEMO
2023-06-07,SGP_SIN,VLSFO,610.76,SYNTHETIC_DEMO
2023-06-07,SGP_SIN,MGO,793.4,SYNTHETIC_DEMO
2023-06-07,LKA_CMB,VLSFO,626.03,SYNTHETIC_DEMO
2023-06-07,LKA_CMB,MGO,813.23,SYNTHETIC_DEMO
2023-06-07,ARE_FUJ,VLSFO,604.65,SYNTHETIC_DEMO
2023-06-07,ARE_FUJ,MGO,785.46,SYNTHETIC_DEMO
2023-06-08,SGP_SIN,VLSFO,595.01,SYNTHETIC_DEMO
2023-06-08,SGP_SIN,MGO,763.77,SYNTHETIC_DEMO
2023-06-08,LKA_CMB,VLSFO,609.89,SYNTHETIC_DEMO
2023-06-08,LKA_CMB,MGO,782.86,SYNTHETIC_DEMO
2023-06-08,ARE_FUJ,VLSFO,589.06,SYNTHETIC_DEMO
2023-06-08,ARE_FUJ,MGO,756.13,SYNTHETIC_DEMO
2023-06-09,SGP_SIN,VLSFO,609.25,SYNTHETIC_DEMO
2023-06-09,SGP_SIN,MGO,784.35,SYNTHETIC_DEMO
2023-06-09,LKA_CMB,VLSFO,624.48,SYNTHETIC_DEMO
2023-06-09,LKA_CMB,MGO,803.96,SYNTHETIC_DEMO
2023-06-09,ARE_FUJ,VLSFO,603.16,SYNTHETIC_DEMO
2023-06-09,ARE_FUJ,MGO,776.51,SYNTHETIC_DEMO
2023-06-10,SGP_SIN,VLSFO,628.53,SYNTHETIC_DEMO
2023-06-10,SGP_SIN,MGO,806.38,SYNTHETIC_DEMO
2023-06-10,LKA_CMB,VLSFO,644.24,SYNTHETIC_DEMO
2023-06-10,LKA_CMB,MGO,826.54,SYNTHETIC_DEMO
2023-06-10,ARE_FUJ,VLSFO,622.24,SYNTHETIC_DEMO
2023-06-10,ARE_FUJ,MGO,798.32,SYNTHETIC_DEMO
2023-06-11,SGP_SIN,VLSFO,620.19,SYNTHETIC_DEMO
2023-06-11,SGP_SIN,MGO,801.98,SYNTHETIC_DEMO
2023-06-11,LKA_CMB,VLSFO,635.69,SYNTHETIC_DEMO
2023-06-11,LKA_CMB,MGO,822.03,SYNTHETIC_DEMO
2023-06-11,ARE_FUJ,VLSFO,613.99,SYNTHETIC_DEMO
2023-06-11,ARE_FUJ,MGO,793.96,SYNTHETIC_DEMO
2023-06-12,SGP_SIN,VLSFO,596.31,SYNTHETIC_DEMO
2023-06-12,SGP_SIN,MGO,762.47,SYNTHETIC_DEMO
2023-06-12,LKA_CMB,VLSFO,611.22,SYNTHETIC_DEMO
2023-06-12,LKA_CMB,MGO,781.53,SYNTHETIC_DEMO
2023-06-12,ARE_FUJ,VLSFO,590.35,SYNTHETIC_DEMO
2023-06-12,ARE_FUJ,MGO,754.84,SYNTHETIC_DEMO
2023-06-13,SGP_SIN,VLSFO,606.18,SYNTHETIC_DEMO
2023-06-13,SGP_SIN,MGO,794.27,SYNTHETIC_DEMO
2023-06-13,LKA_CMB,VLSFO,621.33,SYNTHETIC_DEMO
2023-06-13,LKA_CMB,MGO,814.12,SYNTHETIC_DEMO
2023-06-13,ARE_FUJ,VLSFO,600.12,SYNTHETIC_DEMO
2023-06-13,ARE_FUJ,MGO,786.32,SYNTHETIC_DEMO
2023-06-14,SGP_SIN,VLSFO,597.1,SYNTHETIC_DEMO
2023-06-14,SGP_SIN,MGO,769.76,SYNTHETIC_DEMO
2023-06-14,LKA_CMB,VLSFO,612.02,SYNTHETIC_DEMO
2023-06-14,LKA_CMB,MGO,789.01,SYNTHETIC_DEMO
2023-06-14,ARE_FUJ,VLSFO,591.13,SYNTHETIC_DEMO
2023-06-14,ARE_FUJ,MGO,762.07,SYNTHETIC_DEMO
2023-06-15,SGP_SIN,VLSFO,606.55,SYNTHETIC_DEMO
2023-06-15,SGP_SIN,MGO,776.99,SYNTHETIC_DEMO
2023-06-15,LKA_CMB,VLSFO,621.71,SYNTHETIC_DEMO
2023-06-15,LKA_CMB,MGO,796.41,SYNTHETIC_DEMO
2023-06-15,ARE_FUJ,VLSFO,600.48,SYNTHETIC_DEMO
2023-06-15,ARE_FUJ,MGO,769.22,SYNTHETIC_DEMO
2023-06-16,SGP_SIN,VLSFO,601.48,SYNTHETIC_DEMO
2023-06-16,SGP_SIN,MGO,765.22,SYNTHETIC_DEMO
2023-06-16,LKA_CMB,VLSFO,616.52,SYNTHETIC_DEMO
2023-06-16,LKA_CMB,MGO,784.35,SYNTHETIC_DEMO
2023-06-16,ARE_FUJ,VLSFO,595.47,SYNTHETIC_DEMO
2023-06-16,ARE_FUJ,MGO,757.57,SYNTHETIC_DEMO
2023-06-17,SGP_SIN,VLSFO,617.6,SYNTHETIC_DEMO
2023-06-17,SGP_SIN,MGO,786.54,SYNTHETIC_DEMO
2023-06-17,LKA_CMB,VLSFO,633.04,SYNTHETIC_DEMO
2023-06-17,LKA_CMB,MGO,806.21,SYNTHETIC_DEMO
2023-06-17,ARE_FUJ,VLSFO,611.43,SYNTHETIC_DEMO
2023-06-17,ARE_FUJ,MGO,778.68,SYNTHETIC_DEMO
2023-06-18,SGP_SIN,VLSFO,602.77,SYNTHETIC_DEMO
2023-06-18,SGP_SIN,MGO,772.45,SYNTHETIC_DEMO
2023-06-18,LKA_CMB,VLSFO,617.84,SYNTHETIC_DEMO
2023-06-18,LKA_CMB,MGO,791.77,SYNTHETIC_DEMO
2023-06-18,ARE_FUJ,VLSFO,596.74,SYNTHETIC_DEMO
2023-06-18,ARE_FUJ,MGO,764.73,SYNTHETIC_DEMO
2023-06-19,SGP_SIN,VLSFO,600.52,SYNTHETIC_DEMO
2023-06-19,SGP_SIN,MGO,764.83,SYNTHETIC_DEMO
2023-06-19,LKA_CMB,VLSFO,615.53,SYNTHETIC_DEMO
2023-06-19,LKA_CMB,MGO,783.95,SYNTHETIC_DEMO
2023-06-19,ARE_FUJ,VLSFO,594.51,SYNTHETIC_DEMO
2023-06-19,ARE_FUJ,MGO,757.18,SYNTHETIC_DEMO
2023-06-20,SGP_SIN,VLSFO,600.78,SYNTHETIC_DEMO
2023-06-20,SGP_SIN,MGO,759.17,SYNTHETIC_DEMO
2023-06-20,LKA_CMB,VLSFO,615.8,SYNTHETIC_DEMO
2023-06-20,LKA_CMB,MGO,778.15,SYNTHETIC_DEMO
2023-06-20,ARE_FUJ,VLSFO,594.77,SYNTHETIC_DEMO
2023-06-20,ARE_FUJ,MGO,751.58,SYNTHETIC_DEMO
2023-06-21,SGP_SIN,VLSFO,598.27,SYNTHETIC_DEMO
2023-06-21,SGP_SIN,MGO,765.71,SYNTHETIC_DEMO
2023-06-21,LKA_CMB,VLSFO,613.22,SYNTHETIC_DEMO
2023-06-21,LKA_CMB,MGO,784.86,SYNTHETIC_DEMO
2023-06-21,ARE_FUJ,VLSFO,592.28,SYNTHETIC_DEMO
2023-06-21,ARE_FUJ,MGO,758.06,SYNTHETIC_DEMO
2023-06-22,SGP_SIN,VLSFO,597.68,SYNTHETIC_DEMO
2023-06-22,SGP_SIN,MGO,760.68,SYNTHETIC_DEMO
2023-06-22,LKA_CMB,VLSFO,612.62,SYNTHETIC_DEMO
2023-06-22,LKA_CMB,MGO,779.7,SYNTHETIC_DEMO
2023-06-22,ARE_FUJ,VLSFO,591.7,SYNTHETIC_DEMO
2023-06-22,ARE_FUJ,MGO,753.07,SYNTHETIC_DEMO
2023-06-23,SGP_SIN,VLSFO,589.94,SYNTHETIC_DEMO
2023-06-23,SGP_SIN,MGO,757.14,SYNTHETIC_DEMO
2023-06-23,LKA_CMB,VLSFO,604.69,SYNTHETIC_DEMO
2023-06-23,LKA_CMB,MGO,776.07,SYNTHETIC_DEMO
2023-06-23,ARE_FUJ,VLSFO,584.04,SYNTHETIC_DEMO
2023-06-23,ARE_FUJ,MGO,749.57,SYNTHETIC_DEMO
2023-06-24,SGP_SIN,VLSFO,588.28,SYNTHETIC_DEMO
2023-06-24,SGP_SIN,MGO,751.46,SYNTHETIC_DEMO
2023-06-24,LKA_CMB,VLSFO,602.99,SYNTHETIC_DEMO
2023-06-24,LKA_CMB,MGO,770.25,SYNTHETIC_DEMO
2023-06-24,ARE_FUJ,VLSFO,582.4,SYNTHETIC_DEMO
2023-06-24,ARE_FUJ,MGO,743.95,SYNTHETIC_DEMO
2023-06-25,SGP_SIN,VLSFO,601.98,SYNTHETIC_DEMO
2023-06-25,SGP_SIN,MGO,764.93,SYNTHETIC_DEMO
2023-06-25,LKA_CMB,VLSFO,617.03,SYNTHETIC_DEMO
2023-06-25,LKA_CMB,MGO,784.05,SYNTHETIC_DEMO
2023-06-25,ARE_FUJ,VLSFO,595.96,SYNTHETIC_DEMO
2023-06-25,ARE_FUJ,MGO,757.28,SYNTHETIC_DEMO
2023-06-26,SGP_SIN,VLSFO,596.75,SYNTHETIC_DEMO
2023-06-26,SGP_SIN,MGO,766.93,SYNTHETIC_DEMO
2023-06-26,LKA_CMB,VLSFO,611.67,SYNTHETIC_DEMO
2023-06-26,LKA_CMB,MGO,786.11,SYNTHETIC_DEMO
2023-06-26,ARE_FUJ,VLSFO,590.79,SYNTHETIC_DEMO
2023-06-26,ARE_FUJ,MGO,759.26,SYNTHETIC_DEMO
2023-06-27,SGP_SIN,VLSFO,578.3,SYNTHETIC_DEMO
2023-06-27,SGP_SIN,MGO,738.32,SYNTHETIC_DEMO
2023-06-27,LKA_CMB,VLSFO,592.75,SYNTHETIC_DEMO
2023-06-27,LKA_CMB,MGO,756.77,SYNTHETIC_DEMO
2023-06-27,ARE_FUJ,VLSFO,572.51,SYNTHETIC_DEMO
2023-06-27,ARE_FUJ,MGO,730.93,SYNTHETIC_DEMO
2023-06-28,SGP_SIN,VLSFO,598.97,SYNTHETIC_DEMO
2023-06-28,SGP_SIN,MGO,779.95,SYNTHETIC_DEMO
2023-06-28,LKA_CMB,VLSFO,613.94,SYNTHETIC_DEMO
2023-06-28,LKA_CMB,MGO,799.45,SYNTHETIC_DEMO
2023-06-28,ARE_FUJ,VLSFO,592.98,SYNTHETIC_DEMO
2023-06-28,ARE_FUJ,MGO,772.15,SYNTHETIC_DEMO
2023-06-29,SGP_SIN,VLSFO,589.31,SYNTHETIC_DEMO
2023-06-29,SGP_SIN,MGO,758.21,SYNTHETIC_DEMO
2023-06-29,LKA_CMB,VLSFO,604.04,SYNTHETIC_DEMO
2023-06-29,LKA_CMB,MGO,777.16,SYNTHETIC_DEMO
2023-06-29,ARE_FUJ,VLSFO,583.41,SYNTHETIC_DEMO
2023-06-29,ARE_FUJ,MGO,750.63,SYNTHETIC_DEMO
2023-06-30,SGP_SIN,VLSFO,583.91,SYNTHETIC_DEMO
2023-06-30,SGP_SIN,MGO,743.94,SYNTHETIC_DEMO
2023-06-30,LKA_CMB,VLSFO,598.51,SYNTHETIC_DEMO
2023-06-30,LKA_CMB,MGO,762.54,SYNTHETIC_DEMO
2023-06-30,ARE_FUJ,VLSFO,578.07,SYNTHETIC_DEMO
2023-06-30,ARE_FUJ,MGO,736.5,SYNTHETIC_DEMO
2023-07-01,SGP_SIN,VLSFO,578.82,SYNTHETIC_DEMO
2023-07-01,SGP_SIN,MGO,732.49,SYNTHETIC_DEMO
2023-07-01,LKA_CMB,VLSFO,593.29,SYNTHETIC_DEMO
2023-07-01,LKA_CMB,MGO,750.8,SYNTHETIC_DEMO
2023-07-01,ARE_FUJ,VLSFO,573.04,SYNTHETIC_DEMO
2023-07-01,ARE_FUJ,MGO,725.16,SYNTHETIC_DEMO
2023-07-02,SGP_SIN,VLSFO,582.27,SYNTHETIC_DEMO
2023-07-02,SGP_SIN,MGO,739.35,SYNTHETIC_DEMO
2023-07-02,LKA_CMB,VLSFO,596.83,SYNTHETIC_DEMO
2023-07-02,LKA_CMB,MGO,757.84,SYNTHETIC_DEMO
2023-07-02,ARE_FUJ,VLSFO,576.45,SYNTHETIC_DEMO
2023-07-02,ARE_FUJ,MGO,731.96,SYNTHETIC_DEMO
2023-07-03,SGP_SIN,VLSFO,580.47,SYNTHETIC_DEMO
2023-07-03,SGP_SIN,MGO,755.19,SYNTHETIC_DEMO
2023-07-03,LKA_CMB,VLSFO,594.98,SYNTHETIC_DEMO
2023-07-03,LKA_CMB,MGO,774.07,SYNTHETIC_DEMO
2023-07-03,ARE_FUJ,VLSFO,574.66,SYNTHETIC_DEMO
2023-07-03,ARE_FUJ,MGO,747.63,SYNTHETIC_DEMO
2023-07-04,SGP_SIN,VLSFO,580.07,SYNTHETIC_DEMO
2023-07-04,SGP_SIN,MGO,737.55,SYNTHETIC_DEMO
2023-07-04,LKA_CMB,VLSFO,594.57,SYNTHETIC_DEMO
2023-07-04,LKA_CMB,MGO,755.99,SYNTHETIC_DEMO
2023-07-04,ARE_FUJ,VLSFO,574.27,SYNTHETIC_DEMO
2023-07-04,ARE_FUJ,MGO,730.17,SYNTHETIC_DEMO
2023-07-05,SGP_SIN,VLSFO,573.93,SYNTHETIC_DEMO
2023-07-05,SGP_SIN,MGO,747.87,SYNTHETIC_DEMO
2023-07-05,LKA_CMB,VLSFO,588.28,SYNTHETIC_DEMO
2023-07-05,LKA_CMB,MGO,766.57,SYNTHETIC_DEMO
2023-07-05,ARE_FUJ,VLSFO,568.19,SYNTHETIC_DEMO
2023-07-05,ARE_FUJ,MGO,740.39,SYNTHETIC_DEMO
2023-07-06,SGP_SIN,VLSFO,581.63,SYNTHETIC_DEMO
2023-07-06,SGP_SIN,MGO,741.87,SYNTHETIC_DEMO
2023-07-06,LKA_CMB,VLSFO,596.17,SYNTHETIC_DEMO
2023-07-06,LKA_CMB,MGO,760.42,SYNTHETIC_DEMO
2023-07-06,ARE_FUJ,VLSFO,575.81,SYNTHETIC_DEMO
2023-07-06,ARE_FUJ,MGO,734.45,SYNTHETIC_DEMO
2023-07-07,SGP_SIN,VLSFO,587.05,SYNTHETIC_DEMO
2023-07-07,SGP_SIN,MGO,751.87,SYNTHETIC_DEMO
2023-07-07,LKA_CMB,VLSFO,601.72,SYNTHETIC_DEMO
2023-07-07,LKA_CMB,MGO,770.67,SYNTHETIC_DEMO
2023-07-07,ARE_FUJ,VLSFO,581.18,SYNTHETIC_DEMO
2023-07-07,ARE_FUJ,MGO,744.36,SYNTHETIC_DEMO
2023-07-08,SGP_SIN,VLSFO,576.8,SYNTHETIC_DEMO
2023-07-08,SGP_SIN,MGO,733.21,SYNTHETIC_DEMO
2023-07-08,LKA_CMB,VLSFO,591.22,SYNTHETIC_DEMO
2023-07-08,LKA_CMB,MGO,751.54,SYNTHETIC_DEMO
2023-07-08,ARE_FUJ,VLSFO,571.03,SYNTHETIC_DEMO
2023-07-08,ARE_FUJ,MGO,725.88,SYNTHETIC_DEMO
2023-07-09,SGP_SIN,VLSFO,584.21,SYNTHETIC_DEMO
2023-07-09,SGP_SIN,MGO,750.37,SYNTHETIC_DEMO
2023-07-09,LKA_CMB,VLSFO,598.82,SYNTHETIC_DEMO
2023-07-09,LKA_CMB,MGO,769.13,SYNTHETIC_DEMO
2023-07-09,ARE_FUJ,VLSFO,578.37,SYNTHETIC_DEMO
2023-07-09,ARE_FUJ,MGO,742.87,SYNTHETIC_DEMO
2023-07-10,SGP_SIN,VLSFO,568.21,SYNTHETIC_DEMO
2023-07-10,SGP_SIN,MGO,710.74,SYNTHETIC_DEMO
2023-07-10,LKA_CMB,VLSFO,582.42,SYNTHETIC_DEMO
2023-07-10,LKA_CMB,MGO,728.51,SYNTHETIC_DEMO
2023-07-10,ARE_FUJ,VLSFO,562.53,SYNTHETIC_DEMO
2023-07-10,ARE_FUJ,MGO,703.63,SYNTHETIC_DEMO
2023-07-11,SGP_SIN,VLSFO,589.71,SYNTHETIC_DEMO
2023-07-11,SGP_SIN,MGO,754.53,SYNTHETIC_DEMO
2023-07-11,LKA_CMB,VLSFO,604.45,SYNTHETIC_DEMO
2023-07-11,LKA_CMB,MGO,773.39,SYNTHETIC_DEMO
2023-07-11,ARE_FUJ,VLSFO,583.81,SYNTHETIC_DEMO
2023-07-11,ARE_FUJ,MGO,746.98,SYNTHETIC_DEMO
2023-07-12,SGP_SIN,VLSFO,582.54,SYNTHETIC_DEMO
2023-07-12,SGP_SIN,MGO,736.13,SYNTHETIC_DEMO
2023-07-12,LKA_CMB,VLSFO,597.11,SYNTHETIC_DEMO
2023-07-12,LKA_CMB,MGO,754.53,SYNTHETIC_DEMO
2023-07-12,ARE_FUJ,VLSFO,576.72,SYNTHETIC_DEMO
2023-07-12,ARE_FUJ,MGO,728.77,SYNTHETIC_DEMO
2023-07-13,SGP_SIN,VLSFO,578.27,SYNTHETIC_DEMO
2023-07-13,SGP_SIN,MGO,731.1,SYNTHETIC_DEMO
2023-07-13,LKA_CMB,VLSFO,592.73,SYNTHETIC_DEMO
2023-07-13,LKA_CMB,MGO,749.37,SYNTHETIC_DEMO
2023-07-13,ARE_FUJ,VLSFO,572.49,SYNTHETIC_DEMO
2023-07-13,ARE_FUJ,MGO,723.79,SYNTHETIC_DEMO
2023-07-14,SGP_SIN,VLSFO,581.44,SYNTHETIC_DEMO
2023-07-14,SGP_SIN,MGO,744.06,SYNTHETIC_DEMO
2023-07-14,LKA_CMB,VLSFO,595.97,SYNTHETIC_DEMO
2023-07-14,LKA_CMB,MGO,762.67,SYNTHETIC_DEMO
2023-07-14,ARE_FUJ,VLSFO,575.62,SYNTHETIC_DEMO
2023-07-14,ARE_FUJ,MGO,736.62,SYNTHETIC_DEMO
2023-07-15,SGP_SIN,VLSFO,579.28,SYNTHETIC_DEMO
2023-07-15,SGP_SIN,MGO,743.87,SYNTHETIC_DEMO
2023-07-15,LKA_CMB,VLSFO,593.76,SYNTHETIC_DEMO
2023-07-15,LKA_CMB,MGO,762.47,SYNTHETIC_DEMO
2023-07-15,ARE_FUJ,VLSFO,573.48,SYNTHETIC_DEMO
2023-07-15,ARE_FUJ,MGO,736.43,SYNTHETIC_DEMO
2023-07-16,SGP_SIN,VLSFO,593.9,SYNTHETIC_DEMO
2023-07-16,SGP_SIN,MGO,759.64,SYNTHETIC_DEMO
2023-07-16,LKA_CMB,VLSFO,608.75,SYNTHETIC_DEMO
2023-07-16,LKA_CMB,MGO,778.64,SYNTHETIC_DEMO
2023-07-16,ARE_FUJ,VLSFO,587.96,SYNTHETIC_DEMO
2023-07-16,ARE_FUJ,MGO,752.05,SYNTHETIC_DEMO
2023-07-17,SGP_SIN,VLSFO,595.79,SYNTHETIC_DEMO
2023-07-17,SGP_SIN,MGO,759.87,SYNTHETIC_DEMO
2023-07-17,LKA_CMB,VLSFO,610.69,SYNTHETIC_DEMO
2023-07-17,LKA_CMB,MGO,778.87,SYNTHETIC_DEMO
2023-07-17,ARE_FUJ,VLSFO,589.83,SYNTHETIC_DEMO
2023-07-17,ARE_FUJ,MGO,752.27,SYNTHETIC_DEMO
2023-07-18,SGP_SIN,VLSFO,596.5,SYNTHETIC_DEMO
2023-07-18,SGP_SIN,MGO,768.02,SYNTHETIC_DEMO
2023-07-18,LKA_CMB,VLSFO,611.41,SYNTHETIC_DEMO
2023-07-18,LKA_CMB,MGO,787.22,SYNTHETIC_DEMO
2023-07-18,ARE_FUJ,VLSFO,590.53,SYNTHETIC_DEMO
2023-07-18,ARE_FUJ,MGO,760.34,SYNTHETIC_DEMO
2023-07-19,SGP_SIN,VLSFO,581.19,SYNTHETIC_DEMO
2023-07-19,SGP_SIN,MGO,749.7,SYNTHETIC_DEMO
2023-07-19,LKA_CMB,VLSFO,595.72,SYNTHETIC_DEMO
2023-07-19,LKA_CMB,MGO,768.44,SYNTHETIC_DEMO
2023-07-19,ARE_FUJ,VLSFO,575.38,SYNTHETIC_DEMO
2023-07-19,ARE_FUJ,MGO,742.2,SYNTHETIC_DEMO
2023-07-20,SGP_SIN,VLSFO,593.91,SYNTHETIC_DEMO
2023-07-20,SGP_SIN,MGO,769.8,SYNTHETIC_DEMO
2023-07-20,LKA_CMB,VLSFO,608.76,SYNTHETIC_DEMO
2023-07-20,LKA_CMB,MGO,789.04,SYNTHETIC_DEMO
2023-07-20,ARE_FUJ,VLSFO,587.97,SYNTHETIC_DEMO
2023-07-20,ARE_FUJ,MGO,762.1,SYNTHETIC_DEMO
2023-07-21,SGP_SIN,VLSFO,587.31,SYNTHETIC_DEMO
2023-07-21,SGP_SIN,MGO,757.87,SYNTHETIC_DEMO
2023-07-21,LKA_CMB,VLSFO,601.99,SYNTHETIC_DEMO
2023-07-21,LKA_CMB,MGO,776.82,SYNTHETIC_DEMO
2023-07-21,ARE_FUJ,VLSFO,581.44,SYNTHETIC_DEMO
2023-07-21,ARE_FUJ,MGO,750.29,SYNTHETIC_DEMO
2023-07-22,SGP_SIN,VLSFO,587.65,SYNTHETIC_DEMO
2023-07-22,SGP_SIN,MGO,750.89,SYNTHETIC_DEMO
2023-07-22,LKA_CMB,VLSFO,602.34,SYNTHETIC_DEMO
2023-07-22,LKA_CMB,MGO,769.66,SYNTHETIC_DEMO
2023-07-22,ARE_FUJ,VLSFO,581.77,SYNTHETIC_DEMO
2023-07-22,ARE_FUJ,MGO,743.38,SYNTHETIC_DEMO
2023-07-23,SGP_SIN,VLSFO,591.94,SYNTHETIC_DEMO
2023-07-23,SGP_SIN,MGO,753.92,SYNTHETIC_DEMO
2023-07-23,LKA_CMB,VLSFO,606.74,SYNTHETIC_DEMO
2023-07-23,LKA_CMB,MGO,772.76,SYNTHETIC_DEMO
2023-07-23,ARE_FUJ,VLSFO,586.03,SYNTHETIC_DEMO
2023-07-23,ARE_FUJ,MGO,746.38,SYNTHETIC_DEMO
2023-07-24,SGP_SIN,VLSFO,598.28,SYNTHETIC_DEMO
2023-07-24,SGP_SIN,MGO,768.24,SYNTHETIC_DEMO
2023-07-24,LKA_CMB,VLSFO,613.24,SYNTHETIC_DEMO
2023-07-24,LKA_CMB,MGO,787.45,SYNTHETIC_DEMO
2023-07-24,ARE_FUJ,VLSFO,592.3,SYNTHETIC_DEMO
2023-07-24,ARE_FUJ,MGO,760.56,SYNTHETIC_DEMO
2023-07-25,SGP_SIN,VLSFO,584.84,SYNTHETIC_DEMO
2023-07-25,SGP_SIN,MGO,744.53,SYNTHETIC_DEMO
2023-07-25,LKA_CMB,VLSFO,599.46,SYNTHETIC_DEMO
2023-07-25,LKA_CMB,MGO,763.15,SYNTHETIC_DEMO
2023-07-25,ARE_FUJ,VLSFO,578.99,SYNTHETIC_DEMO
2023-07-25,ARE_FUJ,MGO,737.09,SYNTHETIC_DEMO
2023-07-26,SGP_SIN,VLSFO,581.41,SYNTHETIC_DEMO
2023-07-26,SGP_SIN,MGO,753.9,SYNTHETIC_DEMO
2023-07-26,LKA_CMB,VLSFO,595.94,SYNTHETIC_DEMO
2023-07-26,LKA_CMB,MGO,772.74,SYNTHETIC_DEMO
2023-07-26,ARE_FUJ,VLSFO,575.59,SYNTHETIC_DEMO
2023-07-26,ARE_FUJ,MGO,746.36,SYNTHETIC_DEMO
2023-07-27,SGP_SIN,VLSFO,587.36,SYNTHETIC_DEMO
2023-07-27,SGP_SIN,MGO,752.74,SYNTHETIC_DEMO
2023-07-27,LKA_CMB,VLSFO,602.04,SYNTHETIC_DEMO
2023-07-27,LKA_CMB,MGO,771.55,SYNTHETIC_DEMO
2023-07-27,ARE_FUJ,VLSFO,581.49,SYNTHETIC_DEMO
2023-07-27,ARE_FUJ,MGO,745.21,SYNTHETIC_DEMO
2023-07-28,SGP_SIN,VLSFO,590.0,SYNTHETIC_DEMO
2023-07-28,SGP_SIN,MGO,757.34,SYNTHETIC_DEMO
2023-07-28,LKA_CMB,VLSFO,604.75,SYNTHETIC_DEMO
2023-07-28,LKA_CMB,MGO,776.28,SYNTHETIC_DEMO
2023-07-28,ARE_FUJ,VLSFO,584.1,SYNTHETIC_DEMO
2023-07-28,ARE_FUJ,MGO,749.77,SYNTHETIC_DEMO
2023-07-29,SGP_SIN,VLSFO,585.56,SYNTHETIC_DEMO
2023-07-29,SGP_SIN,MGO,746.14,SYNTHETIC_DEMO
2023-07-29,LKA_CMB,VLSFO,600.2,SYNTHETIC_DEMO
2023-07-29,LKA_CMB,MGO,764.79,SYNTHETIC_DEMO
2023-07-29,ARE_FUJ,VLSFO,579.7,SYNTHETIC_DEMO
2023-07-29,ARE_FUJ,MGO,738.67,SYNTHETIC_DEMO
2023-07-30,SGP_SIN,VLSFO,577.09,SYNTHETIC_DEMO
2023-07-30,SGP_SIN,MGO,740.72,SYNTHETIC_DEMO
2023-07-30,LKA_CMB,VLSFO,591.51,SYNTHETIC_DEMO
2023-07-30,LKA_CMB,MGO,759.24,SYNTHETIC_DEMO
2023-07-30,ARE_FUJ,VLSFO,571.32,SYNTHETIC_DEMO
2023-07-30,ARE_FUJ,MGO,733.31,SYNTHETIC_DEMO
2023-07-31,SGP_SIN,VLSFO,572.54,SYNTHETIC_DEMO
2023-07-31,SGP_SIN,MGO,734.07,SYNTHETIC_DEMO
2023-07-31,LKA_CMB,VLSFO,586.85,SYNTHETIC_DEMO
2023-07-31,LKA_CMB,MGO,752.42,SYNTHETIC_DEMO
2023-07-31,ARE_FUJ,VLSFO,566.81,SYNTHETIC_DEMO
2023-07-31,ARE_FUJ,MGO,726.73,SYNTHETIC_DEMO
2023-08-01,SGP_SIN,VLSFO,581.41,SYNTHETIC_DEMO
2023-08-01,SGP_SIN,MGO,743.41,SYNTHETIC_DEMO
2023-08-01,LKA_CMB,VLSFO,595.95,SYNTHETIC_DEMO
2023-08-01,LKA_CMB,MGO,761.99,SYNTHETIC_DEMO
2023-08-01,ARE_FUJ,VLSFO,575.6,SYNTHETIC_DEMO
2023-08-01,ARE_FUJ,MGO,735.97,SYNTHETIC_DEMO
2023-08-02,SGP_SIN,VLSFO,588.32,SYNTHETIC_DEMO
2023-08-02,SGP_SIN,MGO,760.07,SYNTHETIC_DEMO
2023-08-02,LKA_CMB,VLSFO,603.02,SYNTHETIC_DEMO
2023-08-02,LKA_CMB,MGO,779.07,SYNTHETIC_DEMO
2023-08-02,ARE_FUJ,VLSFO,582.43,SYNTHETIC_DEMO
2023-08-02,ARE_FUJ,MGO,752.47,SYNTHETIC_DEMO
2023-08-03,SGP_SIN,VLSFO,580.91,SYNTHETIC_DEMO
2023-08-03,SGP_SIN,MGO,742.9,SYNTHETIC_DEMO
2023-08-03,LKA_CMB,VLSFO,595.43,SYNTHETIC_DEMO
2023-08-03,LKA_CMB,MGO,761.48,SYNTHETIC_DEMO
2023-08-03,ARE_FUJ,VLSFO,575.1,SYNTHETIC_DEMO
2023-08-03,ARE_FUJ,MGO,735.47,SYNTHETIC_DEMO
2023-08-04,SGP_SIN,VLSFO,590.77,SYNTHETIC_DEMO
2023-08-04,SGP_SIN,MGO,747.27,SYNTHETIC_DEMO
2023-08-04,LKA_CMB,VLSFO,605.54,SYNTHETIC_DEMO
2023-08-04,LKA_CMB,MGO,765.95,SYNTHETIC_DEMO
2023-08-04,ARE_FUJ,VLSFO,584.86,SYNTHETIC_DEMO
2023-08-04,ARE_FUJ,MGO,739.79,SYNTHETIC_DEMO
2023-08-05,SGP_SIN,VLSFO,585.49,SYNTHETIC_DEMO
2023-08-05,SGP_SIN,MGO,749.53,SYNTHETIC_DEMO
2023-08-05,LKA_CMB,VLSFO,600.12,SYNTHETIC_DEMO
2023-08-05,LKA_CMB,MGO,768.27,SYNTHETIC_DEMO
2023-08-05,ARE_FUJ,VLSFO,579.63,SYNTHETIC_DEMO
2023-08-05,ARE_FUJ,MGO,742.04,SYNTHETIC_DEMO
2023-08-06,SGP_SIN,VLSFO,586.19,SYNTHETIC_DEMO
2023-08-06,SGP_SIN,MGO,750.49,SYNTHETIC_DEMO
2023-08-06,LKA_CMB,VLSFO,600.85,SYNTHETIC_DEMO
2023-08-06,LKA_CMB,MGO,769.25,SYNTHETIC_DEMO
2023-08-06,ARE_FUJ,VLSFO,580.33,SYNTHETIC_DEMO
2023-08-06,ARE_FUJ,MGO,742.98,SYNTHETIC_DEMO
2023-08-07,SGP_SIN,VLSFO,576.72,SYNTHETIC_DEMO
2023-08-07,SGP_SIN,MGO,746.73,SYNTHETIC_DEMO
2023-08-07,LKA_CMB,VLSFO,591.14,SYNTHETIC_DEMO
2023-08-07,LKA_CMB,MGO,765.4,SYNTHETIC_DEMO
2023-08-07,ARE_FUJ,VLSFO,570.95,SYNTHETIC_DEMO
2023-08-07,ARE_FUJ,MGO,739.26,SYNTHETIC_DEMO
2023-08-08,SGP_SIN,VLSFO,576.24,SYNTHETIC_DEMO
2023-08-08,SGP_SIN,MGO,743.79,SYNTHETIC_DEMO
2023-08-08,LKA_CMB,VLSFO,590.65,SYNTHETIC_DEMO
2023-08-08,LKA_CMB,MGO,762.39,SYNTHETIC_DEMO
2023-08-08,ARE_FUJ,VLSFO,570.48,SYNTHETIC_DEMO
2023-08-08,ARE_FUJ,MGO,736.35,SYNTHETIC_DEMO
2023-08-09,SGP_SIN,VLSFO,573.75,SYNTHETIC_DEMO
2023-08-09,SGP_SIN,MGO,732.63,SYNTHETIC_DEMO
2023-08-09,LKA_CMB,VLSFO,588.09,SYNTHETIC_DEMO
2023-08-09,LKA_CMB,MGO,750.94,SYNTHETIC_DEMO
2023-08-09,ARE_FUJ,VLSFO,568.01,SYNTHETIC_DEMO
2023-08-09,ARE_FUJ,MGO,725.3,SYNTHETIC_DEMO
2023-08-10,SGP_SIN,VLSFO,583.67,SYNTHETIC_DEMO
2023-08-10,SGP_SIN,MGO,745.31,SYNTHETIC_DEMO
2023-08-10,LKA_CMB,VLSFO,598.26,SYNTHETIC_DEMO
2023-08-10,LKA_CMB,MGO,763.94,SYNTHETIC_DEMO
2023-08-10,ARE_FUJ,VLSFO,577.83,SYNTHETIC_DEMO
2023-08-10,ARE_FUJ,MGO,737.86,SYNTHETIC_DEMO
2023-08-11,SGP_SIN,VLSFO,577.54,SYNTHETIC_DEMO
2023-08-11,SGP_SIN,MGO,740.48,SYNTHETIC_DEMO
2023-08-11,LKA_CMB,VLSFO,591.98,SYNTHETIC_DEMO
2023-08-11,LKA_CMB,MGO,758.99,SYNTHETIC_DEMO
2023-08-11,ARE_FUJ,VLSFO,571.76,SYNTHETIC_DEMO
2023-08-11,ARE_FUJ,MGO,733.07,SYNTHETIC_DEMO
2023-08-12,SGP_SIN,VLSFO,576.35,SYNTHETIC_DEMO
2023-08-12,SGP_SIN,MGO,742.53,SYNTHETIC_DEMO
2023-08-12,LKA_CMB,VLSFO,590.76,SYNTHETIC_DEMO
2023-08-12,LKA_CMB,MGO,761.09,SYNTHETIC_DEMO
2023-08-12,ARE_FUJ,VLSFO,570.59,SYNTHETIC_DEMO
2023-08-12,ARE_FUJ,MGO,735.1,SYNTHETIC_DEMO
2023-08-13,SGP_SIN,VLSFO,581.91,SYNTHETIC_DEMO
2023-08-13,SGP_SIN,MGO,735.65,SYNTHETIC_DEMO
2023-08-13,LKA_CMB,VLSFO,596.46,SYNTHETIC_DEMO
2023-08-13,LKA_CMB,MGO,754.04,SYNTHETIC_DEMO
2023-08-13,ARE_FUJ,VLSFO,576.09,SYNTHETIC_DEMO
2023-08-13,ARE_FUJ,MGO,728.29,SYNTHETIC_DEMO
2023-08-14,SGP_SIN,VLSFO,578.09,SYNTHETIC_DEMO
2023-08-14,SGP_SIN,MGO,744.15,SYNTHETIC_DEMO
2023-08-14,LKA_CMB,VLSFO,592.54,SYNTHETIC_DEMO
2023-08-14,LKA_CMB,MGO,762.76,SYNTHETIC_DEMO
2023-08-14,ARE_FUJ,VLSFO,572.31,SYNTHETIC_DEMO
2023-08-14,ARE_FUJ,MGO,736.71,SYNTHETIC_DEMO
2023-08-15,SGP_SIN,VLSFO,593.22,SYNTHETIC_DEMO
2023-08-15,SGP_SIN,MGO,745.99,SYNTHETIC_DEMO
2023-08-15,LKA_CMB,VLSFO,608.05,SYNTHETIC_DEMO
2023-08-15,LKA_CMB,MGO,764.64,SYNTHETIC_DEMO
2023-08-15,ARE_FUJ,VLSFO,587.29,SYNTHETIC_DEMO
2023-08-15,ARE_FUJ,MGO,738.53,SYNTHETIC_DEMO
2023-08-16,SGP_SIN,VLSFO,575.82,SYNTHETIC_DEMO
2023-08-16,SGP_SIN,MGO,727.81,SYNTHETIC_DEMO
2023-08-16,LKA_CMB,VLSFO,590.21,SYNTHETIC_DEMO
2023-08-16,LKA_CMB,MGO,746.01,SYNTHETIC_DEMO
2023-08-16,ARE_FUJ,VLSFO,570.06,SYNTHETIC_DEMO
2023-08-16,ARE_FUJ,MGO,720.53,SYNTHETIC_DEMO
2023-08-17,SGP_SIN,VLSFO,576.32,SYNTHETIC_DEMO
2023-08-17,SGP_SIN,MGO,734.47,SYNTHETIC_DEMO
2023-08-17,LKA_CMB,VLSFO,590.73,SYNTHETIC_DEMO
2023-08-17,LKA_CMB,MGO,752.83,SYNTHETIC_DEMO
2023-08-17,ARE_FUJ,VLSFO,570.56,SYNTHETIC_DEMO
2023-08-17,ARE_FUJ,MGO,727.12,SYNTHETIC_DEMO
2023-08-18,SGP_SIN,VLSFO,565.97,SYNTHETIC_DEMO
2023-08-18,SGP_SIN,MGO,729.83,SYNTHETIC_DEMO
2023-08-18,LKA_CMB,VLSFO,580.11,SYNTHETIC_DEMO
2023-08-18,LKA_CMB,MGO,748.08,SYNTHETIC_DEMO
2023-08-18,ARE_FUJ,VLSFO,560.31,SYNTHETIC_DEMO
2023-08-18,ARE_FUJ,MGO,722.53,SYNTHETIC_DEMO
2023-08-19,SGP_SIN,VLSFO,586.19,SYNTHETIC_DEMO
2023-08-19,SGP_SIN,MGO,752.99,SYNTHETIC_DEMO
2023-08-19,LKA_CMB,VLSFO,600.85,SYNTHETIC_DEMO
2023-08-19,LKA_CMB,MGO,771.81,SYNTHETIC_DEMO
2023-08-19,ARE_FUJ,VLSFO,580.33,SYNTHETIC_DEMO
2023-08-19,ARE_FUJ,MGO,745.46,SYNTHETIC_DEMO
2023-08-20,SGP_SIN,VLSFO,592.67,SYNTHETIC_DEMO
2023-08-20,SGP_SIN,MGO,761.94,SYNTHETIC_DEMO
2023-08-20,LKA_CMB,VLSFO,607.48,SYNTHETIC_DEMO
2023-08-20,LKA_CMB,MGO,780.99,SYNTHETIC_DEMO
2023-08-20,ARE_FUJ,VLSFO,586.74,SYNTHETIC_DEMO
2023-08-20,ARE_FUJ,MGO,754.32,SYNTHETIC_DEMO
2023-08-21,SGP_SIN,VLSFO,574.07,SYNTHETIC_DEMO
2023-08-21,SGP_SIN,MGO,736.65,SYNTHETIC_DEMO
2023-08-21,LKA_CMB,VLSFO,588.42,SYNTHETIC_DEMO
2023-08-21,LKA_CMB,MGO,755.06,SYNTHETIC_DEMO
2023-08-21,ARE_FUJ,VLSFO,568.33,SYNTHETIC_DEMO
2023-08-21,ARE_FUJ,MGO,729.28,SYNTHETIC_DEMO
2023-08-22,SGP_SIN,VLSFO,576.86,SYNTHETIC_DEMO
2023-08-22,SGP_SIN,MGO,751.84,SYNTHETIC_DEMO
2023-08-22,LKA_CMB,VLSFO,591.28,SYNTHETIC_DEMO
2023-08-22,LKA_CMB,MGO,770.64,SYNTHETIC_DEMO
2023-08-22,ARE_FUJ,VLSFO,571.09,SYNTHETIC_DEMO
2023-08-22,ARE_FUJ,MGO,744.32,SYNTHETIC_DEMO
2023-08-23,SGP_SIN,VLSFO,581.07,SYNTHETIC_DEMO
2023-08-23,SGP_SIN,MGO,756.96,SYNTHETIC_DEMO
2023-08-23,LKA_CMB,VLSFO,595.6,SYNTHETIC_DEMO
2023-08-23,LKA_CMB,MGO,775.89,SYNTHETIC_DEMO
2023-08-23,ARE_FUJ,VLSFO,575.26,SYNTHETIC_DEMO
2023-08-23,ARE_FUJ,MGO,749.39,SYNTHETIC_DEMO
2023-08-24,SGP_SIN,VLSFO,577.24,SYNTHETIC_DEMO
2023-08-24,SGP_SIN,MGO,730.07,SYNTHETIC_DEMO
2023-08-24,LKA_CMB,VLSFO,591.67,SYNTHETIC_DEMO
2023-08-24,LKA_CMB,MGO,748.32,SYNTHETIC_DEMO
2023-08-24,ARE_FUJ,VLSFO,571.47,SYNTHETIC_DEMO
2023-08-24,ARE_FUJ,MGO,722.77,SYNTHETIC_DEMO
2023-08-25,SGP_SIN,VLSFO,574.44,SYNTHETIC_DEMO
2023-08-25,SGP_SIN,MGO,744.67,SYNTHETIC_DEMO
2023-08-25,LKA_CMB,VLSFO,588.8,SYNTHETIC_DEMO
2023-08-25,LKA_CMB,MGO,763.28,SYNTHETIC_DEMO
2023-08-25,ARE_FUJ,VLSFO,568.7,SYNTHETIC_DEMO
2023-08-25,ARE_FUJ,MGO,737.22,SYNTHETIC_DEMO
2023-08-26,SGP_SIN,VLSFO,562.14,SYNTHETIC_DEMO
2023-08-26,SGP_SIN,MGO,728.64,SYNTHETIC_DEMO
2023-08-26,LKA_CMB,VLSFO,576.19,SYNTHETIC_DEMO
2023-08-26,LKA_CMB,MGO,746.85,SYNTHETIC_DEMO
2023-08-26,ARE_FUJ,VLSFO,556.52,SYNTHETIC_DEMO
2023-08-26,ARE_FUJ,MGO,721.35,SYNTHETIC_DEMO
2023-08-27,SGP_SIN,VLSFO,567.81,SYNTHETIC_DEMO
2023-08-27,SGP_SIN,MGO,729.98,SYNTHETIC_DEMO
2023-08-27,LKA_CMB,VLSFO,582.01,SYNTHETIC_DEMO
2023-08-27,LKA_CMB,MGO,748.22,SYNTHETIC_DEMO
2023-08-27,ARE_FUJ,VLSFO,562.14,SYNTHETIC_DEMO
2023-08-27,ARE_FUJ,MGO,722.68,SYNTHETIC_DEMO
2023-08-28,SGP_SIN,VLSFO,583.02,SYNTHETIC_DEMO
2023-08-28,SGP_SIN,MGO,740.59,SYNTHETIC_DEMO
2023-08-28,LKA_CMB,VLSFO,597.59,SYNTHETIC_DEMO
2023-08-28,LKA_CMB,MGO,759.11,SYNTHETIC_DEMO
2023-08-28,ARE_FUJ,VLSFO,577.19,SYNTHETIC_DEMO
2023-08-28,ARE_FUJ,MGO,733.19,SYNTHETIC_DEMO
2023-08-29,SGP_SIN,VLSFO,563.18,SYNTHETIC_DEMO
2023-08-29,SGP_SIN,MGO,719.65,SYNTHETIC_DEMO
2023-08-29,LKA_CMB,VLSFO,577.26,SYNTHETIC_DEMO
2023-08-29,LKA_CMB,MGO,737.64,SYNTHETIC_DEMO
2023-08-29,ARE_FUJ,VLSFO,557.54,SYNTHETIC_DEMO
2023-08-29,ARE_FUJ,MGO,712.46,SYNTHETIC_DEMO
2023-08-30,SGP_SIN,VLSFO,579.96,SYNTHETIC_DEMO
2023-08-30,SGP_SIN,MGO,742.76,SYNTHETIC_DEMO
2023-08-30,LKA_CMB,VLSFO,594.46,SYNTHETIC_DEMO
2023-08-30,LKA_CMB,MGO,761.33,SYNTHETIC_DEMO
2023-08-30,ARE_FUJ,VLSFO,574.16,SYNTHETIC_DEMO
2023-08-30,ARE_FUJ,MGO,735.33,SYNTHETIC_DEMO
2023-08-31,SGP_SIN,VLSFO,563.82,SYNTHETIC_DEMO
2023-08-31,SGP_SIN,MGO,711.18,SYNTHETIC_DEMO
2023-08-31,LKA_CMB,VLSFO,577.91,SYNTHETIC_DEMO
2023-08-31,LKA_CMB,MGO,728.96,SYNTHETIC_DEMO
2023-08-31,ARE_FUJ,VLSFO,558.18,SYNTHETIC_DEMO
2023-08-31,ARE_FUJ,MGO,704.07,SYNTHETIC_DEMO
2023-09-01,SGP_SIN,VLSFO,570.94,SYNTHETIC_DEMO
2023-09-01,SGP_SIN,MGO,726.48,SYNTHETIC_DEMO
2023-09-01,LKA_CMB,VLSFO,585.22,SYNTHETIC_DEMO
2023-09-01,LKA_CMB,MGO,744.64,SYNTHETIC_DEMO
2023-09-01,ARE_FUJ,VLSFO,565.23,SYNTHETIC_DEMO
2023-09-01,ARE_FUJ,MGO,719.22,SYNTHETIC_DEMO
2023-09-02,SGP_SIN,VLSFO,555.01,SYNTHETIC_DEMO
2023-09-02,SGP_SIN,MGO,713.68,SYNTHETIC_DEMO
2023-09-02,LKA_CMB,VLSFO,568.88,SYNTHETIC_DEMO
2023-09-02,LKA_CMB,MGO,731.52,SYNTHETIC_DEMO
2023-09-02,ARE_FUJ,VLSFO,549.46,SYNTHETIC_DEMO
2023-09-02,ARE_FUJ,MGO,706.54,SYNTHETIC_DEMO
2023-09-03,SGP_SIN,VLSFO,567.7,SYNTHETIC_DEMO
2023-09-03,SGP_SIN,MGO,717.94,SYNTHETIC_DEMO
2023-09-03,LKA_CMB,VLSFO,581.89,SYNTHETIC_DEMO
2023-09-03,LKA_CMB,MGO,735.89,SYNTHETIC_DEMO
2023-09-03,ARE_FUJ,VLSFO,562.02,SYNTHETIC_DEMO
2023-09-03,ARE_FUJ,MGO,710.76,SYNTHETIC_DEMO
2023-09-04,SGP_SIN,VLSFO,561.89,SYNTHETIC_DEMO
2023-09-04,SGP_SIN,MGO,715.91,SYNTHETIC_DEMO
2023-09-04,LKA_CMB,VLSFO,575.94,SYNTHETIC_DEMO
2023-09-04,LKA_CMB,MGO,733.81,SYNTHETIC_DEMO
2023-09-04,ARE_FUJ,VLSFO,556.27,SYNTHETIC_DEMO
2023-09-04,ARE_FUJ,MGO,708.75,SYNTHETIC_DEMO
2023-09-05,SGP_SIN,VLSFO,561.0,SYNTHETIC_DEMO
2023-09-05,SGP_SIN,MGO,700.11,SYNTHETIC_DEMO
2023-09-05,LKA_CMB,VLSFO,575.03,SYNTHETIC_DEMO
2023-09-05,LKA_CMB,MGO,717.61,SYNTHETIC_DEMO
2023-09-05,ARE_FUJ,VLSFO,555.39,SYNTHETIC_DEMO
2023-09-05,ARE_FUJ,MGO,693.11,SYNTHETIC_DEMO
2023-09-06,SGP_SIN,VLSFO,562.2,SYNTHETIC_DEMO
2023-09-06,SGP_SIN,MGO,722.59,SYNTHETIC_DEMO
2023-09-06,LKA_CMB,VLSFO,576.26,SYNTHETIC_DEMO
2023-09-06,LKA_CMB,MGO,740.65,SYNTHETIC_DEMO
2023-09-06,ARE_FUJ,VLSFO,556.58,SYNTHETIC_DEMO
2023-09-06,ARE_FUJ,MGO,715.36,SYNTHETIC_DEMO
2023-09-07,SGP_SIN,VLSFO,548.33,SYNTHETIC_DEMO
2023-09-07,SGP_SIN,MGO,691.35,SYNTHETIC_DEMO
2023-09-07,LKA_CMB,VLSFO,562.04,SYNTHETIC_DEMO
2023-09-07,LKA_CMB,MGO,708.63,SYNTHETIC_DEMO
2023-09-07,ARE_FUJ,VLSFO,542.85,SYNTHETIC_DEMO
2023-09-07,ARE_FUJ,MGO,684.44,SYNTHETIC_DEMO
2023-09-08,SGP_SIN,VLSFO,543.42,SYNTHETIC_DEMO
2023-09-08,SGP_SIN,MGO,699.37,SYNTHETIC_DEMO
2023-09-08,LKA_CMB,VLSFO,557.01,SYNTHETIC_DEMO
2023-09-08,LKA_CMB,MGO,716.86,SYNTHETIC_DEMO
2023-09-08,ARE_FUJ,VLSFO,537.99,SYNTHETIC_DEMO
2023-09-08,ARE_FUJ,MGO,692.38,SYNTHETIC_DEMO
2023-09-09,SGP_SIN,VLSFO,549.72,SYNTHETIC_DEMO
2023-09-09,SGP_SIN,MGO,705.52,SYNTHETIC_DEMO
2023-09-09,LKA_CMB,VLSFO,563.46,SYNTHETIC_DEMO
2023-09-09,LKA_CMB,MGO,723.16,SYNTHETIC_DEMO
2023-09-09,ARE_FUJ,VLSFO,544.22,SYNTHETIC_DEMO
2023-09-09,ARE_FUJ,MGO,698.47,SYNTHETIC_DEMO
2023-09-10,SGP_SIN,VLSFO,558.76,SYNTHETIC_DEMO
2023-09-10,SGP_SIN,MGO,699.9,SYNTHETIC_DEMO
2023-09-10,LKA_CMB,VLSFO,572.73,SYNTHETIC_DEMO
2023-09-10,LKA_CMB,MGO,717.4,SYNTHETIC_DEMO
2023-09-10,ARE_FUJ,VLSFO,553.18,SYNTHETIC_DEMO
2023-09-10,ARE_FUJ,MGO,692.9,SYNTHETIC_DEMO
2023-09-11,SGP_SIN,VLSFO,547.86,SYNTHETIC_DEMO
2023-09-11,SGP_SIN,MGO,695.98,SYNTHETIC_DEMO
2023-09-11,LKA_CMB,VLSFO,561.56,SYNTHETIC_DEMO
2023-09-11,LKA_CMB,MGO,713.38,SYNTHETIC_DEMO
2023-09-11,ARE_FUJ,VLSFO,542.38,SYNTHETIC_DEMO
2023-09-11,ARE_FUJ,MGO,689.02,SYNTHETIC_DEMO
2023-09-12,SGP_SIN,VLSFO,552.95,SYNTHETIC_DEMO
2023-09-12,SGP_SIN,MGO,717.04,SYNTHETIC_DEMO
2023-09-12,LKA_CMB,VLSFO,566.78,SYNTHETIC_DEMO
2023-09-12,LKA_CMB,MGO,734.96,SYNTHETIC_DEMO
2023-09-12,ARE_FUJ,VLSFO,547.42,SYNTHETIC_DEMO
2023-09-12,ARE_FUJ,MGO,709.87,SYNTHETIC_DEMO
2023-09-13,SGP_SIN,VLSFO,558.37,SYNTHETIC_DEMO
2023-09-13,SGP_SIN,MGO,712.61,SYNTHETIC_DEMO
2023-09-13,LKA_CMB,VLSFO,572.33,SYNTHETIC_DEMO
2023-09-13,LKA_CMB,MGO,730.42,SYNTHETIC_DEMO
2023-09-13,ARE_FUJ,VLSFO,552.79,SYNTHETIC_DEMO
2023-09-13,ARE_FUJ,MGO,705.48,SYNTHETIC_DEMO
2023-09-14,SGP_SIN,VLSFO,557.77,SYNTHETIC_DEMO
2023-09-14,SGP_SIN,MGO,708.89,SYNTHETIC_DEMO
2023-09-14,LKA_CMB,VLSFO,571.71,SYNTHETIC_DEMO
2023-09-14,LKA_CMB,MGO,726.61,SYNTHETIC_DEMO
2023-09-14,ARE_FUJ,VLSFO,552.19,SYNTHETIC_DEMO
2023-09-14,ARE_FUJ,MGO,701.8,SYNTHETIC_DEMO
2023-09-15,SGP_SIN,VLSFO,554.28,SYNTHETIC_DEMO
2023-09-15,SGP_SIN,MGO,698.71,SYNTHETIC_DEMO
2023-09-15,LKA_CMB,VLSFO,568.13,SYNTHETIC_DEMO
2023-09-15,LKA_CMB,MGO,716.18,SYNTHETIC_DEMO
2023-09-15,ARE_FUJ,VLSFO,548.73,SYNTHETIC_DEMO
2023-09-15,ARE_FUJ,MGO,691.72,SYNTHETIC_DEMO
2023-09-16,SGP_SIN,VLSFO,549.67,SYNTHETIC_DEMO
2023-09-16,SGP_SIN,MGO,712.3,SYNTHETIC_DEMO
2023-09-16,LKA_CMB,VLSFO,563.41,SYNTHETIC_DEMO
2023-09-16,LKA_CMB,MGO,730.11,SYNTHETIC_DEMO
2023-09-16,ARE_FUJ,VLSFO,544.17,SYNTHETIC_DEMO
2023-09-16,ARE_FUJ,MGO,705.18,SYNTHETIC_DEMO
2023-09-17,SGP_SIN,VLSFO,554.54,SYNTHETIC_DEMO
2023-09-17,SGP_SIN,MGO,716.81,SYNTHETIC_DEMO
2023-09-17,LKA_CMB,VLSFO,568.4,SYNTHETIC_DEMO
2023-09-17,LKA_CMB,MGO,734.73,SYNTHETIC_DEMO
2023-09-17,ARE_FUJ,VLSFO,548.99,SYNTHETIC_DEMO
2023-09-17,ARE_FUJ,MGO,709.64,SYNTHETIC_DEMO
2023-09-18,SGP_SIN,VLSFO,544.46,SYNTHETIC_DEMO
2023-09-18,SGP_SIN,MGO,700.49,SYNTHETIC_DEMO
2023-09-18,LKA_CMB,VLSFO,558.08,SYNTHETIC_DEMO
2023-09-18,LKA_CMB,MGO,718.0,SYNTHETIC_DEMO
2023-09-18,ARE_FUJ,VLSFO,539.02,SYNTHETIC_DEMO
2023-09-18,ARE_FUJ,MGO,693.48,SYNTHETIC_DEMO
2023-09-19,SGP_SIN,VLSFO,545.16,SYNTHETIC_DEMO
2023-09-19,SGP_SIN,MGO,697.23,SYNTHETIC_DEMO
2023-09-19,LKA_CMB,VLSFO,558.79,SYNTHETIC_DEMO
2023-09-19,LKA_CMB,MGO,714.66,SYNTHETIC_DEMO
2023-09-19,ARE_FUJ,VLSFO,539.71,SYNTHETIC_DEMO
2023-09-19,ARE_FUJ,MGO,690.26,SYNTHETIC_DEMO
2023-09-20,SGP_SIN,VLSFO,560.6,SYNTHETIC_DEMO
2023-09-20,SGP_SIN,MGO,722.93,SYNTHETIC_DEMO
2023-09-20,LKA_CMB,VLSFO,574.61,SYNTHETIC_DEMO
2023-09-20,LKA_CMB,MGO,741.01,SYNTHETIC_DEMO
2023-09-20,ARE_FUJ,VLSFO,554.99,SYNTHETIC_DEMO
2023-09-20,ARE_FUJ,MGO,715.7,SYNTHETIC_DEMO
2023-09-21,SGP_SIN,VLSFO,565.35,SYNTHETIC_DEMO
2023-09-21,SGP_SIN,MGO,717.97,SYNTHETIC_DEMO
2023-09-21,LKA_CMB,VLSFO,579.48,SYNTHETIC_DEMO
2023-09-21,LKA_CMB,MGO,735.92,SYNTHETIC_DEMO
2023-09-21,ARE_FUJ,VLSFO,559.69,SYNTHETIC_DEMO
2023-09-21,ARE_FUJ,MGO,710.79,SYNTHETIC_DEMO
2023-09-22,SGP_SIN,VLSFO,555.48,SYNTHETIC_DEMO
2023-09-22,SGP_SIN,MGO,700.5,SYNTHETIC_DEMO
2023-09-22,LKA_CMB,VLSFO,569.37,SYNTHETIC_DEMO
2023-09-22,LKA_CMB,MGO,718.02,SYNTHETIC_DEMO
2023-09-22,ARE_FUJ,VLSFO,549.93,SYNTHETIC_DEMO
2023-09-22,ARE_FUJ,MGO,693.5,SYNTHETIC_DEMO
2023-09-23,SGP_SIN,VLSFO,572.86,SYNTHETIC_DEMO
2023-09-23,SGP_SIN,MGO,734.28,SYNTHETIC_DEMO
2023-09-23,LKA_CMB,VLSFO,587.19,SYNTHETIC_DEMO
2023-09-23,LKA_CMB,MGO,752.63,SYNTHETIC_DEMO
2023-09-23,ARE_FUJ,VLSFO,567.14,SYNTHETIC_DEMO
2023-09-23,ARE_FUJ,MGO,726.93,SYNTHETIC_DEMO
2023-09-24,SGP_SIN,VLSFO,561.44,SYNTHETIC_DEMO
2023-09-24,SGP_SIN,MGO,735.8,SYNTHETIC_DEMO
2023-09-24,LKA_CMB,VLSFO,575.47,SYNTHETIC_DEMO
2023-09-24,LKA_CMB,MGO,754.2,SYNTHETIC_DEMO
2023-09-24,ARE_FUJ,VLSFO,555.82,SYNTHETIC_DEMO
2023-09-24,ARE_FUJ,MGO,728.45,SYNTHETIC_DEMO
2023-09-25,SGP_SIN,VLSFO,565.19,SYNTHETIC_DEMO
2023-09-25,SGP_SIN,MGO,722.28,SYNTHETIC_DEMO
2023-09-25,LKA_CMB,VLSFO,579.32,SYNTHETIC_DEMO
2023-09-25,LKA_CMB,MGO,740.34,SYNTHETIC_DEMO
2023-09-25,ARE_FUJ,VLSFO,559.54,SYNTHETIC_DEMO
2023-09-25,ARE_FUJ,MGO,715.06,SYNTHETIC_DEMO
2023-09-26,SGP_SIN,VLSFO,565.57,SYNTHETIC_DEMO
2023-09-26,SGP_SIN,MGO,733.31,SYNTHETIC_DEMO
2023-09-26,LKA_CMB,VLSFO,579.71,SYNTHETIC_DEMO
2023-09-26,LKA_CMB,MGO,751.64,SYNTHETIC_DEMO
2023-09-26,ARE_FUJ,VLSFO,559.92,SYNTHETIC_DEMO
2023-09-26,ARE_FUJ,MGO,725.98,SYNTHETIC_DEMO
2023-09-27,SGP_SIN,VLSFO,564.54,SYNTHETIC_DEMO
2023-09-27,SGP_SIN,MGO,711.07,SYNTHETIC_DEMO
2023-09-27,LKA_CMB,VLSFO,578.66,SYNTHETIC_DEMO
2023-09-27,LKA_CMB,MGO,728.85,SYNTHETIC_DEMO
2023-09-27,ARE_FUJ,VLSFO,558.9,SYNTHETIC_DEMO
2023-09-27,ARE_FUJ,MGO,703.96,SYNTHETIC_DEMO
2023-09-28,SGP_SIN,VLSFO,555.76,SYNTHETIC_DEMO
2023-09-28,SGP_SIN,MGO,717.1,SYNTHETIC_DEMO
2023-09-28,LKA_CMB,VLSFO,569.65,SYNTHETIC_DEMO
2023-09-28,LKA_CMB,MGO,735.03,SYNTHETIC_DEMO
2023-09-28,ARE_FUJ,VLSFO,550.2,SYNTHETIC_DEMO
2023-09-28,ARE_FUJ,MGO,709.93,SYNTHETIC_DEMO
2023-09-29,SGP_SIN,VLSFO,557.38,SYNTHETIC_DEMO
2023-09-29,SGP_SIN,MGO,709.85,SYNTHETIC_DEMO
2023-09-29,LKA_CMB,VLSFO,571.31,SYNTHETIC_DEMO
2023-09-29,LKA_CMB,MGO,727.6,SYNTHETIC_DEMO
2023-09-29,ARE_FUJ,VLSFO,551.81,SYNTHETIC_DEMO
2023-09-29,ARE_FUJ,MGO,702.75,SYNTHETIC_DEMO
2023-09-30,SGP_SIN,VLSFO,545.04,SYNTHETIC_DEMO
2023-09-30,SGP_SIN,MGO,686.19,SYNTHETIC_DEMO
2023-09-30,LKA_CMB,VLSFO,558.66,SYNTHETIC_DEMO
2023-09-30,LKA_CMB,MGO,703.34,SYNTHETIC_DEMO
2023-09-30,ARE_FUJ,VLSFO,539.59,SYNTHETIC_DEMO
2023-09-30,ARE_FUJ,MGO,679.33,SYNTHETIC_DEMO
2023-10-01,SGP_SIN,VLSFO,554.76,SYNTHETIC_DEMO
2023-10-01,SGP_SIN,MGO,720.6,SYNTHETIC_DEMO
2023-10-01,LKA_CMB,VLSFO,568.63,SYNTHETIC_DEMO
2023-10-01,LKA_CMB,MGO,738.61,SYNTHETIC_DEMO
2023-10-01,ARE_FUJ,VLSFO,549.21,SYNTHETIC_DEMO
2023-10-01,ARE_FUJ,MGO,713.39,SYNTHETIC_DEMO
2023-10-02,SGP_SIN,VLSFO,563.97,SYNTHETIC_DEMO
2023-10-02,SGP_SIN,MGO,724.5,SYNTHETIC_DEMO
2023-10-02,LKA_CMB,VLSFO,578.07,SYNTHETIC_DEMO
2023-10-02,LKA_CMB,MGO,742.61,SYNTHETIC_DEMO
2023-10-02,ARE_FUJ,VLSFO,558.33,SYNTHETIC_DEMO
2023-10-02,ARE_FUJ,MGO,717.25,SYNTHETIC_DEMO
2023-10-03,SGP_SIN,VLSFO,550.64,SYNTHETIC_DEMO
2023-10-03,SGP_SIN,MGO,699.83,SYNTHETIC_DEMO
2023-10-03,LKA_CMB,VLSFO,564.4,SYNTHETIC_DEMO
2023-10-03,LKA_CMB,MGO,717.32,SYNTHETIC_DEMO
2023-10-03,ARE_FUJ,VLSFO,545.13,SYNTHETIC_DEMO
2023-10-03,ARE_FUJ,MGO,692.83,SYNTHETIC_DEMO
2023-10-04,SGP_SIN,VLSFO,551.38,SYNTHETIC_DEMO
2023-10-04,SGP_SIN,MGO,712.77,SYNTHETIC_DEMO
2023-10-04,LKA_CMB,VLSFO,565.17,SYNTHETIC_DEMO
2023-10-04,LKA_CMB,MGO,730.59,SYNTHETIC_DEMO
2023-10-04,ARE_FUJ,VLSFO,545.87,SYNTHETIC_DEMO
2023-10-04,ARE_FUJ,MGO,705.64,SYNTHETIC_DEMO
2023-10-05,SGP_SIN,VLSFO,546.43,SYNTHETIC_DEMO
2023-10-05,SGP_SIN,MGO,695.04,SYNTHETIC_DEMO
2023-10-05,LKA_CMB,VLSFO,560.09,SYNTHETIC_DEMO
2023-10-05,LKA_CMB,MGO,712.42,SYNTHETIC_DEMO
2023-10-05,ARE_FUJ,VLSFO,540.97,SYNTHETIC_DEMO
2023-10-05,ARE_FUJ,MGO,688.09,SYNTHETIC_DEMO
2023-10-06,SGP_SIN,VLSFO,546.19,SYNTHETIC_DEMO
2023-10-06,SGP_SIN,MGO,697.88,SYNTHETIC_DEMO
2023-10-06,LKA_CMB,VLSFO,559.84,SYNTHETIC_DEMO
2023-10-06,LKA_CMB,MGO,715.32,SYNTHETIC_DEMO
2023-10-06,ARE_FUJ,VLSFO,540.72,SYNTHETIC_DEMO
2023-10-06,ARE_FUJ,MGO,690.9,SYNTHETIC_DEMO
2023-10-07,SGP_SIN,VLSFO,542.02,SYNTHETIC_DEMO
2023-10-07,SGP_SIN,MGO,692.13,SYNTHETIC_DEMO
2023-10-07,LKA_CMB,VLSFO,555.57,SYNTHETIC_DEMO
2023-10-07,LKA_CMB,MGO,709.43,SYNTHETIC_DEMO
2023-10-07,ARE_FUJ,VLSFO,536.6,SYNTHETIC_DEMO
2023-10-07,ARE_FUJ,MGO,685.21,SYNTHETIC_DEMO
2023-10-08,SGP_SIN,VLSFO,552.06,SYNTHETIC_DEMO
2023-10-08,SGP_SIN,MGO,711.73,SYNTHETIC_DEMO
2023-10-08,LKA_CMB,VLSFO,565.86,SYNTHETIC_DEMO
2023-10-08,LKA_CMB,MGO,729.53,SYNTHETIC_DEMO
2023-10-08,ARE_FUJ,VLSFO,546.54,SYNTHETIC_DEMO
2023-10-08,ARE_FUJ,MGO,704.62,SYNTHETIC_DEMO
2023-10-09,SGP_SIN,VLSFO,549.86,SYNTHETIC_DEMO
2023-10-09,SGP_SIN,MGO,711.91,SYNTHETIC_DEMO
2023-10-09,LKA_CMB,VLSFO,563.61,SYNTHETIC_DEMO
2023-10-09,LKA_CMB,MGO,729.7,SYNTHETIC_DEMO
2023-10-09,ARE_FUJ,VLSFO,544.36,SYNTHETIC_DEMO
2023-10-09,ARE_FUJ,MGO,704.79,SYNTHETIC_DEMO
2023-10-10,SGP_SIN,VLSFO,536.72,SYNTHETIC_DEMO
2023-10-10,SGP_SIN,MGO,685.27,SYNTHETIC_DEMO
2023-10-10,LKA_CMB,VLSFO,550.14,SYNTHETIC_DEMO
2023-10-10,LKA_CMB,MGO,702.4,SYNTHETIC_DEMO
2023-10-10,ARE_FUJ,VLSFO,531.35,SYNTHETIC_DEMO
2023-10-10,ARE_FUJ,MGO,678.42,SYNTHETIC_DEMO
2023-10-11,SGP_SIN,VLSFO,556.72,SYNTHETIC_DEMO
2023-10-11,SGP_SIN,MGO,715.66,SYNTHETIC_DEMO
2023-10-11,LKA_CMB,VLSFO,570.63,SYNTHETIC_DEMO
2023-10-11,LKA_CMB,MGO,733.55,SYNTHETIC_DEMO
2023-10-11,ARE_FUJ,VLSFO,551.15,SYNTHETIC_DEMO
2023-10-11,ARE_FUJ,MGO,708.5,SYNTHETIC_DEMO
2023-10-12,SGP_SIN,VLSFO,566.26,SYNTHETIC_DEMO
2023-10-12,SGP_SIN,MGO,724.08,SYNTHETIC_DEMO
2023-10-12,LKA_CMB,VLSFO,580.41,SYNTHETIC_DEMO
2023-10-12,LKA_CMB,MGO,742.18,SYNTHETIC_DEMO
2023-10-12,ARE_FUJ,VLSFO,560.59,SYNTHETIC_DEMO
2023-10-12,ARE_FUJ,MGO,716.84,SYNTHETIC_DEMO
2023-10-13,SGP_SIN,VLSFO,567.03,SYNTHETIC_DEMO
2023-10-13,SGP_SIN,MGO,728.92,SYNTHETIC_DEMO
2023-10-13,LKA_CMB,VLSFO,581.21,SYNTHETIC_DEMO
2023-10-13,LKA_CMB,MGO,747.14,SYNTHETIC_DEMO
2023-10-13,ARE_FUJ,VLSFO,561.36,SYNTHETIC_DEMO
2023-10-13,ARE_FUJ,MGO,721.63,SYNTHETIC_DEMO
2023-10-14,SGP_SIN,VLSFO,568.48,SYNTHETIC_DEMO
2023-10-14,SGP_SIN,MGO,725.91,SYNTHETIC_DEMO
2023-10-14,LKA_CMB,VLSFO,582.7,SYNTHETIC_DEMO
2023-10-14,LKA_CMB,MGO,744.06,SYNTHETIC_DEMO
2023-10-14,ARE_FUJ,VLSFO,562.8,SYNTHETIC_DEMO
2023-10-14,ARE_FUJ,MGO,718.65,SYNTHETIC_DEMO
2023-10-15,SGP_SIN,VLSFO,566.3,SYNTHETIC_DEMO
2023-10-15,SGP_SIN,MGO,731.76,SYNTHETIC_DEMO
2023-10-15,LKA_CMB,VLSFO,580.46,SYNTHETIC_DEMO
2023-10-15,LKA_CMB,MGO,750.06,SYNTHETIC_DEMO
2023-10-15,ARE_FUJ,VLSFO,560.64,SYNTHETIC_DEMO
2023-10-15,ARE_FUJ,MGO,724.45,SYNTHETIC_DEMO
2023-10-16,SGP_SIN,VLSFO,570.0,SYNTHETIC_DEMO
2023-10-16,SGP_SIN,MGO,734.33,SYNTHETIC_DEMO
2023-10-16,LKA_CMB,VLSFO,584.25,SYNTHETIC_DEMO
2023-10-16,LKA_CMB,MGO,752.69,SYNTHETIC_DEMO
2023-10-16,ARE_FUJ,VLSFO,564.3,SYNTHETIC_DEMO
2023-10-16,ARE_FUJ,MGO,726.98,SYNTHETIC_DEMO
2023-10-17,SGP_SIN,VLSFO,559.24,SYNTHETIC_DEMO
2023-10-17,SGP_SIN,MGO,713.47,SYNTHETIC_DEMO
2023-10-17,LKA_CMB,VLSFO,573.22,SYNTHETIC_DEMO
2023-10-17,LKA_CMB,MGO,731.31,SYNTHETIC_DEMO
2023-10-17,ARE_FUJ,VLSFO,553.65,SYNTHETIC_DEMO
2023-10-17,ARE_FUJ,MGO,706.34,SYNTHETIC_DEMO
2023-10-18,SGP_SIN,VLSFO,561.51,SYNTHETIC_DEMO
2023-10-18,SGP_SIN,MGO,711.13,SYNTHETIC_DEMO
2023-10-18,LKA_CMB,VLSFO,575.55,SYNTHETIC_DEMO
2023-10-18,LKA_CMB,MGO,728.91,SYNTHETIC_DEMO
2023-10-18,ARE_FUJ,VLSFO,555.89,SYNTHETIC_DEMO
2023-10-18,ARE_FUJ,MGO,704.02,SYNTHETIC_DEMO
2023-10-19,SGP_SIN,VLSFO,545.74,SYNTHETIC_DEMO
2023-10-19,SGP_SIN,MGO,700.78,SYNTHETIC_DEMO
2023-10-19,LKA_CMB,VLSFO,559.38,SYNTHETIC_DEMO
2023-10-19,LKA_CMB,MGO,718.3,SYNTHETIC_DEMO
2023-10-19,ARE_FUJ,VLSFO,540.28,SYNTHETIC_DEMO
2023-10-19,ARE_FUJ,MGO,693.77,SYNTHETIC_DEMO
2023-10-20,SGP_SIN,VLSFO,551.45,SYNTHETIC_DEMO
2023-10-20,SGP_SIN,MGO,698.54,SYNTHETIC_DEMO
2023-10-20,LKA_CMB,VLSFO,565.23,SYNTHETIC_DEMO
2023-10-20,LKA_CMB,MGO,716.0,SYNTHETIC_DEMO
2023-10-20,ARE_FUJ,VLSFO,545.93,SYNTHETIC_DEMO
2023-10-20,ARE_FUJ,MGO,691.55,SYNTHETIC_DEMO
2023-10-21,SGP_SIN,VLSFO,556.81,SYNTHETIC_DEMO
2023-10-21,SGP_SIN,MGO,699.57,SYNTHETIC_DEMO
2023-10-21,LKA_CMB,VLSFO,570.73,SYNTHETIC_DEMO
2023-10-21,LKA_CMB,MGO,717.06,SYNTHETIC_DEMO
2023-10-21,ARE_FUJ,VLSFO,551.24,SYNTHETIC_DEMO
2023-10-21,ARE_FUJ,MGO,692.58,SYNTHETIC_DEMO
2023-10-22,SGP_SIN,VLSFO,555.27,SYNTHETIC_DEMO
2023-10-22,SGP_SIN,MGO,723.4,SYNTHETIC_DEMO
2023-10-22,LKA_CMB,VLSFO,569.15,SYNTHETIC_DEMO
2023-10-22,LKA_CMB,MGO,741.49,SYNTHETIC_DEMO
2023-10-22,ARE_FUJ,VLSFO,549.72,SYNTHETIC_DEMO
2023-10-22,ARE_FUJ,MGO,716.17,SYNTHETIC_DEMO
2023-10-23,SGP_SIN,VLSFO,554.06,SYNTHETIC_DEMO
2023-10-23,SGP_SIN,MGO,709.14,SYNTHETIC_DEMO
2023-10-23,LKA_CMB,VLSFO,567.92,SYNTHETIC_DEMO
2023-10-23,LKA_CMB,MGO,726.87,SYNTHETIC_DEMO
2023-10-23,ARE_FUJ,VLSFO,548.52,SYNTHETIC_DEMO
2023-10-23,ARE_FUJ,MGO,702.05,SYNTHETIC_DEMO
2023-10-24,SGP_SIN,VLSFO,563.4,SYNTHETIC_DEMO
2023-10-24,SGP_SIN,MGO,714.82,SYNTHETIC_DEMO
2023-10-24,LKA_CMB,VLSFO,577.49,SYNTHETIC_DEMO
2023-10-24,LKA_CMB,MGO,732.69,SYNTHETIC_DEMO
2023-10-24,ARE_FUJ,VLSFO,557.77,SYNTHETIC_DEMO
2023-10-24,ARE_FUJ,MGO,707.67,SYNTHETIC_DEMO
2023-10-25,SGP_SIN,VLSFO,551.64,SYNTHETIC_DEMO
2023-10-25,SGP_SIN,MGO,705.58,SYNTHETIC_DEMO
2023-10-25,LKA_CMB,VLSFO,565.43,SYNTHETIC_DEMO
2023-10-25,LKA_CMB,MGO,723.22,SYNTHETIC_DEMO
2023-10-25,ARE_FUJ,VLSFO,546.12,SYNTHETIC_DEMO
2023-10-25,ARE_FUJ,MGO,698.52,SYNTHETIC_DEMO
2023-10-26,SGP_SIN,VLSFO,545.24,SYNTHETIC_DEMO
2023-10-26,SGP_SIN,MGO,714.93,SYNTHETIC_DEMO
2023-10-26,LKA_CMB,VLSFO,558.87,SYNTHETIC_DEMO
2023-10-26,LKA_CMB,MGO,732.8,SYNTHETIC_DEMO
2023-10-26,ARE_FUJ,VLSFO,539.79,SYNTHETIC_DEMO
2023-10-26,ARE_FUJ,MGO,707.78,SYNTHETIC_DEMO
2023-10-27,SGP_SIN,VLSFO,546.83,SYNTHETIC_DEMO
2023-10-27,SGP_SIN,MGO,704.41,SYNTHETIC_DEMO
2023-10-27,LKA_CMB,VLSFO,560.5,SYNTHETIC_DEMO
2023-10-27,LKA_CMB,MGO,722.02,SYNTHETIC_DEMO
2023-10-27,ARE_FUJ,VLSFO,541.36,SYNTHETIC_DEMO
2023-10-27,ARE_FUJ,MGO,697.37,SYNTHETIC_DEMO
2023-10-28,SGP_SIN,VLSFO,555.65,SYNTHETIC_DEMO
2023-10-28,SGP_SIN,MGO,709.07,SYNTHETIC_DEMO
2023-10-28,LKA_CMB,VLSFO,569.54,SYNTHETIC_DEMO
2023-10-28,LKA_CMB,MGO,726.8,SYNTHETIC_DEMO
2023-10-28,ARE_FUJ,VLSFO,550.09,SYNTHETIC_DEMO
2023-10-28,ARE_FUJ,MGO,701.98,SYNTHETIC_DEMO
2023-10-29,SGP_SIN,VLSFO,553.49,SYNTHETIC_DEMO
2023-10-29,SGP_SIN,MGO,718.34,SYNTHETIC_DEMO
2023-10-29,LKA_CMB,VLSFO,567.32,SYNTHETIC_DEMO
2023-10-29,LKA_CMB,MGO,736.3,SYNTHETIC_DEMO
2023-10-29,ARE_FUJ,VLSFO,547.95,SYNTHETIC_DEMO
2023-10-29,ARE_FUJ,MGO,711.16,SYNTHETIC_DEMO
2023-10-30,SGP_SIN,VLSFO,555.58,SYNTHETIC_DEMO
2023-10-30,SGP_SIN,MGO,702.32,SYNTHETIC_DEMO
2023-10-30,LKA_CMB,VLSFO,569.47,SYNTHETIC_DEMO
2023-10-30,LKA_CMB,MGO,719.87,SYNTHETIC_DEMO
2023-10-30,ARE_FUJ,VLSFO,550.02,SYNTHETIC_DEMO
2023-10-30,ARE_FUJ,MGO,695.29,SYNTHETIC_DEMO
2023-10-31,SGP_SIN,VLSFO,561.21,SYNTHETIC_DEMO
2023-10-31,SGP_SIN,MGO,719.17,SYNTHETIC_DEMO
2023-10-31,LKA_CMB,VLSFO,575.24,SYNTHETIC_DEMO
2023-10-31,LKA_CMB,MGO,737.15,SYNTHETIC_DEMO
2023-10-31,ARE_FUJ,VLSFO,555.6,SYNTHETIC_DEMO
2023-10-31,ARE_FUJ,MGO,711.98,SYNTHETIC_DEMO
2023-11-01,SGP_SIN,VLSFO,559.09,SYNTHETIC_DEMO
2023-11-01,SGP_SIN,MGO,724.84,SYNTHETIC_DEMO
2023-11-01,LKA_CMB,VLSFO,573.07,SYNTHETIC_DEMO
2023-11-01,LKA_CMB,MGO,742.96,SYNTHETIC_DEMO
2023-11-01,ARE_FUJ,VLSFO,553.5,SYNTHETIC_DEMO
2023-11-01,ARE_FUJ,MGO,717.6,SYNTHETIC_DEMO
2023-11-02,SGP_SIN,VLSFO,550.19,SYNTHETIC_DEMO
2023-11-02,SGP_SIN,MGO,703.04,SYNTHETIC_DEMO
2023-11-02,LKA_CMB,VLSFO,563.94,SYNTHETIC_DEMO
2023-11-02,LKA_CMB,MGO,720.61,SYNTHETIC_DEMO
2023-11-02,ARE_FUJ,VLSFO,544.69,SYNTHETIC_DEMO
2023-11-02,ARE_FUJ,MGO,696.0,SYNTHETIC_DEMO
2023-11-03,SGP_SIN,VLSFO,563.22,SYNTHETIC_DEMO
2023-11-03,SGP_SIN,MGO,727.49,SYNTHETIC_DEMO
2023-11-03,LKA_CMB,VLSFO,577.3,SYNTHETIC_DEMO
2023-11-03,LKA_CMB,MGO,745.68,SYNTHETIC_DEMO
2023-11-03,ARE_FUJ,VLSFO,557.59,SYNTHETIC_DEMO
2023-11-03,ARE_FUJ,MGO,720.22,SYNTHETIC_DEMO
2023-11-04,SGP_SIN,VLSFO,543.01,SYNTHETIC_DEMO
2023-11-04,SGP_SIN,MGO,705.83,SYNTHETIC_DEMO
2023-11-04,LKA_CMB,VLSFO,556.58,SYNTHETIC_DEMO
2023-11-04,LKA_CMB,MGO,723.47,SYNTHETIC_DEMO
2023-11-04,ARE_FUJ,VLSFO,537.58,SYNTHETIC_DEMO
2023-11-04,ARE_FUJ,MGO,698.77,SYNTHETIC_DEMO
2023-11-05,SGP_SIN,VLSFO,559.75,SYNTHETIC_DEMO
2023-11-05,SGP_SIN,MGO,710.88,SYNTHETIC_DEMO
2023-11-05,LKA_CMB,VLSFO,573.74,SYNTHETIC_DEMO
2023-11-05,LKA_CMB,MGO,728.66,SYNTHETIC_DEMO
2023-11-05,ARE_FUJ,VLSFO,554.15,SYNTHETIC_DEMO
2023-11-05,ARE_FUJ,MGO,703.77,SYNTHETIC_DEMO
2023-11-06,SGP_SIN,VLSFO,553.37,SYNTHETIC_DEMO
2023-11-06,SGP_SIN,MGO,718.3,SYNTHETIC_DEMO
2023-11-06,LKA_CMB,VLSFO,567.21,SYNTHETIC_DEMO
2023-11-06,LKA_CMB,MGO,736.25,SYNTHETIC_DEMO
2023-11-06,ARE_FUJ,VLSFO,547.84,SYNTHETIC_DEMO
2023-11-06,ARE_FUJ,MGO,711.11,SYNTHETIC_DEMO
2023-11-07,SGP_SIN,VLSFO,562.96,SYNTHETIC_DEMO
2023-11-07,SGP_SIN,MGO,723.1,SYNTHETIC_DEMO
2023-11-07,LKA_CMB,VLSFO,577.03,SYNTHETIC_DEMO
2023-11-07,LKA_CMB,MGO,741.18,SYNTHETIC_DEMO
2023-11-07,ARE_FUJ,VLSFO,557.33,SYNTHETIC_DEMO
2023-11-07,ARE_FUJ,MGO,715.87,SYNTHETIC_DEMO
2023-11-08,SGP_SIN,VLSFO,565.1,SYNTHETIC_DEMO
2023-11-08,SGP_SIN,MGO,713.79,SYNTHETIC_DEMO
2023-11-08,LKA_CMB,VLSFO,579.23,SYNTHETIC_DEMO
2023-11-08,LKA_CMB,MGO,731.63,SYNTHETIC_DEMO
2023-11-08,ARE_FUJ,VLSFO,559.45,SYNTHETIC_DEMO
2023-11-08,ARE_FUJ,MGO,706.65,SYNTHETIC_DEMO
2023-11-09,SGP_SIN,VLSFO,553.92,SYNTHETIC_DEMO
2023-11-09,SGP_SIN,MGO,719.72,SYNTHETIC_DEMO
2023-11-09,LKA_CMB,VLSFO,567.77,SYNTHETIC_DEMO
2023-11-09,LKA_CMB,MGO,737.72,SYNTHETIC_DEMO
2023-11-09,ARE_FUJ,VLSFO,548.38,SYNTHETIC_DEMO
2023-11-09,ARE_FUJ,MGO,712.53,SYNTHETIC_DEMO
2023-11-10,SGP_SIN,VLSFO,567.85,SYNTHETIC_DEMO
2023-11-10,SGP_SIN,MGO,727.71,SYNTHETIC_DEMO
2023-11-10,LKA_CMB,VLSFO,582.05,SYNTHETIC_DEMO
2023-11-10,LKA_CMB,MGO,745.91,SYNTHETIC_DEMO
2023-11-10,ARE_FUJ,VLSFO,562.17,SYNTHETIC_DEMO
2023-11-10,ARE_FUJ,MGO,720.44,SYNTHETIC_DEMO
2023-11-11,SGP_SIN,VLSFO,565.32,SYNTHETIC_DEMO
2023-11-11,SGP_SIN,MGO,725.9,SYNTHETIC_DEMO
2023-11-11,LKA_CMB,VLSFO,579.45,SYNTHETIC_DEMO
2023-11-11,LKA_CMB,MGO,744.05,SYNTHETIC_DEMO
2023-11-11,ARE_FUJ,VLSFO,559.66,SYNTHETIC_DEMO
2023-11-11,ARE_FUJ,MGO,718.64,SYNTHETIC_DEMO
2023-11-12,SGP_SIN,VLSFO,565.05,SYNTHETIC_DEMO
2023-11-12,SGP_SIN,MGO,713.54,SYNTHETIC_DEMO
2023-11-12,LKA_CMB,VLSFO,579.18,SYNTHETIC_DEMO
2023-11-12,LKA_CMB,MGO,731.38,SYNTHETIC_DEMO
2023-11-12,ARE_FUJ,VLSFO,559.4,SYNTHETIC_DEMO
2023-11-12,ARE_FUJ,MGO,706.4,SYNTHETIC_DEMO
2023-11-13,SGP_SIN,VLSFO,552.61,SYNTHETIC_DEMO
2023-11-13,SGP_SIN,MGO,722.37,SYNTHETIC_DEMO
2023-11-13,LKA_CMB,VLSFO,566.43,SYNTHETIC_DEMO
2023-11-13,LKA_CMB,MGO,740.43,SYNTHETIC_DEMO
2023-11-13,ARE_FUJ,VLSFO,547.09,SYNTHETIC_DEMO
2023-11-13,ARE_FUJ,MGO,715.14,SYNTHETIC_DEMO
2023-11-14,SGP_SIN,VLSFO,562.17,SYNTHETIC_DEMO
2023-11-14,SGP_SIN,MGO,729.92,SYNTHETIC_DEMO
2023-11-14,LKA_CMB,VLSFO,576.23,SYNTHETIC_DEMO
2023-11-14,LKA_CMB,MGO,748.17,SYNTHETIC_DEMO
2023-11-14,ARE_FUJ,VLSFO,556.55,SYNTHETIC_DEMO
2023-11-14,ARE_FUJ,MGO,722.63,SYNTHETIC_DEMO
2023-11-15,SGP_SIN,VLSFO,567.79,SYNTHETIC_DEMO
2023-11-15,SGP_SIN,MGO,730.99,SYNTHETIC_DEMO
2023-11-15,LKA_CMB,VLSFO,581.98,SYNTHETIC_DEMO
2023-11-15,LKA_CMB,MGO,749.26,SYNTHETIC_DEMO
2023-11-15,ARE_FUJ,VLSFO,562.11,SYNTHETIC_DEMO
2023-11-15,ARE_FUJ,MGO,723.68,SYNTHETIC_DEMO
2023-11-16,SGP_SIN,VLSFO,559.99,SYNTHETIC_DEMO
2023-11-16,SGP_SIN,MGO,720.85,SYNTHETIC_DEMO
2023-11-16,LKA_CMB,VLSFO,573.99,SYNTHETIC_DEMO
2023-11-16,LKA_CMB,MGO,738.87,SYNTHETIC_DEMO
2023-11-16,ARE_FUJ,VLSFO,554.39,SYNTHETIC_DEMO
2023-11-16,ARE_FUJ,MGO,713.64,SYNTHETIC_DEMO
2023-11-17,SGP_SIN,VLSFO,565.25,SYNTHETIC_DEMO
2023-11-17,SGP_SIN,MGO,728.32,SYNTHETIC_DEMO
2023-11-17,LKA_CMB,VLSFO,579.39,SYNTHETIC_DEMO
2023-11-17,LKA_CMB,MGO,746.52,SYNTHETIC_DEMO
2023-11-17,ARE_FUJ,VLSFO,559.6,SYNTHETIC_DEMO
2023-11-17,ARE_FUJ,MGO,721.03,SYNTHETIC_DEMO
2023-11-18,SGP_SIN,VLSFO,565.03,SYNTHETIC_DEMO
2023-11-18,SGP_SIN,MGO,723.64,SYNTHETIC_DEMO
2023-11-18,LKA_CMB,VLSFO,579.16,SYNTHETIC_DEMO
2023-11-18,LKA_CMB,MGO,741.74,SYNTHETIC_DEMO
2023-11-18,ARE_FUJ,VLSFO,559.38,SYNTHETIC_DEMO
2023-11-18,ARE_FUJ,MGO,716.41,SYNTHETIC_DEMO
2023-11-19,SGP_SIN,VLSFO,560.75,SYNTHETIC_DEMO
2023-11-19,SGP_SIN,MGO,713.25,SYNTHETIC_DEMO
2023-11-19,LKA_CMB,VLSFO,574.76,SYNTHETIC_DEMO
2023-11-19,LKA_CMB,MGO,731.08,SYNTHETIC_DEMO
2023-11-19,ARE_FUJ,VLSFO,555.14,SYNTHETIC_DEMO
2023-11-19,ARE_FUJ,MGO,706.12,SYNTHETIC_DEMO
2023-11-20,SGP_SIN,VLSFO,561.79,SYNTHETIC_DEMO
2023-11-20,SGP_SIN,MGO,735.9,SYNTHETIC_DEMO
2023-11-20,LKA_CMB,VLSFO,575.83,SYNTHETIC_DEMO
2023-11-20,LKA_CMB,MGO,754.3,SYNTHETIC_DEMO
2023-11-20,ARE_FUJ,VLSFO,556.17,SYNTHETIC_DEMO
2023-11-20,ARE_FUJ,MGO,728.55,SYNTHETIC_DEMO
2023-11-21,SGP_SIN,VLSFO,550.41,SYNTHETIC_DEMO
2023-11-21,SGP_SIN,MGO,705.32,SYNTHETIC_DEMO
2023-11-21,LKA_CMB,VLSFO,564.17,SYNTHETIC_DEMO
2023-11-21,LKA_CMB,MGO,722.95,SYNTHETIC_DEMO
2023-11-21,ARE_FUJ,VLSFO,544.9,SYNTHETIC_DEMO
2023-11-21,ARE_FUJ,MGO,698.26,SYNTHETIC_DEMO
2023-11-22,SGP_SIN,VLSFO,567.77,SYNTHETIC_DEMO
2023-11-22,SGP_SIN,MGO,711.78,SYNTHETIC_DEMO
2023-11-22,LKA_CMB,VLSFO,581.97,SYNTHETIC_DEMO
2023-11-22,LKA_CMB,MGO,729.57,SYNTHETIC_DEMO
2023-11-22,ARE_FUJ,VLSFO,562.09,SYNTHETIC_DEMO
2023-11-22,ARE_FUJ,MGO,704.66,SYNTHETIC_DEMO
2023-11-23,SGP_SIN,VLSFO,558.64,SYNTHETIC_DEMO
2023-11-23,SGP_SIN,MGO,717.55,SYNTHETIC_DEMO
2023-11-23,LKA_CMB,VLSFO,572.61,SYNTHETIC_DEMO
2023-11-23,LKA_CMB,MGO,735.49,SYNTHETIC_DEMO
2023-11-23,ARE_FUJ,VLSFO,553.06,SYNTHETIC_DEMO
2023-11-23,ARE_FUJ,MGO,710.37,SYNTHETIC_DEMO
2023-11-24,SGP_SIN,VLSFO,552.52,SYNTHETIC_DEMO
2023-11-24,SGP_SIN,MGO,702.54,SYNTHETIC_DEMO
2023-11-24,LKA_CMB,VLSFO,566.33,SYNTHETIC_DEMO
2023-11-24,LKA_CMB,MGO,720.11,SYNTHETIC_DEMO
2023-11-24,ARE_FUJ,VLSFO,546.99,SYNTHETIC_DEMO
2023-11-24,ARE_FUJ,MGO,695.52,SYNTHETIC_DEMO
2023-11-25,SGP_SIN,VLSFO,555.81,SYNTHETIC_DEMO
2023-11-25,SGP_SIN,MGO,710.17,SYNTHETIC_DEMO
2023-11-25,LKA_CMB,VLSFO,569.71,SYNTHETIC_DEMO
2023-11-25,LKA_CMB,MGO,727.93,SYNTHETIC_DEMO
2023-11-25,ARE_FUJ,VLSFO,550.26,SYNTHETIC_DEMO
2023-11-25,ARE_FUJ,MGO,703.07,SYNTHETIC_DEMO
2023-11-26,SGP_SIN,VLSFO,559.44,SYNTHETIC_DEMO
2023-11-26,SGP_SIN,MGO,706.75,SYNTHETIC_DEMO
2023-11-26,LKA_CMB,VLSFO,573.43,SYNTHETIC_DEMO
2023-11-26,LKA_CMB,MGO,724.42,SYNTHETIC_DEMO
2023-11-26,ARE_FUJ,VLSFO,553.85,SYNTHETIC_DEMO
2023-11-26,ARE_FUJ,MGO,699.68,SYNTHETIC_DEMO
2023-11-27,SGP_SIN,VLSFO,559.07,SYNTHETIC_DEMO
2023-11-27,SGP_SIN,MGO,725.28,SYNTHETIC_DEMO
2023-11-27,LKA_CMB,VLSFO,573.04,SYNTHETIC_DEMO
2023-11-27,LKA_CMB,MGO,743.41,SYNTHETIC_DEMO
2023-11-27,ARE_FUJ,VLSFO,553.48,SYNTHETIC_DEMO
2023-11-27,ARE_FUJ,MGO,718.03,SYNTHETIC_DEMO
2023-11-28,SGP_SIN,VLSFO,568.88,SYNTHETIC_DEMO
2023-11-28,SGP_SIN,MGO,724.44,SYNTHETIC_DEMO
2023-11-28,LKA_CMB,VLSFO,583.1,SYNTHETIC_DEMO
2023-11-28,LKA_CMB,MGO,742.55,SYNTHETIC_DEMO
2023-11-28,ARE_FUJ,VLSFO,563.19,SYNTHETIC_DEMO
2023-11-28,ARE_FUJ,MGO,717.2,SYNTHETIC_DEMO
2023-11-29,SGP_SIN,VLSFO,557.52,SYNTHETIC_DEMO
2023-11-29,SGP_SIN,MGO,710.62,SYNTHETIC_DEMO
2023-11-29,LKA_CMB,VLSFO,571.45,SYNTHETIC_DEMO
2023-11-29,LKA_CMB,MGO,728.39,SYNTHETIC_DEMO
2023-11-29,ARE_FUJ,VLSFO,551.94,SYNTHETIC_DEMO
2023-11-29,ARE_FUJ,MGO,703.52,SYNTHETIC_DEMO
2023-11-30,SGP_SIN,VLSFO,565.61,SYNTHETIC_DEMO
2023-11-30,SGP_SIN,MGO,719.52,SYNTHETIC_DEMO
2023-11-30,LKA_CMB,VLSFO,579.75,SYNTHETIC_DEMO
2023-11-30,LKA_CMB,MGO,737.51,SYNTHETIC_DEMO
2023-11-30,ARE_FUJ,VLSFO,559.95,SYNTHETIC_DEMO
2023-11-30,ARE_FUJ,MGO,712.33,SYNTHETIC_DEMO
2023-12-01,SGP_SIN,VLSFO,557.05,SYNTHETIC_DEMO
2023-12-01,SGP_SIN,MGO,720.74,SYNTHETIC_DEMO
2023-12-01,LKA_CMB,VLSFO,570.98,SYNTHETIC_DEMO
2023-12-01,LKA_CMB,MGO,738.76,SYNTHETIC_DEMO
2023-12-01,ARE_FUJ,VLSFO,551.48,SYNTHETIC_DEMO
2023-12-01,ARE_FUJ,MGO,713.53,SYNTHETIC_DEMO
2023-12-02,SGP_SIN,VLSFO,557.67,SYNTHETIC_DEMO
2023-12-02,SGP_SIN,MGO,720.03,SYNTHETIC_DEMO
2023-12-02,LKA_CMB,VLSFO,571.61,SYNTHETIC_DEMO
2023-12-02,LKA_CMB,MGO,738.03,SYNTHETIC_DEMO
2023-12-02,ARE_FUJ,VLSFO,552.09,SYNTHETIC_DEMO
2023-12-02,ARE_FUJ,MGO,712.83,SYNTHETIC_DEMO
2023-12-03,SGP_SIN,VLSFO,557.38,SYNTHETIC_DEMO
2023-12-03,SGP_SIN,MGO,706.27,SYNTHETIC_DEMO
2023-12-03,LKA_CMB,VLSFO,571.31,SYNTHETIC_DEMO
2023-12-03,LKA_CMB,MGO,723.93,SYNTHETIC_DEMO
2023-12-03,ARE_FUJ,VLSFO,551.8,SYNTHETIC_DEMO
2023-12-03,ARE_FUJ,MGO,699.21,SYNTHETIC_DEMO
2023-12-04,SGP_SIN,VLSFO,561.75,SYNTHETIC_DEMO
2023-12-04,SGP_SIN,MGO,711.72,SYNTHETIC_DEMO
2023-12-04,LKA_CMB,VLSFO,575.79,SYNTHETIC_DEMO
2023-12-04,LKA_CMB,MGO,729.51,SYNTHETIC_DEMO
2023-12-04,ARE_FUJ,VLSFO,556.13,SYNTHETIC_DEMO
2023-12-04,ARE_FUJ,MGO,704.6,SYNTHETIC_DEMO
2023-12-05,SGP_SIN,VLSFO,568.56,SYNTHETIC_DEMO
2023-12-05,SGP_SIN,MGO,724.37,SYNTHETIC_DEMO
2023-12-05,LKA_CMB,VLSFO,582.77,SYNTHETIC_DEMO
2023-12-05,LKA_CMB,MGO,742.48,SYNTHETIC_DEMO
2023-12-05,ARE_FUJ,VLSFO,562.87,SYNTHETIC_DEMO
2023-12-05,ARE_FUJ,MGO,717.13,SYNTHETIC_DEMO
2023-12-06,SGP_SIN,VLSFO,557.35,SYNTHETIC_DEMO
2023-12-06,SGP_SIN,MGO,728.99,SYNTHETIC_DEMO
2023-12-06,LKA_CMB,VLSFO,571.28,SYNTHETIC_DEMO
2023-12-06,LKA_CMB,MGO,747.22,SYNTHETIC_DEMO
2023-12-06,ARE_FUJ,VLSFO,551.77,SYNTHETIC_DEMO
2023-12-06,ARE_FUJ,MGO,721.7,SYNTHETIC_DEMO
2023-12-07,SGP_SIN,VLSFO,564.36,SYNTHETIC_DEMO
2023-12-07,SGP_SIN,MGO,718.11,SYNTHETIC_DEMO
2023-12-07,LKA_CMB,VLSFO,578.47,SYNTHETIC_DEMO
2023-12-07,LKA_CMB,MGO,736.06,SYNTHETIC_DEMO
2023-12-07,ARE_FUJ,VLSFO,558.72,SYNTHETIC_DEMO
2023-12-07,ARE_FUJ,MGO,710.93,SYNTHETIC_DEMO
2023-12-08,SGP_SIN,VLSFO,567.09,SYNTHETIC_DEMO
2023-12-08,SGP_SIN,MGO,721.32,SYNTHETIC_DEMO
2023-12-08,LKA_CMB,VLSFO,581.26,SYNTHETIC_DEMO
2023-12-08,LKA_CMB,MGO,739.35,SYNTHETIC_DEMO
2023-12-08,ARE_FUJ,VLSFO,561.42,SYNTHETIC_DEMO
2023-12-08,ARE_FUJ,MGO,714.11,SYNTHETIC_DEMO
2023-12-09,SGP_SIN,VLSFO,573.29,SYNTHETIC_DEMO
2023-12-09,SGP_SIN,MGO,726.81,SYNTHETIC_DEMO
2023-12-09,LKA_CMB,VLSFO,587.63,SYNTHETIC_DEMO
2023-12-09,LKA_CMB,MGO,744.98,SYNTHETIC_DEMO
2023-12-09,ARE_FUJ,VLSFO,567.56,SYNTHETIC_DEMO
2023-12-09,ARE_FUJ,MGO,719.54,SYNTHETIC_DEMO
2023-12-10,SGP_SIN,VLSFO,562.24,SYNTHETIC_DEMO
2023-12-10,SGP_SIN,MGO,719.55,SYNTHETIC_DEMO
2023-12-10,LKA_CMB,VLSFO,576.3,SYNTHETIC_DEMO
2023-12-10,LKA_CMB,MGO,737.53,SYNTHETIC_DEMO
2023-12-10,ARE_FUJ,VLSFO,556.62,SYNTHETIC_DEMO
2023-12-10,ARE_FUJ,MGO,712.35,SYNTHETIC_DEMO
2023-12-11,SGP_SIN,VLSFO,572.33,SYNTHETIC_DEMO
2023-12-11,SGP_SIN,MGO,729.51,SYNTHETIC_DEMO
2023-12-11,LKA_CMB,VLSFO,586.64,SYNTHETIC_DEMO
2023-12-11,LKA_CMB,MGO,747.75,SYNTHETIC_DEMO
2023-12-11,ARE_FUJ,VLSFO,566.61,SYNTHETIC_DEMO
2023-12-11,ARE_FUJ,MGO,722.22,SYNTHETIC_DEMO
2023-12-12,SGP_SIN,VLSFO,567.41,SYNTHETIC_DEMO
2023-12-12,SGP_SIN,MGO,727.76,SYNTHETIC_DEMO
2023-12-12,LKA_CMB,VLSFO,581.6,SYNTHETIC_DEMO
2023-12-12,LKA_CMB,MGO,745.95,SYNTHETIC_DEMO
2023-12-12,ARE_FUJ,VLSFO,561.74,SYNTHETIC_DEMO
2023-12-12,ARE_FUJ,MGO,720.48,SYNTHETIC_DEMO
2023-12-13,SGP_SIN,VLSFO,552.7,SYNTHETIC_DEMO
2023-12-13,SGP_SIN,MGO,703.7,SYNTHETIC_DEMO
2023-12-13,LKA_CMB,VLSFO,566.52,SYNTHETIC_DEMO
2023-12-13,LKA_CMB,MGO,721.29,SYNTHETIC_DEMO
2023-12-13,ARE_FUJ,VLSFO,547.17,SYNTHETIC_DEMO
2023-12-13,ARE_FUJ,MGO,696.66,SYNTHETIC_DEMO
2023-12-14,SGP_SIN,VLSFO,557.63,SYNTHETIC_DEMO
2023-12-14,SGP_SIN,MGO,726.43,SYNTHETIC_DEMO
2023-12-14,LKA_CMB,VLSFO,571.57,SYNTHETIC_DEMO
2023-12-14,LKA_CMB,MGO,744.59,SYNTHETIC_DEMO
2023-12-14,ARE_FUJ,VLSFO,552.05,SYNTHETIC_DEMO
2023-12-14,ARE_FUJ,MGO,719.16,SYNTHETIC_DEMO
2023-12-15,SGP_SIN,VLSFO,558.4,SYNTHETIC_DEMO
2023-12-15,SGP_SIN,MGO,710.69,SYNTHETIC_DEMO
2023-12-15,LKA_CMB,VLSFO,572.36,SYNTHETIC_DEMO
2023-12-15,LKA_CMB,MGO,728.46,SYNTHETIC_DEMO
2023-12-15,ARE_FUJ,VLSFO,552.82,SYNTHETIC_DEMO
2023-12-15,ARE_FUJ,MGO,703.59,SYNTHETIC_DEMO
2023-12-16,SGP_SIN,VLSFO,555.75,SYNTHETIC_DEMO
2023-12-16,SGP_SIN,MGO,698.08,SYNTHETIC_DEMO
2023-12-16,LKA_CMB,VLSFO,569.64,SYNTHETIC_DEMO
2023-12-16,LKA_CMB,MGO,715.54,SYNTHETIC_DEMO
2023-12-16,ARE_FUJ,VLSFO,550.19,SYNTHETIC_DEMO
2023-12-16,ARE_FUJ,MGO,691.1,SYNTHETIC_DEMO
2023-12-17,SGP_SIN,VLSFO,559.66,SYNTHETIC_DEMO
2023-12-17,SGP_SIN,MGO,719.18,SYNTHETIC_DEMO
2023-12-17,LKA_CMB,VLSFO,573.65,SYNTHETIC_DEMO
2023-12-17,LKA_CMB,MGO,737.16,SYNTHETIC_DEMO
2023-12-17,ARE_FUJ,VLSFO,554.07,SYNTHETIC_DEMO
2023-12-17,ARE_FUJ,MGO,711.99,SYNTHETIC_DEMO
2023-12-18,SGP_SIN,VLSFO,556.57,SYNTHETIC_DEMO
2023-12-18,SGP_SIN,MGO,721.09,SYNTHETIC_DEMO
2023-12-18,LKA_CMB,VLSFO,570.48,SYNTHETIC_DEMO
2023-12-18,LKA_CMB,MGO,739.12,SYNTHETIC_DEMO
2023-12-18,ARE_FUJ,VLSFO,551.0,SYNTHETIC_DEMO
2023-12-18,ARE_FUJ,MGO,713.88,SYNTHETIC_DEMO
2023-12-19,SGP_SIN,VLSFO,546.98,SYNTHETIC_DEMO
2023-12-19,SGP_SIN,MGO,688.65,SYNTHETIC_DEMO
2023-12-19,LKA_CMB,VLSFO,560.65,SYNTHETIC_DEMO
2023-12-19,LKA_CMB,MGO,705.86,SYNTHETIC_DEMO
2023-12-19,ARE_FUJ,VLSFO,541.51,SYNTHETIC_DEMO
2023-12-19,ARE_FUJ,MGO,681.76,SYNTHETIC_DEMO
2023-12-20,SGP_SIN,VLSFO,536.25,SYNTHETIC_DEMO
2023-12-20,SGP_SIN,MGO,690.0,SYNTHETIC_DEMO
2023-12-20,LKA_CMB,VLSFO,549.66,SYNTHETIC_DEMO
2023-12-20,LKA_CMB,MGO,707.25,SYNTHETIC_DEMO
2023-12-20,ARE_FUJ,VLSFO,530.89,SYNTHETIC_DEMO
2023-12-20,ARE_FUJ,MGO,683.1,SYNTHETIC_DEMO
2023-12-21,SGP_SIN,VLSFO,538.77,SYNTHETIC_DEMO
2023-12-21,SGP_SIN,MGO,686.88,SYNTHETIC_DEMO
2023-12-21,LKA_CMB,VLSFO,552.24,SYNTHETIC_DEMO
2023-12-21,LKA_CMB,MGO,704.05,SYNTHETIC_DEMO
2023-12-21,ARE_FUJ,VLSFO,533.38,SYNTHETIC_DEMO
2023-12-21,ARE_FUJ,MGO,680.01,SYNTHETIC_DEMO
2023-12-22,SGP_SIN,VLSFO,539.97,SYNTHETIC_DEMO
2023-12-22,SGP_SIN,MGO,689.32,SYNTHETIC_DEMO
2023-12-22,LKA_CMB,VLSFO,553.47,SYNTHETIC_DEMO
2023-12-22,LKA_CMB,MGO,706.56,SYNTHETIC_DEMO
2023-12-22,ARE_FUJ,VLSFO,534.57,SYNTHETIC_DEMO
2023-12-22,ARE_FUJ,MGO,682.43,SYNTHETIC_DEMO
2023-12-23,SGP_SIN,VLSFO,533.1,SYNTHETIC_DEMO
2023-12-23,SGP_SIN,MGO,680.0,SYNTHETIC_DEMO
2023-12-23,LKA_CMB,VLSFO,546.43,SYNTHETIC_DEMO
2023-12-23,LKA_CMB,MGO,697.0,SYNTHETIC_DEMO
2023-12-23,ARE_FUJ,VLSFO,527.77,SYNTHETIC_DEMO
2023-12-23,ARE_FUJ,MGO,673.2,SYNTHETIC_DEMO
2023-12-24,SGP_SIN,VLSFO,531.39,SYNTHETIC_DEMO
2023-12-24,SGP_SIN,MGO,685.35,SYNTHETIC_DEMO
2023-12-24,LKA_CMB,VLSFO,544.67,SYNTHETIC_DEMO
2023-12-24,LKA_CMB,MGO,702.48,SYNTHETIC_DEMO
2023-12-24,ARE_FUJ,VLSFO,526.07,SYNTHETIC_DEMO
2023-12-24,ARE_FUJ,MGO,678.49,SYNTHETIC_DEMO
2023-12-25,SGP_SIN,VLSFO,540.31,SYNTHETIC_DEMO
2023-12-25,SGP_SIN,MGO,695.31,SYNTHETIC_DEMO
2023-12-25,LKA_CMB,VLSFO,553.82,SYNTHETIC_DEMO
2023-12-25,LKA_CMB,MGO,712.69,SYNTHETIC_DEMO
2023-12-25,ARE_FUJ,VLSFO,534.91,SYNTHETIC_DEMO
2023-12-25,ARE_FUJ,MGO,688.35,SYNTHETIC_DEMO
2023-12-26,SGP_SIN,VLSFO,532.28,SYNTHETIC_DEMO
2023-12-26,SGP_SIN,MGO,680.0,SYNTHETIC_DEMO
2023-12-26,LKA_CMB,VLSFO,545.59,SYNTHETIC_DEMO
2023-12-26,LKA_CMB,MGO,697.0,SYNTHETIC_DEMO
2023-12-26,ARE_FUJ,VLSFO,526.96,SYNTHETIC_DEMO
2023-12-26,ARE_FUJ,MGO,673.2,SYNTHETIC_DEMO
2023-12-27,SGP_SIN,VLSFO,545.55,SYNTHETIC_DEMO
2023-12-27,SGP_SIN,MGO,686.27,SYNTHETIC_DEMO
2023-12-27,LKA_CMB,VLSFO,559.19,SYNTHETIC_DEMO
2023-12-27,LKA_CMB,MGO,703.43,SYNTHETIC_DEMO
2023-12-27,ARE_FUJ,VLSFO,540.09,SYNTHETIC_DEMO
2023-12-27,ARE_FUJ,MGO,679.41,SYNTHETIC_DEMO
2023-12-28,SGP_SIN,VLSFO,539.54,SYNTHETIC_DEMO
2023-12-28,SGP_SIN,MGO,681.44,SYNTHETIC_DEMO
2023-12-28,LKA_CMB,VLSFO,553.03,SYNTHETIC_DEMO
2023-12-28,LKA_CMB,MGO,698.47,SYNTHETIC_DEMO
2023-12-28,ARE_FUJ,VLSFO,534.15,SYNTHETIC_DEMO
2023-12-28,ARE_FUJ,MGO,674.62,SYNTHETIC_DEMO
2023-12-29,SGP_SIN,VLSFO,546.86,SYNTHETIC_DEMO
2023-12-29,SGP_SIN,MGO,694.11,SYNTHETIC_DEMO
2023-12-29,LKA_CMB,VLSFO,560.53,SYNTHETIC_DEMO
2023-12-29,LKA_CMB,MGO,711.46,SYNTHETIC_DEMO
2023-12-29,ARE_FUJ,VLSFO,541.39,SYNTHETIC_DEMO
2023-12-29,ARE_FUJ,MGO,687.17,SYNTHETIC_DEMO
2023-12-30,SGP_SIN,VLSFO,537.02,SYNTHETIC_DEMO
2023-12-30,SGP_SIN,MGO,689.07,SYNTHETIC_DEMO
2023-12-30,LKA_CMB,VLSFO,550.45,SYNTHETIC_DEMO
2023-12-30,LKA_CMB,MGO,706.29,SYNTHETIC_DEMO
2023-12-30,ARE_FUJ,VLSFO,531.65,SYNTHETIC_DEMO
2023-12-30,ARE_FUJ,MGO,682.18,SYNTHETIC_DEMO
2023-12-31,SGP_SIN,VLSFO,546.86,SYNTHETIC_DEMO
2023-12-31,SGP_SIN,MGO,694.29,SYNTHETIC_DEMO
2023-12-31,LKA_CMB,VLSFO,560.54,SYNTHETIC_DEMO
2023-12-31,LKA_CMB,MGO,711.65,SYNTHETIC_DEMO
2023-12-31,ARE_FUJ,VLSFO,541.4,SYNTHETIC_DEMO
2023-12-31,ARE_FUJ,MGO,687.35,SYNTHETIC_DEMO
2024-01-01,SGP_SIN,VLSFO,526.97,SYNTHETIC_DEMO
2024-01-01,SGP_SIN,MGO,680.0,SYNTHETIC_DEMO
2024-01-01,LKA_CMB,VLSFO,540.15,SYNTHETIC_DEMO
2024-01-01,LKA_CMB,MGO,697.0,SYNTHETIC_DEMO
2024-01-01,ARE_FUJ,VLSFO,521.7,SYNTHETIC_DEMO
2024-01-01,ARE_FUJ,MGO,673.2,SYNTHETIC_DEMO
2024-01-02,SGP_SIN,VLSFO,543.99,SYNTHETIC_DEMO
2024-01-02,SGP_SIN,MGO,703.18,SYNTHETIC_DEMO
2024-01-02,LKA_CMB,VLSFO,557.59,SYNTHETIC_DEMO
2024-01-02,LKA_CMB,MGO,720.76,SYNTHETIC_DEMO
2024-01-02,ARE_FUJ,VLSFO,538.55,SYNTHETIC_DEMO
2024-01-02,ARE_FUJ,MGO,696.15,SYNTHETIC_DEMO
2024-01-03,SGP_SIN,VLSFO,538.09,SYNTHETIC_DEMO
2024-01-03,SGP_SIN,MGO,680.0,SYNTHETIC_DEMO
2024-01-03,LKA_CMB,VLSFO,551.54,SYNTHETIC_DEMO
2024-01-03,LKA_CMB,MGO,697.0,SYNTHETIC_DEMO
2024-01-03,ARE_FUJ,VLSFO,532.71,SYNTHETIC_DEMO
2024-01-03,ARE_FUJ,MGO,673.2,SYNTHETIC_DEMO
2024-01-04,SGP_SIN,VLSFO,526.94,SYNTHETIC_DEMO
2024-01-04,SGP_SIN,MGO,680.0,SYNTHETIC_DEMO
2024-01-04,LKA_CMB,VLSFO,540.12,SYNTHETIC_DEMO
2024-01-04,LKA_CMB,MGO,697.0,SYNTHETIC_DEMO
2024-01-04,ARE_FUJ,VLSFO,521.67,SYNTHETIC_DEMO
2024-01-04,ARE_FUJ,MGO,673.2,SYNTHETIC_DEMO
2024-01-05,SGP_SIN,VLSFO,538.94,SYNTHETIC_DEMO
2024-01-05,SGP_SIN,MGO,690.74,SYNTHETIC_DEMO
2024-01-05,LKA_CMB,VLSFO,552.41,SYNTHETIC_DEMO
2024-01-05,LKA_CMB,MGO,708.01,SYNTHETIC_DEMO
2024-01-05,ARE_FUJ,VLSFO,533.55,SYNTHETIC_DEMO
2024-01-05,ARE_FUJ,MGO,683.84,SYNTHETIC_DEMO
2024-01-06,SGP_SIN,VLSFO,536.42,SYNTHETIC_DEMO
2024-01-06,SGP_SIN,MGO,687.56,SYNTHETIC_DEMO
2024-01-06,LKA_CMB,VLSFO,549.83,SYNTHETIC_DEMO
2024-01-06,LKA_CMB,MGO,704.75,SYNTHETIC_DEMO
2024-01-06,ARE_FUJ,VLSFO,531.05,SYNTHETIC_DEMO
2024-01-06,ARE_FUJ,MGO,680.69,SYNTHETIC_DEMO
2024-01-07,SGP_SIN,VLSFO,540.94,SYNTHETIC_DEMO
2024-01-07,SGP_SIN,MGO,698.82,SYNTHETIC_DEMO
2024-01-07,LKA_CMB,VLSFO,554.47,SYNTHETIC_DEMO
2024-01-07,LKA_CMB,MGO,716.29,SYNTHETIC_DEMO
2024-01-07,ARE_FUJ,VLSFO,535.53,SYNTHETIC_DEMO
2024-01-07,ARE_FUJ,MGO,691.83,SYNTHETIC_DEMO
2024-01-08,SGP_SIN,VLSFO,535.07,SYNTHETIC_DEMO
2024-01-08,SGP_SIN,MGO,682.21,SYNTHETIC_DEMO
2024-01-08,LKA_CMB,VLSFO,548.45,SYNTHETIC_DEMO
2024-01-08,LKA_CMB,MGO,699.26,SYNTHETIC_DEMO
2024-01-08,ARE_FUJ,VLSFO,529.72,SYNTHETIC_DEMO
2024-01-08,ARE_FUJ,MGO,675.39,SYNTHETIC_DEMO
2024-01-09,SGP_SIN,VLSFO,541.76,SYNTHETIC_DEMO
2024-01-09,SGP_SIN,MGO,684.57,SYNTHETIC_DEMO
2024-01-09,LKA_CMB,VLSFO,555.3,SYNTHETIC_DEMO
2024-01-09,LKA_CMB,MGO,701.68,SYNTHETIC_DEMO
2024-01-09,ARE_FUJ,VLSFO,536.34,SYNTHETIC_DEMO
2024-01-09,ARE_FUJ,MGO,677.72,SYNTHETIC_DEMO
2024-01-10,SGP_SIN,VLSFO,549.74,SYNTHETIC_DEMO
2024-01-10,SGP_SIN,MGO,707.53,SYNTHETIC_DEMO
2024-01-10,LKA_CMB,VLSFO,563.48,SYNTHETIC_DEMO
2024-01-10,LKA_CMB,MGO,725.22,SYNTHETIC_DEMO
2024-01-10,ARE_FUJ,VLSFO,544.24,SYNTHETIC_DEMO
2024-01-10,ARE_FUJ,MGO,700.46,SYNTHETIC_DEMO
2024-01-11,SGP_SIN,VLSFO,542.46,SYNTHETIC_DEMO
2024-01-11,SGP_SIN,MGO,698.47,SYNTHETIC_DEMO
2024-01-11,LKA_CMB,VLSFO,556.02,SYNTHETIC_DEMO
2024-01-11,LKA_CMB,MGO,715.94,SYNTHETIC_DEMO
2024-01-11,ARE_FUJ,VLSFO,537.03,SYNTHETIC_DEMO
2024-01-11,ARE_FUJ,MGO,691.49,SYNTHETIC_DEMO
2024-01-12,SGP_SIN,VLSFO,560.69,SYNTHETIC_DEMO
2024-01-12,SGP_SIN,MGO,724.72,SYNTHETIC_DEMO
2024-01-12,LKA_CMB,VLSFO,574.71,SYNTHETIC_DEMO
2024-01-12,LKA_CMB,MGO,742.84,SYNTHETIC_DEMO
2024-01-12,ARE_FUJ,VLSFO,555.09,SYNTHETIC_DEMO
2024-01-12,ARE_FUJ,MGO,717.47,SYNTHETIC_DEMO
2024-01-13,SGP_SIN,VLSFO,543.88,SYNTHETIC_DEMO
2024-01-13,SGP_SIN,MGO,700.97,SYNTHETIC_DEMO
2024-01-13,LKA_CMB,VLSFO,557.47,SYNTHETIC_DEMO
2024-01-13,LKA_CMB,MGO,718.49,SYNTHETIC_DEMO
2024-01-13,ARE_FUJ,VLSFO,538.44,SYNTHETIC_DEMO
2024-01-13,ARE_FUJ,MGO,693.96,SYNTHETIC_DEMO
2024-01-14,SGP_SIN,VLSFO,548.37,SYNTHETIC_DEMO
2024-01-14,SGP_SIN,MGO,697.47,SYNTHETIC_DEMO
2024-01-14,LKA_CMB,VLSFO,562.08,SYNTHETIC_DEMO
2024-01-14,LKA_CMB,MGO,714.91,SYNTHETIC_DEMO
2024-01-14,ARE_FUJ,VLSFO,542.88,SYNTHETIC_DEMO
2024-01-14,ARE_FUJ,MGO,690.49,SYNTHETIC_DEMO
2024-01-15,SGP_SIN,VLSFO,549.78,SYNTHETIC_DEMO
2024-01-15,SGP_SIN,MGO,706.43,SYNTHETIC_DEMO
2024-01-15,LKA_CMB,VLSFO,563.53,SYNTHETIC_DEMO
2024-01-15,LKA_CMB,MGO,724.09,SYNTHETIC_DEMO
2024-01-15,ARE_FUJ,VLSFO,544.29,SYNTHETIC_DEMO
2024-01-15,ARE_FUJ,MGO,699.36,SYNTHETIC_DEMO
2024-01-16,SGP_SIN,VLSFO,558.62,SYNTHETIC_DEMO
2024-01-16,SGP_SIN,MGO,717.05,SYNTHETIC_DEMO
2024-01-16,LKA_CMB,VLSFO,572.59,SYNTHETIC_DEMO
2024-01-16,LKA_CMB,MGO,734.97,SYNTHETIC_DEMO
2024-01-16,ARE_FUJ,VLSFO,553.04,SYNTHETIC_DEMO
2024-01-16,ARE_FUJ,MGO,709.88,SYNTHETIC_DEMO
2024-01-17,SGP_SIN,VLSFO,556.18,SYNTHETIC_DEMO
2024-01-17,SGP_SIN,MGO,721.3,SYNTHETIC_DEMO
2024-01-17,LKA_CMB,VLSFO,570.09,SYNTHETIC_DEMO
2024-01-17,LKA_CMB,MGO,739.33,SYNTHETIC_DEMO
2024-01-17,ARE_FUJ,VLSFO,550.62,SYNTHETIC_DEMO
2024-01-17,ARE_FUJ,MGO,714.09,SYNTHETIC_DEMO
2024-01-18,SGP_SIN,VLSFO,546.01,SYNTHETIC_DEMO
2024-01-18,SGP_SIN,MGO,692.36,SYNTHETIC_DEMO
2024-01-18,LKA_CMB,VLSFO,559.66,SYNTHETIC_DEMO
2024-01-18,LKA_CMB,MGO,709.67,SYNTHETIC_DEMO
2024-01-18,ARE_FUJ,VLSFO,540.55,SYNTHETIC_DEMO
2024-01-18,ARE_FUJ,MGO,685.44,SYNTHETIC_DEMO
2024-01-19,SGP_SIN,VLSFO,551.8,SYNTHETIC_DEMO
2024-01-19,SGP_SIN,MGO,696.06,SYNTHETIC_DEMO
2024-01-19,LKA_CMB,VLSFO,565.6,SYNTHETIC_DEMO
2024-01-19,LKA_CMB,MGO,713.46,SYNTHETIC_DEMO
2024-01-19,ARE_FUJ,VLSFO,546.28,SYNTHETIC_DEMO
2024-01-19,ARE_FUJ,MGO,689.1,SYNTHETIC_DEMO
2024-01-20,SGP_SIN,VLSFO,558.54,SYNTHETIC_DEMO
2024-01-20,SGP_SIN,MGO,715.3,SYNTHETIC_DEMO
2024-01-20,LKA_CMB,VLSFO,572.5,SYNTHETIC_DEMO
2024-01-20,LKA_CMB,MGO,733.18,SYNTHETIC_DEMO
2024-01-20,ARE_FUJ,VLSFO,552.95,SYNTHETIC_DEMO
2024-01-20,ARE_FUJ,MGO,708.15,SYNTHETIC_DEMO
2024-01-21,SGP_SIN,VLSFO,540.61,SYNTHETIC_DEMO
2024-01-21,SGP_SIN,MGO,689.68,SYNTHETIC_DEMO
2024-01-21,LKA_CMB,VLSFO,554.13,SYNTHETIC_DEMO
2024-01-21,LKA_CMB,MGO,706.92,SYNTHETIC_DEMO
2024-01-21,ARE_FUJ,VLSFO,535.21,SYNTHETIC_DEMO
2024-01-21,ARE_FUJ,MGO,682.79,SYNTHETIC_DEMO
2024-01-22,SGP_SIN,VLSFO,553.71,SYNTHETIC_DEMO
2024-01-22,SGP_SIN,MGO,720.55,SYNTHETIC_DEMO
2024-01-22,LKA_CMB,VLSFO,567.56,SYNTHETIC_DEMO
2024-01-22,LKA_CMB,MGO,738.57,SYNTHETIC_DEMO
2024-01-22,ARE_FUJ,VLSFO,548.18,SYNTHETIC_DEMO
2024-01-22,ARE_FUJ,MGO,713.35,SYNTHETIC_DEMO
2024-01-23,SGP_SIN,VLSFO,547.27,SYNTHETIC_DEMO
2024-01-23,SGP_SIN,MGO,715.71,SYNTHETIC_DEMO
2024-01-23,LKA_CMB,VLSFO,560.95,SYNTHETIC_DEMO
2024-01-23,LKA_CMB,MGO,733.6,SYNTHETIC_DEMO
2024-01-23,ARE_FUJ,VLSFO,541.8,SYNTHETIC_DEMO
2024-01-23,ARE_FUJ,MGO,708.55,SYNTHETIC_DEMO
2024-01-24,SGP_SIN,VLSFO,548.49,SYNTHETIC_DEMO
2024-01-24,SGP_SIN,MGO,709.49,SYNTHETIC_DEMO
2024-01-24,LKA_CMB,VLSFO,562.2,SYNTHETIC_DEMO
2024-01-24,LKA_CMB,MGO,727.23,SYNTHETIC_DEMO
2024-01-24,ARE_FUJ,VLSFO,543.01,SYNTHETIC_DEMO
2024-01-24,ARE_FUJ,MGO,702.4,SYNTHETIC_DEMO
2024-01-25,SGP_SIN,VLSFO,559.47,SYNTHETIC_DEMO
2024-01-25,SGP_SIN,MGO,718.9,SYNTHETIC_DEMO
2024-01-25,LKA_CMB,VLSFO,573.45,SYNTHETIC_DEMO
2024-01-25,LKA_CMB,MGO,736.88,SYNTHETIC_DEMO
2024-01-25,ARE_FUJ,VLSFO,553.87,SYNTHETIC_DEMO
2024-01-25,ARE_FUJ,MGO,711.71,SYNTHETIC_DEMO
2024-01-26,SGP_SIN,VLSFO,548.28,SYNTHETIC_DEMO
2024-01-26,SGP_SIN,MGO,700.58,SYNTHETIC_DEMO
2024-01-26,LKA_CMB,VLSFO,561.98,SYNTHETIC_DEMO
2024-01-26,LKA_CMB,MGO,718.1,SYNTHETIC_DEMO
2024-01-26,ARE_FUJ,VLSFO,542.79,SYNTHETIC_DEMO
2024-01-26,ARE_FUJ,MGO,693.58,SYNTHETIC_DEMO
2024-01-27,SGP_SIN,VLSFO,567.94,SYNTHETIC_DEMO
2024-01-27,SGP_SIN,MGO,726.37,SYNTHETIC_DEMO
2024-01-27,LKA_CMB,VLSFO,582.13,SYNTHETIC_DEMO
2024-01-27,LKA_CMB,MGO,744.53,SYNTHETIC_DEMO
2024-01-27,ARE_FUJ,VLSFO,562.26,SYNTHETIC_DEMO
2024-01-27,ARE_FUJ,MGO,719.11,SYNTHETIC_DEMO
2024-01-28,SGP_SIN,VLSFO,551.19,SYNTHETIC_DEMO
2024-01-28,SGP_SIN,MGO,709.54,SYNTHETIC_DEMO
2024-01-28,LKA_CMB,VLSFO,564.97,SYNTHETIC_DEMO
2024-01-28,LKA_CMB,MGO,727.28,SYNTHETIC_DEMO
2024-01-28,ARE_FUJ,VLSFO,545.68,SYNTHETIC_DEMO
2024-01-28,ARE_FUJ,MGO,702.44,SYNTHETIC_DEMO
2024-01-29,SGP_SIN,VLSFO,560.67,SYNTHETIC_DEMO
2024-01-29,SGP_SIN,MGO,722.83,SYNTHETIC_DEMO
2024-01-29,LKA_CMB,VLSFO,574.69,SYNTHETIC_DEMO
2024-01-29,LKA_CMB,MGO,740.9,SYNTHETIC_DEMO
2024-01-29,ARE_FUJ,VLSFO,555.07,SYNTHETIC_DEMO
2024-01-29,ARE_FUJ,MGO,715.6,SYNTHETIC_DEMO
2024-01-30,SGP_SIN,VLSFO,562.29,SYNTHETIC_DEMO
2024-01-30,SGP_SIN,MGO,718.66,SYNTHETIC_DEMO
2024-01-30,LKA_CMB,VLSFO,576.35,SYNTHETIC_DEMO
2024-01-30,LKA_CMB,MGO,736.63,SYNTHETIC_DEMO
2024-01-30,ARE_FUJ,VLSFO,556.67,SYNTHETIC_DEMO
2024-01-30,ARE_FUJ,MGO,711.48,SYNTHETIC_DEMO
2024-01-31,SGP_SIN,VLSFO,572.95,SYNTHETIC_DEMO
2024-01-31,SGP_SIN,MGO,729.32,SYNTHETIC_DEMO
2024-01-31,LKA_CMB,VLSFO,587.28,SYNTHETIC_DEMO
2024-01-31,LKA_CMB,MGO,747.56,SYNTHETIC_DEMO
2024-01-31,ARE_FUJ,VLSFO,567.22,SYNTHETIC_DEMO
2024-01-31,ARE_FUJ,MGO,722.03,SYNTHETIC_DEMO
2024-02-01,SGP_SIN,VLSFO,572.84,SYNTHETIC_DEMO
2024-02-01,SGP_SIN,MGO,737.59,SYNTHETIC_DEMO
2024-02-01,LKA_CMB,VLSFO,587.16,SYNTHETIC_DEMO
2024-02-01,LKA_CMB,MGO,756.03,SYNTHETIC_DEMO
2024-02-01,ARE_FUJ,VLSFO,567.11,SYNTHETIC_DEMO
2024-02-01,ARE_FUJ,MGO,730.21,SYNTHETIC_DEMO
2024-02-02,SGP_SIN,VLSFO,568.92,SYNTHETIC_DEMO
2024-02-02,SGP_SIN,MGO,726.67,SYNTHETIC_DEMO
2024-02-02,LKA_CMB,VLSFO,583.15,SYNTHETIC_DEMO
2024-02-02,LKA_CMB,MGO,744.84,SYNTHETIC_DEMO
2024-02-02,ARE_FUJ,VLSFO,563.23,SYNTHETIC_DEMO
2024-02-02,ARE_FUJ,MGO,719.4,SYNTHETIC_DEMO
2024-02-03,SGP_SIN,VLSFO,567.75,SYNTHETIC_DEMO
2024-02-03,SGP_SIN,MGO,723.24,SYNTHETIC_DEMO
2024-02-03,LKA_CMB,VLSFO,581.94,SYNTHETIC_DEMO
2024-02-03,LKA_CMB,MGO,741.33,SYNTHETIC_DEMO
2024-02-03,ARE_FUJ,VLSFO,562.07,SYNTHETIC_DEMO
2024-02-03,ARE_FUJ,MGO,716.01,SYNTHETIC_DEMO
2024-02-04,SGP_SIN,VLSFO,569.28,SYNTHETIC_DEMO
2024-02-04,SGP_SIN,MGO,743.92,SYNTHETIC_DEMO
2024-02-04,LKA_CMB,VLSFO,583.51,SYNTHETIC_DEMO
2024-02-04,LKA_CMB,MGO,762.52,SYNTHETIC_DEMO
2024-02-04,ARE_FUJ,VLSFO,563.59,SYNTHETIC_DEMO
2024-02-04,ARE_FUJ,MGO,736.48,SYNTHETIC_DEMO
2024-02-05,SGP_SIN,VLSFO,563.43,SYNTHETIC_DEMO
2024-02-05,SGP_SIN,MGO,730.88,SYNTHETIC_DEMO
2024-02-05,LKA_CMB,VLSFO,577.52,SYNTHETIC_DEMO
2024-02-05,LKA_CMB,MGO,749.15,SYNTHETIC_DEMO
2024-02-05,ARE_FUJ,VLSFO,557.8,SYNTHETIC_DEMO
2024-02-05,ARE_FUJ,MGO,723.57,SYNTHETIC_DEMO
2024-02-06,SGP_SIN,VLSFO,582.15,SYNTHETIC_DEMO
2024-02-06,SGP_SIN,MGO,753.32,SYNTHETIC_DEMO
2024-02-06,LKA_CMB,VLSFO,596.71,SYNTHETIC_DEMO
2024-02-06,LKA_CMB,MGO,772.15,SYNTHETIC_DEMO
2024-02-06,ARE_FUJ,VLSFO,576.33,SYNTHETIC_DEMO
2024-02-06,ARE_FUJ,MGO,745.78,SYNTHETIC_DEMO
2024-02-07,SGP_SIN,VLSFO,579.43,SYNTHETIC_DEMO
2024-02-07,SGP_SIN,MGO,750.43,SYNTHETIC_DEMO
2024-02-07,LKA_CMB,VLSFO,593.92,SYNTHETIC_DEMO
2024-02-07,LKA_CMB,MGO,769.2,SYNTHETIC_DEMO
2024-02-07,ARE_FUJ,VLSFO,573.64,SYNTHETIC_DEMO
2024-02-07,ARE_FUJ,MGO,742.93,SYNTHETIC_DEMO
2024-02-08,SGP_SIN,VLSFO,580.25,SYNTHETIC_DEMO
2024-02-08,SGP_SIN,MGO,748.51,SYNTHETIC_DEMO
2024-02-08,LKA_CMB,VLSFO,594.75,SYNTHETIC_DEMO
2024-02-08,LKA_CMB,MGO,767.22,SYNTHETIC_DEMO
2024-02-08,ARE_FUJ,VLSFO,574.44,SYNTHETIC_DEMO
2024-02-08,ARE_FUJ,MGO,741.02,SYNTHETIC_DEMO
2024-02-09,SGP_SIN,VLSFO,574.2,SYNTHETIC_DEMO
2024-02-09,SGP_SIN,MGO,724.26,SYNTHETIC_DEMO
2024-02-09,LKA_CMB,VLSFO,588.55,SYNTHETIC_DEMO
2024-02-09,LKA_CMB,MGO,742.36,SYNTHETIC_DEMO
2024-02-09,ARE_FUJ,VLSFO,568.45,SYNTHETIC_DEMO
2024-02-09,ARE_FUJ,MGO,717.01,SYNTHETIC_DEMO
2024-02-10,SGP_SIN,VLSFO,586.44,SYNTHETIC_DEMO
2024-02-10,SGP_SIN,MGO,731.92,SYNTHETIC_DEMO
2024-02-10,LKA_CMB,VLSFO,601.1,SYNTHETIC_DEMO
2024-02-10,LKA_CMB,MGO,750.21,SYNTHETIC_DEMO
2024-02-10,ARE_FUJ,VLSFO,580.57,SYNTHETIC_DEMO
2024-02-10,ARE_FUJ,MGO,724.6,SYNTHETIC_DEMO
2024-02-11,SGP_SIN,VLSFO,576.2,SYNTHETIC_DEMO
2024-02-11,SGP_SIN,MGO,744.94,SYNTHETIC_DEMO
2024-02-11,LKA_CMB,VLSFO,590.61,SYNTHETIC_DEMO
2024-02-11,LKA_CMB,MGO,763.57,SYNTHETIC_DEMO
2024-02-11,ARE_FUJ,VLSFO,570.44,SYNTHETIC_DEMO
2024-02-11,ARE_FUJ,MGO,737.49,SYNTHETIC_DEMO
2024-02-12,SGP_SIN,VLSFO,584.08,SYNTHETIC_DEMO
2024-02-12,SGP_SIN,MGO,739.09,SYNTHETIC_DEMO
2024-02-12,LKA_CMB,VLSFO,598.68,SYNTHETIC_DEMO
2024-02-12,LKA_CMB,MGO,757.56,SYNTHETIC_DEMO
2024-02-12,ARE_FUJ,VLSFO,578.24,SYNTHETIC_DEMO
2024-02-12,ARE_FUJ,MGO,731.7,SYNTHETIC_DEMO
2024-02-13,SGP_SIN,VLSFO,601.31,SYNTHETIC_DEMO
2024-02-13,SGP_SIN,MGO,763.54,SYNTHETIC_DEMO
2024-02-13,LKA_CMB,VLSFO,616.34,SYNTHETIC_DEMO
2024-02-13,LKA_CMB,MGO,782.62,SYNTHETIC_DEMO
2024-02-13,ARE_FUJ,VLSFO,595.29,SYNTHETIC_DEMO
2024-02-13,ARE_FUJ,MGO,755.9,SYNTHETIC_DEMO
2024-02-14,SGP_SIN,VLSFO,583.75,SYNTHETIC_DEMO
2024-02-14,SGP_SIN,MGO,746.44,SYNTHETIC_DEMO
2024-02-14,LKA_CMB,VLSFO,598.35,SYNTHETIC_DEMO
2024-02-14,LKA_CMB,MGO,765.1,SYNTHETIC_DEMO
2024-02-14,ARE_FUJ,VLSFO,577.92,SYNTHETIC_DEMO
2024-02-14,ARE_FUJ,MGO,738.98,SYNTHETIC_DEMO
2024-02-15,SGP_SIN,VLSFO,587.22,SYNTHETIC_DEMO
2024-02-15,SGP_SIN,MGO,759.21,SYNTHETIC_DEMO
2024-02-15,LKA_CMB,VLSFO,601.9,SYNTHETIC_DEMO
2024-02-15,LKA_CMB,MGO,778.19,SYNTHETIC_DEMO
2024-02-15,ARE_FUJ,VLSFO,581.34,SYNTHETIC_DEMO
2024-02-15,ARE_FUJ,MGO,751.62,SYNTHETIC_DEMO
2024-02-16,SGP_SIN,VLSFO,581.81,SYNTHETIC_DEMO
2024-02-16,SGP_SIN,MGO,743.48,SYNTHETIC_DEMO
2024-02-16,LKA_CMB,VLSFO,596.36,SYNTHETIC_DEMO
2024-02-16,LKA_CMB,MGO,762.07,SYNTHETIC_DEMO
2024-02-16,ARE_FUJ,VLSFO,575.99,SYNTHETIC_DEMO
2024-02-16,ARE_FUJ,MGO,736.05,SYNTHETIC_DEMO
2024-02-17,SGP_SIN,VLSFO,585.31,SYNTHETIC_DEMO
2024-02-17,SGP_SIN,MGO,752.76,SYNTHETIC_DEMO
2024-02-17,LKA_CMB,VLSFO,599.94,SYNTHETIC_DEMO
2024-02-17,LKA_CMB,MGO,771.57,SYNTHETIC_DEMO
2024-02-17,ARE_FUJ,VLSFO,579.46,SYNTHETIC_DEMO
2024-02-17,ARE_FUJ,MGO,745.23,SYNTHETIC_DEMO
2024-02-18,SGP_SIN,VLSFO,573.12,SYNTHETIC_DEMO
2024-02-18,SGP_SIN,MGO,739.67,SYNTHETIC_DEMO
2024-02-18,LKA_CMB,VLSFO,587.45,SYNTHETIC_DEMO
2024-02-18,LKA_CMB,MGO,758.16,SYNTHETIC_DEMO
2024-02-18,ARE_FUJ,VLSFO,567.39,SYNTHETIC_DEMO
2024-02-18,ARE_FUJ,MGO,732.27,SYNTHETIC_DEMO
2024-02-19,SGP_SIN,VLSFO,569.76,SYNTHETIC_DEMO
2024-02-19,SGP_SIN,MGO,730.85,SYNTHETIC_DEMO
2024-02-19,LKA_CMB,VLSFO,584.0,SYNTHETIC_DEMO
2024-02-19,LKA_CMB,MGO,749.12,SYNTHETIC_DEMO
2024-02-19,ARE_FUJ,VLSFO,564.06,SYNTHETIC_DEMO
2024-02-19,ARE_FUJ,MGO,723.54,SYNTHETIC_DEMO
2024-02-20,SGP_SIN,VLSFO,575.14,SYNTHETIC_DEMO
2024-02-20,SGP_SIN,MGO,731.62,SYNTHETIC_DEMO
2024-02-20,LKA_CMB,VLSFO,589.52,SYNTHETIC_DEMO
2024-02-20,LKA_CMB,MGO,749.91,SYNTHETIC_DEMO
2024-02-20,ARE_FUJ,VLSFO,569.39,SYNTHETIC_DEMO
2024-02-20,ARE_FUJ,MGO,724.3,SYNTHETIC_DEMO
2024-02-21,SGP_SIN,VLSFO,565.55,SYNTHETIC_DEMO
2024-02-21,SGP_SIN,MGO,730.05,SYNTHETIC_DEMO
2024-02-21,LKA_CMB,VLSFO,579.69,SYNTHETIC_DEMO
2024-02-21,LKA_CMB,MGO,748.3,SYNTHETIC_DEMO
2024-02-21,ARE_FUJ,VLSFO,559.89,SYNTHETIC_DEMO
2024-02-21,ARE_FUJ,MGO,722.75,SYNTHETIC_DEMO
2024-02-22,SGP_SIN,VLSFO,575.68,SYNTHETIC_DEMO
2024-02-22,SGP_SIN,MGO,728.23,SYNTHETIC_DEMO
2024-02-22,LKA_CMB,VLSFO,590.08,SYNTHETIC_DEMO
2024-02-22,LKA_CMB,MGO,746.44,SYNTHETIC_DEMO
2024-02-22,ARE_FUJ,VLSFO,569.93,SYNTHETIC_DEMO
2024-02-22,ARE_FUJ,MGO,720.95,SYNTHETIC_DEMO
2024-02-23,SGP_SIN,VLSFO,570.96,SYNTHETIC_DEMO
2024-02-23,SGP_SIN,MGO,738.77,SYNTHETIC_DEMO
2024-02-23,LKA_CMB,VLSFO,585.24,SYNTHETIC_DEMO
2024-02-23,LKA_CMB,MGO,757.24,SYNTHETIC_DEMO
2024-02-23,ARE_FUJ,VLSFO,565.25,SYNTHETIC_DEMO
2024-02-23,ARE_FUJ,MGO,731.39,SYNTHETIC_DEMO
2024-02-24,SGP_SIN,VLSFO,576.87,SYNTHETIC_DEMO
2024-02-24,SGP_SIN,MGO,742.24,SYNTHETIC_DEMO
2024-02-24,LKA_CMB,VLSFO,591.29,SYNTHETIC_DEMO
2024-02-24,LKA_CMB,MGO,760.8,SYNTHETIC_DEMO
2024-02-24,ARE_FUJ,VLSFO,571.1,SYNTHETIC_DEMO
2024-02-24,ARE_FUJ,MGO,734.82,SYNTHETIC_DEMO
2024-02-25,SGP_SIN,VLSFO,581.34,SYNTHETIC_DEMO
2024-02-25,SGP_SIN,MGO,739.69,SYNTHETIC_DEMO
2024-02-25,LKA_CMB,VLSFO,595.87,SYNTHETIC_DEMO
2024-02-25,LKA_CMB,MGO,758.18,SYNTHETIC_DEMO
2024-02-25,ARE_FUJ,VLSFO,575.52,SYNTHETIC_DEMO
2024-02-25,ARE_FUJ,MGO,732.29,SYNTHETIC_DEMO
2024-02-26,SGP_SIN,VLSFO,583.16,SYNTHETIC_DEMO
2024-02-26,SGP_SIN,MGO,736.26,SYNTHETIC_DEMO
2024-02-26,LKA_CMB,VLSFO,597.74,SYNTHETIC_DEMO
2024-02-26,LKA_CMB,MGO,754.67,SYNTHETIC_DEMO
2024-02-26,ARE_FUJ,VLSFO,577.33,SYNTHETIC_DEMO
2024-02-26,ARE_FUJ,MGO,728.9,SYNTHETIC_DEMO
2024-02-27,SGP_SIN,VLSFO,568.49,SYNTHETIC_DEMO
2024-02-27,SGP_SIN,MGO,725.86,SYNTHETIC_DEMO
2024-02-27,LKA_CMB,VLSFO,582.71,SYNTHETIC_DEMO
2024-02-27,LKA_CMB,MGO,744.01,SYNTHETIC_DEMO
2024-02-27,ARE_FUJ,VLSFO,562.81,SYNTHETIC_DEMO
2024-02-27,ARE_FUJ,MGO,718.6,SYNTHETIC_DEMO
2024-02-28,SGP_SIN,VLSFO,593.5,SYNTHETIC_DEMO
2024-02-28,SGP_SIN,MGO,745.28,SYNTHETIC_DEMO
2024-02-28,LKA_CMB,VLSFO,608.34,SYNTHETIC_DEMO
2024-02-28,LKA_CMB,MGO,763.91,SYNTHETIC_DEMO
2024-02-28,ARE_FUJ,VLSFO,587.56,SYNTHETIC_DEMO
2024-02-28,ARE_FUJ,MGO,737.83,SYNTHETIC_DEMO
2024-02-29,SGP_SIN,VLSFO,580.63,SYNTHETIC_DEMO
2024-02-29,SGP_SIN,MGO,746.42,SYNTHETIC_DEMO
2024-02-29,LKA_CMB,VLSFO,595.14,SYNTHETIC_DEMO
2024-02-29,LKA_CMB,MGO,765.08,SYNTHETIC_DEMO
2024-02-29,ARE_FUJ,VLSFO,574.82,SYNTHETIC_DEMO
2024-02-29,ARE_FUJ,MGO,738.95,SYNTHETIC_DEMO
2024-03-01,SGP_SIN,VLSFO,570.05,SYNTHETIC_DEMO
2024-03-01,SGP_SIN,MGO,726.95,SYNTHETIC_DEMO
2024-03-01,LKA_CMB,VLSFO,584.3,SYNTHETIC_DEMO
2024-03-01,LKA_CMB,MGO,745.12,SYNTHETIC_DEMO
2024-03-01,ARE_FUJ,VLSFO,564.35,SYNTHETIC_DEMO
2024-03-01,ARE_FUJ,MGO,719.68,SYNTHETIC_DEMO
2024-03-02,SGP_SIN,VLSFO,567.11,SYNTHETIC_DEMO
2024-03-02,SGP_SIN,MGO,717.1,SYNTHETIC_DEMO
2024-03-02,LKA_CMB,VLSFO,581.29,SYNTHETIC_DEMO
2024-03-02,LKA_CMB,MGO,735.03,SYNTHETIC_DEMO
2024-03-02,ARE_FUJ,VLSFO,561.44,SYNTHETIC_DEMO
2024-03-02,ARE_FUJ,MGO,709.93,SYNTHETIC_DEMO
2024-03-03,SGP_SIN,VLSFO,566.98,SYNTHETIC_DEMO
2024-03-03,SGP_SIN,MGO,715.66,SYNTHETIC_DEMO
2024-03-03,LKA_CMB,VLSFO,581.16,SYNTHETIC_DEMO
2024-03-03,LKA_CMB,MGO,733.56,SYNTHETIC_DEMO
2024-03-03,ARE_FUJ,VLSFO,561.31,SYNTHETIC_DEMO
2024-03-03,ARE_FUJ,MGO,708.51,SYNTHETIC_DEMO
2024-03-04,SGP_SIN,VLSFO,567.4,SYNTHETIC_DEMO
2024-03-04,SGP_SIN,MGO,738.86,SYNTHETIC_DEMO
2024-03-04,LKA_CMB,VLSFO,581.59,SYNTHETIC_DEMO
2024-03-04,LKA_CMB,MGO,757.34,SYNTHETIC_DEMO
2024-03-04,ARE_FUJ,VLSFO,561.73,SYNTHETIC_DEMO
2024-03-04,ARE_FUJ,MGO,731.48,SYNTHETIC_DEMO
2024-03-05,SGP_SIN,VLSFO,553.43,SYNTHETIC_DEMO
2024-03-05,SGP_SIN,MGO,706.42,SYNTHETIC_DEMO
2024-03-05,LKA_CMB,VLSFO,567.26,SYNTHETIC_DEMO
2024-03-05,LKA_CMB,MGO,724.08,SYNTHETIC_DEMO
2024-03-05,ARE_FUJ,VLSFO,547.89,SYNTHETIC_DEMO
2024-03-05,ARE_FUJ,MGO,699.36,SYNTHETIC_DEMO
2024-03-06,SGP_SIN,VLSFO,575.66,SYNTHETIC_DEMO
2024-03-06,SGP_SIN,MGO,726.17,SYNTHETIC_DEMO
2024-03-06,LKA_CMB,VLSFO,590.05,SYNTHETIC_DEMO
2024-03-06,LKA_CMB,MGO,744.33,SYNTHETIC_DEMO
2024-03-06,ARE_FUJ,VLSFO,569.9,SYNTHETIC_DEMO
2024-03-06,ARE_FUJ,MGO,718.91,SYNTHETIC_DEMO
2024-03-07,SGP_SIN,VLSFO,575.63,SYNTHETIC_DEMO
2024-03-07,SGP_SIN,MGO,745.68,SYNTHETIC_DEMO
2024-03-07,LKA_CMB,VLSFO,590.02,SYNTHETIC_DEMO
2024-03-07,LKA_CMB,MGO,764.32,SYNTHETIC_DEMO
2024-03-07,ARE_FUJ,VLSFO,569.87,SYNTHETIC_DEMO
2024-03-07,ARE_FUJ,MGO,738.22,SYNTHETIC_DEMO
2024-03-08,SGP_SIN,VLSFO,583.63,SYNTHETIC_DEMO
2024-03-08,SGP_SIN,MGO,744.59,SYNTHETIC_DEMO
2024-03-08,LKA_CMB,VLSFO,598.22,SYNTHETIC_DEMO
2024-03-08,LKA_CMB,MGO,763.2,SYNTHETIC_DEMO
2024-03-08,ARE_FUJ,VLSFO,577.79,SYNTHETIC_DEMO
2024-03-08,ARE_FUJ,MGO,737.14,SYNTHETIC_DEMO
2024-03-09,SGP_SIN,VLSFO,582.17,SYNTHETIC_DEMO
2024-03-09,SGP_SIN,MGO,745.99,SYNTHETIC_DEMO
2024-03-09,LKA_CMB,VLSFO,596.73,SYNTHETIC_DEMO
2024-03-09,LKA_CMB,MGO,764.64,SYNTHETIC_DEMO
2024-03-09,ARE_FUJ,VLSFO,576.35,SYNTHETIC_DEMO
2024-03-09,ARE_FUJ,MGO,738.53,SYNTHETIC_DEMO
2024-03-10,SGP_SIN,VLSFO,586.03,SYNTHETIC_DEMO
2024-03-10,SGP_SIN,MGO,739.81,SYNTHETIC_DEMO
2024-03-10,LKA_CMB,VLSFO,600.69,SYNTHETIC_DEMO
2024-03-10,LKA_CMB,MGO,758.3,SYNTHETIC_DEMO
2024-03-10,ARE_FUJ,VLSFO,580.17,SYNTHETIC_DEMO
2024-03-10,ARE_FUJ,MGO,732.41,SYNTHETIC_DEMO
2024-03-11,SGP_SIN,VLSFO,580.6,SYNTHETIC_DEMO
2024-03-11,SGP_SIN,MGO,748.07,SYNTHETIC_DEMO
2024-03-11,LKA_CMB,VLSFO,595.11,SYNTHETIC_DEMO
2024-03-11,LKA_CMB,MGO,766.77,SYNTHETIC_DEMO
2024-03-11,ARE_FUJ,VLSFO,574.79,SYNTHETIC_DEMO
2024-03-11,ARE_FUJ,MGO,740.59,SYNTHETIC_DEMO
2024-03-12,SGP_SIN,VLSFO,585.68,SYNTHETIC_DEMO
2024-03-12,SGP_SIN,MGO,747.02,SYNTHETIC_DEMO
2024-03-12,LKA_CMB,VLSFO,600.32,SYNTHETIC_DEMO
2024-03-12,LKA_CMB,MGO,765.7,SYNTHETIC_DEMO
2024-03-12,ARE_FUJ,VLSFO,579.82,SYNTHETIC_DEMO
2024-03-12,ARE_FUJ,MGO,739.55,SYNTHETIC_DEMO
2024-03-13,SGP_SIN,VLSFO,586.06,SYNTHETIC_DEMO
2024-03-13,SGP_SIN,MGO,740.21,SYNTHETIC_DEMO
2024-03-13,LKA_CMB,VLSFO,600.71,SYNTHETIC_DEMO
2024-03-13,LKA_CMB,MGO,758.71,SYNTHETIC_DEMO
2024-03-13,ARE_FUJ,VLSFO,580.2,SYNTHETIC_DEMO
2024-03-13,ARE_FUJ,MGO,732.81,SYNTHETIC_DEMO
2024-03-14,SGP_SIN,VLSFO,583.1,SYNTHETIC_DEMO
2024-03-14,SGP_SIN,MGO,738.75,SYNTHETIC_DEMO
2024-03-14,LKA_CMB,VLSFO,597.68,SYNTHETIC_DEMO
2024-03-14,LKA_CMB,MGO,757.22,SYNTHETIC_DEMO
2024-03-14,ARE_FUJ,VLSFO,577.27,SYNTHETIC_DEMO
2024-03-14,ARE_FUJ,MGO,731.37,SYNTHETIC_DEMO
2024-03-15,SGP_SIN,VLSFO,586.27,SYNTHETIC_DEMO
2024-03-15,SGP_SIN,MGO,742.22,SYNTHETIC_DEMO
2024-03-15,LKA_CMB,VLSFO,600.93,SYNTHETIC_DEMO
2024-03-15,LKA_CMB,MGO,760.78,SYNTHETIC_DEMO
2024-03-15,ARE_FUJ,VLSFO,580.41,SYNTHETIC_DEMO
2024-03-15,ARE_FUJ,MGO,734.8,SYNTHETIC_DEMO
2024-03-16,SGP_SIN,VLSFO,602.61,SYNTHETIC_DEMO
2024-03-16,SGP_SIN,MGO,773.34,SYNTHETIC_DEMO
2024-03-16,LKA_CMB,VLSFO,617.68,SYNTHETIC_DEMO
2024-03-16,LKA_CMB,MGO,792.68,SYNTHETIC_DEMO
2024-03-16,ARE_FUJ,VLSFO,596.59,SYNTHETIC_DEMO
2024-03-16,ARE_FUJ,MGO,765.61,SYNTHETIC_DEMO
2024-03-17,SGP_SIN,VLSFO,584.95,SYNTHETIC_DEMO
2024-03-17,SGP_SIN,MGO,762.52,SYNTHETIC_DEMO
2024-03-17,LKA_CMB,VLSFO,599.58,SYNTHETIC_DEMO
2024-03-17,LKA_CMB,MGO,781.59,SYNTHETIC_DEMO
2024-03-17,ARE_FUJ,VLSFO,579.1,SYNTHETIC_DEMO
2024-03-17,ARE_FUJ,MGO,754.9,SYNTHETIC_DEMO
2024-03-18,SGP_SIN,VLSFO,589.82,SYNTHETIC_DEMO
2024-03-18,SGP_SIN,MGO,763.47,SYNTHETIC_DEMO
2024-03-18,LKA_CMB,VLSFO,604.57,SYNTHETIC_DEMO
2024-03-18,LKA_CMB,MGO,782.56,SYNTHETIC_DEMO
2024-03-18,ARE_FUJ,VLSFO,583.93,SYNTHETIC_DEMO
2024-03-18,ARE_FUJ,MGO,755.84,SYNTHETIC_DEMO
2024-03-19,SGP_SIN,VLSFO,587.93,SYNTHETIC_DEMO
2024-03-19,SGP_SIN,MGO,764.99,SYNTHETIC_DEMO
2024-03-19,LKA_CMB,VLSFO,602.63,SYNTHETIC_DEMO
2024-03-19,LKA_CMB,MGO,784.11,SYNTHETIC_DEMO
2024-03-19,ARE_FUJ,VLSFO,582.05,SYNTHETIC_DEMO
2024-03-19,ARE_FUJ,MGO,757.34,SYNTHETIC_DEMO
2024-03-20,SGP_SIN,VLSFO,587.48,SYNTHETIC_DEMO
2024-03-20,SGP_SIN,MGO,742.43,SYNTHETIC_DEMO
2024-03-20,LKA_CMB,VLSFO,602.17,SYNTHETIC_DEMO
2024-03-20,LKA_CMB,MGO,760.99,SYNTHETIC_DEMO
2024-03-20,ARE_FUJ,VLSFO,581.61,SYNTHETIC_DEMO
2024-03-20,ARE_FUJ,MGO,735.01,SYNTHETIC_DEMO
2024-03-21,SGP_SIN,VLSFO,582.93,SYNTHETIC_DEMO
2024-03-21,SGP_SIN,MGO,742.94,SYNTHETIC_DEMO
2024-03-21,LKA_CMB,VLSFO,597.5,SYNTHETIC_DEMO
2024-03-21,LKA_CMB,MGO,761.52,SYNTHETIC_DEMO
2024-03-21,ARE_FUJ,VLSFO,577.1,SYNTHETIC_DEMO
2024-03-21,ARE_FUJ,MGO,735.51,SYNTHETIC_DEMO
2024-03-22,SGP_SIN,VLSFO,589.5,SYNTHETIC_DEMO
2024-03-22,SGP_SIN,MGO,754.01,SYNTHETIC_DEMO
2024-03-22,LKA_CMB,VLSFO,604.23,SYNTHETIC_DEMO
2024-03-22,LKA_CMB,MGO,772.87,SYNTHETIC_DEMO
2024-03-22,ARE_FUJ,VLSFO,583.6,SYNTHETIC_DEMO
2024-03-22,ARE_FUJ,MGO,746.47,SYNTHETIC_DEMO
2024-03-23,SGP_SIN,VLSFO,594.01,SYNTHETIC_DEMO
2024-03-23,SGP_SIN,MGO,757.19,SYNTHETIC_DEMO
2024-03-23,LKA_CMB,VLSFO,608.86,SYNTHETIC_DEMO
2024-03-23,LKA_CMB,MGO,776.12,SYNTHETIC_DEMO
2024-03-23,ARE_FUJ,VLSFO,588.07,SYNTHETIC_DEMO
2024-03-23,ARE_FUJ,MGO,749.62,SYNTHETIC_DEMO
2024-03-24,SGP_SIN,VLSFO,583.82,SYNTHETIC_DEMO
2024-03-24,SGP_SIN,MGO,744.26,SYNTHETIC_DEMO
2024-03-24,LKA_CMB,VLSFO,598.41,SYNTHETIC_DEMO
2024-03-24,LKA_CMB,MGO,762.87,SYNTHETIC_DEMO
2024-03-24,ARE_FUJ,VLSFO,577.98,SYNTHETIC_DEMO
2024-03-24,ARE_FUJ,MGO,736.82,SYNTHETIC_DEMO
2024-03-25,SGP_SIN,VLSFO,596.63,SYNTHETIC_DEMO
2024-03-25,SGP_SIN,MGO,757.38,SYNTHETIC_DEMO
2024-03-25,LKA_CMB,VLSFO,611.54,SYNTHETIC_DEMO
2024-03-25,LKA_CMB,MGO,776.32,SYNTHETIC_DEMO
2024-03-25,ARE_FUJ,VLSFO,590.66,SYNTHETIC_DEMO
2024-03-25,ARE_FUJ,MGO,749.81,SYNTHETIC_DEMO
2024-03-26,SGP_SIN,VLSFO,578.67,SYNTHETIC_DEMO
2024-03-26,SGP_SIN,MGO,729.02,SYNTHETIC_DEMO
2024-03-26,LKA_CMB,VLSFO,593.13,SYNTHETIC_DEMO
2024-03-26,LKA_CMB,MGO,747.24,SYNTHETIC_DEMO
2024-03-26,ARE_FUJ,VLSFO,572.88,SYNTHETIC_DEMO
2024-03-26,ARE_FUJ,MGO,721.73,SYNTHETIC_DEMO
2024-03-27,SGP_SIN,VLSFO,579.14,SYNTHETIC_DEMO
2024-03-27,SGP_SIN,MGO,745.51,SYNTHETIC_DEMO
2024-03-27,LKA_CMB,VLSFO,593.62,SYNTHETIC_DEMO
2024-03-27,LKA_CMB,MGO,764.15,SYNTHETIC_DEMO
2024-03-27,ARE_FUJ,VLSFO,573.35,SYNTHETIC_DEMO
2024-03-27,ARE_FUJ,MGO,738.06,SYNTHETIC_DEMO
2024-03-28,SGP_SIN,VLSFO,583.12,SYNTHETIC_DEMO
2024-03-28,SGP_SIN,MGO,752.55,SYNTHETIC_DEMO
2024-03-28,LKA_CMB,VLSFO,597.7,SYNTHETIC_DEMO
2024-03-28,LKA_CMB,MGO,771.37,SYNTHETIC_DEMO
2024-03-28,ARE_FUJ,VLSFO,577.29,SYNTHETIC_DEMO
2024-03-28,ARE_FUJ,MGO,745.03,SYNTHETIC_DEMO
2024-03-29,SGP_SIN,VLSFO,559.89,SYNTHETIC_DEMO
2024-03-29,SGP_SIN,MGO,721.28,SYNTHETIC_DEMO
2024-03-29,LKA_CMB,VLSFO,573.88,SYNTHETIC_DEMO
2024-03-29,LKA_CMB,MGO,739.31,SYNTHETIC_DEMO
2024-03-29,ARE_FUJ,VLSFO,554.29,SYNTHETIC_DEMO
2024-03-29,ARE_FUJ,MGO,714.07,SYNTHETIC_DEMO
2024-03-30,SGP_SIN,VLSFO,563.77,SYNTHETIC_DEMO
2024-03-30,SGP_SIN,MGO,710.87,SYNTHETIC_DEMO
2024-03-30,LKA_CMB,VLSFO,577.87,SYNTHETIC_DEMO
2024-03-30,LKA_CMB,MGO,728.65,SYNTHETIC_DEMO
2024-03-30,ARE_FUJ,VLSFO,558.14,SYNTHETIC_DEMO
2024-03-30,ARE_FUJ,MGO,703.76,SYNTHETIC_DEMO
2024-03-31,SGP_SIN,VLSFO,575.11,SYNTHETIC_DEMO
2024-03-31,SGP_SIN,MGO,739.11,SYNTHETIC_DEMO
2024-03-31,LKA_CMB,VLSFO,589.49,SYNTHETIC_DEMO
2024-03-31,LKA_CMB,MGO,757.59,SYNTHETIC_DEMO
2024-03-31,ARE_FUJ,VLSFO,569.36,SYNTHETIC_DEMO
2024-03-31,ARE_FUJ,MGO,731.72,SYNTHETIC_DEMO
2024-04-01,SGP_SIN,VLSFO,578.43,SYNTHETIC_DEMO
2024-04-01,SGP_SIN,MGO,730.24,SYNTHETIC_DEMO
2024-04-01,LKA_CMB,VLSFO,592.89,SYNTHETIC_DEMO
2024-04-01,LKA_CMB,MGO,748.5,SYNTHETIC_DEMO
2024-04-01,ARE_FUJ,VLSFO,572.65,SYNTHETIC_DEMO
2024-04-01,ARE_FUJ,MGO,722.94,SYNTHETIC_DEMO
2024-04-02,SGP_SIN,VLSFO,563.52,SYNTHETIC_DEMO
2024-04-02,SGP_SIN,MGO,721.07,SYNTHETIC_DEMO
2024-04-02,LKA_CMB,VLSFO,577.61,SYNTHETIC_DEMO
2024-04-02,LKA_CMB,MGO,739.1,SYNTHETIC_DEMO
2024-04-02,ARE_FUJ,VLSFO,557.89,SYNTHETIC_DEMO
2024-04-02,ARE_FUJ,MGO,713.86,SYNTHETIC_DEMO
2024-04-03,SGP_SIN,VLSFO,563.35,SYNTHETIC_DEMO
2024-04-03,SGP_SIN,MGO,714.94,SYNTHETIC_DEMO
2024-04-03,LKA_CMB,VLSFO,577.43,SYNTHETIC_DEMO
2024-04-03,LKA_CMB,MGO,732.82,SYNTHETIC_DEMO
2024-04-03,ARE_FUJ,VLSFO,557.71,SYNTHETIC_DEMO
2024-04-03,ARE_FUJ,MGO,707.79,SYNTHETIC_DEMO
2024-04-04,SGP_SIN,VLSFO,570.45,SYNTHETIC_DEMO
2024-04-04,SGP_SIN,MGO,731.22,SYNTHETIC_DEMO
2024-04-04,LKA_CMB,VLSFO,584.71,SYNTHETIC_DEMO
2024-04-04,LKA_CMB,MGO,749.5,SYNTHETIC_DEMO
2024-04-04,ARE_FUJ,VLSFO,564.74,SYNTHETIC_DEMO
2024-04-04,ARE_FUJ,MGO,723.91,SYNTHETIC_DEMO
2024-04-05,SGP_SIN,VLSFO,576.94,SYNTHETIC_DEMO
2024-04-05,SGP_SIN,MGO,737.75,SYNTHETIC_DEMO
2024-04-05,LKA_CMB,VLSFO,591.37,SYNTHETIC_DEMO
2024-04-05,LKA_CMB,MGO,756.19,SYNTHETIC_DEMO
2024-04-05,ARE_FUJ,VLSFO,571.17,SYNTHETIC_DEMO
2024-04-05,ARE_FUJ,MGO,730.37,SYNTHETIC_DEMO
2024-04-06,SGP_SIN,VLSFO,575.4,SYNTHETIC_DEMO
2024-04-06,SGP_SIN,MGO,739.67,SYNTHETIC_DEMO
2024-04-06,LKA_CMB,VLSFO,589.78,SYNTHETIC_DEMO
2024-04-06,LKA_CMB,MGO,758.16,SYNTHETIC_DEMO
2024-04-06,ARE_FUJ,VLSFO,569.65,SYNTHETIC_DEMO
2024-04-06,ARE_FUJ,MGO,732.27,SYNTHETIC_DEMO
2024-04-07,SGP_SIN,VLSFO,557.25,SYNTHETIC_DEMO
2024-04-07,SGP_SIN,MGO,707.02,SYNTHETIC_DEMO
2024-04-07,LKA_CMB,VLSFO,571.19,SYNTHETIC_DEMO
2024-04-07,LKA_CMB,MGO,724.69,SYNTHETIC_DEMO
2024-04-07,ARE_FUJ,VLSFO,551.68,SYNTHETIC_DEMO
2024-04-07,ARE_FUJ,MGO,699.95,SYNTHETIC_DEMO
2024-04-08,SGP_SIN,VLSFO,573.13,SYNTHETIC_DEMO
2024-04-08,SGP_SIN,MGO,725.83,SYNTHETIC_DEMO
2024-04-08,LKA_CMB,VLSFO,587.46,SYNTHETIC_DEMO
2024-04-08,LKA_CMB,MGO,743.98,SYNTHETIC_DEMO
2024-04-08,ARE_FUJ,VLSFO,567.4,SYNTHETIC_DEMO
2024-04-08,ARE_FUJ,MGO,718.57,SYNTHETIC_DEMO
2024-04-09,SGP_SIN,VLSFO,559.66,SYNTHETIC_DEMO
2024-04-09,SGP_SIN,MGO,713.88,SYNTHETIC_DEMO
2024-04-09,LKA_CMB,VLSFO,573.65,SYNTHETIC_DEMO
2024-04-09,LKA_CMB,MGO,731.73,SYNTHETIC_DEMO
2024-04-09,ARE_FUJ,VLSFO,554.06,SYNTHETIC_DEMO
2024-04-09,ARE_FUJ,MGO,706.75,SYNTHETIC_DEMO
2024-04-10,SGP_SIN,VLSFO,563.65,SYNTHETIC_DEMO
2024-04-10,SGP_SIN,MGO,727.22,SYNTHETIC_DEMO
2024-04-10,LKA_CMB,VLSFO,577.74,SYNTHETIC_DEMO
2024-04-10,LKA_CMB,MGO,745.4,SYNTHETIC_DEMO
2024-04-10,ARE_FUJ,VLSFO,558.01,SYNTHETIC_DEMO
2024-04-10,ARE_FUJ,MGO,719.95,SYNTHETIC_DEMO
2024-04-11,SGP_SIN,VLSFO,576.25,SYNTHETIC_DEMO
2024-04-11,SGP_SIN,MGO,735.44,SYNTHETIC_DEMO
2024-04-11,LKA_CMB,VLSFO,590.66,SYNTHETIC_DEMO
2024-04-11,LKA_CMB,MGO,753.83,SYNTHETIC_DEMO
2024-04-11,ARE_FUJ,VLSFO,570.49,SYNTHETIC_DEMO
2024-04-11,ARE_FUJ,MGO,728.09,SYNTHETIC_DEMO
2024-04-12,SGP_SIN,VLSFO,571.26,SYNTHETIC_DEMO
2024-04-12,SGP_SIN,MGO,733.15,SYNTHETIC_DEMO
2024-04-12,LKA_CMB,VLSFO,585.54,SYNTHETIC_DEMO
2024-04-12,LKA_CMB,MGO,751.48,SYNTHETIC_DEMO
2024-04-12,ARE_FUJ,VLSFO,565.55,SYNTHETIC_DEMO
2024-04-12,ARE_FUJ,MGO,725.82,SYNTHETIC_DEMO
2024-04-13,SGP_SIN,VLSFO,594.5,SYNTHETIC_DEMO
2024-04-13,SGP_SIN,MGO,762.05,SYNTHETIC_DEMO
2024-04-13,LKA_CMB,VLSFO,609.37,SYNTHETIC_DEMO
2024-04-13,LKA_CMB,MGO,781.1,SYNTHETIC_DEMO
2024-04-13,ARE_FUJ,VLSFO,588.56,SYNTHETIC_DEMO
2024-04-13,ARE_FUJ,MGO,754.43,SYNTHETIC_DEMO
2024-04-14,SGP_SIN,VLSFO,591.97,SYNTHETIC_DEMO
2024-04-14,SGP_SIN,MGO,755.15,SYNTHETIC_DEMO
2024-04-14,LKA_CMB,VLSFO,606.77,SYNTHETIC_DEMO
2024-04-14,LKA_CMB,MGO,774.03,SYNTHETIC_DEMO
2024-04-14,ARE_FUJ,VLSFO,586.05,SYNTHETIC_DEMO
2024-04-14,ARE_FUJ,MGO,747.6,SYNTHETIC_DEMO
2024-04-15,SGP_SIN,VLSFO,582.77,SYNTHETIC_DEMO
2024-04-15,SGP_SIN,MGO,725.29,SYNTHETIC_DEMO
2024-04-15,LKA_CMB,VLSFO,597.34,SYNTHETIC_DEMO
2024-04-15,LKA_CMB,MGO,743.42,SYNTHETIC_DEMO
2024-04-15,ARE_FUJ,VLSFO,576.94,SYNTHETIC_DEMO
2024-04-15,ARE_FUJ,MGO,718.03,SYNTHETIC_DEMO
2024-04-16,SGP_SIN,VLSFO,598.37,SYNTHETIC_DEMO
2024-04-16,SGP_SIN,MGO,781.23,SYNTHETIC_DEMO
2024-04-16,LKA_CMB,VLSFO,613.33,SYNTHETIC_DEMO
2024-04-16,LKA_CMB,MGO,800.76,SYNTHETIC_DEMO
2024-04-16,ARE_FUJ,VLSFO,592.39,SYNTHETIC_DEMO
2024-04-16,ARE_FUJ,MGO,773.42,SYNTHETIC_DEMO
2024-04-17,SGP_SIN,VLSFO,591.83,SYNTHETIC_DEMO
2024-04-17,SGP_SIN,MGO,752.91,SYNTHETIC_DEMO
2024-04-17,LKA_CMB,VLSFO,606.63,SYNTHETIC_DEMO
2024-04-17,LKA_CMB,MGO,771.73,SYNTHETIC_DEMO
2024-04-17,ARE_FUJ,VLSFO,585.91,SYNTHETIC_DEMO
2024-04-17,ARE_FUJ,MGO,745.38,SYNTHETIC_DEMO
2024-04-18,SGP_SIN,VLSFO,593.82,SYNTHETIC_DEMO
2024-04-18,SGP_SIN,MGO,764.26,SYNTHETIC_DEMO
2024-04-18,LKA_CMB,VLSFO,608.67,SYNTHETIC_DEMO
2024-04-18,LKA_CMB,MGO,783.37,SYNTHETIC_DEMO
2024-04-18,ARE_FUJ,VLSFO,587.88,SYNTHETIC_DEMO
2024-04-18,ARE_FUJ,MGO,756.62,SYNTHETIC_DEMO
2024-04-19,SGP_SIN,VLSFO,595.34,SYNTHETIC_DEMO
2024-04-19,SGP_SIN,MGO,755.64,SYNTHETIC_DEMO
2024-04-19,LKA_CMB,VLSFO,610.22,SYNTHETIC_DEMO
2024-04-19,LKA_CMB,MGO,774.53,SYNTHETIC_DEMO
2024-04-19,ARE_FUJ,VLSFO,589.38,SYNTHETIC_DEMO
2024-04-19,ARE_FUJ,MGO,748.08,SYNTHETIC_DEMO
2024-04-20,SGP_SIN,VLSFO,590.93,SYNTHETIC_DEMO
2024-04-20,SGP_SIN,MGO,751.68,SYNTHETIC_DEMO
2024-04-20,LKA_CMB,VLSFO,605.7,SYNTHETIC_DEMO
2024-04-20,LKA_CMB,MGO,770.47,SYNTHETIC_DEMO
2024-04-20,ARE_FUJ,VLSFO,585.02,SYNTHETIC_DEMO
2024-04-20,ARE_FUJ,MGO,744.16,SYNTHETIC_DEMO
2024-04-21,SGP_SIN,VLSFO,600.54,SYNTHETIC_DEMO
2024-04-21,SGP_SIN,MGO,775.43,SYNTHETIC_DEMO
2024-04-21,LKA_CMB,VLSFO,615.56,SYNTHETIC_DEMO
2024-04-21,LKA_CMB,MGO,794.82,SYNTHETIC_DEMO
2024-04-21,ARE_FUJ,VLSFO,594.54,SYNTHETIC_DEMO
2024-04-21,ARE_FUJ,MGO,767.68,SYNTHETIC_DEMO
2024-04-22,SGP_SIN,VLSFO,591.76,SYNTHETIC_DEMO
2024-04-22,SGP_SIN,MGO,761.5,SYNTHETIC_DEMO
2024-04-22,LKA_CMB,VLSFO,606.56,SYNTHETIC_DEMO
2024-04-22,LKA_CMB,MGO,780.54,SYNTHETIC_DEMO
2024-04-22,ARE_FUJ,VLSFO,585.84,SYNTHETIC_DEMO
2024-04-22,ARE_FUJ,MGO,753.89,SYNTHETIC_DEMO
2024-04-23,SGP_SIN,VLSFO,587.96,SYNTHETIC_DEMO
2024-04-23,SGP_SIN,MGO,759.36,SYNTHETIC_DEMO
2024-04-23,LKA_CMB,VLSFO,602.66,SYNTHETIC_DEMO
2024-04-23,LKA_CMB,MGO,778.34,SYNTHETIC_DEMO
2024-04-23,ARE_FUJ,VLSFO,582.08,SYNTHETIC_DEMO
2024-04-23,ARE_FUJ,MGO,751.77,SYNTHETIC_DEMO
2024-04-24,SGP_SIN,VLSFO,593.56,SYNTHETIC_DEMO
2024-04-24,SGP_SIN,MGO,779.67,SYNTHETIC_DEMO
2024-04-24,LKA_CMB,VLSFO,608.4,SYNTHETIC_DEMO
2024-04-24,LKA_CMB,MGO,799.16,SYNTHETIC_DEMO
2024-04-24,ARE_FUJ,VLSFO,587.62,SYNTHETIC_DEMO
2024-04-24,ARE_FUJ,MGO,771.87,SYNTHETIC_DEMO
2024-04-25,SGP_SIN,VLSFO,592.54,SYNTHETIC_DEMO
2024-04-25,SGP_SIN,MGO,771.35,SYNTHETIC_DEMO
2024-04-25,LKA_CMB,VLSFO,607.35,SYNTHETIC_DEMO
2024-04-25,LKA_CMB,MGO,790.63,SYNTHETIC_DEMO
2024-04-25,ARE_FUJ,VLSFO,586.61,SYNTHETIC_DEMO
2024-04-25,ARE_FUJ,MGO,763.63,SYNTHETIC_DEMO
2024-04-26,SGP_SIN,VLSFO,595.36,SYNTHETIC_DEMO
2024-04-26,SGP_SIN,MGO,751.77,SYNTHETIC_DEMO
2024-04-26,LKA_CMB,VLSFO,610.24,SYNTHETIC_DEMO
2024-04-26,LKA_CMB,MGO,770.56,SYNTHETIC_DEMO
2024-04-26,ARE_FUJ,VLSFO,589.4,SYNTHETIC_DEMO
2024-04-26,ARE_FUJ,MGO,744.25,SYNTHETIC_DEMO
2024-04-27,SGP_SIN,VLSFO,593.71,SYNTHETIC_DEMO
2024-04-27,SGP_SIN,MGO,782.76,SYNTHETIC_DEMO
2024-04-27,LKA_CMB,VLSFO,608.55,SYNTHETIC_DEMO
2024-04-27,LKA_CMB,MGO,802.33,SYNTHETIC_DEMO
2024-04-27,ARE_FUJ,VLSFO,587.77,SYNTHETIC_DEMO
2024-04-27,ARE_FUJ,MGO,774.93,SYNTHETIC_DEMO
2024-04-28,SGP_SIN,VLSFO,604.1,SYNTHETIC_DEMO
2024-04-28,SGP_SIN,MGO,775.0,SYNTHETIC_DEMO
2024-04-28,LKA_CMB,VLSFO,619.2,SYNTHETIC_DEMO
2024-04-28,LKA_CMB,MGO,794.38,SYNTHETIC_DEMO
2024-04-28,ARE_FUJ,VLSFO,598.06,SYNTHETIC_DEMO
2024-04-28,ARE_FUJ,MGO,767.25,SYNTHETIC_DEMO
2024-04-29,SGP_SIN,VLSFO,584.72,SYNTHETIC_DEMO
2024-04-29,SGP_SIN,MGO,738.22,SYNTHETIC_DEMO
2024-04-29,LKA_CMB,VLSFO,599.34,SYNTHETIC_DEMO
2024-04-29,LKA_CMB,MGO,756.67,SYNTHETIC_DEMO
2024-04-29,ARE_FUJ,VLSFO,578.87,SYNTHETIC_DEMO
2024-04-29,ARE_FUJ,MGO,730.83,SYNTHETIC_DEMO
2024-04-30,SGP_SIN,VLSFO,595.61,SYNTHETIC_DEMO
2024-04-30,SGP_SIN,MGO,774.04,SYNTHETIC_DEMO
2024-04-30,LKA_CMB,VLSFO,610.5,SYNTHETIC_DEMO
2024-04-30,LKA_CMB,MGO,793.39,SYNTHETIC_DEMO
2024-04-30,ARE_FUJ,VLSFO,589.65,SYNTHETIC_DEMO
2024-04-30,ARE_FUJ,MGO,766.3,SYNTHETIC_DEMO
2024-05-01,SGP_SIN,VLSFO,599.32,SYNTHETIC_DEMO
2024-05-01,SGP_SIN,MGO,775.33,SYNTHETIC_DEMO
2024-05-01,LKA_CMB,VLSFO,614.3,SYNTHETIC_DEMO
2024-05-01,LKA_CMB,MGO,794.71,SYNTHETIC_DEMO
2024-05-01,ARE_FUJ,VLSFO,593.32,SYNTHETIC_DEMO
2024-05-01,ARE_FUJ,MGO,767.57,SYNTHETIC_DEMO
2024-05-02,SGP_SIN,VLSFO,587.94,SYNTHETIC_DEMO
2024-05-02,SGP_SIN,MGO,761.38,SYNTHETIC_DEMO
2024-05-02,LKA_CMB,VLSFO,602.64,SYNTHETIC_DEMO
2024-05-02,LKA_CMB,MGO,780.41,SYNTHETIC_DEMO
2024-05-02,ARE_FUJ,VLSFO,582.06,SYNTHETIC_DEMO
2024-05-02,ARE_FUJ,MGO,753.76,SYNTHETIC_DEMO
2024-05-03,SGP_SIN,VLSFO,594.89,SYNTHETIC_DEMO
2024-05-03,SGP_SIN,MGO,757.23,SYNTHETIC_DEMO
2024-05-03,LKA_CMB,VLSFO,609.76,SYNTHETIC_DEMO
2024-05-03,LKA_CMB,MGO,776.16,SYNTHETIC_DEMO
2024-05-03,ARE_FUJ,VLSFO,588.94,SYNTHETIC_DEMO
2024-05-03,ARE_FUJ,MGO,749.66,SYNTHETIC_DEMO
2024-05-04,SGP_SIN,VLSFO,596.22,SYNTHETIC_DEMO
2024-05-04,SGP_SIN,MGO,752.4,SYNTHETIC_DEMO
2024-05-04,LKA_CMB,VLSFO,611.13,SYNTHETIC_DEMO
2024-05-04,LKA_CMB,MGO,771.21,SYNTHETIC_DEMO
2024-05-04,ARE_FUJ,VLSFO,590.26,SYNTHETIC_DEMO
2024-05-04,ARE_FUJ,MGO,744.87,SYNTHETIC_DEMO
2024-05-05,SGP_SIN,VLSFO,591.2,SYNTHETIC_DEMO
2024-05-05,SGP_SIN,MGO,770.66,SYNTHETIC_DEMO
2024-05-05,LKA_CMB,VLSFO,605.98,SYNTHETIC_DEMO
2024-05-05,LKA_CMB,MGO,789.93,SYNTHETIC_DEMO
2024-05-05,ARE_FUJ,VLSFO,585.29,SYNTHETIC_DEMO
2024-05-05,ARE_FUJ,MGO,762.95,SYNTHETIC_DEMO
2024-05-06,SGP_SIN,VLSFO,565.76,SYNTHETIC_DEMO
2024-05-06,SGP_SIN,MGO,725.8,SYNTHETIC_DEMO
2024-05-06,LKA_CMB,VLSFO,579.91,SYNTHETIC_DEMO
2024-05-06,LKA_CMB,MGO,743.94,SYNTHETIC_DEMO
2024-05-06,ARE_FUJ,VLSFO,560.11,SYNTHETIC_DEMO
2024-05-06,ARE_FUJ,MGO,718.54,SYNTHETIC_DEMO
2024-05-07,SGP_SIN,VLSFO,577.4,SYNTHETIC_DEMO
2024-05-07,SGP_SIN,MGO,736.74,SYNTHETIC_DEMO
2024-05-07,LKA_CMB,VLSFO,591.83,SYNTHETIC_DEMO
2024-05-07,LKA_CMB,MGO,755.15,SYNTHETIC_DEMO
2024-05-07,ARE_FUJ,VLSFO,571.62,SYNTHETIC_DEMO
2024-05-07,ARE_FUJ,MGO,729.37,SYNTHETIC_DEMO
2024-05-08,SGP_SIN,VLSFO,579.66,SYNTHETIC_DEMO
2024-05-08,SGP_SIN,MGO,753.73,SYNTHETIC_DEMO
2024-05-08,LKA_CMB,VLSFO,594.15,SYNTHETIC_DEMO
2024-05-08,LKA_CMB,MGO,772.58,SYNTHETIC_DEMO
2024-05-08,ARE_FUJ,VLSFO,573.86,SYNTHETIC_DEMO
2024-05-08,ARE_FUJ,MGO,746.2,SYNTHETIC_DEMO
2024-05-09,SGP_SIN,VLSFO,582.09,SYNTHETIC_DEMO
2024-05-09,SGP_SIN,MGO,756.73,SYNTHETIC_DEMO
2024-05-09,LKA_CMB,VLSFO,596.64,SYNTHETIC_DEMO
2024-05-09,LKA_CMB,MGO,775.65,SYNTHETIC_DEMO
2024-05-09,ARE_FUJ,VLSFO,576.27,SYNTHETIC_DEMO
2024-05-09,ARE_FUJ,MGO,749.16,SYNTHETIC_DEMO
2024-05-10,SGP_SIN,VLSFO,570.23,SYNTHETIC_DEMO
2024-05-10,SGP_SIN,MGO,732.12,SYNTHETIC_DEMO
2024-05-10,LKA_CMB,VLSFO,584.48,SYNTHETIC_DEMO
2024-05-10,LKA_CMB,MGO,750.42,SYNTHETIC_DEMO
2024-05-10,ARE_FUJ,VLSFO,564.52,SYNTHETIC_DEMO
2024-05-10,ARE_FUJ,MGO,724.8,SYNTHETIC_DEMO
2024-05-11,SGP_SIN,VLSFO,578.56,SYNTHETIC_DEMO
2024-05-11,SGP_SIN,MGO,755.13,SYNTHETIC_DEMO
2024-05-11,LKA_CMB,VLSFO,593.03,SYNTHETIC_DEMO
2024-05-11,LKA_CMB,MGO,774.01,SYNTHETIC_DEMO
2024-05-11,ARE_FUJ,VLSFO,572.78,SYNTHETIC_DEMO
2024-05-11,ARE_FUJ,MGO,747.58,SYNTHETIC_DEMO
2024-05-12,SGP_SIN,VLSFO,578.55,SYNTHETIC_DEMO
2024-05-12,SGP_SIN,MGO,725.57,SYNTHETIC_DEMO
2024-05-12,LKA_CMB,VLSFO,593.01,SYNTHETIC_DEMO
2024-05-12,LKA_CMB,MGO,743.71,SYNTHETIC_DEMO
2024-05-12,ARE_FUJ,VLSFO,572.76,SYNTHETIC_DEMO
2024-05-12,ARE_FUJ,MGO,718.31,SYNTHETIC_DEMO
2024-05-13,SGP_SIN,VLSFO,580.32,SYNTHETIC_DEMO
2024-05-13,SGP_SIN,MGO,736.18,SYNTHETIC_DEMO
2024-05-13,LKA_CMB,VLSFO,594.83,SYNTHETIC_DEMO
2024-05-13,LKA_CMB,MGO,754.58,SYNTHETIC_DEMO
2024-05-13,ARE_FUJ,VLSFO,574.52,SYNTHETIC_DEMO
2024-05-13,ARE_FUJ,MGO,728.82,SYNTHETIC_DEMO
2024-05-14,SGP_SIN,VLSFO,579.49,SYNTHETIC_DEMO
2024-05-14,SGP_SIN,MGO,745.9,SYNTHETIC_DEMO
2024-05-14,LKA_CMB,VLSFO,593.98,SYNTHETIC_DEMO
2024-05-14,LKA_CMB,MGO,764.54,SYNTHETIC_DEMO
2024-05-14,ARE_FUJ,VLSFO,573.7,SYNTHETIC_DEMO
2024-05-14,ARE_FUJ,MGO,738.44,SYNTHETIC_DEMO
2024-05-15,SGP_SIN,VLSFO,574.65,SYNTHETIC_DEMO
2024-05-15,SGP_SIN,MGO,747.36,SYNTHETIC_DEMO
2024-05-15,LKA_CMB,VLSFO,589.02,SYNTHETIC_DEMO
2024-05-15,LKA_CMB,MGO,766.04,SYNTHETIC_DEMO
2024-05-15,ARE_FUJ,VLSFO,568.9,SYNTHETIC_DEMO
2024-05-15,ARE_FUJ,MGO,739.88,SYNTHETIC_DEMO
2024-05-16,SGP_SIN,VLSFO,587.67,SYNTHETIC_DEMO
2024-05-16,SGP_SIN,MGO,772.95,SYNTHETIC_DEMO
2024-05-16,LKA_CMB,VLSFO,602.36,SYNTHETIC_DEMO
2024-05-16,LKA_CMB,MGO,792.28,SYNTHETIC_DEMO
2024-05-16,ARE_FUJ,VLSFO,581.79,SYNTHETIC_DEMO
2024-05-16,ARE_FUJ,MGO,765.22,SYNTHETIC_DEMO
2024-05-17,SGP_SIN,VLSFO,584.02,SYNTHETIC_DEMO
2024-05-17,SGP_SIN,MGO,741.21,SYNTHETIC_DEMO
2024-05-17,LKA_CMB,VLSFO,598.62,SYNTHETIC_DEMO
2024-05-17,LKA_CMB,MGO,759.75,SYNTHETIC_DEMO
2024-05-17,ARE_FUJ,VLSFO,578.18,SYNTHETIC_DEMO
2024-05-17,ARE_FUJ,MGO,733.8,SYNTHETIC_DEMO
2024-05-18,SGP_SIN,VLSFO,582.18,SYNTHETIC_DEMO
2024-05-18,SGP_SIN,MGO,741.91,SYNTHETIC_DEMO
2024-05-18,LKA_CMB,VLSFO,596.73,SYNTHETIC_DEMO
2024-05-18,LKA_CMB,MGO,760.45,SYNTHETIC_DEMO
2024-05-18,ARE_FUJ,VLSFO,576.35,SYNTHETIC_DEMO
2024-05-18,ARE_FUJ,MGO,734.49,SYNTHETIC_DEMO
2024-05-19,SGP_SIN,VLSFO,576.14,SYNTHETIC_DEMO
2024-05-19,SGP_SIN,MGO,744.82,SYNTHETIC_DEMO
2024-05-19,LKA_CMB,VLSFO,590.54,SYNTHETIC_DEMO
2024-05-19,LKA_CMB,MGO,763.44,SYNTHETIC_DEMO
2024-05-19,ARE_FUJ,VLSFO,570.38,SYNTHETIC_DEMO
2024-05-19,ARE_FUJ,MGO,737.37,SYNTHETIC_DEMO
2024-05-20,SGP_SIN,VLSFO,588.75,SYNTHETIC_DEMO
2024-05-20,SGP_SIN,MGO,751.02,SYNTHETIC_DEMO
2024-05-20,LKA_CMB,VLSFO,603.47,SYNTHETIC_DEMO
2024-05-20,LKA_CMB,MGO,769.79,SYNTHETIC_DEMO
2024-05-20,ARE_FUJ,VLSFO,582.86,SYNTHETIC_DEMO
2024-05-20,ARE_FUJ,MGO,743.51,SYNTHETIC_DEMO
2024-05-21,SGP_SIN,VLSFO,574.61,SYNTHETIC_DEMO
2024-05-21,SGP_SIN,MGO,741.25,SYNTHETIC_DEMO
2024-05-21,LKA_CMB,VLSFO,588.98,SYNTHETIC_DEMO
2024-05-21,LKA_CMB,MGO,759.78,SYNTHETIC_DEMO
2024-05-21,ARE_FUJ,VLSFO,568.87,SYNTHETIC_DEMO
2024-05-21,ARE_FUJ,MGO,733.84,SYNTHETIC_DEMO
2024-05-22,SGP_SIN,VLSFO,585.11,SYNTHETIC_DEMO
2024-05-22,SGP_SIN,MGO,757.54,SYNTHETIC_DEMO
2024-05-22,LKA_CMB,VLSFO,599.73,SYNTHETIC_DEMO
2024-05-22,LKA_CMB,MGO,776.48,SYNTHETIC_DEMO
2024-05-22,ARE_FUJ,VLSFO,579.25,SYNTHETIC_DEMO
2024-05-22,ARE_FUJ,MGO,749.96,SYNTHETIC_DEMO
2024-05-23,SGP_SIN,VLSFO,585.14,SYNTHETIC_DEMO
2024-05-23,SGP_SIN,MGO,755.25,SYNTHETIC_DEMO
2024-05-23,LKA_CMB,VLSFO,599.77,SYNTHETIC_DEMO
2024-05-23,LKA_CMB,MGO,774.13,SYNTHETIC_DEMO
2024-05-23,ARE_FUJ,VLSFO,579.29,SYNTHETIC_DEMO
2024-05-23,ARE_FUJ,MGO,747.69,SYNTHETIC_DEMO
2024-05-24,SGP_SIN,VLSFO,589.97,SYNTHETIC_DEMO
2024-05-24,SGP_SIN,MGO,741.57,SYNTHETIC_DEMO
2024-05-24,LKA_CMB,VLSFO,604.72,SYNTHETIC_DEMO
2024-05-24,LKA_CMB,MGO,760.11,SYNTHETIC_DEMO
2024-05-24,ARE_FUJ,VLSFO,584.07,SYNTHETIC_DEMO
2024-05-24,ARE_FUJ,MGO,734.15,SYNTHETIC_DEMO
2024-05-25,SGP_SIN,VLSFO,580.23,SYNTHETIC_DEMO
2024-05-25,SGP_SIN,MGO,755.62,SYNTHETIC_DEMO
2024-05-25,LKA_CMB,VLSFO,594.74,SYNTHETIC_DEMO
2024-05-25,LKA_CMB,MGO,774.51,SYNTHETIC_DEMO
2024-05-25,ARE_FUJ,VLSFO,574.43,SYNTHETIC_DEMO
2024-05-25,ARE_FUJ,MGO,748.07,SYNTHETIC_DEMO
2024-05-26,SGP_SIN,VLSFO,585.33,SYNTHETIC_DEMO
2024-05-26,SGP_SIN,MGO,737.83,SYNTHETIC_DEMO
2024-05-26,LKA_CMB,VLSFO,599.97,SYNTHETIC_DEMO
2024-05-26,LKA_CMB,MGO,756.28,SYNTHETIC_DEMO
2024-05-26,ARE_FUJ,VLSFO,579.48,SYNTHETIC_DEMO
2024-05-26,ARE_FUJ,MGO,730.46,SYNTHETIC_DEMO
2024-05-27,SGP_SIN,VLSFO,584.13,SYNTHETIC_DEMO
2024-05-27,SGP_SIN,MGO,740.29,SYNTHETIC_DEMO
2024-05-27,LKA_CMB,VLSFO,598.74,SYNTHETIC_DEMO
2024-05-27,LKA_CMB,MGO,758.79,SYNTHETIC_DEMO
2024-05-27,ARE_FUJ,VLSFO,578.29,SYNTHETIC_DEMO
2024-05-27,ARE_FUJ,MGO,732.88,SYNTHETIC_DEMO
2024-05-28,SGP_SIN,VLSFO,588.72,SYNTHETIC_DEMO
2024-05-28,SGP_SIN,MGO,761.64,SYNTHETIC_DEMO
2024-05-28,LKA_CMB,VLSFO,603.43,SYNTHETIC_DEMO
2024-05-28,LKA_CMB,MGO,780.68,SYNTHETIC_DEMO
2024-05-28,ARE_FUJ,VLSFO,582.83,SYNTHETIC_DEMO
2024-05-28,ARE_FUJ,MGO,754.02,SYNTHETIC_DEMO
2024-05-29,SGP_SIN,VLSFO,590.96,SYNTHETIC_DEMO
2024-05-29,SGP_SIN,MGO,754.59,SYNTHETIC_DEMO
2024-05-29,LKA_CMB,VLSFO,605.73,SYNTHETIC_DEMO
2024-05-29,LKA_CMB,MGO,773.45,SYNTHETIC_DEMO
2024-05-29,ARE_FUJ,VLSFO,585.05,SYNTHETIC_DEMO
2024-05-29,ARE_FUJ,MGO,747.04,SYNTHETIC_DEMO
2024-05-30,SGP_SIN,VLSFO,576.95,SYNTHETIC_DEMO
2024-05-30,SGP_SIN,MGO,735.81,SYNTHETIC_DEMO
2024-05-30,LKA_CMB,VLSFO,591.37,SYNTHETIC_DEMO
2024-05-30,LKA_CMB,MGO,754.21,SYNTHETIC_DEMO
2024-05-30,ARE_FUJ,VLSFO,571.18,SYNTHETIC_DEMO
2024-05-30,ARE_FUJ,MGO,728.45,SYNTHETIC_DEMO
2024-05-31,SGP_SIN,VLSFO,589.19,SYNTHETIC_DEMO
2024-05-31,SGP_SIN,MGO,743.08,SYNTHETIC_DEMO
2024-05-31,LKA_CMB,VLSFO,603.92,SYNTHETIC_DEMO
2024-05-31,LKA_CMB,MGO,761.66,SYNTHETIC_DEMO
2024-05-31,ARE_FUJ,VLSFO,583.3,SYNTHETIC_DEMO
2024-05-31,ARE_FUJ,MGO,735.65,SYNTHETIC_DEMO
2024-06-01,SGP_SIN,VLSFO,583.5,SYNTHETIC_DEMO
2024-06-01,SGP_SIN,MGO,742.0,SYNTHETIC_DEMO
2024-06-01,LKA_CMB,VLSFO,598.09,SYNTHETIC_DEMO
2024-06-01,LKA_CMB,MGO,760.55,SYNTHETIC_DEMO
2024-06-01,ARE_FUJ,VLSFO,577.67,SYNTHETIC_DEMO
2024-06-01,ARE_FUJ,MGO,734.58,SYNTHETIC_DEMO
2024-06-02,SGP_SIN,VLSFO,594.36,SYNTHETIC_DEMO
2024-06-02,SGP_SIN,MGO,765.15,SYNTHETIC_DEMO
2024-06-02,LKA_CMB,VLSFO,609.22,SYNTHETIC_DEMO
2024-06-02,LKA_CMB,MGO,784.27,SYNTHETIC_DEMO
2024-06-02,ARE_FUJ,VLSFO,588.42,SYNTHETIC_DEMO
2024-06-02,ARE_FUJ,MGO,757.49,SYNTHETIC_DEMO
2024-06-03,SGP_SIN,VLSFO,594.48,SYNTHETIC_DEMO
2024-06-03,SGP_SIN,MGO,769.52,SYNTHETIC_DEMO
2024-06-03,LKA_CMB,VLSFO,609.34,SYNTHETIC_DEMO
2024-06-03,LKA_CMB,MGO,788.76,SYNTHETIC_DEMO
2024-06-03,ARE_FUJ,VLSFO,588.53,SYNTHETIC_DEMO
2024-06-03,ARE_FUJ,MGO,761.82,SYNTHETIC_DEMO
2024-06-04,SGP_SIN,VLSFO,598.73,SYNTHETIC_DEMO
2024-06-04,SGP_SIN,MGO,755.55,SYNTHETIC_DEMO
2024-06-04,LKA_CMB,VLSFO,613.7,SYNTHETIC_DEMO
2024-06-04,LKA_CMB,MGO,774.44,SYNTHETIC_DEMO
2024-06-04,ARE_FUJ,VLSFO,592.74,SYNTHETIC_DEMO
2024-06-04,ARE_FUJ,MGO,748.0,SYNTHETIC_DEMO
2024-06-05,SGP_SIN,VLSFO,603.71,SYNTHETIC_DEMO
2024-06-05,SGP_SIN,MGO,762.69,SYNTHETIC_DEMO
2024-06-05,LKA_CMB,VLSFO,618.8,SYNTHETIC_DEMO
2024-06-05,LKA_CMB,MGO,781.76,SYNTHETIC_DEMO
2024-06-05,ARE_FUJ,VLSFO,597.67,SYNTHETIC_DEMO
2024-06-05,ARE_FUJ,MGO,755.07,SYNTHETIC_DEMO
2024-06-06,SGP_SIN,VLSFO,600.92,SYNTHETIC_DEMO
2024-06-06,SGP_SIN,MGO,762.51,SYNTHETIC_DEMO
2024-06-06,LKA_CMB,VLSFO,615.94,SYNTHETIC_DEMO
2024-06-06,LKA_CMB,MGO,781.57,SYNTHETIC_DEMO
2024-06-06,ARE_FUJ,VLSFO,594.91,SYNTHETIC_DEMO
2024-06-06,ARE_FUJ,MGO,754.89,SYNTHETIC_DEMO
2024-06-07,SGP_SIN,VLSFO,575.17,SYNTHETIC_DEMO
2024-06-07,SGP_SIN,MGO,730.93,SYNTHETIC_DEMO
2024-06-07,LKA_CMB,VLSFO,589.55,SYNTHETIC_DEMO
2024-06-07,LKA_CMB,MGO,749.2,SYNTHETIC_DEMO
2024-06-07,ARE_FUJ,VLSFO,569.42,SYNTHETIC_DEMO
2024-06-07,ARE_FUJ,MGO,723.62,SYNTHETIC_DEMO
2024-06-08,SGP_SIN,VLSFO,584.26,SYNTHETIC_DEMO
2024-06-08,SGP_SIN,MGO,721.98,SYNTHETIC_DEMO
2024-06-08,LKA_CMB,VLSFO,598.87,SYNTHETIC_DEMO
2024-06-08,LKA_CMB,MGO,740.03,SYNTHETIC_DEMO
2024-06-08,ARE_FUJ,VLSFO,578.42,SYNTHETIC_DEMO
2024-06-08,ARE_FUJ,MGO,714.76,SYNTHETIC_DEMO
2024-06-09,SGP_SIN,VLSFO,590.81,SYNTHETIC_DEMO
2024-06-09,SGP_SIN,MGO,762.69,SYNTHETIC_DEMO
2024-06-09,LKA_CMB,VLSFO,605.58,SYNTHETIC_DEMO
2024-06-09,LKA_CMB,MGO,781.75,SYNTHETIC_DEMO
2024-06-09,ARE_FUJ,VLSFO,584.9,SYNTHETIC_DEMO
2024-06-09,ARE_FUJ,MGO,755.06,SYNTHETIC_DEMO
2024-06-10,SGP_SIN,VLSFO,588.59,SYNTHETIC_DEMO
2024-06-10,SGP_SIN,MGO,738.97,SYNTHETIC_DEMO
2024-06-10,LKA_CMB,VLSFO,603.31,SYNTHETIC_DEMO
2024-06-10,LKA_CMB,MGO,757.45,SYNTHETIC_DEMO
2024-06-10,ARE_FUJ,VLSFO,582.71,SYNTHETIC_DEMO
2024-06-10,ARE_FUJ,MGO,731.58,SYNTHETIC_DEMO
2024-06-11,SGP_SIN,VLSFO,582.09,SYNTHETIC_DEMO
2024-06-11,SGP_SIN,MGO,738.74,SYNTHETIC_DEMO
2024-06-11,LKA_CMB,VLSFO,596.65,SYNTHETIC_DEMO
2024-06-11,LKA_CMB,MGO,757.21,SYNTHETIC_DEMO
2024-06-11,ARE_FUJ,VLSFO,576.27,SYNTHETIC_DEMO
2024-06-11,ARE_FUJ,MGO,731.36,SYNTHETIC_DEMO
2024-06-12,SGP_SIN,VLSFO,587.49,SYNTHETIC_DEMO
2024-06-12,SGP_SIN,MGO,748.14,SYNTHETIC_DEMO
2024-06-12,LKA_CMB,VLSFO,602.18,SYNTHETIC_DEMO
2024-06-12,LKA_CMB,MGO,766.84,SYNTHETIC_DEMO
2024-06-12,ARE_FUJ,VLSFO,581.62,SYNTHETIC_DEMO
2024-06-12,ARE_FUJ,MGO,740.66,SYNTHETIC_DEMO
2024-06-13,SGP_SIN,VLSFO,587.7,SYNTHETIC_DEMO
2024-06-13,SGP_SIN,MGO,744.01,SYNTHETIC_DEMO
2024-06-13,LKA_CMB,VLSFO,602.39,SYNTHETIC_DEMO
2024-06-13,LKA_CMB,MGO,762.62,SYNTHETIC_DEMO
2024-06-13,ARE_FUJ,VLSFO,581.82,SYNTHETIC_DEMO
2024-06-13,ARE_FUJ,MGO,736.57,SYNTHETIC_DEMO
2024-06-14,SGP_SIN,VLSFO,591.14,SYNTHETIC_DEMO
2024-06-14,SGP_SIN,MGO,759.61,SYNTHETIC_DEMO
2024-06-14,LKA_CMB,VLSFO,605.92,SYNTHETIC_DEMO
2024-06-14,LKA_CMB,MGO,778.6,SYNTHETIC_DEMO
2024-06-14,ARE_FUJ,VLSFO,585.23,SYNTHETIC_DEMO
2024-06-14,ARE_FUJ,MGO,752.01,SYNTHETIC_DEMO
2024-06-15,SGP_SIN,VLSFO,593.51,SYNTHETIC_DEMO
2024-06-15,SGP_SIN,MGO,757.75,SYNTHETIC_DEMO
2024-06-15,LKA_CMB,VLSFO,608.35,SYNTHETIC_DEMO
2024-06-15,LKA_CMB,MGO,776.7,SYNTHETIC_DEMO
2024-06-15,ARE_FUJ,VLSFO,587.58,SYNTHETIC_DEMO
2024-06-15,ARE_FUJ,MGO,750.17,SYNTHETIC_DEMO
2024-06-16,SGP_SIN,VLSFO,593.79,SYNTHETIC_DEMO
2024-06-16,SGP_SIN,MGO,750.91,SYNTHETIC_DEMO
2024-06-16,LKA_CMB,VLSFO,608.63,SYNTHETIC_DEMO
2024-06-16,LKA_CMB,MGO,769.68,SYNTHETIC_DEMO
2024-06-16,ARE_FUJ,VLSFO,587.85,SYNTHETIC_DEMO
2024-06-16,ARE_FUJ,MGO,743.4,SYNTHETIC_DEMO
2024-06-17,SGP_SIN,VLSFO,592.32,SYNTHETIC_DEMO
2024-06-17,SGP_SIN,MGO,754.73,SYNTHETIC_DEMO
2024-06-17,LKA_CMB,VLSFO,607.12,SYNTHETIC_DEMO
2024-06-17,LKA_CMB,MGO,773.6,SYNTHETIC_DEMO
2024-06-17,ARE_FUJ,VLSFO,586.39,SYNTHETIC_DEMO
2024-06-17,ARE_FUJ,MGO,747.18,SYNTHETIC_DEMO
2024-06-18,SGP_SIN,VLSFO,595.15,SYNTHETIC_DEMO
2024-06-18,SGP_SIN,MGO,761.41,SYNTHETIC_DEMO
2024-06-18,LKA_CMB,VLSFO,610.03,SYNTHETIC_DEMO
2024-06-18,LKA_CMB,MGO,780.44,SYNTHETIC_DEMO
2024-06-18,ARE_FUJ,VLSFO,589.2,SYNTHETIC_DEMO
2024-06-18,ARE_FUJ,MGO,753.79,SYNTHETIC_DEMO
2024-06-19,SGP_SIN,VLSFO,598.25,SYNTHETIC_DEMO
2024-06-19,SGP_SIN,MGO,767.62,SYNTHETIC_DEMO
2024-06-19,LKA_CMB,VLSFO,613.2,SYNTHETIC_DEMO
2024-06-19,LKA_CMB,MGO,786.81,SYNTHETIC_DEMO
2024-06-19,ARE_FUJ,VLSFO,592.26,SYNTHETIC_DEMO
2024-06-19,ARE_FUJ,MGO,759.95,SYNTHETIC_DEMO
2024-06-20,SGP_SIN,VLSFO,602.5,SYNTHETIC_DEMO
2024-06-20,SGP_SIN,MGO,771.94,SYNTHETIC_DEMO
2024-06-20,LKA_CMB,VLSFO,617.56,SYNTHETIC_DEMO
2024-06-20,LKA_CMB,MGO,791.24,SYNTHETIC_DEMO
2024-06-20,ARE_FUJ,VLSFO,596.47,SYNTHETIC_DEMO
2024-06-20,ARE_FUJ,MGO,764.22,SYNTHETIC_DEMO
2024-06-21,SGP_SIN,VLSFO,599.33,SYNTHETIC_DEMO
2024-06-21,SGP_SIN,MGO,770.04,SYNTHETIC_DEMO
2024-06-21,LKA_CMB,VLSFO,614.32,SYNTHETIC_DEMO
2024-06-21,LKA_CMB,MGO,789.29,SYNTHETIC_DEMO
2024-06-21,ARE_FUJ,VLSFO,593.34,SYNTHETIC_DEMO
2024-06-21,ARE_FUJ,MGO,762.34,SYNTHETIC_DEMO
2024-06-22,SGP_SIN,VLSFO,599.01,SYNTHETIC_DEMO
2024-06-22,SGP_SIN,MGO,767.76,SYNTHETIC_DEMO
2024-06-22,LKA_CMB,VLSFO,613.99,SYNTHETIC_DEMO
2024-06-22,LKA_CMB,MGO,786.96,SYNTHETIC_DEMO
2024-06-22,ARE_FUJ,VLSFO,593.02,SYNTHETIC_DEMO
2024-06-22,ARE_FUJ,MGO,760.09,SYNTHETIC_DEMO
2024-06-23,SGP_SIN,VLSFO,599.02,SYNTHETIC_DEMO
2024-06-23,SGP_SIN,MGO,759.14,SYNTHETIC_DEMO
2024-06-23,LKA_CMB,VLSFO,613.99,SYNTHETIC_DEMO
2024-06-23,LKA_CMB,MGO,778.12,SYNTHETIC_DEMO
2024-06-23,ARE_FUJ,VLSFO,593.03,SYNTHETIC_DEMO
2024-06-23,ARE_FUJ,MGO,751.55,SYNTHETIC_DEMO
2024-06-24,SGP_SIN,VLSFO,598.54,SYNTHETIC_DEMO
2024-06-24,SGP_SIN,MGO,760.56,SYNTHETIC_DEMO
2024-06-24,LKA_CMB,VLSFO,613.5,SYNTHETIC_DEMO
2024-06-24,LKA_CMB,MGO,779.57,SYNTHETIC_DEMO
2024-06-24,ARE_FUJ,VLSFO,592.55,SYNTHETIC_DEMO
2024-06-24,ARE_FUJ,MGO,752.95,SYNTHETIC_DEMO
2024-06-25,SGP_SIN,VLSFO,595.78,SYNTHETIC_DEMO
2024-06-25,SGP_SIN,MGO,757.58,SYNTHETIC_DEMO
2024-06-25,LKA_CMB,VLSFO,610.68,SYNTHETIC_DEMO
2024-06-25,LKA_CMB,MGO,776.52,SYNTHETIC_DEMO
2024-06-25,ARE_FUJ,VLSFO,589.83,SYNTHETIC_DEMO
2024-06-25,ARE_FUJ,MGO,750.01,SYNTHETIC_DEMO
2024-06-26,SGP_SIN,VLSFO,603.47,SYNTHETIC_DEMO
2024-06-26,SGP_SIN,MGO,767.48,SYNTHETIC_DEMO
2024-06-26,LKA_CMB,VLSFO,618.56,SYNTHETIC_DEMO
2024-06-26,LKA_CMB,MGO,786.66,SYNTHETIC_DEMO
2024-06-26,ARE_FUJ,VLSFO,597.44,SYNTHETIC_DEMO
2024-06-26,ARE_FUJ,MGO,759.8,SYNTHETIC_DEMO
2024-06-27,SGP_SIN,VLSFO,609.05,SYNTHETIC_DEMO
2024-06-27,SGP_SIN,MGO,784.13,SYNTHETIC_DEMO
2024-06-27,LKA_CMB,VLSFO,624.28,SYNTHETIC_DEMO
2024-06-27,LKA_CMB,MGO,803.73,SYNTHETIC_DEMO
2024-06-27,ARE_FUJ,VLSFO,602.96,SYNTHETIC_DEMO
2024-06-27,ARE_FUJ,MGO,776.29,SYNTHETIC_DEMO
2024-06-28,SGP_SIN,VLSFO,603.18,SYNTHETIC_DEMO
2024-06-28,SGP_SIN,MGO,782.28,SYNTHETIC_DEMO
2024-06-28,LKA_CMB,VLSFO,618.26,SYNTHETIC_DEMO
2024-06-28,LKA_CMB,MGO,801.83,SYNTHETIC_DEMO
2024-06-28,ARE_FUJ,VLSFO,597.14,SYNTHETIC_DEMO
2024-06-28,ARE_FUJ,MGO,774.45,SYNTHETIC_DEMO
2024-06-29,SGP_SIN,VLSFO,618.62,SYNTHETIC_DEMO
2024-06-29,SGP_SIN,MGO,769.94,SYNTHETIC_DEMO
2024-06-29,LKA_CMB,VLSFO,634.08,SYNTHETIC_DEMO
2024-06-29,LKA_CMB,MGO,789.19,SYNTHETIC_DEMO
2024-06-29,ARE_FUJ,VLSFO,612.43,SYNTHETIC_DEMO
2024-06-29,ARE_FUJ,MGO,762.24,SYNTHETIC_DEMO
2024-06-30,SGP_SIN,VLSFO,607.25,SYNTHETIC_DEMO
2024-06-30,SGP_SIN,MGO,779.81,SYNTHETIC_DEMO
2024-06-30,LKA_CMB,VLSFO,622.44,SYNTHETIC_DEMO
2024-06-30,LKA_CMB,MGO,799.3,SYNTHETIC_DEMO
2024-06-30,ARE_FUJ,VLSFO,601.18,SYNTHETIC_DEMO
2024-06-30,ARE_FUJ,MGO,772.01,SYNTHETIC_DEMO
2024-07-01,SGP_SIN,VLSFO,602.41,SYNTHETIC_DEMO
2024-07-01,SGP_SIN,MGO,777.76,SYNTHETIC_DEMO
2024-07-01,LKA_CMB,VLSFO,617.47,SYNTHETIC_DEMO
2024-07-01,LKA_CMB,MGO,797.21,SYNTHETIC_DEMO
2024-07-01,ARE_FUJ,VLSFO,596.38,SYNTHETIC_DEMO
2024-07-01,ARE_FUJ,MGO,769.99,SYNTHETIC_DEMO
2024-07-02,SGP_SIN,VLSFO,614.96,SYNTHETIC_DEMO
2024-07-02,SGP_SIN,MGO,775.28,SYNTHETIC_DEMO
2024-07-02,LKA_CMB,VLSFO,630.33,SYNTHETIC_DEMO
2024-07-02,LKA_CMB,MGO,794.66,SYNTHETIC_DEMO
2024-07-02,ARE_FUJ,VLSFO,608.81,SYNTHETIC_DEMO
2024-07-02,ARE_FUJ,MGO,767.53,SYNTHETIC_DEMO
2024-07-03,SGP_SIN,VLSFO,602.42,SYNTHETIC_DEMO
2024-07-03,SGP_SIN,MGO,785.31,SYNTHETIC_DEMO
2024-07-03,LKA_CMB,VLSFO,617.48,SYNTHETIC_DEMO
2024-07-03,LKA_CMB,MGO,804.94,SYNTHETIC_DEMO
2024-07-03,ARE_FUJ,VLSFO,596.4,SYNTHETIC_DEMO
2024-07-03,ARE_FUJ,MGO,777.46,SYNTHETIC_DEMO
2024-07-04,SGP_SIN,VLSFO,612.36,SYNTHETIC_DEMO
2024-07-04,SGP_SIN,MGO,781.75,SYNTHETIC_DEMO
2024-07-04,LKA_CMB,VLSFO,627.67,SYNTHETIC_DEMO
2024-07-04,LKA_CMB,MGO,801.29,SYNTHETIC_DEMO
2024-07-04,ARE_FUJ,VLSFO,606.24,SYNTHETIC_DEMO
2024-07-04,ARE_FUJ,MGO,773.93,SYNTHETIC_DEMO
2024-07-05,SGP_SIN,VLSFO,605.29,SYNTHETIC_DEMO
2024-07-05,SGP_SIN,MGO,781.34,SYNTHETIC_DEMO
2024-07-05,LKA_CMB,VLSFO,620.42,SYNTHETIC_DEMO
2024-07-05,LKA_CMB,MGO,800.87,SYNTHETIC_DEMO
2024-07-05,ARE_FUJ,VLSFO,599.23,SYNTHETIC_DEMO
2024-07-05,ARE_FUJ,MGO,773.52,SYNTHETIC_DEMO
2024-07-06,SGP_SIN,VLSFO,600.02,SYNTHETIC_DEMO
2024-07-06,SGP_SIN,MGO,761.12,SYNTHETIC_DEMO
2024-07-06,LKA_CMB,VLSFO,615.02,SYNTHETIC_DEMO
2024-07-06,LKA_CMB,MGO,780.15,SYNTHETIC_DEMO
2024-07-06,ARE_FUJ,VLSFO,594.02,SYNTHETIC_DEMO
2024-07-06,ARE_FUJ,MGO,753.51,SYNTHETIC_DEMO
2024-07-07,SGP_SIN,VLSFO,590.09,SYNTHETIC_DEMO
2024-07-07,SGP_SIN,MGO,760.96,SYNTHETIC_DEMO
2024-07-07,LKA_CMB,VLSFO,604.85,SYNTHETIC_DEMO
2024-07-07,LKA_CMB,MGO,779.98,SYNTHETIC_DEMO
2024-07-07,ARE_FUJ,VLSFO,584.19,SYNTHETIC_DEMO
2024-07-07,ARE_FUJ,MGO,753.35,SYNTHETIC_DEMO
2024-07-08,SGP_SIN,VLSFO,614.76,SYNTHETIC_DEMO
2024-07-08,SGP_SIN,MGO,789.61,SYNTHETIC_DEMO
2024-07-08,LKA_CMB,VLSFO,630.13,SYNTHETIC_DEMO
2024-07-08,LKA_CMB,MGO,809.35,SYNTHETIC_DEMO
2024-07-08,ARE_FUJ,VLSFO,608.61,SYNTHETIC_DEMO
2024-07-08,ARE_FUJ,MGO,781.71,SYNTHETIC_DEMO
2024-07-09,SGP_SIN,VLSFO,620.03,SYNTHETIC_DEMO
2024-07-09,SGP_SIN,MGO,781.58,SYNTHETIC_DEMO
2024-07-09,LKA_CMB,VLSFO,635.53,SYNTHETIC_DEMO
2024-07-09,LKA_CMB,MGO,801.12,SYNTHETIC_DEMO
2024-07-09,ARE_FUJ,VLSFO,613.83,SYNTHETIC_DEMO
2024-07-09,ARE_FUJ,MGO,773.77,SYNTHETIC_DEMO
2024-07-10,SGP_SIN,VLSFO,610.12,SYNTHETIC_DEMO
2024-07-10,SGP_SIN,MGO,770.88,SYNTHETIC_DEMO
2024-07-10,LKA_CMB,VLSFO,625.38,SYNTHETIC_DEMO
2024-07-10,LKA_CMB,MGO,790.15,SYNTHETIC_DEMO
2024-07-10,ARE_FUJ,VLSFO,604.02,SYNTHETIC_DEMO
2024-07-10,ARE_FUJ,MGO,763.17,SYNTHETIC_DEMO
2024-07-11,SGP_SIN,VLSFO,617.45,SYNTHETIC_DEMO
2024-07-11,SGP_SIN,MGO,786.67,SYNTHETIC_DEMO
2024-07-11,LKA_CMB,VLSFO,632.89,SYNTHETIC_DEMO
2024-07-11,LKA_CMB,MGO,806.33,SYNTHETIC_DEMO
2024-07-11,ARE_FUJ,VLSFO,611.28,SYNTHETIC_DEMO
2024-07-11,ARE_FUJ,MGO,778.8,SYNTHETIC_DEMO
2024-07-12,SGP_SIN,VLSFO,609.05,SYNTHETIC_DEMO
2024-07-12,SGP_SIN,MGO,786.06,SYNTHETIC_DEMO
2024-07-12,LKA_CMB,VLSFO,624.28,SYNTHETIC_DEMO
2024-07-12,LKA_CMB,MGO,805.72,SYNTHETIC_DEMO
2024-07-12,ARE_FUJ,VLSFO,602.96,SYNTHETIC_DEMO
2024-07-12,ARE_FUJ,MGO,778.2,SYNTHETIC_DEMO
2024-07-13,SGP_SIN,VLSFO,612.58,SYNTHETIC_DEMO
2024-07-13,SGP_SIN,MGO,782.73,SYNTHETIC_DEMO
2024-07-13,LKA_CMB,VLSFO,627.89,SYNTHETIC_DEMO
2024-07-13,LKA_CMB,MGO,802.3,SYNTHETIC_DEMO
2024-07-13,ARE_FUJ,VLSFO,606.45,SYNTHETIC_DEMO
2024-07-13,ARE_FUJ,MGO,774.9,SYNTHETIC_DEMO
2024-07-14,SGP_SIN,VLSFO,618.52,SYNTHETIC_DEMO
2024-07-14,SGP_SIN,MGO,789.36,SYNTHETIC_DEMO
2024-07-14,LKA_CMB,VLSFO,633.98,SYNTHETIC_DEMO
2024-07-14,LKA_CMB,MGO,809.09,SYNTHETIC_DEMO
2024-07-14,ARE_FUJ,VLSFO,612.34,SYNTHETIC_DEMO
2024-07-14,ARE_FUJ,MGO,781.46,SYNTHETIC_DEMO
2024-07-15,SGP_SIN,VLSFO,610.83,SYNTHETIC_DEMO
2024-07-15,SGP_SIN,MGO,775.05,SYNTHETIC_DEMO
2024-07-15,LKA_CMB,VLSFO,626.1,SYNTHETIC_DEMO
2024-07-15,LKA_CMB,MGO,794.43,SYNTHETIC_DEMO
2024-07-15,ARE_FUJ,VLSFO,604.72,SYNTHETIC_DEMO
2024-07-15,ARE_FUJ,MGO,767.3,SYNTHETIC_DEMO
2024-07-16,SGP_SIN,VLSFO,617.73,SYNTHETIC_DEMO
2024-07-16,SGP_SIN,MGO,802.93,SYNTHETIC_DEMO
2024-07-16,LKA_CMB,VLSFO,633.17,SYNTHETIC_DEMO
2024-07-16,LKA_CMB,MGO,823.0,SYNTHETIC_DEMO
2024-07-16,ARE_FUJ,VLSFO,611.55,SYNTHETIC_DEMO
2024-07-16,ARE_FUJ,MGO,794.9,SYNTHETIC_DEMO
2024-07-17,SGP_SIN,VLSFO,600.03,SYNTHETIC_DEMO
2024-07-17,SGP_SIN,MGO,775.04,SYNTHETIC_DEMO
2024-07-17,LKA_CMB,VLSFO,615.03,SYNTHETIC_DEMO
2024-07-17,LKA_CMB,MGO,794.41,SYNTHETIC_DEMO
2024-07-17,ARE_FUJ,VLSFO,594.03,SYNTHETIC_DEMO
2024-07-17,ARE_FUJ,MGO,767.29,SYNTHETIC_DEMO
2024-07-18,SGP_SIN,VLSFO,613.31,SYNTHETIC_DEMO
2024-07-18,SGP_SIN,MGO,785.18,SYNTHETIC_DEMO
2024-07-18,LKA_CMB,VLSFO,628.64,SYNTHETIC_DEMO
2024-07-18,LKA_CMB,MGO,804.8,SYNTHETIC_DEMO
2024-07-18,ARE_FUJ,VLSFO,607.18,SYNTHETIC_DEMO
2024-07-18,ARE_FUJ,MGO,777.32,SYNTHETIC_DEMO
2024-07-19,SGP_SIN,VLSFO,604.06,SYNTHETIC_DEMO
2024-07-19,SGP_SIN,MGO,777.12,SYNTHETIC_DEMO
2024-07-19,LKA_CMB,VLSFO,619.16,SYNTHETIC_DEMO
2024-07-19,LKA_CMB,MGO,796.55,SYNTHETIC_DEMO
2024-07-19,ARE_FUJ,VLSFO,598.02,SYNTHETIC_DEMO
2024-07-19,ARE_FUJ,MGO,769.35,SYNTHETIC_DEMO
2024-07-20,SGP_SIN,VLSFO,593.94,SYNTHETIC_DEMO
2024-07-20,SGP_SIN,MGO,767.62,SYNTHETIC_DEMO
2024-07-20,LKA_CMB,VLSFO,608.78,SYNTHETIC_DEMO
2024-07-20,LKA_CMB,MGO,786.81,SYNTHETIC_DEMO
2024-07-20,ARE_FUJ,VLSFO,588.0,SYNTHETIC_DEMO
2024-07-20,ARE_FUJ,MGO,759.94,SYNTHETIC_DEMO
2024-07-21,SGP_SIN,VLSFO,614.88,SYNTHETIC_DEMO
2024-07-21,SGP_SIN,MGO,782.36,SYNTHETIC_DEMO
2024-07-21,LKA_CMB,VLSFO,630.25,SYNTHETIC_DEMO
2024-07-21,LKA_CMB,MGO,801.92,SYNTHETIC_DEMO
2024-07-21,ARE_FUJ,VLSFO,608.73,SYNTHETIC_DEMO
2024-07-21,ARE_FUJ,MGO,774.54,SYNTHETIC_DEMO
2024-07-22,SGP_SIN,VLSFO,607.54,SYNTHETIC_DEMO
2024-07-22,SGP_SIN,MGO,772.42,SYNTHETIC_DEMO
2024-07-22,LKA_CMB,VLSFO,622.73,SYNTHETIC_DEMO
2024-07-22,LKA_CMB,MGO,791.73,SYNTHETIC_DEMO
2024-07-22,ARE_FUJ,VLSFO,601.47,SYNTHETIC_DEMO
2024-07-22,ARE_FUJ,MGO,764.69,SYNTHETIC_DEMO
2024-07-23,SGP_SIN,VLSFO,593.96,SYNTHETIC_DEMO
2024-07-23,SGP_SIN,MGO,753.13,SYNTHETIC_DEMO
2024-07-23,LKA_CMB,VLSFO,608.81,SYNTHETIC_DEMO
2024-07-23,LKA_CMB,MGO,771.95,SYNTHETIC_DEMO
2024-07-23,ARE_FUJ,VLSFO,588.02,SYNTHETIC_DEMO
2024-07-23,ARE_FUJ,MGO,745.6,SYNTHETIC_DEMO
2024-07-24,SGP_SIN,VLSFO,604.78,SYNTHETIC_DEMO
2024-07-24,SGP_SIN,MGO,772.18,SYNTHETIC_DEMO
2024-07-24,LKA_CMB,VLSFO,619.9,SYNTHETIC_DEMO
2024-07-24,LKA_CMB,MGO,791.49,SYNTHETIC_DEMO
2024-07-24,ARE_FUJ,VLSFO,598.74,SYNTHETIC_DEMO
2024-07-24,ARE_FUJ,MGO,764.46,SYNTHETIC_DEMO
2024-07-25,SGP_SIN,VLSFO,619.69,SYNTHETIC_DEMO
2024-07-25,SGP_SIN,MGO,789.93,SYNTHETIC_DEMO
2024-07-25,LKA_CMB,VLSFO,635.18,SYNTHETIC_DEMO
2024-07-25,LKA_CMB,MGO,809.68,SYNTHETIC_DEMO
2024-07-25,ARE_FUJ,VLSFO,613.49,SYNTHETIC_DEMO
2024-07-25,ARE_FUJ,MGO,782.03,SYNTHETIC_DEMO
2024-07-26,SGP_SIN,VLSFO,604.5,SYNTHETIC_DEMO
2024-07-26,SGP_SIN,MGO,767.86,SYNTHETIC_DEMO
2024-07-26,LKA_CMB,VLSFO,619.62,SYNTHETIC_DEMO
2024-07-26,LKA_CMB,MGO,787.06,SYNTHETIC_DEMO
2024-07-26,ARE_FUJ,VLSFO,598.46,SYNTHETIC_DEMO
2024-07-26,ARE_FUJ,MGO,760.18,SYNTHETIC_DEMO
2024-07-27,SGP_SIN,VLSFO,592.23,SYNTHETIC_DEMO
2024-07-27,SGP_SIN,MGO,769.21,SYNTHETIC_DEMO
2024-07-27,LKA_CMB,VLSFO,607.04,SYNTHETIC_DEMO
2024-07-27,LKA_CMB,MGO,788.44,SYNTHETIC_DEMO
2024-07-27,ARE_FUJ,VLSFO,586.31,SYNTHETIC_DEMO
2024-07-27,ARE_FUJ,MGO,761.51,SYNTHETIC_DEMO
2024-07-28,SGP_SIN,VLSFO,598.63,SYNTHETIC_DEMO
2024-07-28,SGP_SIN,MGO,771.08,SYNTHETIC_DEMO
2024-07-28,LKA_CMB,VLSFO,613.59,SYNTHETIC_DEMO
2024-07-28,LKA_CMB,MGO,790.36,SYNTHETIC_DEMO
2024-07-28,ARE_FUJ,VLSFO,592.64,SYNTHETIC_DEMO
2024-07-28,ARE_FUJ,MGO,763.37,SYNTHETIC_DEMO
2024-07-29,SGP_SIN,VLSFO,603.05,SYNTHETIC_DEMO
2024-07-29,SGP_SIN,MGO,772.45,SYNTHETIC_DEMO
2024-07-29,LKA_CMB,VLSFO,618.13,SYNTHETIC_DEMO
2024-07-29,LKA_CMB,MGO,791.76,SYNTHETIC_DEMO
2024-07-29,ARE_FUJ,VLSFO,597.02,SYNTHETIC_DEMO
2024-07-29,ARE_FUJ,MGO,764.72,SYNTHETIC_DEMO
2024-07-30,SGP_SIN,VLSFO,589.28,SYNTHETIC_DEMO
2024-07-30,SGP_SIN,MGO,753.73,SYNTHETIC_DEMO
2024-07-30,LKA_CMB,VLSFO,604.01,SYNTHETIC_DEMO
2024-07-30,LKA_CMB,MGO,772.57,SYNTHETIC_DEMO
2024-07-30,ARE_FUJ,VLSFO,583.39,SYNTHETIC_DEMO
2024-07-30,ARE_FUJ,MGO,746.19,SYNTHETIC_DEMO
2024-07-31,SGP_SIN,VLSFO,595.54,SYNTHETIC_DEMO
2024-07-31,SGP_SIN,MGO,763.4,SYNTHETIC_DEMO
2024-07-31,LKA_CMB,VLSFO,610.43,SYNTHETIC_DEMO
2024-07-31,LKA_CMB,MGO,782.48,SYNTHETIC_DEMO
2024-07-31,ARE_FUJ,VLSFO,589.58,SYNTHETIC_DEMO
2024-07-31,ARE_FUJ,MGO,755.76,SYNTHETIC_DEMO
2024-08-01,SGP_SIN,VLSFO,589.63,SYNTHETIC_DEMO
2024-08-01,SGP_SIN,MGO,758.75,SYNTHETIC_DEMO
2024-08-01,LKA_CMB,VLSFO,604.37,SYNTHETIC_DEMO
2024-08-01,LKA_CMB,MGO,777.72,SYNTHETIC_DEMO
2024-08-01,ARE_FUJ,VLSFO,583.74,SYNTHETIC_DEMO
2024-08-01,ARE_FUJ,MGO,751.16,SYNTHETIC_DEMO
2024-08-02,SGP_SIN,VLSFO,597.84,SYNTHETIC_DEMO
2024-08-02,SGP_SIN,MGO,764.88,SYNTHETIC_DEMO
2024-08-02,LKA_CMB,VLSFO,612.78,SYNTHETIC_DEMO
2024-08-02,LKA_CMB,MGO,784.0,SYNTHETIC_DEMO
2024-08-02,ARE_FUJ,VLSFO,591.86,SYNTHETIC_DEMO
2024-08-02,ARE_FUJ,MGO,757.23,SYNTHETIC_DEMO
2024-08-03,SGP_SIN,VLSFO,590.97,SYNTHETIC_DEMO
2024-08-03,SGP_SIN,MGO,740.38,SYNTHETIC_DEMO
2024-08-03,LKA_CMB,VLSFO,605.74,SYNTHETIC_DEMO
2024-08-03,LKA_CMB,MGO,758.89,SYNTHETIC_DEMO
2024-08-03,ARE_FUJ,VLSFO,585.06,SYNTHETIC_DEMO
2024-08-03,ARE_FUJ,MGO,732.98,SYNTHETIC_DEMO
2024-08-04,SGP_SIN,VLSFO,605.92,SYNTHETIC_DEMO
2024-08-04,SGP_SIN,MGO,774.01,SYNTHETIC_DEMO
2024-08-04,LKA_CMB,VLSFO,621.07,SYNTHETIC_DEMO
2024-08-04,LKA_CMB,MGO,793.36,SYNTHETIC_DEMO
2024-08-04,ARE_FUJ,VLSFO,599.86,SYNTHETIC_DEMO
2024-08-04,ARE_FUJ,MGO,766.27,SYNTHETIC_DEMO
2024-08-05,SGP_SIN,VLSFO,607.54,SYNTHETIC_DEMO
2024-08-05,SGP_SIN,MGO,772.94,SYNTHETIC_DEMO
2024-08-05,LKA_CMB,VLSFO,622.73,SYNTHETIC_DEMO
2024-08-05,LKA_CMB,MGO,792.26,SYNTHETIC_DEMO
2024-08-05,ARE_FUJ,VLSFO,601.47,SYNTHETIC_DEMO
2024-08-05,ARE_FUJ,MGO,765.21,SYNTHETIC_DEMO
2024-08-06,SGP_SIN,VLSFO,601.8,SYNTHETIC_DEMO
2024-08-06,SGP_SIN,MGO,769.53,SYNTHETIC_DEMO
2024-08-06,LKA_CMB,VLSFO,616.85,SYNTHETIC_DEMO
2024-08-06,LKA_CMB,MGO,788.77,SYNTHETIC_DEMO
2024-08-06,ARE_FUJ,VLSFO,595.79,SYNTHETIC_DEMO
2024-08-06,ARE_FUJ,MGO,761.84,SYNTHETIC_DEMO
2024-08-07,SGP_SIN,VLSFO,601.87,SYNTHETIC_DEMO
2024-08-07,SGP_SIN,MGO,781.14,SYNTHETIC_DEMO
2024-08-07,LKA_CMB,VLSFO,616.91,SYNTHETIC_DEMO
2024-08-07,LKA_CMB,MGO,800.67,SYNTHETIC_DEMO
2024-08-07,ARE_FUJ,VLSFO,595.85,SYNTHETIC_DEMO
2024-08-07,ARE_FUJ,MGO,773.33,SYNTHETIC_DEMO
2024-08-08,SGP_SIN,VLSFO,593.69,SYNTHETIC_DEMO
2024-08-08,SGP_SIN,MGO,770.19,SYNTHETIC_DEMO
2024-08-08,LKA_CMB,VLSFO,608.53,SYNTHETIC_DEMO
2024-08-08,LKA_CMB,MGO,789.44,SYNTHETIC_DEMO
2024-08-08,ARE_FUJ,VLSFO,587.75,SYNTHETIC_DEMO
2024-08-08,ARE_FUJ,MGO,762.48,SYNTHETIC_DEMO
2024-08-09,SGP_SIN,VLSFO,592.66,SYNTHETIC_DEMO
2024-08-09,SGP_SIN,MGO,753.36,SYNTHETIC_DEMO
2024-08-09,LKA_CMB,VLSFO,607.47,SYNTHETIC_DEMO
2024-08-09,LKA_CMB,MGO,772.19,SYNTHETIC_DEMO
2024-08-09,ARE_FUJ,VLSFO,586.73,SYNTHETIC_DEMO
2024-08-09,ARE_FUJ,MGO,745.82,SYNTHETIC_DEMO
2024-08-10,SGP_SIN,VLSFO,575.09,SYNTHETIC_DEMO
2024-08-10,SGP_SIN,MGO,736.87,SYNTHETIC_DEMO
2024-08-10,LKA_CMB,VLSFO,589.47,SYNTHETIC_DEMO
2024-08-10,LKA_CMB,MGO,755.29,SYNTHETIC_DEMO
2024-08-10,ARE_FUJ,VLSFO,569.34,SYNTHETIC_DEMO
2024-08-10,ARE_FUJ,MGO,729.5,SYNTHETIC_DEMO
2024-08-11,SGP_SIN,VLSFO,578.54,SYNTHETIC_DEMO
2024-08-11,SGP_SIN,MGO,764.34,SYNTHETIC_DEMO
2024-08-11,LKA_CMB,VLSFO,593.01,SYNTHETIC_DEMO
2024-08-11,LKA_CMB,MGO,783.45,SYNTHETIC_DEMO
2024-08-11,ARE_FUJ,VLSFO,572.76,SYNTHETIC_DEMO
2024-08-11,ARE_FUJ,MGO,756.7,SYNTHETIC_DEMO
2024-08-12,SGP_SIN,VLSFO,575.0,SYNTHETIC_DEMO
2024-08-12,SGP_SIN,MGO,745.46,SYNTHETIC_DEMO
2024-08-12,LKA_CMB,VLSFO,589.38,SYNTHETIC_DEMO
2024-08-12,LKA_CMB,MGO,764.1,SYNTHETIC_DEMO
2024-08-12,ARE_FUJ,VLSFO,569.25,SYNTHETIC_DEMO
2024-08-12,ARE_FUJ,MGO,738.01,SYNTHETIC_DEMO
2024-08-13,SGP_SIN,VLSFO,575.12,SYNTHETIC_DEMO
2024-08-13,SGP_SIN,MGO,752.18,SYNTHETIC_DEMO
2024-08-13,LKA_CMB,VLSFO,589.5,SYNTHETIC_DEMO
2024-08-13,LKA_CMB,MGO,770.99,SYNTHETIC_DEMO
2024-08-13,ARE_FUJ,VLSFO,569.37,SYNTHETIC_DEMO
2024-08-13,ARE_FUJ,MGO,744.66,SYNTHETIC_DEMO
2024-08-14,SGP_SIN,VLSFO,574.98,SYNTHETIC_DEMO
2024-08-14,SGP_SIN,MGO,741.04,SYNTHETIC_DEMO
2024-08-14,LKA_CMB,VLSFO,589.35,SYNTHETIC_DEMO
2024-08-14,LKA_CMB,MGO,759.56,SYNTHETIC_DEMO
2024-08-14,ARE_FUJ,VLSFO,569.23,SYNTHETIC_DEMO
2024-08-14,ARE_FUJ,MGO,733.63,SYNTHETIC_DEMO
2024-08-15,SGP_SIN,VLSFO,580.12,SYNTHETIC_DEMO
2024-08-15,SGP_SIN,MGO,739.87,SYNTHETIC_DEMO
2024-08-15,LKA_CMB,VLSFO,594.62,SYNTHETIC_DEMO
2024-08-15,LKA_CMB,MGO,758.37,SYNTHETIC_DEMO
2024-08-15,ARE_FUJ,VLSFO,574.31,SYNTHETIC_DEMO
2024-08-15,ARE_FUJ,MGO,732.47,SYNTHETIC_DEMO
2024-08-16,SGP_SIN,VLSFO,578.99,SYNTHETIC_DEMO
2024-08-16,SGP_SIN,MGO,750.85,SYNTHETIC_DEMO
2024-08-16,LKA_CMB,VLSFO,593.47,SYNTHETIC_DEMO
2024-08-16,LKA_CMB,MGO,769.62,SYNTHETIC_DEMO
2024-08-16,ARE_FUJ,VLSFO,573.2,SYNTHETIC_DEMO
2024-08-16,ARE_FUJ,MGO,743.34,SYNTHETIC_DEMO
2024-08-17,SGP_SIN,VLSFO,588.25,SYNTHETIC_DEMO
2024-08-17,SGP_SIN,MGO,741.78,SYNTHETIC_DEMO
2024-08-17,LKA_CMB,VLSFO,602.96,SYNTHETIC_DEMO
2024-08-17,LKA_CMB,MGO,760.32,SYNTHETIC_DEMO
2024-08-17,ARE_FUJ,VLSFO,582.37,SYNTHETIC_DEMO
2024-08-17,ARE_FUJ,MGO,734.36,SYNTHETIC_DEMO
2024-08-18,SGP_SIN,VLSFO,586.8,SYNTHETIC_DEMO
2024-08-18,SGP_SIN,MGO,760.29,SYNTHETIC_DEMO
2024-08-18,LKA_CMB,VLSFO,601.47,SYNTHETIC_DEMO
2024-08-18,LKA_CMB,MGO,779.29,SYNTHETIC_DEMO
2024-08-18,ARE_FUJ,VLSFO,580.93,SYNTHETIC_DEMO
2024-08-18,ARE_FUJ,MGO,752.68,SYNTHETIC_DEMO
2024-08-19,SGP_SIN,VLSFO,589.14,SYNTHETIC_DEMO
2024-08-19,SGP_SIN,MGO,756.14,SYNTHETIC_DEMO
2024-08-19,LKA_CMB,VLSFO,603.87,SYNTHETIC_DEMO
2024-08-19,LKA_CMB,MGO,775.04,SYNTHETIC_DEMO
2024-08-19,ARE_FUJ,VLSFO,583.25,SYNTHETIC_DEMO
2024-08-19,ARE_FUJ,MGO,748.58,SYNTHETIC_DEMO
2024-08-20,SGP_SIN,VLSFO,600.25,SYNTHETIC_DEMO
2024-08-20,SGP_SIN,MGO,780.65,SYNTHETIC_DEMO
2024-08-20,LKA_CMB,VLSFO,615.25,SYNTHETIC_DEMO
2024-08-20,LKA_CMB,MGO,800.17,SYNTHETIC_DEMO
2024-08-20,ARE_FUJ,VLSFO,594.25,SYNTHETIC_DEMO
2024-08-20,ARE_FUJ,MGO,772.85,SYNTHETIC_DEMO
2024-08-21,SGP_SIN,VLSFO,590.63,SYNTHETIC_DEMO
2024-08-21,SGP_SIN,MGO,764.54,SYNTHETIC_DEMO
2024-08-21,LKA_CMB,VLSFO,605.4,SYNTHETIC_DEMO
2024-08-21,LKA_CMB,MGO,783.65,SYNTHETIC_DEMO
2024-08-21,ARE_FUJ,VLSFO,584.73,SYNTHETIC_DEMO
2024-08-21,ARE_FUJ,MGO,756.89,SYNTHETIC_DEMO
2024-08-22,SGP_SIN,VLSFO,595.67,SYNTHETIC_DEMO
2024-08-22,SGP_SIN,MGO,766.9,SYNTHETIC_DEMO
2024-08-22,LKA_CMB,VLSFO,610.56,SYNTHETIC_DEMO
2024-08-22,LKA_CMB,MGO,786.07,SYNTHETIC_DEMO
2024-08-22,ARE_FUJ,VLSFO,589.71,SYNTHETIC_DEMO
2024-08-22,ARE_FUJ,MGO,759.23,SYNTHETIC_DEMO
2024-08-23,SGP_SIN,VLSFO,612.48,SYNTHETIC_DEMO
2024-08-23,SGP_SIN,MGO,784.3,SYNTHETIC_DEMO
2024-08-23,LKA_CMB,VLSFO,627.79,SYNTHETIC_DEMO
2024-08-23,LKA_CMB,MGO,803.91,SYNTHETIC_DEMO
2024-08-23,ARE_FUJ,VLSFO,606.36,SYNTHETIC_DEMO
2024-08-23,ARE_FUJ,MGO,776.46,SYNTHETIC_DEMO
2024-08-24,SGP_SIN,VLSFO,617.1,SYNTHETIC_DEMO
2024-08-24,SGP_SIN,MGO,787.3,SYNTHETIC_DEMO
2024-08-24,LKA_CMB,VLSFO,632.53,SYNTHETIC_DEMO
2024-08-24,LKA_CMB,MGO,806.98,SYNTHETIC_DEMO
2024-08-24,ARE_FUJ,VLSFO,610.93,SYNTHETIC_DEMO
2024-08-24,ARE_FUJ,MGO,779.42,SYNTHETIC_DEMO
2024-08-25,SGP_SIN,VLSFO,616.97,SYNTHETIC_DEMO
2024-08-25,SGP_SIN,MGO,785.02,SYNTHETIC_DEMO
2024-08-25,LKA_CMB,VLSFO,632.4,SYNTHETIC_DEMO
2024-08-25,LKA_CMB,MGO,804.65,SYNTHETIC_DEMO
2024-08-25,ARE_FUJ,VLSFO,610.8,SYNTHETIC_DEMO
2024-08-25,ARE_FUJ,MGO,777.17,SYNTHETIC_DEMO
2024-08-26,SGP_SIN,VLSFO,598.61,SYNTHETIC_DEMO
2024-08-26,SGP_SIN,MGO,767.54,SYNTHETIC_DEMO
2024-08-26,LKA_CMB,VLSFO,613.57,SYNTHETIC_DEMO
2024-08-26,LKA_CMB,MGO,786.73,SYNTHETIC_DEMO
2024-08-26,ARE_FUJ,VLSFO,592.62,SYNTHETIC_DEMO
2024-08-26,ARE_FUJ,MGO,759.86,SYNTHETIC_DEMO
2024-08-27,SGP_SIN,VLSFO,599.95,SYNTHETIC_DEMO
2024-08-27,SGP_SIN,MGO,779.72,SYNTHETIC_DEMO
2024-08-27,LKA_CMB,VLSFO,614.95,SYNTHETIC_DEMO
2024-08-27,LKA_CMB,MGO,799.22,SYNTHETIC_DEMO
2024-08-27,ARE_FUJ,VLSFO,593.95,SYNTHETIC_DEMO
2024-08-27,ARE_FUJ,MGO,771.93,SYNTHETIC_DEMO
2024-08-28,SGP_SIN,VLSFO,611.34,SYNTHETIC_DEMO
2024-08-28,SGP_SIN,MGO,783.45,SYNTHETIC_DEMO
2024-08-28,LKA_CMB,VLSFO,626.63,SYNTHETIC_DEMO
2024-08-28,LKA_CMB,MGO,803.04,SYNTHETIC_DEMO
2024-08-28,ARE_FUJ,VLSFO,605.23,SYNTHETIC_DEMO
2024-08-28,ARE_FUJ,MGO,775.62,SYNTHETIC_DEMO
2024-08-29,SGP_SIN,VLSFO,597.65,SYNTHETIC_DEMO
2024-08-29,SGP_SIN,MGO,767.26,SYNTHETIC_DEMO
2024-08-29,LKA_CMB,VLSFO,612.59,SYNTHETIC_DEMO
2024-08-29,LKA_CMB,MGO,786.44,SYNTHETIC_DEMO
2024-08-29,ARE_FUJ,VLSFO,591.68,SYNTHETIC_DEMO
2024-08-29,ARE_FUJ,MGO,759.59,SYNTHETIC_DEMO
2024-08-30,SGP_SIN,VLSFO,608.2,SYNTHETIC_DEMO
2024-08-30,SGP_SIN,MGO,768.64,SYNTHETIC_DEMO
2024-08-30,LKA_CMB,VLSFO,623.41,SYNTHETIC_DEMO
2024-08-30,LKA_CMB,MGO,787.86,SYNTHETIC_DEMO
2024-08-30,ARE_FUJ,VLSFO,602.12,SYNTHETIC_DEMO
2024-08-30,ARE_FUJ,MGO,760.96,SYNTHETIC_DEMO
2024-08-31,SGP_SIN,VLSFO,598.52,SYNTHETIC_DEMO
2024-08-31,SGP_SIN,MGO,750.41,SYNTHETIC_DEMO
2024-08-31,LKA_CMB,VLSFO,613.48,SYNTHETIC_DEMO
2024-08-31,LKA_CMB,MGO,769.17,SYNTHETIC_DEMO
2024-08-31,ARE_FUJ,VLSFO,592.53,SYNTHETIC_DEMO
2024-08-31,ARE_FUJ,MGO,742.91,SYNTHETIC_DEMO
2024-09-01,SGP_SIN,VLSFO,618.07,SYNTHETIC_DEMO
2024-09-01,SGP_SIN,MGO,806.43,SYNTHETIC_DEMO
2024-09-01,LKA_CMB,VLSFO,633.52,SYNTHETIC_DEMO
2024-09-01,LKA_CMB,MGO,826.59,SYNTHETIC_DEMO
2024-09-01,ARE_FUJ,VLSFO,611.88,SYNTHETIC_DEMO
2024-09-01,ARE_FUJ,MGO,798.36,SYNTHETIC_DEMO
2024-09-02,SGP_SIN,VLSFO,617.26,SYNTHETIC_DEMO
2024-09-02,SGP_SIN,MGO,790.0,SYNTHETIC_DEMO
2024-09-02,LKA_CMB,VLSFO,632.7,SYNTHETIC_DEMO
2024-09-02,LKA_CMB,MGO,809.75,SYNTHETIC_DEMO
2024-09-02,ARE_FUJ,VLSFO,611.09,SYNTHETIC_DEMO
2024-09-02,ARE_FUJ,MGO,782.1,SYNTHETIC_DEMO
2024-09-03,SGP_SIN,VLSFO,603.08,SYNTHETIC_DEMO
2024-09-03,SGP_SIN,MGO,773.68,SYNTHETIC_DEMO
2024-09-03,LKA_CMB,VLSFO,618.16,SYNTHETIC_DEMO
2024-09-03,LKA_CMB,MGO,793.02,SYNTHETIC_DEMO
2024-09-03,ARE_FUJ,VLSFO,597.05,SYNTHETIC_DEMO
2024-09-03,ARE_FUJ,MGO,765.94,SYNTHETIC_DEMO
2024-09-04,SGP_SIN,VLSFO,616.1,SYNTHETIC_DEMO
2024-09-04,SGP_SIN,MGO,783.44,SYNTHETIC_DEMO
2024-09-04,LKA_CMB,VLSFO,631.5,SYNTHETIC_DEMO
2024-09-04,LKA_CMB,MGO,803.03,SYNTHETIC_DEMO
2024-09-04,ARE_FUJ,VLSFO,609.94,SYNTHETIC_DEMO
2024-09-04,ARE_FUJ,MGO,775.61,SYNTHETIC_DEMO
2024-09-05,SGP_SIN,VLSFO,616.37,SYNTHETIC_DEMO
2024-09-05,SGP_SIN,MGO,803.1,SYNTHETIC_DEMO
2024-09-05,LKA_CMB,VLSFO,631.77,SYNTHETIC_DEMO
2024-09-05,LKA_CMB,MGO,823.18,SYNTHETIC_DEMO
2024-09-05,ARE_FUJ,VLSFO,610.2,SYNTHETIC_DEMO
2024-09-05,ARE_FUJ,MGO,795.07,SYNTHETIC_DEMO
2024-09-06,SGP_SIN,VLSFO,636.2,SYNTHETIC_DEMO
2024-09-06,SGP_SIN,MGO,807.58,SYNTHETIC_DEMO
2024-09-06,LKA_CMB,VLSFO,652.1,SYNTHETIC_DEMO
2024-09-06,LKA_CMB,MGO,827.77,SYNTHETIC_DEMO
2024-09-06,ARE_FUJ,VLSFO,629.84,SYNTHETIC_DEMO
2024-09-06,ARE_FUJ,MGO,799.51,SYNTHETIC_DEMO
2024-09-07,SGP_SIN,VLSFO,612.85,SYNTHETIC_DEMO
2024-09-07,SGP_SIN,MGO,772.95,SYNTHETIC_DEMO
2024-09-07,LKA_CMB,VLSFO,628.17,SYNTHETIC_DEMO
2024-09-07,LKA_CMB,MGO,792.27,SYNTHETIC_DEMO
2024-09-07,ARE_FUJ,VLSFO,606.72,SYNTHETIC_DEMO
2024-09-07,ARE_FUJ,MGO,765.22,SYNTHETIC_DEMO
2024-09-08,SGP_SIN,VLSFO,615.54,SYNTHETIC_DEMO
2024-09-08,SGP_SIN,MGO,794.49,SYNTHETIC_DEMO
2024-09-08,LKA_CMB,VLSFO,630.92,SYNTHETIC_DEMO
2024-09-08,LKA_CMB,MGO,814.35,SYNTHETIC_DEMO
2024-09-08,ARE_FUJ,VLSFO,609.38,SYNTHETIC_DEMO
2024-09-08,ARE_FUJ,MGO,786.55,SYNTHETIC_DEMO
2024-09-09,SGP_SIN,VLSFO,622.17,SYNTHETIC_DEMO
2024-09-09,SGP_SIN,MGO,785.67,SYNTHETIC_DEMO
2024-09-09,LKA_CMB,VLSFO,637.73,SYNTHETIC_DEMO
2024-09-09,LKA_CMB,MGO,805.31,SYNTHETIC_DEMO
2024-09-09,ARE_FUJ,VLSFO,615.95,SYNTHETIC_DEMO
2024-09-09,ARE_FUJ,MGO,777.81,SYNTHETIC_DEMO
2024-09-10,SGP_SIN,VLSFO,610.88,SYNTHETIC_DEMO
2024-09-10,SGP_SIN,MGO,790.1,SYNTHETIC_DEMO
2024-09-10,LKA_CMB,VLSFO,626.15,SYNTHETIC_DEMO
2024-09-10,LKA_CMB,MGO,809.85,SYNTHETIC_DEMO
2024-09-10,ARE_FUJ,VLSFO,604.77,SYNTHETIC_DEMO
2024-09-10,ARE_FUJ,MGO,782.2,SYNTHETIC_DEMO
2024-09-11,SGP_SIN,VLSFO,620.24,SYNTHETIC_DEMO
2024-09-11,SGP_SIN,MGO,772.93,SYNTHETIC_DEMO
2024-09-11,LKA_CMB,VLSFO,635.74,SYNTHETIC_DEMO
2024-09-11,LKA_CMB,MGO,792.25,SYNTHETIC_DEMO
2024-09-11,ARE_FUJ,VLSFO,614.03,SYNTHETIC_DEMO
2024-09-11,ARE_FUJ,MGO,765.2,SYNTHETIC_DEMO
2024-09-12,SGP_SIN,VLSFO,607.81,SYNTHETIC_DEMO
2024-09-12,SGP_SIN,MGO,776.34,SYNTHETIC_DEMO
2024-09-12,LKA_CMB,VLSFO,623.01,SYNTHETIC_DEMO
2024-09-12,LKA_CMB,MGO,795.75,SYNTHETIC_DEMO
2024-09-12,ARE_FUJ,VLSFO,601.74,SYNTHETIC_DEMO
2024-09-12,ARE_FUJ,MGO,768.58,SYNTHETIC_DEMO
2024-09-13,SGP_SIN,VLSFO,609.25,SYNTHETIC_DEMO
2024-09-13,SGP_SIN,MGO,763.21,SYNTHETIC_DEMO
2024-09-13,LKA_CMB,VLSFO,624.48,SYNTHETIC_DEMO
2024-09-13,LKA_CMB,MGO,782.29,SYNTHETIC_DEMO
2024-09-13,ARE_FUJ,VLSFO,603.15,SYNTHETIC_DEMO
2024-09-13,ARE_FUJ,MGO,755.58,SYNTHETIC_DEMO
2024-09-14,SGP_SIN,VLSFO,606.71,SYNTHETIC_DEMO
2024-09-14,SGP_SIN,MGO,778.74,SYNTHETIC_DEMO
2024-09-14,LKA_CMB,VLSFO,621.88,SYNTHETIC_DEMO
2024-09-14,LKA_CMB,MGO,798.21,SYNTHETIC_DEMO
2024-09-14,ARE_FUJ,VLSFO,600.64,SYNTHETIC_DEMO
2024-09-14,ARE_FUJ,MGO,770.96,SYNTHETIC_DEMO
2024-09-15,SGP_SIN,VLSFO,607.76,SYNTHETIC_DEMO
2024-09-15,SGP_SIN,MGO,765.58,SYNTHETIC_DEMO
2024-09-15,LKA_CMB,VLSFO,622.95,SYNTHETIC_DEMO
2024-09-15,LKA_CMB,MGO,784.72,SYNTHETIC_DEMO
2024-09-15,ARE_FUJ,VLSFO,601.68,SYNTHETIC_DEMO
2024-09-15,ARE_FUJ,MGO,757.93,SYNTHETIC_DEMO
2024-09-16,SGP_SIN,VLSFO,610.64,SYNTHETIC_DEMO
2024-09-16,SGP_SIN,MGO,776.3,SYNTHETIC_DEMO
2024-09-16,LKA_CMB,VLSFO,625.91,SYNTHETIC_DEMO
2024-09-16,LKA_CMB,MGO,795.71,SYNTHETIC_DEMO
2024-09-16,ARE_FUJ,VLSFO,604.54,SYNTHETIC_DEMO
2024-09-16,ARE_FUJ,MGO,768.54,SYNTHETIC_DEMO
2024-09-17,SGP_SIN,VLSFO,621.8,SYNTHETIC_DEMO
2024-09-17,SGP_SIN,MGO,795.47,SYNTHETIC_DEMO
2024-09-17,LKA_CMB,VLSFO,637.34,SYNTHETIC_DEMO
2024-09-17,LKA_CMB,MGO,815.36,SYNTHETIC_DEMO
2024-09-17,ARE_FUJ,VLSFO,615.58,SYNTHETIC_DEMO
2024-09-17,ARE_FUJ,MGO,787.52,SYNTHETIC_DEMO
2024-09-18,SGP_SIN,VLSFO,611.14,SYNTHETIC_DEMO
2024-09-18,SGP_SIN,MGO,795.25,SYNTHETIC_DEMO
2024-09-18,LKA_CMB,VLSFO,626.41,SYNTHETIC_DEMO
2024-09-18,LKA_CMB,MGO,815.13,SYNTHETIC_DEMO
2024-09-18,ARE_FUJ,VLSFO,605.03,SYNTHETIC_DEMO
2024-09-18,ARE_FUJ,MGO,787.3,SYNTHETIC_DEMO
2024-09-19,SGP_SIN,VLSFO,616.33,SYNTHETIC_DEMO
2024-09-19,SGP_SIN,MGO,808.11,SYNTHETIC_DEMO
2024-09-19,LKA_CMB,VLSFO,631.74,SYNTHETIC_DEMO
2024-09-19,LKA_CMB,MGO,828.31,SYNTHETIC_DEMO
2024-09-19,ARE_FUJ,VLSFO,610.16,SYNTHETIC_DEMO
2024-09-19,ARE_FUJ,MGO,800.03,SYNTHETIC_DEMO
2024-09-20,SGP_SIN,VLSFO,612.15,SYNTHETIC_DEMO
2024-09-20,SGP_SIN,MGO,778.53,SYNTHETIC_DEMO
2024-09-20,LKA_CMB,VLSFO,627.46,SYNTHETIC_DEMO
2024-09-20,LKA_CMB,MGO,798.0,SYNTHETIC_DEMO
2024-09-20,ARE_FUJ,VLSFO,606.03,SYNTHETIC_DEMO
2024-09-20,ARE_FUJ,MGO,770.75,SYNTHETIC_DEMO
2024-09-21,SGP_SIN,VLSFO,614.31,SYNTHETIC_DEMO
2024-09-21,SGP_SIN,MGO,795.47,SYNTHETIC_DEMO
2024-09-21,LKA_CMB,VLSFO,629.67,SYNTHETIC_DEMO
2024-09-21,LKA_CMB,MGO,815.36,SYNTHETIC_DEMO
2024-09-21,ARE_FUJ,VLSFO,608.17,SYNTHETIC_DEMO
2024-09-21,ARE_FUJ,MGO,787.52,SYNTHETIC_DEMO
2024-09-22,SGP_SIN,VLSFO,594.42,SYNTHETIC_DEMO
2024-09-22,SGP_SIN,MGO,748.37,SYNTHETIC_DEMO
2024-09-22,LKA_CMB,VLSFO,609.28,SYNTHETIC_DEMO
2024-09-22,LKA_CMB,MGO,767.08,SYNTHETIC_DEMO
2024-09-22,ARE_FUJ,VLSFO,588.47,SYNTHETIC_DEMO
2024-09-22,ARE_FUJ,MGO,740.88,SYNTHETIC_DEMO
2024-09-23,SGP_SIN,VLSFO,592.97,SYNTHETIC_DEMO
2024-09-23,SGP_SIN,MGO,755.38,SYNTHETIC_DEMO
2024-09-23,LKA_CMB,VLSFO,607.79,SYNTHETIC_DEMO
2024-09-23,LKA_CMB,MGO,774.27,SYNTHETIC_DEMO
2024-09-23,ARE_FUJ,VLSFO,587.04,SYNTHETIC_DEMO
2024-09-23,ARE_FUJ,MGO,747.83,SYNTHETIC_DEMO
2024-09-24,SGP_SIN,VLSFO,606.36,SYNTHETIC_DEMO
2024-09-24,SGP_SIN,MGO,778.64,SYNTHETIC_DEMO
2024-09-24,LKA_CMB,VLSFO,621.52,SYNTHETIC_DEMO
2024-09-24,LKA_CMB,MGO,798.11,SYNTHETIC_DEMO
2024-09-24,ARE_FUJ,VLSFO,600.3,SYNTHETIC_DEMO
2024-09-24,ARE_FUJ,MGO,770.85,SYNTHETIC_DEMO
2024-09-25,SGP_SIN,VLSFO,596.82,SYNTHETIC_DEMO
2024-09-25,SGP_SIN,MGO,744.29,SYNTHETIC_DEMO
2024-09-25,LKA_CMB,VLSFO,611.75,SYNTHETIC_DEMO
2024-09-25,LKA_CMB,MGO,762.9,SYNTHETIC_DEMO
2024-09-25,ARE_FUJ,VLSFO,590.86,SYNTHETIC_DEMO
2024-09-25,ARE_FUJ,MGO,736.85,SYNTHETIC_DEMO
2024-09-26,SGP_SIN,VLSFO,592.59,SYNTHETIC_DEMO
2024-09-26,SGP_SIN,MGO,769.59,SYNTHETIC_DEMO
2024-09-26,LKA_CMB,VLSFO,607.41,SYNTHETIC_DEMO
2024-09-26,LKA_CMB,MGO,788.83,SYNTHETIC_DEMO
2024-09-26,ARE_FUJ,VLSFO,586.67,SYNTHETIC_DEMO
2024-09-26,ARE_FUJ,MGO,761.89,SYNTHETIC_DEMO
2024-09-27,SGP_SIN,VLSFO,611.92,SYNTHETIC_DEMO
2024-09-27,SGP_SIN,MGO,777.14,SYNTHETIC_DEMO
2024-09-27,LKA_CMB,VLSFO,627.21,SYNTHETIC_DEMO
2024-09-27,LKA_CMB,MGO,796.57,SYNTHETIC_DEMO
2024-09-27,ARE_FUJ,VLSFO,605.8,SYNTHETIC_DEMO
2024-09-27,ARE_FUJ,MGO,769.37,SYNTHETIC_DEMO
2024-09-28,SGP_SIN,VLSFO,603.23,SYNTHETIC_DEMO
2024-09-28,SGP_SIN,MGO,768.66,SYNTHETIC_DEMO
2024-09-28,LKA_CMB,VLSFO,618.31,SYNTHETIC_DEMO
2024-09-28,LKA_CMB,MGO,787.88,SYNTHETIC_DEMO
2024-09-28,ARE_FUJ,VLSFO,597.2,SYNTHETIC_DEMO
2024-09-28,ARE_FUJ,MGO,760.97,SYNTHETIC_DEMO
2024-09-29,SGP_SIN,VLSFO,604.18,SYNTHETIC_DEMO
2024-09-29,SGP_SIN,MGO,778.83,SYNTHETIC_DEMO
2024-09-29,LKA_CMB,VLSFO,619.29,SYNTHETIC_DEMO
2024-09-29,LKA_CMB,MGO,798.3,SYNTHETIC_DEMO
2024-09-29,ARE_FUJ,VLSFO,598.14,SYNTHETIC_DEMO
2024-09-29,ARE_FUJ,MGO,771.04,SYNTHETIC_DEMO
2024-09-30,SGP_SIN,VLSFO,606.01,SYNTHETIC_DEMO
2024-09-30,SGP_SIN,MGO,784.21,SYNTHETIC_DEMO
2024-09-30,LKA_CMB,VLSFO,621.16,SYNTHETIC_DEMO
2024-09-30,LKA_CMB,MGO,803.82,SYNTHETIC_DEMO
2024-09-30,ARE_FUJ,VLSFO,599.95,SYNTHETIC_DEMO
2024-09-30,ARE_FUJ,MGO,776.37,SYNTHETIC_DEMO
2024-10-01,SGP_SIN,VLSFO,607.22,SYNTHETIC_DEMO
2024-10-01,SGP_SIN,MGO,775.05,SYNTHETIC_DEMO
2024-10-01,LKA_CMB,VLSFO,622.4,SYNTHETIC_DEMO
2024-10-01,LKA_CMB,MGO,794.42,SYNTHETIC_DEMO
2024-10-01,ARE_FUJ,VLSFO,601.15,SYNTHETIC_DEMO
2024-10-01,ARE_FUJ,MGO,767.3,SYNTHETIC_DEMO
2024-10-02,SGP_SIN,VLSFO,607.92,SYNTHETIC_DEMO
2024-10-02,SGP_SIN,MGO,779.45,SYNTHETIC_DEMO
2024-10-02,LKA_CMB,VLSFO,623.12,SYNTHETIC_DEMO
2024-10-02,LKA_CMB,MGO,798.93,SYNTHETIC_DEMO
2024-10-02,ARE_FUJ,VLSFO,601.84,SYNTHETIC_DEMO
2024-10-02,ARE_FUJ,MGO,771.65,SYNTHETIC_DEMO
2024-10-03,SGP_SIN,VLSFO,626.34,SYNTHETIC_DEMO
2024-10-03,SGP_SIN,MGO,808.6,SYNTHETIC_DEMO
2024-10-03,LKA_CMB,VLSFO,641.99,SYNTHETIC_DEMO
2024-10-03,LKA_CMB,MGO,828.82,SYNTHETIC_DEMO
2024-10-03,ARE_FUJ,VLSFO,620.07,SYNTHETIC_DEMO
2024-10-03,ARE_FUJ,MGO,800.51,SYNTHETIC_DEMO
2024-10-04,SGP_SIN,VLSFO,620.2,SYNTHETIC_DEMO
2024-10-04,SGP_SIN,MGO,795.69,SYNTHETIC_DEMO
2024-10-04,LKA_CMB,VLSFO,635.7,SYNTHETIC_DEMO
2024-10-04,LKA_CMB,MGO,815.58,SYNTHETIC_DEMO
2024-10-04,ARE_FUJ,VLSFO,614.0,SYNTHETIC_DEMO
2024-10-04,ARE_FUJ,MGO,787.73,SYNTHETIC_DEMO
2024-10-05,SGP_SIN,VLSFO,626.63,SYNTHETIC_DEMO
2024-10-05,SGP_SIN,MGO,786.97,SYNTHETIC_DEMO
2024-10-05,LKA_CMB,VLSFO,642.3,SYNTHETIC_DEMO
2024-10-05,LKA_CMB,MGO,806.65,SYNTHETIC_DEMO
2024-10-05,ARE_FUJ,VLSFO,620.37,SYNTHETIC_DEMO
2024-10-05,ARE_FUJ,MGO,779.1,SYNTHETIC_DEMO
2024-10-06,SGP_SIN,VLSFO,620.9,SYNTHETIC_DEMO
2024-10-06,SGP_SIN,MGO,794.95,SYNTHETIC_DEMO
2024-10-06,LKA_CMB,VLSFO,636.42,SYNTHETIC_DEMO
2024-10-06,LKA_CMB,MGO,814.83,SYNTHETIC_DEMO
2024-10-06,ARE_FUJ,VLSFO,614.69,SYNTHETIC_DEMO
2024-10-06,ARE_FUJ,MGO,787.0,SYNTHETIC_DEMO
2024-10-07,SGP_SIN,VLSFO,632.02,SYNTHETIC_DEMO
2024-10-07,SGP_SIN,MGO,818.31,SYNTHETIC_DEMO
2024-10-07,LKA_CMB,VLSFO,647.82,SYNTHETIC_DEMO
2024-10-07,LKA_CMB,MGO,838.77,SYNTHETIC_DEMO
2024-10-07,ARE_FUJ,VLSFO,625.7,SYNTHETIC_DEMO
2024-10-07,ARE_FUJ,MGO,810.13,SYNTHETIC_DEMO
2024-10-08,SGP_SIN,VLSFO,619.75,SYNTHETIC_DEMO
2024-10-08,SGP_SIN,MGO,799.43,SYNTHETIC_DEMO
2024-10-08,LKA_CMB,VLSFO,635.25,SYNTHETIC_DEMO
2024-10-08,LKA_CMB,MGO,819.41,SYNTHETIC_DEMO
2024-10-08,ARE_FUJ,VLSFO,613.55,SYNTHETIC_DEMO
2024-10-08,ARE_FUJ,MGO,791.43,SYNTHETIC_DEMO
2024-10-09,SGP_SIN,VLSFO,626.51,SYNTHETIC_DEMO
2024-10-09,SGP_SIN,MGO,799.78,SYNTHETIC_DEMO
2024-10-09,LKA_CMB,VLSFO,642.17,SYNTHETIC_DEMO
2024-10-09,LKA_CMB,MGO,819.77,SYNTHETIC_DEMO
2024-10-09,ARE_FUJ,VLSFO,620.25,SYNTHETIC_DEMO
2024-10-09,ARE_FUJ,MGO,791.78,SYNTHETIC_DEMO
2024-10-10,SGP_SIN,VLSFO,627.41,SYNTHETIC_DEMO
2024-10-10,SGP_SIN,MGO,807.88,SYNTHETIC_DEMO
2024-10-10,LKA_CMB,VLSFO,643.1,SYNTHETIC_DEMO
2024-10-10,LKA_CMB,MGO,828.08,SYNTHETIC_DEMO
2024-10-10,ARE_FUJ,VLSFO,621.14,SYNTHETIC_DEMO
2024-10-10,ARE_FUJ,MGO,799.8,SYNTHETIC_DEMO
2024-10-11,SGP_SIN,VLSFO,629.12,SYNTHETIC_DEMO
2024-10-11,SGP_SIN,MGO,807.16,SYNTHETIC_DEMO
2024-10-11,LKA_CMB,VLSFO,644.85,SYNTHETIC_DEMO
2024-10-11,LKA_CMB,MGO,827.33,SYNTHETIC_DEMO
2024-10-11,ARE_FUJ,VLSFO,622.83,SYNTHETIC_DEMO
2024-10-11,ARE_FUJ,MGO,799.08,SYNTHETIC_DEMO
2024-10-12,SGP_SIN,VLSFO,614.11,SYNTHETIC_DEMO
2024-10-12,SGP_SIN,MGO,769.77,SYNTHETIC_DEMO
2024-10-12,LKA_CMB,VLSFO,629.46,SYNTHETIC_DEMO
2024-10-12,LKA_CMB,MGO,789.02,SYNTHETIC_DEMO
2024-10-12,ARE_FUJ,VLSFO,607.97,SYNTHETIC_DEMO
2024-10-12,ARE_FUJ,MGO,762.07,SYNTHETIC_DEMO
2024-10-13,SGP_SIN,VLSFO,621.52,SYNTHETIC_DEMO
2024-10-13,SGP_SIN,MGO,792.92,SYNTHETIC_DEMO
2024-10-13,LKA_CMB,VLSFO,637.06,SYNTHETIC_DEMO
2024-10-13,LKA_CMB,MGO,812.74,SYNTHETIC_DEMO
2024-10-13,ARE_FUJ,VLSFO,615.31,SYNTHETIC_DEMO
2024-10-13,ARE_FUJ,MGO,784.99,SYNTHETIC_DEMO
2024-10-14,SGP_SIN,VLSFO,632.22,SYNTHETIC_DEMO
2024-10-14,SGP_SIN,MGO,813.21,SYNTHETIC_DEMO
2024-10-14,LKA_CMB,VLSFO,648.03,SYNTHETIC_DEMO
2024-10-14,LKA_CMB,MGO,833.54,SYNTHETIC_DEMO
2024-10-14,ARE_FUJ,VLSFO,625.9,SYNTHETIC_DEMO
2024-10-14,ARE_FUJ,MGO,805.08,SYNTHETIC_DEMO
2024-10-15,SGP_SIN,VLSFO,628.61,SYNTHETIC_DEMO
2024-10-15,SGP_SIN,MGO,811.64,SYNTHETIC_DEMO
2024-10-15,LKA_CMB,VLSFO,644.32,SYNTHETIC_DEMO
2024-10-15,LKA_CMB,MGO,831.93,SYNTHETIC_DEMO
2024-10-15,ARE_FUJ,VLSFO,622.32,SYNTHETIC_DEMO
2024-10-15,ARE_FUJ,MGO,803.52,SYNTHETIC_DEMO
2024-10-16,SGP_SIN,VLSFO,619.53,SYNTHETIC_DEMO
2024-10-16,SGP_SIN,MGO,790.93,SYNTHETIC_DEMO
2024-10-16,LKA_CMB,VLSFO,635.02,SYNTHETIC_DEMO
2024-10-16,LKA_CMB,MGO,810.7,SYNTHETIC_DEMO
2024-10-16,ARE_FUJ,VLSFO,613.33,SYNTHETIC_DEMO
2024-10-16,ARE_FUJ,MGO,783.02,SYNTHETIC_DEMO
2024-10-17,SGP_SIN,VLSFO,624.69,SYNTHETIC_DEMO
2024-10-17,SGP_SIN,MGO,801.91,SYNTHETIC_DEMO
2024-10-17,LKA_CMB,VLSFO,640.31,SYNTHETIC_DEMO
2024-10-17,LKA_CMB,MGO,821.96,SYNTHETIC_DEMO
2024-10-17,ARE_FUJ,VLSFO,618.45,SYNTHETIC_DEMO
2024-10-17,ARE_FUJ,MGO,793.89,SYNTHETIC_DEMO
2024-10-18,SGP_SIN,VLSFO,640.0,SYNTHETIC_DEMO
2024-10-18,SGP_SIN,MGO,808.54,SYNTHETIC_DEMO
2024-10-18,LKA_CMB,VLSFO,656.0,SYNTHETIC_DEMO
2024-10-18,LKA_CMB,MGO,828.76,SYNTHETIC_DEMO
2024-10-18,ARE_FUJ,VLSFO,633.6,SYNTHETIC_DEMO
2024-10-18,ARE_FUJ,MGO,800.46,SYNTHETIC_DEMO
2024-10-19,SGP_SIN,VLSFO,629.3,SYNTHETIC_DEMO
2024-10-19,SGP_SIN,MGO,811.76,SYNTHETIC_DEMO
2024-10-19,LKA_CMB,VLSFO,645.03,SYNTHETIC_DEMO
2024-10-19,LKA_CMB,MGO,832.05,SYNTHETIC_DEMO
2024-10-19,ARE_FUJ,VLSFO,623.01,SYNTHETIC_DEMO
2024-10-19,ARE_FUJ,MGO,803.64,SYNTHETIC_DEMO
2024-10-20,SGP_SIN,VLSFO,630.72,SYNTHETIC_DEMO
2024-10-20,SGP_SIN,MGO,818.07,SYNTHETIC_DEMO
2024-10-20,LKA_CMB,VLSFO,646.49,SYNTHETIC_DEMO
2024-10-20,LKA_CMB,MGO,838.53,SYNTHETIC_DEMO
2024-10-20,ARE_FUJ,VLSFO,624.41,SYNTHETIC_DEMO
2024-10-20,ARE_FUJ,MGO,809.89,SYNTHETIC_DEMO
2024-10-21,SGP_SIN,VLSFO,643.89,SYNTHETIC_DEMO
2024-10-21,SGP_SIN,MGO,829.55,SYNTHETIC_DEMO
2024-10-21,LKA_CMB,VLSFO,659.99,SYNTHETIC_DEMO
2024-10-21,LKA_CMB,MGO,850.29,SYNTHETIC_DEMO
2024-10-21,ARE_FUJ,VLSFO,637.45,SYNTHETIC_DEMO
2024-10-21,ARE_FUJ,MGO,821.25,SYNTHETIC_DEMO
2024-10-22,SGP_SIN,VLSFO,640.88,SYNTHETIC_DEMO
2024-10-22,SGP_SIN,MGO,825.06,SYNTHETIC_DEMO
2024-10-22,LKA_CMB,VLSFO,656.9,SYNTHETIC_DEMO
2024-10-22,LKA_CMB,MGO,845.68,SYNTHETIC_DEMO
2024-10-22,ARE_FUJ,VLSFO,634.47,SYNTHETIC_DEMO
2024-10-22,ARE_FUJ,MGO,816.81,SYNTHETIC_DEMO
2024-10-23,SGP_SIN,VLSFO,639.51,SYNTHETIC_DEMO
2024-10-23,SGP_SIN,MGO,824.7,SYNTHETIC_DEMO
2024-10-23,LKA_CMB,VLSFO,655.5,SYNTHETIC_DEMO
2024-10-23,LKA_CMB,MGO,845.32,SYNTHETIC_DEMO
2024-10-23,ARE_FUJ,VLSFO,633.11,SYNTHETIC_DEMO
2024-10-23,ARE_FUJ,MGO,816.46,SYNTHETIC_DEMO
2024-10-24,SGP_SIN,VLSFO,639.83,SYNTHETIC_DEMO
2024-10-24,SGP_SIN,MGO,831.17,SYNTHETIC_DEMO
2024-10-24,LKA_CMB,VLSFO,655.83,SYNTHETIC_DEMO
2024-10-24,LKA_CMB,MGO,851.95,SYNTHETIC_DEMO
2024-10-24,ARE_FUJ,VLSFO,633.44,SYNTHETIC_DEMO
2024-10-24,ARE_FUJ,MGO,822.86,SYNTHETIC_DEMO
2024-10-25,SGP_SIN,VLSFO,640.56,SYNTHETIC_DEMO
2024-10-25,SGP_SIN,MGO,833.07,SYNTHETIC_DEMO
2024-10-25,LKA_CMB,VLSFO,656.57,SYNTHETIC_DEMO
2024-10-25,LKA_CMB,MGO,853.9,SYNTHETIC_DEMO
2024-10-25,ARE_FUJ,VLSFO,634.15,SYNTHETIC_DEMO
2024-10-25,ARE_FUJ,MGO,824.74,SYNTHETIC_DEMO
2024-10-26,SGP_SIN,VLSFO,633.99,SYNTHETIC_DEMO
2024-10-26,SGP_SIN,MGO,806.43,SYNTHETIC_DEMO
2024-10-26,LKA_CMB,VLSFO,649.84,SYNTHETIC_DEMO
2024-10-26,LKA_CMB,MGO,826.59,SYNTHETIC_DEMO
2024-10-26,ARE_FUJ,VLSFO,627.65,SYNTHETIC_DEMO
2024-10-26,ARE_FUJ,MGO,798.36,SYNTHETIC_DEMO
2024-10-27,SGP_SIN,VLSFO,635.15,SYNTHETIC_DEMO
2024-10-27,SGP_SIN,MGO,817.04,SYNTHETIC_DEMO
2024-10-27,LKA_CMB,VLSFO,651.03,SYNTHETIC_DEMO
2024-10-27,LKA_CMB,MGO,837.47,SYNTHETIC_DEMO
2024-10-27,ARE_FUJ,VLSFO,628.79,SYNTHETIC_DEMO
2024-10-27,ARE_FUJ,MGO,808.87,SYNTHETIC_DEMO
2024-10-28,SGP_SIN,VLSFO,626.69,SYNTHETIC_DEMO
2024-10-28,SGP_SIN,MGO,799.16,SYNTHETIC_DEMO
2024-10-28,LKA_CMB,VLSFO,642.36,SYNTHETIC_DEMO
2024-10-28,LKA_CMB,MGO,819.14,SYNTHETIC_DEMO
2024-10-28,ARE_FUJ,VLSFO,620.42,SYNTHETIC_DEMO
2024-10-28,ARE_FUJ,MGO,791.17,SYNTHETIC_DEMO
2024-10-29,SGP_SIN,VLSFO,639.63,SYNTHETIC_DEMO
2024-10-29,SGP_SIN,MGO,827.75,SYNTHETIC_DEMO
2024-10-29,LKA_CMB,VLSFO,655.63,SYNTHETIC_DEMO
2024-10-29,LKA_CMB,MGO,848.45,SYNTHETIC_DEMO
2024-10-29,ARE_FUJ,VLSFO,633.24,SYNTHETIC_DEMO
2024-10-29,ARE_FUJ,MGO,819.48,SYNTHETIC_DEMO
2024-10-30,SGP_SIN,VLSFO,616.72,SYNTHETIC_DEMO
2024-10-30,SGP_SIN,MGO,790.09,SYNTHETIC_DEMO
2024-10-30,LKA_CMB,VLSFO,632.14,SYNTHETIC_DEMO
2024-10-30,LKA_CMB,MGO,809.84,SYNTHETIC_DEMO
2024-10-30,ARE_FUJ,VLSFO,610.56,SYNTHETIC_DEMO
2024-10-30,ARE_FUJ,MGO,782.19,SYNTHETIC_DEMO
2024-10-31,SGP_SIN,VLSFO,625.1,SYNTHETIC_DEMO
2024-10-31,SGP_SIN,MGO,804.3,SYNTHETIC_DEMO
2024-10-31,LKA_CMB,VLSFO,640.72,SYNTHETIC_DEMO
2024-10-31,LKA_CMB,MGO,824.41,SYNTHETIC_DEMO
2024-10-31,ARE_FUJ,VLSFO,618.85,SYNTHETIC_DEMO
2024-10-31,ARE_FUJ,MGO,796.26,SYNTHETIC_DEMO
2024-11-01,SGP_SIN,VLSFO,628.86,SYNTHETIC_DEMO
2024-11-01,SGP_SIN,MGO,801.37,SYNTHETIC_DEMO
2024-11-01,LKA_CMB,VLSFO,644.58,SYNTHETIC_DEMO
2024-11-01,LKA_CMB,MGO,821.4,SYNTHETIC_DEMO
2024-11-01,ARE_FUJ,VLSFO,622.57,SYNTHETIC_DEMO
2024-11-01,ARE_FUJ,MGO,793.35,SYNTHETIC_DEMO
2024-11-02,SGP_SIN,VLSFO,620.59,SYNTHETIC_DEMO
2024-11-02,SGP_SIN,MGO,801.68,SYNTHETIC_DEMO
2024-11-02,LKA_CMB,VLSFO,636.11,SYNTHETIC_DEMO
2024-11-02,LKA_CMB,MGO,821.72,SYNTHETIC_DEMO
2024-11-02,ARE_FUJ,VLSFO,614.39,SYNTHETIC_DEMO
2024-11-02,ARE_FUJ,MGO,793.66,SYNTHETIC_DEMO
2024-11-03,SGP_SIN,VLSFO,621.78,SYNTHETIC_DEMO
2024-11-03,SGP_SIN,MGO,798.32,SYNTHETIC_DEMO
2024-11-03,LKA_CMB,VLSFO,637.32,SYNTHETIC_DEMO
2024-11-03,LKA_CMB,MGO,818.27,SYNTHETIC_DEMO
2024-11-03,ARE_FUJ,VLSFO,615.56,SYNTHETIC_DEMO
2024-11-03,ARE_FUJ,MGO,790.33,SYNTHETIC_DEMO
2024-11-04,SGP_SIN,VLSFO,606.02,SYNTHETIC_DEMO
2024-11-04,SGP_SIN,MGO,779.56,SYNTHETIC_DEMO
2024-11-04,LKA_CMB,VLSFO,621.18,SYNTHETIC_DEMO
2024-11-04,LKA_CMB,MGO,799.05,SYNTHETIC_DEMO
2024-11-04,ARE_FUJ,VLSFO,599.96,SYNTHETIC_DEMO
2024-11-04,ARE_FUJ,MGO,771.76,SYNTHETIC_DEMO
2024-11-05,SGP_SIN,VLSFO,614.5,SYNTHETIC_DEMO
2024-11-05,SGP_SIN,MGO,788.46,SYNTHETIC_DEMO
2024-11-05,LKA_CMB,VLSFO,629.87,SYNTHETIC_DEMO
2024-11-05,LKA_CMB,MGO,808.17,SYNTHETIC_DEMO
2024-11-05,ARE_FUJ,VLSFO,608.36,SYNTHETIC_DEMO
2024-11-05,ARE_FUJ,MGO,780.57,SYNTHETIC_DEMO
2024-11-06,SGP_SIN,VLSFO,609.84,SYNTHETIC_DEMO
2024-11-06,SGP_SIN,MGO,785.63,SYNTHETIC_DEMO
2024-11-06,LKA_CMB,VLSFO,625.09,SYNTHETIC_DEMO
2024-11-06,LKA_CMB,MGO,805.27,SYNTHETIC_DEMO
2024-11-06,ARE_FUJ,VLSFO,603.75,SYNTHETIC_DEMO
2024-11-06,ARE_FUJ,MGO,777.77,SYNTHETIC_DEMO
2024-11-07,SGP_SIN,VLSFO,611.62,SYNTHETIC_DEMO
2024-11-07,SGP_SIN,MGO,787.19,SYNTHETIC_DEMO
2024-11-07,LKA_CMB,VLSFO,626.91,SYNTHETIC_DEMO
2024-11-07,LKA_CMB,MGO,806.87,SYNTHETIC_DEMO
2024-11-07,ARE_FUJ,VLSFO,605.5,SYNTHETIC_DEMO
2024-11-07,ARE_FUJ,MGO,779.32,SYNTHETIC_DEMO
2024-11-08,SGP_SIN,VLSFO,605.07,SYNTHETIC_DEMO
2024-11-08,SGP_SIN,MGO,781.3,SYNTHETIC_DEMO
2024-11-08,LKA_CMB,VLSFO,620.19,SYNTHETIC_DEMO
2024-11-08,LKA_CMB,MGO,800.84,SYNTHETIC_DEMO
2024-11-08,ARE_FUJ,VLSFO,599.01,SYNTHETIC_DEMO
2024-11-08,ARE_FUJ,MGO,773.49,SYNTHETIC_DEMO
2024-11-09,SGP_SIN,VLSFO,610.37,SYNTHETIC_DEMO
2024-11-09,SGP_SIN,MGO,787.24,SYNTHETIC_DEMO
2024-11-09,LKA_CMB,VLSFO,625.63,SYNTHETIC_DEMO
2024-11-09,LKA_CMB,MGO,806.92,SYNTHETIC_DEMO
2024-11-09,ARE_FUJ,VLSFO,604.27,SYNTHETIC_DEMO
2024-11-09,ARE_FUJ,MGO,779.37,SYNTHETIC_DEMO
2024-11-10,SGP_SIN,VLSFO,611.85,SYNTHETIC_DEMO
2024-11-10,SGP_SIN,MGO,782.16,SYNTHETIC_DEMO
2024-11-10,LKA_CMB,VLSFO,627.15,SYNTHETIC_DEMO
2024-11-10,LKA_CMB,MGO,801.71,SYNTHETIC_DEMO
2024-11-10,ARE_FUJ,VLSFO,605.74,SYNTHETIC_DEMO
2024-11-10,ARE_FUJ,MGO,774.34,SYNTHETIC_DEMO
2024-11-11,SGP_SIN,VLSFO,615.38,SYNTHETIC_DEMO
2024-11-11,SGP_SIN,MGO,784.57,SYNTHETIC_DEMO
2024-11-11,LKA_CMB,VLSFO,630.77,SYNTHETIC_DEMO
2024-11-11,LKA_CMB,MGO,804.19,SYNTHETIC_DEMO
2024-11-11,ARE_FUJ,VLSFO,609.23,SYNTHETIC_DEMO
2024-11-11,ARE_FUJ,MGO,776.73,SYNTHETIC_DEMO
2024-11-12,SGP_SIN,VLSFO,627.38,SYNTHETIC_DEMO
2024-11-12,SGP_SIN,MGO,805.27,SYNTHETIC_DEMO
2024-11-12,LKA_CMB,VLSFO,643.06,SYNTHETIC_DEMO
2024-11-12,LKA_CMB,MGO,825.4,SYNTHETIC_DEMO
2024-11-12,ARE_FUJ,VLSFO,621.1,SYNTHETIC_DEMO
2024-11-12,ARE_FUJ,MGO,797.22,SYNTHETIC_DEMO
2024-11-13,SGP_SIN,VLSFO,624.53,SYNTHETIC_DEMO
2024-11-13,SGP_SIN,MGO,791.89,SYNTHETIC_DEMO
2024-11-13,LKA_CMB,VLSFO,640.15,SYNTHETIC_DEMO
2024-11-13,LKA_CMB,MGO,811.69,SYNTHETIC_DEMO
2024-11-13,ARE_FUJ,VLSFO,618.29,SYNTHETIC_DEMO
2024-11-13,ARE_FUJ,MGO,783.98,SYNTHETIC_DEMO
2024-11-14,SGP_SIN,VLSFO,611.07,SYNTHETIC_DEMO
2024-11-14,SGP_SIN,MGO,793.36,SYNTHETIC_DEMO
2024-11-14,LKA_CMB,VLSFO,626.34,SYNTHETIC_DEMO
2024-11-14,LKA_CMB,MGO,813.2,SYNTHETIC_DEMO
2024-11-14,ARE_FUJ,VLSFO,604.96,SYNTHETIC_DEMO
2024-11-14,ARE_FUJ,MGO,785.43,SYNTHETIC_DEMO
2024-11-15,SGP_SIN,VLSFO,618.13,SYNTHETIC_DEMO
2024-11-15,SGP_SIN,MGO,807.29,SYNTHETIC_DEMO
2024-11-15,LKA_CMB,VLSFO,633.58,SYNTHETIC_DEMO
2024-11-15,LKA_CMB,MGO,827.47,SYNTHETIC_DEMO
2024-11-15,ARE_FUJ,VLSFO,611.95,SYNTHETIC_DEMO
2024-11-15,ARE_FUJ,MGO,799.22,SYNTHETIC_DEMO
2024-11-16,SGP_SIN,VLSFO,624.69,SYNTHETIC_DEMO
2024-11-16,SGP_SIN,MGO,798.22,SYNTHETIC_DEMO
2024-11-16,LKA_CMB,VLSFO,640.31,SYNTHETIC_DEMO
2024-11-16,LKA_CMB,MGO,818.18,SYNTHETIC_DEMO
2024-11-16,ARE_FUJ,VLSFO,618.45,SYNTHETIC_DEMO
2024-11-16,ARE_FUJ,MGO,790.24,SYNTHETIC_DEMO
2024-11-17,SGP_SIN,VLSFO,614.51,SYNTHETIC_DEMO
2024-11-17,SGP_SIN,MGO,794.98,SYNTHETIC_DEMO
2024-11-17,LKA_CMB,VLSFO,629.87,SYNTHETIC_DEMO
2024-11-17,LKA_CMB,MGO,814.85,SYNTHETIC_DEMO
2024-11-17,ARE_FUJ,VLSFO,608.36,SYNTHETIC_DEMO
2024-11-17,ARE_FUJ,MGO,787.03,SYNTHETIC_DEMO
2024-11-18,SGP_SIN,VLSFO,617.59,SYNTHETIC_DEMO
2024-11-18,SGP_SIN,MGO,786.14,SYNTHETIC_DEMO
2024-11-18,LKA_CMB,VLSFO,633.03,SYNTHETIC_DEMO
2024-11-18,LKA_CMB,MGO,805.8,SYNTHETIC_DEMO
2024-11-18,ARE_FUJ,VLSFO,611.42,SYNTHETIC_DEMO
2024-11-18,ARE_FUJ,MGO,778.28,SYNTHETIC_DEMO
2024-11-19,SGP_SIN,VLSFO,623.76,SYNTHETIC_DEMO
2024-11-19,SGP_SIN,MGO,787.29,SYNTHETIC_DEMO
2024-11-19,LKA_CMB,VLSFO,639.35,SYNTHETIC_DEMO
2024-11-19,LKA_CMB,MGO,806.98,SYNTHETIC_DEMO
2024-11-19,ARE_FUJ,VLSFO,617.52,SYNTHETIC_DEMO
2024-11-19,ARE_FUJ,MGO,779.42,SYNTHETIC_DEMO
2024-11-20,SGP_SIN,VLSFO,641.23,SYNTHETIC_DEMO
2024-11-20,SGP_SIN,MGO,810.99,SYNTHETIC_DEMO
2024-11-20,LKA_CMB,VLSFO,657.26,SYNTHETIC_DEMO
2024-11-20,LKA_CMB,MGO,831.26,SYNTHETIC_DEMO
2024-11-20,ARE_FUJ,VLSFO,634.81,SYNTHETIC_DEMO
2024-11-20,ARE_FUJ,MGO,802.88,SYNTHETIC_DEMO
2024-11-21,SGP_SIN,VLSFO,631.34,SYNTHETIC_DEMO
2024-11-21,SGP_SIN,MGO,803.28,SYNTHETIC_DEMO
2024-11-21,LKA_CMB,VLSFO,647.12,SYNTHETIC_DEMO
2024-11-21,LKA_CMB,MGO,823.36,SYNTHETIC_DEMO
2024-11-21,ARE_FUJ,VLSFO,625.03,SYNTHETIC_DEMO
2024-11-21,ARE_FUJ,MGO,795.25,SYNTHETIC_DEMO
2024-11-22,SGP_SIN,VLSFO,626.6,SYNTHETIC_DEMO
2024-11-22,SGP_SIN,MGO,793.03,SYNTHETIC_DEMO
2024-11-22,LKA_CMB,VLSFO,642.26,SYNTHETIC_DEMO
2024-11-22,LKA_CMB,MGO,812.86,SYNTHETIC_DEMO
2024-11-22,ARE_FUJ,VLSFO,620.33,SYNTHETIC_DEMO
2024-11-22,ARE_FUJ,MGO,785.1,SYNTHETIC_DEMO
2024-11-23,SGP_SIN,VLSFO,631.58,SYNTHETIC_DEMO
2024-11-23,SGP_SIN,MGO,819.2,SYNTHETIC_DEMO
2024-11-23,LKA_CMB,VLSFO,647.37,SYNTHETIC_DEMO
2024-11-23,LKA_CMB,MGO,839.69,SYNTHETIC_DEMO
2024-11-23,ARE_FUJ,VLSFO,625.27,SYNTHETIC_DEMO
2024-11-23,ARE_FUJ,MGO,811.01,SYNTHETIC_DEMO
2024-11-24,SGP_SIN,VLSFO,627.43,SYNTHETIC_DEMO
2024-11-24,SGP_SIN,MGO,807.36,SYNTHETIC_DEMO
2024-11-24,LKA_CMB,VLSFO,643.12,SYNTHETIC_DEMO
2024-11-24,LKA_CMB,MGO,827.54,SYNTHETIC_DEMO
2024-11-24,ARE_FUJ,VLSFO,621.16,SYNTHETIC_DEMO
2024-11-24,ARE_FUJ,MGO,799.28,SYNTHETIC_DEMO
2024-11-25,SGP_SIN,VLSFO,637.88,SYNTHETIC_DEMO
2024-11-25,SGP_SIN,MGO,820.07,SYNTHETIC_DEMO
2024-11-25,LKA_CMB,VLSFO,653.83,SYNTHETIC_DEMO
2024-11-25,LKA_CMB,MGO,840.57,SYNTHETIC_DEMO
2024-11-25,ARE_FUJ,VLSFO,631.5,SYNTHETIC_DEMO
2024-11-25,ARE_FUJ,MGO,811.87,SYNTHETIC_DEMO
2024-11-26,SGP_SIN,VLSFO,629.65,SYNTHETIC_DEMO
2024-11-26,SGP_SIN,MGO,814.57,SYNTHETIC_DEMO
2024-11-26,LKA_CMB,VLSFO,645.4,SYNTHETIC_DEMO
2024-11-26,LKA_CMB,MGO,834.94,SYNTHETIC_DEMO
2024-11-26,ARE_FUJ,VLSFO,623.36,SYNTHETIC_DEMO
2024-11-26,ARE_FUJ,MGO,806.43,SYNTHETIC_DEMO
2024-11-27,SGP_SIN,VLSFO,628.76,SYNTHETIC_DEMO
2024-11-27,SGP_SIN,MGO,807.95,SYNTHETIC_DEMO
2024-11-27,LKA_CMB,VLSFO,644.48,SYNTHETIC_DEMO
2024-11-27,LKA_CMB,MGO,828.15,SYNTHETIC_DEMO
2024-11-27,ARE_FUJ,VLSFO,622.48,SYNTHETIC_DEMO
2024-11-27,ARE_FUJ,MGO,799.87,SYNTHETIC_DEMO
2024-11-28,SGP_SIN,VLSFO,636.23,SYNTHETIC_DEMO
2024-11-28,SGP_SIN,MGO,811.18,SYNTHETIC_DEMO
2024-11-28,LKA_CMB,VLSFO,652.13,SYNTHETIC_DEMO
2024-11-28,LKA_CMB,MGO,831.46,SYNTHETIC_DEMO
2024-11-28,ARE_FUJ,VLSFO,629.87,SYNTHETIC_DEMO
2024-11-28,ARE_FUJ,MGO,803.07,SYNTHETIC_DEMO
2024-11-29,SGP_SIN,VLSFO,624.04,SYNTHETIC_DEMO
2024-11-29,SGP_SIN,MGO,788.95,SYNTHETIC_DEMO
2024-11-29,LKA_CMB,VLSFO,639.64,SYNTHETIC_DEMO
2024-11-29,LKA_CMB,MGO,808.68,SYNTHETIC_DEMO
2024-11-29,ARE_FUJ,VLSFO,617.8,SYNTHETIC_DEMO
2024-11-29,ARE_FUJ,MGO,781.06,SYNTHETIC_DEMO
2024-11-30,SGP_SIN,VLSFO,632.7,SYNTHETIC_DEMO
2024-11-30,SGP_SIN,MGO,790.95,SYNTHETIC_DEMO
2024-11-30,LKA_CMB,VLSFO,648.52,SYNTHETIC_DEMO
2024-11-30,LKA_CMB,MGO,810.72,SYNTHETIC_DEMO
2024-11-30,ARE_FUJ,VLSFO,626.38,SYNTHETIC_DEMO
2024-11-30,ARE_FUJ,MGO,783.04,SYNTHETIC_DEMO
2024-12-01,SGP_SIN,VLSFO,629.74,SYNTHETIC_DEMO
2024-12-01,SGP_SIN,MGO,792.67,SYNTHETIC_DEMO
2024-12-01,LKA_CMB,VLSFO,645.49,SYNTHETIC_DEMO
2024-12-01,LKA_CMB,MGO,812.49,SYNTHETIC_DEMO
2024-12-01,ARE_FUJ,VLSFO,623.45,SYNTHETIC_DEMO
2024-12-01,ARE_FUJ,MGO,784.74,SYNTHETIC_DEMO
2024-12-02,SGP_SIN,VLSFO,634.44,SYNTHETIC_DEMO
2024-12-02,SGP_SIN,MGO,816.64,SYNTHETIC_DEMO
2024-12-02,LKA_CMB,VLSFO,650.3,SYNTHETIC_DEMO
2024-12-02,LKA_CMB,MGO,837.06,SYNTHETIC_DEMO
2024-12-02,ARE_FUJ,VLSFO,628.09,SYNTHETIC_DEMO
2024-12-02,ARE_FUJ,MGO,808.48,SYNTHETIC_DEMO
2024-12-03,SGP_SIN,VLSFO,638.94,SYNTHETIC_DEMO
2024-12-03,SGP_SIN,MGO,822.43,SYNTHETIC_DEMO
2024-12-03,LKA_CMB,VLSFO,654.91,SYNTHETIC_DEMO
2024-12-03,LKA_CMB,MGO,843.0,SYNTHETIC_DEMO
2024-12-03,ARE_FUJ,VLSFO,632.55,SYNTHETIC_DEMO
2024-12-03,ARE_FUJ,MGO,814.21,SYNTHETIC_DEMO
2024-12-04,SGP_SIN,VLSFO,640.21,SYNTHETIC_DEMO
2024-12-04,SGP_SIN,MGO,808.0,SYNTHETIC_DEMO
2024-12-04,LKA_CMB,VLSFO,656.21,SYNTHETIC_DEMO
2024-12-04,LKA_CMB,MGO,828.2,SYNTHETIC_DEMO
2024-12-04,ARE_FUJ,VLSFO,633.81,SYNTHETIC_DEMO
2024-12-04,ARE_FUJ,MGO,799.92,SYNTHETIC_DEMO
2024-12-05,SGP_SIN,VLSFO,626.23,SYNTHETIC_DEMO
2024-12-05,SGP_SIN,MGO,803.44,SYNTHETIC_DEMO
2024-12-05,LKA_CMB,VLSFO,641.89,SYNTHETIC_DEMO
2024-12-05,LKA_CMB,MGO,823.53,SYNTHETIC_DEMO
2024-12-05,ARE_FUJ,VLSFO,619.97,SYNTHETIC_DEMO
2024-12-05,ARE_FUJ,MGO,795.41,SYNTHETIC_DEMO
2024-12-06,SGP_SIN,VLSFO,641.56,SYNTHETIC_DEMO
2024-12-06,SGP_SIN,MGO,821.63,SYNTHETIC_DEMO
2024-12-06,LKA_CMB,VLSFO,657.6,SYNTHETIC_DEMO
2024-12-06,LKA_CMB,MGO,842.17,SYNTHETIC_DEMO
2024-12-06,ARE_FUJ,VLSFO,635.15,SYNTHETIC_DEMO
2024-12-06,ARE_FUJ,MGO,813.41,SYNTHETIC_DEMO
2024-12-07,SGP_SIN,VLSFO,624.95,SYNTHETIC_DEMO
2024-12-07,SGP_SIN,MGO,802.75,SYNTHETIC_DEMO
2024-12-07,LKA_CMB,VLSFO,640.58,SYNTHETIC_DEMO
2024-12-07,LKA_CMB,MGO,822.82,SYNTHETIC_DEMO
2024-12-07,ARE_FUJ,VLSFO,618.7,SYNTHETIC_DEMO
2024-12-07,ARE_FUJ,MGO,794.73,SYNTHETIC_DEMO
2024-12-08,SGP_SIN,VLSFO,631.2,SYNTHETIC_DEMO
2024-12-08,SGP_SIN,MGO,793.84,SYNTHETIC_DEMO
2024-12-08,LKA_CMB,VLSFO,646.98,SYNTHETIC_DEMO
2024-12-08,LKA_CMB,MGO,813.69,SYNTHETIC_DEMO
2024-12-08,ARE_FUJ,VLSFO,624.89,SYNTHETIC_DEMO
2024-12-08,ARE_FUJ,MGO,785.91,SYNTHETIC_DEMO
2024-12-09,SGP_SIN,VLSFO,640.37,SYNTHETIC_DEMO
2024-12-09,SGP_SIN,MGO,815.65,SYNTHETIC_DEMO
2024-12-09,LKA_CMB,VLSFO,656.38,SYNTHETIC_DEMO
2024-12-09,LKA_CMB,MGO,836.04,SYNTHETIC_DEMO
2024-12-09,ARE_FUJ,VLSFO,633.96,SYNTHETIC_DEMO
2024-12-09,ARE_FUJ,MGO,807.49,SYNTHETIC_DEMO
2024-12-10,SGP_SIN,VLSFO,636.77,SYNTHETIC_DEMO
2024-12-10,SGP_SIN,MGO,806.67,SYNTHETIC_DEMO
2024-12-10,LKA_CMB,VLSFO,652.69,SYNTHETIC_DEMO
2024-12-10,LKA_CMB,MGO,826.83,SYNTHETIC_DEMO
2024-12-10,ARE_FUJ,VLSFO,630.4,SYNTHETIC_DEMO
2024-12-10,ARE_FUJ,MGO,798.6,SYNTHETIC_DEMO
2024-12-11,SGP_SIN,VLSFO,635.08,SYNTHETIC_DEMO
2024-12-11,SGP_SIN,MGO,810.15,SYNTHETIC_DEMO
2024-12-11,LKA_CMB,VLSFO,650.96,SYNTHETIC_DEMO
2024-12-11,LKA_CMB,MGO,830.4,SYNTHETIC_DEMO
2024-12-11,ARE_FUJ,VLSFO,628.73,SYNTHETIC_DEMO
2024-12-11,ARE_FUJ,MGO,802.05,SYNTHETIC_DEMO
2024-12-12,SGP_SIN,VLSFO,633.08,SYNTHETIC_DEMO
2024-12-12,SGP_SIN,MGO,832.6,SYNTHETIC_DEMO
2024-12-12,LKA_CMB,VLSFO,648.9,SYNTHETIC_DEMO
2024-12-12,LKA_CMB,MGO,853.42,SYNTHETIC_DEMO
2024-12-12,ARE_FUJ,VLSFO,626.74,SYNTHETIC_DEMO
2024-12-12,ARE_FUJ,MGO,824.28,SYNTHETIC_DEMO
2024-12-13,SGP_SIN,VLSFO,635.88,SYNTHETIC_DEMO
2024-12-13,SGP_SIN,MGO,810.43,SYNTHETIC_DEMO
2024-12-13,LKA_CMB,VLSFO,651.77,SYNTHETIC_DEMO
2024-12-13,LKA_CMB,MGO,830.69,SYNTHETIC_DEMO
2024-12-13,ARE_FUJ,VLSFO,629.52,SYNTHETIC_DEMO
2024-12-13,ARE_FUJ,MGO,802.32,SYNTHETIC_DEMO
2024-12-14,SGP_SIN,VLSFO,628.05,SYNTHETIC_DEMO
2024-12-14,SGP_SIN,MGO,812.7,SYNTHETIC_DEMO
2024-12-14,LKA_CMB,VLSFO,643.75,SYNTHETIC_DEMO
2024-12-14,LKA_CMB,MGO,833.02,SYNTHETIC_DEMO
2024-12-14,ARE_FUJ,VLSFO,621.77,SYNTHETIC_DEMO
2024-12-14,ARE_FUJ,MGO,804.57,SYNTHETIC_DEMO
2024-12-15,SGP_SIN,VLSFO,633.05,SYNTHETIC_DEMO
2024-12-15,SGP_SIN,MGO,809.03,SYNTHETIC_DEMO
2024-12-15,LKA_CMB,VLSFO,648.87,SYNTHETIC_DEMO
2024-12-15,LKA_CMB,MGO,829.25,SYNTHETIC_DEMO
2024-12-15,ARE_FUJ,VLSFO,626.72,SYNTHETIC_DEMO
2024-12-15,ARE_FUJ,MGO,800.94,SYNTHETIC_DEMO
2024-12-16,SGP_SIN,VLSFO,629.39,SYNTHETIC_DEMO
2024-12-16,SGP_SIN,MGO,806.88,SYNTHETIC_DEMO
2024-12-16,LKA_CMB,VLSFO,645.13,SYNTHETIC_DEMO
2024-12-16,LKA_CMB,MGO,827.06,SYNTHETIC_DEMO
2024-12-16,ARE_FUJ,VLSFO,623.1,SYNTHETIC_DEMO
2024-12-16,ARE_FUJ,MGO,798.81,SYNTHETIC_DEMO
2024-12-17,SGP_SIN,VLSFO,624.87,SYNTHETIC_DEMO
2024-12-17,SGP_SIN,MGO,793.81,SYNTHETIC_DEMO
2024-12-17,LKA_CMB,VLSFO,640.49,SYNTHETIC_DEMO
2024-12-17,LKA_CMB,MGO,813.66,SYNTHETIC_DEMO
2024-12-17,ARE_FUJ,VLSFO,618.62,SYNTHETIC_DEMO
2024-12-17,ARE_FUJ,MGO,785.87,SYNTHETIC_DEMO
2024-12-18,SGP_SIN,VLSFO,618.01,SYNTHETIC_DEMO
2024-12-18,SGP_SIN,MGO,800.13,SYNTHETIC_DEMO
2024-12-18,LKA_CMB,VLSFO,633.46,SYNTHETIC_DEMO
2024-12-18,LKA_CMB,MGO,820.13,SYNTHETIC_DEMO
2024-12-18,ARE_FUJ,VLSFO,611.83,SYNTHETIC_DEMO
2024-12-18,ARE_FUJ,MGO,792.13,SYNTHETIC_DEMO
2024-12-19,SGP_SIN,VLSFO,627.61,SYNTHETIC_DEMO
2024-12-19,SGP_SIN,MGO,797.31,SYNTHETIC_DEMO
2024-12-19,LKA_CMB,VLSFO,643.3,SYNTHETIC_DEMO
2024-12-19,LKA_CMB,MGO,817.24,SYNTHETIC_DEMO
2024-12-19,ARE_FUJ,VLSFO,621.33,SYNTHETIC_DEMO
2024-12-19,ARE_FUJ,MGO,789.33,SYNTHETIC_DEMO
2024-12-20,SGP_SIN,VLSFO,629.09,SYNTHETIC_DEMO
2024-12-20,SGP_SIN,MGO,812.99,SYNTHETIC_DEMO
2024-12-20,LKA_CMB,VLSFO,644.82,SYNTHETIC_DEMO
2024-12-20,LKA_CMB,MGO,833.31,SYNTHETIC_DEMO
2024-12-20,ARE_FUJ,VLSFO,622.8,SYNTHETIC_DEMO
2024-12-20,ARE_FUJ,MGO,804.86,SYNTHETIC_DEMO
2024-12-21,SGP_SIN,VLSFO,616.26,SYNTHETIC_DEMO
2024-12-21,SGP_SIN,MGO,787.84,SYNTHETIC_DEMO
2024-12-21,LKA_CMB,VLSFO,631.67,SYNTHETIC_DEMO
2024-12-21,LKA_CMB,MGO,807.54,SYNTHETIC_DEMO
2024-12-21,ARE_FUJ,VLSFO,610.1,SYNTHETIC_DEMO
2024-12-21,ARE_FUJ,MGO,779.96,SYNTHETIC_DEMO
2024-12-22,SGP_SIN,VLSFO,617.67,SYNTHETIC_DEMO
2024-12-22,SGP_SIN,MGO,786.89,SYNTHETIC_DEMO
2024-12-22,LKA_CMB,VLSFO,633.11,SYNTHETIC_DEMO
2024-12-22,LKA_CMB,MGO,806.56,SYNTHETIC_DEMO
2024-12-22,ARE_FUJ,VLSFO,611.49,SYNTHETIC_DEMO
2024-12-22,ARE_FUJ,MGO,779.02,SYNTHETIC_DEMO
2024-12-23,SGP_SIN,VLSFO,612.26,SYNTHETIC_DEMO
2024-12-23,SGP_SIN,MGO,787.28,SYNTHETIC_DEMO
2024-12-23,LKA_CMB,VLSFO,627.57,SYNTHETIC_DEMO
2024-12-23,LKA_CMB,MGO,806.96,SYNTHETIC_DEMO
2024-12-23,ARE_FUJ,VLSFO,606.14,SYNTHETIC_DEMO
2024-12-23,ARE_FUJ,MGO,779.41,SYNTHETIC_DEMO
2024-12-24,SGP_SIN,VLSFO,624.44,SYNTHETIC_DEMO
2024-12-24,SGP_SIN,MGO,799.5,SYNTHETIC_DEMO
2024-12-24,LKA_CMB,VLSFO,640.05,SYNTHETIC_DEMO
2024-12-24,LKA_CMB,MGO,819.49,SYNTHETIC_DEMO
2024-12-24,ARE_FUJ,VLSFO,618.19,SYNTHETIC_DEMO
2024-12-24,ARE_FUJ,MGO,791.5,SYNTHETIC_DEMO
2024-12-25,SGP_SIN,VLSFO,609.64,SYNTHETIC_DEMO
2024-12-25,SGP_SIN,MGO,785.5,SYNTHETIC_DEMO
2024-12-25,LKA_CMB,VLSFO,624.88,SYNTHETIC_DEMO
2024-12-25,LKA_CMB,MGO,805.14,SYNTHETIC_DEMO
2024-12-25,ARE_FUJ,VLSFO,603.54,SYNTHETIC_DEMO
2024-12-25,ARE_FUJ,MGO,777.64,SYNTHETIC_DEMO
2024-12-26,SGP_SIN,VLSFO,620.15,SYNTHETIC_DEMO
2024-12-26,SGP_SIN,MGO,805.66,SYNTHETIC_DEMO
2024-12-26,LKA_CMB,VLSFO,635.66,SYNTHETIC_DEMO
2024-12-26,LKA_CMB,MGO,825.8,SYNTHETIC_DEMO
2024-12-26,ARE_FUJ,VLSFO,613.95,SYNTHETIC_DEMO
2024-12-26,ARE_FUJ,MGO,797.6,SYNTHETIC_DEMO
2024-12-27,SGP_SIN,VLSFO,616.14,SYNTHETIC_DEMO
2024-12-27,SGP_SIN,MGO,772.93,SYNTHETIC_DEMO
2024-12-27,LKA_CMB,VLSFO,631.54,SYNTHETIC_DEMO
2024-12-27,LKA_CMB,MGO,792.26,SYNTHETIC_DEMO
2024-12-27,ARE_FUJ,VLSFO,609.97,SYNTHETIC_DEMO
2024-12-27,ARE_FUJ,MGO,765.2,SYNTHETIC_DEMO
2024-12-28,SGP_SIN,VLSFO,623.87,SYNTHETIC_DEMO
2024-12-28,SGP_SIN,MGO,801.63,SYNTHETIC_DEMO
2024-12-28,LKA_CMB,VLSFO,639.47,SYNTHETIC_DEMO
2024-12-28,LKA_CMB,MGO,821.67,SYNTHETIC_DEMO
2024-12-28,ARE_FUJ,VLSFO,617.63,SYNTHETIC_DEMO
2024-12-28,ARE_FUJ,MGO,793.61,SYNTHETIC_DEMO
2024-12-29,SGP_SIN,VLSFO,626.03,SYNTHETIC_DEMO
2024-12-29,SGP_SIN,MGO,810.86,SYNTHETIC_DEMO
2024-12-29,LKA_CMB,VLSFO,641.68,SYNTHETIC_DEMO
2024-12-29,LKA_CMB,MGO,831.14,SYNTHETIC_DEMO
2024-12-29,ARE_FUJ,VLSFO,619.77,SYNTHETIC_DEMO
2024-12-29,ARE_FUJ,MGO,802.76,SYNTHETIC_DEMO
2024-12-30,SGP_SIN,VLSFO,626.97,SYNTHETIC_DEMO
2024-12-30,SGP_SIN,MGO,793.89,SYNTHETIC_DEMO
2024-12-30,LKA_CMB,VLSFO,642.65,SYNTHETIC_DEMO
2024-12-30,LKA_CMB,MGO,813.74,SYNTHETIC_DEMO
2024-12-30,ARE_FUJ,VLSFO,620.7,SYNTHETIC_DEMO
2024-12-30,ARE_FUJ,MGO,785.96,SYNTHETIC_DEMO
2024-12-31,SGP_SIN,VLSFO,634.36,SYNTHETIC_DEMO
2024-12-31,SGP_SIN,MGO,795.36,SYNTHETIC_DEMO
2024-12-31,LKA_CMB,VLSFO,650.22,SYNTHETIC_DEMO
2024-12-31,LKA_CMB,MGO,815.25,SYNTHETIC_DEMO
2024-12-31,ARE_FUJ,VLSFO,628.02,SYNTHETIC_DEMO
2024-12-31,ARE_FUJ,MGO,787.41,SYNTHETIC_DEMO
