date,commodity_name,price,currency,unit,source
2019-01-01,thermal_coal,142.0,USD,per_tonne,SYNTHETIC_DEMO
2019-01-01,iron_ore,120.0,USD,per_tonne,SYNTHETIC_DEMO
2019-01-01,grain,263.69,USD,per_tonne,SYNTHETIC_DEMO
2019-01-02,thermal_coal,141.88,USD,per_tonne,SYNTHETIC_DEMO
2019-01-02,iron_ore,119.98,USD,per_tonne,SYNTHETIC_DEMO
2019-01-02,grain,263.28,USD,per_tonne,SYNTHETIC_DEMO
2019-01-03,thermal_coal,142.85,USD,per_tonne,SYNTHETIC_DEMO
2019-01-03,iron_ore,119.46,USD,per_tonne,SYNTHETIC_DEMO
2019-01-03,grain,263.85,USD,per_tonne,SYNTHETIC_DEMO
2019-01-04,thermal_coal,143.51,USD,per_tonne,SYNTHETIC_DEMO
2019-01-04,iron_ore,119.49,USD,per_tonne,SYNTHETIC_DEMO
2019-01-04,grain,261.17,USD,per_tonne,SYNTHETIC_DEMO
2019-01-05,thermal_coal,144.68,USD,per_tonne,SYNTHETIC_DEMO
2019-01-05,iron_ore,120.48,USD,per_tonne,SYNTHETIC_DEMO
2019-01-05,grain,264.4,USD,per_tonne,SYNTHETIC_DEMO
2019-01-06,thermal_coal,145.34,USD,per_tonne,SYNTHETIC_DEMO
2019-01-06,iron_ore,121.33,USD,per_tonne,SYNTHETIC_DEMO
2019-01-06,grain,261.67,USD,per_tonne,SYNTHETIC_DEMO
2019-01-07,thermal_coal,145.55,USD,per_tonne,SYNTHETIC_DEMO
2019-01-07,iron_ore,123.67,USD,per_tonne,SYNTHETIC_DEMO
2019-01-07,grain,261.2,USD,per_tonne,SYNTHETIC_DEMO
2019-01-08,thermal_coal,146.02,USD,per_tonne,SYNTHETIC_DEMO
2019-01-08,iron_ore,123.28,USD,per_tonne,SYNTHETIC_DEMO
2019-01-08,grain,264.55,USD,per_tonne,SYNTHETIC_DEMO
2019-01-09,thermal_coal,145.45,USD,per_tonne,SYNTHETIC_DEMO
2019-01-09,iron_ore,122.98,USD,per_tonne,SYNTHETIC_DEMO
2019-01-09,grain,268.06,USD,per_tonne,SYNTHETIC_DEMO
2019-01-10,thermal_coal,146.55,USD,per_tonne,SYNTHETIC_DEMO
2019-01-10,iron_ore,122.68,USD,per_tonne,SYNTHETIC_DEMO
2019-01-10,grain,263.32,USD,per_tonne,SYNTHETIC_DEMO
2019-01-11,thermal_coal,147.24,USD,per_tonne,SYNTHETIC_DEMO
2019-01-11,iron_ore,121.83,USD,per_tonne,SYNTHETIC_DEMO
2019-01-11,grain,266.06,USD,per_tonne,SYNTHETIC_DEMO
2019-01-12,thermal_coal,146.79,USD,per_tonne,SYNTHETIC_DEMO
2019-01-12,iron_ore,120.84,USD,per_tonne,SYNTHETIC_DEMO
2019-01-12,grain,266.01,USD,per_tonne,SYNTHETIC_DEMO
2019-01-13,thermal_coal,146.2,USD,per_tonne,SYNTHETIC_DEMO
2019-01-13,iron_ore,121.05,USD,per_tonne,SYNTHETIC_DEMO
2019-01-13,grain,262.61,USD,per_tonne,SYNTHETIC_DEMO
2019-01-14,thermal_coal,146.27,USD,per_tonne,SYNTHETIC_DEMO
2019-01-14,iron_ore,120.14,USD,per_tonne,SYNTHETIC_DEMO
2019-01-14,grain,268.93,USD,per_tonne,SYNTHETIC_DEMO
2019-01-15,thermal_coal,146.95,USD,per_tonne,SYNTHETIC_DEMO
2019-01-15,iron_ore,120.08,USD,per_tonne,SYNTHETIC_DEMO
2019-01-15,grain,270.04,USD,per_tonne,SYNTHETIC_DEMO
2019-01-16,thermal_coal,146.81,USD,per_tonne,SYNTHETIC_DEMO
2019-01-16,iron_ore,119.85,USD,per_tonne,SYNTHETIC_DEMO
2019-01-16,grain,267.03,USD,per_tonne,SYNTHETIC_DEMO
2019-01-17,thermal_coal,146.91,USD,per_tonne,SYNTHETIC_DEMO
2019-01-17,iron_ore,119.35,USD,per_tonne,SYNTHETIC_DEMO
2019-01-17,grain,266.55,USD,per_tonne,SYNTHETIC_DEMO
2019-01-18,thermal_coal,146.14,USD,per_tonne,SYNTHETIC_DEMO
2019-01-18,iron_ore,119.47,USD,per_tonne,SYNTHETIC_DEMO
2019-01-18,grain,264.09,USD,per_tonne,SYNTHETIC_DEMO
2019-01-19,thermal_coal,147.31,USD,per_tonne,SYNTHETIC_DEMO
2019-01-19,iron_ore,119.26,USD,per_tonne,SYNTHETIC_DEMO
2019-01-19,grain,265.96,USD,per_tonne,SYNTHETIC_DEMO
2019-01-20,thermal_coal,147.6,USD,per_tonne,SYNTHETIC_DEMO
2019-01-20,iron_ore,119.75,USD,per_tonne,SYNTHETIC_DEMO
2019-01-20,grain,264.17,USD,per_tonne,SYNTHETIC_DEMO
2019-01-21,thermal_coal,146.63,USD,per_tonne,SYNTHETIC_DEMO
2019-01-21,iron_ore,119.64,USD,per_tonne,SYNTHETIC_DEMO
2019-01-21,grain,267.31,USD,per_tonne,SYNTHETIC_DEMO
2019-01-22,thermal_coal,147.51,USD,per_tonne,SYNTHETIC_DEMO
2019-01-22,iron_ore,120.15,USD,per_tonne,SYNTHETIC_DEMO
2019-01-22,grain,264.85,USD,per_tonne,SYNTHETIC_DEMO
2019-01-23,thermal_coal,148.02,USD,per_tonne,SYNTHETIC_DEMO
2019-01-23,iron_ore,119.85,USD,per_tonne,SYNTHETIC_DEMO
2019-01-23,grain,267.29,USD,per_tonne,SYNTHETIC_DEMO
2019-01-24,thermal_coal,147.18,USD,per_tonne,SYNTHETIC_DEMO
2019-01-24,iron_ore,119.07,USD,per_tonne,SYNTHETIC_DEMO
2019-01-24,grain,266.75,USD,per_tonne,SYNTHETIC_DEMO
2019-01-25,thermal_coal,146.68,USD,per_tonne,SYNTHETIC_DEMO
2019-01-25,iron_ore,119.46,USD,per_tonne,SYNTHETIC_DEMO
2019-01-25,grain,263.97,USD,per_tonne,SYNTHETIC_DEMO
2019-01-26,thermal_coal,147.55,USD,per_tonne,SYNTHETIC_DEMO
2019-01-26,iron_ore,119.29,USD,per_tonne,SYNTHETIC_DEMO
2019-01-26,grain,263.61,USD,per_tonne,SYNTHETIC_DEMO
2019-01-27,thermal_coal,148.11,USD,per_tonne,SYNTHETIC_DEMO
2019-01-27,iron_ore,119.05,USD,per_tonne,SYNTHETIC_DEMO
2019-01-27,grain,267.76,USD,per_tonne,SYNTHETIC_DEMO
2019-01-28,thermal_coal,148.41,USD,per_tonne,SYNTHETIC_DEMO
2019-01-28,iron_ore,118.6,USD,per_tonne,SYNTHETIC_DEMO
2019-01-28,grain,262.18,USD,per_tonne,SYNTHETIC_DEMO
2019-01-29,thermal_coal,148.06,USD,per_tonne,SYNTHETIC_DEMO
2019-01-29,iron_ore,118.56,USD,per_tonne,SYNTHETIC_DEMO
2019-01-29,grain,264.71,USD,per_tonne,SYNTHETIC_DEMO
2019-01-30,thermal_coal,150.33,USD,per_tonne,SYNTHETIC_DEMO
2019-01-30,iron_ore,118.29,USD,per_tonne,SYNTHETIC_DEMO
2019-01-30,grain,265.3,USD,per_tonne,SYNTHETIC_DEMO
2019-01-31,thermal_coal,149.49,USD,per_tonne,SYNTHETIC_DEMO
2019-01-31,iron_ore,118.0,USD,per_tonne,SYNTHETIC_DEMO
2019-01-31,grain,263.8,USD,per_tonne,SYNTHETIC_DEMO
2019-02-01,thermal_coal,148.66,USD,per_tonne,SYNTHETIC_DEMO
2019-02-01,iron_ore,117.71,USD,per_tonne,SYNTHETIC_DEMO
2019-02-01,grain,265.42,USD,per_tonne,SYNTHETIC_DEMO
2019-02-02,thermal_coal,149.99,USD,per_tonne,SYNTHETIC_DEMO
2019-02-02,iron_ore,118.45,USD,per_tonne,SYNTHETIC_DEMO
2019-02-02,grain,265.89,USD,per_tonne,SYNTHETIC_DEMO
2019-02-03,thermal_coal,150.84,USD,per_tonne,SYNTHETIC_DEMO
2019-02-03,iron_ore,118.6,USD,per_tonne,SYNTHETIC_DEMO
2019-02-03,grain,265.17,USD,per_tonne,SYNTHETIC_DEMO
2019-02-04,thermal_coal,149.88,USD,per_tonne,SYNTHETIC_DEMO
2019-02-04,iron_ore,118.11,USD,per_tonne,SYNTHETIC_DEMO
2019-02-04,grain,261.79,USD,per_tonne,SYNTHETIC_DEMO
2019-02-05,thermal_coal,150.46,USD,per_tonne,SYNTHETIC_DEMO
2019-02-05,iron_ore,117.5,USD,per_tonne,SYNTHETIC_DEMO
2019-02-05,grain,262.36,USD,per_tonne,SYNTHETIC_DEMO
2019-02-06,thermal_coal,151.38,USD,per_tonne,SYNTHETIC_DEMO
2019-02-06,iron_ore,117.61,USD,per_tonne,SYNTHETIC_DEMO
2019-02-06,grain,264.13,USD,per_tonne,SYNTHETIC_DEMO
2019-02-07,thermal_coal,151.5,USD,per_tonne,SYNTHETIC_DEMO
2019-02-07,iron_ore,116.92,USD,per_tonne,SYNTHETIC_DEMO
2019-02-07,grain,267.29,USD,per_tonne,SYNTHETIC_DEMO
2019-02-08,thermal_coal,152.24,USD,per_tonne,SYNTHETIC_DEMO
2019-02-08,iron_ore,118.19,USD,per_tonne,SYNTHETIC_DEMO
2019-02-08,grain,265.75,USD,per_tonne,SYNTHETIC_DEMO
2019-02-09,thermal_coal,151.16,USD,per_tonne,SYNTHETIC_DEMO
2019-02-09,iron_ore,116.76,USD,per_tonne,SYNTHETIC_DEMO
2019-02-09,grain,263.1,USD,per_tonne,SYNTHETIC_DEMO
2019-02-10,thermal_coal,150.86,USD,per_tonne,SYNTHETIC_DEMO
2019-02-10,iron_ore,116.95,USD,per_tonne,SYNTHETIC_DEMO
2019-02-10,grain,260.85,USD,per_tonne,SYNTHETIC_DEMO
2019-02-11,thermal_coal,151.49,USD,per_tonne,SYNTHETIC_DEMO
2019-02-11,iron_ore,117.22,USD,per_tonne,SYNTHETIC_DEMO
2019-02-11,grain,259.89,USD,per_tonne,SYNTHETIC_DEMO
2019-02-12,thermal_coal,150.87,USD,per_tonne,SYNTHETIC_DEMO
2019-02-12,iron_ore,116.61,USD,per_tonne,SYNTHETIC_DEMO
2019-02-12,grain,260.41,USD,per_tonne,SYNTHETIC_DEMO
2019-02-13,thermal_coal,151.9,USD,per_tonne,SYNTHETIC_DEMO
2019-02-13,iron_ore,116.0,USD,per_tonne,SYNTHETIC_DEMO
2019-02-13,grain,261.87,USD,per_tonne,SYNTHETIC_DEMO
2019-02-14,thermal_coal,152.19,USD,per_tonne,SYNTHETIC_DEMO
2019-02-14,iron_ore,114.75,USD,per_tonne,SYNTHETIC_DEMO
2019-02-14,grain,265.82,USD,per_tonne,SYNTHETIC_DEMO
2019-02-15,thermal_coal,151.59,USD,per_tonne,SYNTHETIC_DEMO
2019-02-15,iron_ore,116.91,USD,per_tonne,SYNTHETIC_DEMO
2019-02-15,grain,265.23,USD,per_tonne,SYNTHETIC_DEMO
2019-02-16,thermal_coal,152.85,USD,per_tonne,SYNTHETIC_DEMO
2019-02-16,iron_ore,116.13,USD,per_tonne,SYNTHETIC_DEMO
2019-02-16,grain,264.68,USD,per_tonne,SYNTHETIC_DEMO
2019-02-17,thermal_coal,153.6,USD,per_tonne,SYNTHETIC_DEMO
2019-02-17,iron_ore,115.68,USD,per_tonne,SYNTHETIC_DEMO
2019-02-17,grain,261.02,USD,per_tonne,SYNTHETIC_DEMO
2019-02-18,thermal_coal,154.66,USD,per_tonne,SYNTHETIC_DEMO
2019-02-18,iron_ore,116.2,USD,per_tonne,SYNTHETIC_DEMO
2019-02-18,grain,266.01,USD,per_tonne,SYNTHETIC_DEMO
2019-02-19,thermal_coal,155.04,USD,per_tonne,SYNTHETIC_DEMO
2019-02-19,iron_ore,116.69,USD,per_tonne,SYNTHETIC_DEMO
2019-02-19,grain,266.16,USD,per_tonne,SYNTHETIC_DEMO
2019-02-20,thermal_coal,155.65,USD,per_tonne,SYNTHETIC_DEMO
2019-02-20,iron_ore,115.53,USD,per_tonne,SYNTHETIC_DEMO
2019-02-20,grain,264.38,USD,per_tonne,SYNTHETIC_DEMO
2019-02-21,thermal_coal,155.67,USD,per_tonne,SYNTHETIC_DEMO
2019-02-21,iron_ore,114.46,USD,per_tonne,SYNTHETIC_DEMO
2019-02-21,grain,263.12,USD,per_tonne,SYNTHETIC_DEMO
2019-02-22,thermal_coal,155.27,USD,per_tonne,SYNTHETIC_DEMO
2019-02-22,iron_ore,114.13,USD,per_tonne,SYNTHETIC_DEMO
2019-02-22,grain,268.14,USD,per_tonne,SYNTHETIC_DEMO
2019-02-23,thermal_coal,155.57,USD,per_tonne,SYNTHETIC_DEMO
2019-02-23,iron_ore,113.76,USD,per_tonne,SYNTHETIC_DEMO
2019-02-23,grain,260.06,USD,per_tonne,SYNTHETIC_DEMO
2019-02-24,thermal_coal,156.29,USD,per_tonne,SYNTHETIC_DEMO
2019-02-24,iron_ore,113.75,USD,per_tonne,SYNTHETIC_DEMO
2019-02-24,grain,261.07,USD,per_tonne,SYNTHETIC_DEMO
2019-02-25,thermal_coal,156.59,USD,per_tonne,SYNTHETIC_DEMO
2019-02-25,iron_ore,113.83,USD,per_tonne,SYNTHETIC_DEMO
2019-02-25,grain,263.84,USD,per_tonne,SYNTHETIC_DEMO
2019-02-26,thermal_coal,158.26,USD,per_tonne,SYNTHETIC_DEMO
2019-02-26,iron_ore,113.59,USD,per_tonne,SYNTHETIC_DEMO
2019-02-26,grain,261.42,USD,per_tonne,SYNTHETIC_DEMO
2019-02-27,thermal_coal,158.5,USD,per_tonne,SYNTHETIC_DEMO
2019-02-27,iron_ore,115.17,USD,per_tonne,SYNTHETIC_DEMO
2019-02-27,grain,265.86,USD,per_tonne,SYNTHETIC_DEMO
2019-02-28,thermal_coal,157.3,USD,per_tonne,SYNTHETIC_DEMO
2019-02-28,iron_ore,114.96,USD,per_tonne,SYNTHETIC_DEMO
2019-02-28,grain,260.31,USD,per_tonne,SYNTHETIC_DEMO
2019-03-01,thermal_coal,157.51,USD,per_tonne,SYNTHETIC_DEMO
2019-03-01,iron_ore,116.01,USD,per_tonne,SYNTHETIC_DEMO
2019-03-01,grain,265.28,USD,per_tonne,SYNTHETIC_DEMO
2019-03-02,thermal_coal,157.97,USD,per_tonne,SYNTHETIC_DEMO
2019-03-02,iron_ore,115.25,USD,per_tonne,SYNTHETIC_DEMO
2019-03-02,grain,259.44,USD,per_tonne,SYNTHETIC_DEMO
2019-03-03,thermal_coal,158.69,USD,per_tonne,SYNTHETIC_DEMO
2019-03-03,iron_ore,114.75,USD,per_tonne,SYNTHETIC_DEMO
2019-03-03,grain,263.99,USD,per_tonne,SYNTHETIC_DEMO
2019-03-04,thermal_coal,158.2,USD,per_tonne,SYNTHETIC_DEMO
2019-03-04,iron_ore,114.68,USD,per_tonne,SYNTHETIC_DEMO
2019-03-04,grain,260.88,USD,per_tonne,SYNTHETIC_DEMO
2019-03-05,thermal_coal,157.47,USD,per_tonne,SYNTHETIC_DEMO
2019-03-05,iron_ore,114.36,USD,per_tonne,SYNTHETIC_DEMO
2019-03-05,grain,258.91,USD,per_tonne,SYNTHETIC_DEMO
2019-03-06,thermal_coal,157.9,USD,per_tonne,SYNTHETIC_DEMO
2019-03-06,iron_ore,115.25,USD,per_tonne,SYNTHETIC_DEMO
2019-03-06,grain,265.94,USD,per_tonne,SYNTHETIC_DEMO
2019-03-07,thermal_coal,157.72,USD,per_tonne,SYNTHETIC_DEMO
2019-03-07,iron_ore,115.5,USD,per_tonne,SYNTHETIC_DEMO
2019-03-07,grain,260.16,USD,per_tonne,SYNTHETIC_DEMO
2019-03-08,thermal_coal,157.85,USD,per_tonne,SYNTHETIC_DEMO
2019-03-08,iron_ore,115.78,USD,per_tonne,SYNTHETIC_DEMO
2019-03-08,grain,261.37,USD,per_tonne,SYNTHETIC_DEMO
2019-03-09,thermal_coal,158.33,USD,per_tonne,SYNTHETIC_DEMO
2019-03-09,iron_ore,114.08,USD,per_tonne,SYNTHETIC_DEMO
2019-03-09,grain,263.56,USD,per_tonne,SYNTHETIC_DEMO
2019-03-10,thermal_coal,158.45,USD,per_tonne,SYNTHETIC_DEMO
2019-03-10,iron_ore,114.0,USD,per_tonne,SYNTHETIC_DEMO
2019-03-10,grain,260.33,USD,per_tonne,SYNTHETIC_DEMO
2019-03-11,thermal_coal,158.95,USD,per_tonne,SYNTHETIC_DEMO
2019-03-11,iron_ore,113.54,USD,per_tonne,SYNTHETIC_DEMO
2019-03-11,grain,260.47,USD,per_tonne,SYNTHETIC_DEMO
2019-03-12,thermal_coal,158.84,USD,per_tonne,SYNTHETIC_DEMO
2019-03-12,iron_ore,112.91,USD,per_tonne,SYNTHETIC_DEMO
2019-03-12,grain,263.26,USD,per_tonne,SYNTHETIC_DEMO
2019-03-13,thermal_coal,158.56,USD,per_tonne,SYNTHETIC_DEMO
2019-03-13,iron_ore,112.16,USD,per_tonne,SYNTHETIC_DEMO
2019-03-13,grain,260.63,USD,per_tonne,SYNTHETIC_DEMO
2019-03-14,thermal_coal,158.93,USD,per_tonne,SYNTHETIC_DEMO
2019-03-14,iron_ore,111.25,USD,per_tonne,SYNTHETIC_DEMO
2019-03-14,grain,259.01,USD,per_tonne,SYNTHETIC_DEMO
2019-03-15,thermal_coal,160.72,USD,per_tonne,SYNTHETIC_DEMO
2019-03-15,iron_ore,112.15,USD,per_tonne,SYNTHETIC_DEMO
2019-03-15,grain,254.88,USD,per_tonne,SYNTHETIC_DEMO
2019-03-16,thermal_coal,160.51,USD,per_tonne,SYNTHETIC_DEMO
2019-03-16,iron_ore,111.67,USD,per_tonne,SYNTHETIC_DEMO
2019-03-16,grain,259.01,USD,per_tonne,SYNTHETIC_DEMO
2019-03-17,thermal_coal,160.36,USD,per_tonne,SYNTHETIC_DEMO
2019-03-17,iron_ore,112.11,USD,per_tonne,SYNTHETIC_DEMO
2019-03-17,grain,258.82,USD,per_tonne,SYNTHETIC_DEMO
2019-03-18,thermal_coal,159.58,USD,per_tonne,SYNTHETIC_DEMO
2019-03-18,iron_ore,111.07,USD,per_tonne,SYNTHETIC_DEMO
2019-03-18,grain,259.04,USD,per_tonne,SYNTHETIC_DEMO
2019-03-19,thermal_coal,159.46,USD,per_tonne,SYNTHETIC_DEMO
2019-03-19,iron_ore,109.04,USD,per_tonne,SYNTHETIC_DEMO
2019-03-19,grain,258.3,USD,per_tonne,SYNTHETIC_DEMO
2019-03-20,thermal_coal,160.56,USD,per_tonne,SYNTHETIC_DEMO
2019-03-20,iron_ore,109.29,USD,per_tonne,SYNTHETIC_DEMO
2019-03-20,grain,260.02,USD,per_tonne,SYNTHETIC_DEMO
2019-03-21,thermal_coal,160.28,USD,per_tonne,SYNTHETIC_DEMO
2019-03-21,iron_ore,107.93,USD,per_tonne,SYNTHETIC_DEMO
2019-03-21,grain,261.48,USD,per_tonne,SYNTHETIC_DEMO
2019-03-22,thermal_coal,158.93,USD,per_tonne,SYNTHETIC_DEMO
2019-03-22,iron_ore,108.03,USD,per_tonne,SYNTHETIC_DEMO
2019-03-22,grain,255.3,USD,per_tonne,SYNTHETIC_DEMO
2019-03-23,thermal_coal,158.55,USD,per_tonne,SYNTHETIC_DEMO
2019-03-23,iron_ore,107.23,USD,per_tonne,SYNTHETIC_DEMO
2019-03-23,grain,257.15,USD,per_tonne,SYNTHETIC_DEMO
2019-03-24,thermal_coal,157.07,USD,per_tonne,SYNTHETIC_DEMO
2019-03-24,iron_ore,106.87,USD,per_tonne,SYNTHETIC_DEMO
2019-03-24,grain,258.04,USD,per_tonne,SYNTHETIC_DEMO
2019-03-25,thermal_coal,157.15,USD,per_tonne,SYNTHETIC_DEMO
2019-03-25,iron_ore,108.21,USD,per_tonne,SYNTHETIC_DEMO
2019-03-25,grain,258.35,USD,per_tonne,SYNTHETIC_DEMO
2019-03-26,thermal_coal,156.6,USD,per_tonne,SYNTHETIC_DEMO
2019-03-26,iron_ore,108.75,USD,per_tonne,SYNTHETIC_DEMO
2019-03-26,grain,257.05,USD,per_tonne,SYNTHETIC_DEMO
2019-03-27,thermal_coal,157.44,USD,per_tonne,SYNTHETIC_DEMO
2019-03-27,iron_ore,108.24,USD,per_tonne,SYNTHETIC_DEMO
2019-03-27,grain,256.81,USD,per_tonne,SYNTHETIC_DEMO
2019-03-28,thermal_coal,157.56,USD,per_tonne,SYNTHETIC_DEMO
2019-03-28,iron_ore,108.75,USD,per_tonne,SYNTHETIC_DEMO
2019-03-28,grain,257.88,USD,per_tonne,SYNTHETIC_DEMO
2019-03-29,thermal_coal,157.75,USD,per_tonne,SYNTHETIC_DEMO
2019-03-29,iron_ore,108.88,USD,per_tonne,SYNTHETIC_DEMO
2019-03-29,grain,256.3,USD,per_tonne,SYNTHETIC_DEMO
2019-03-30,thermal_coal,157.66,USD,per_tonne,SYNTHETIC_DEMO
2019-03-30,iron_ore,109.06,USD,per_tonne,SYNTHETIC_DEMO
2019-03-30,grain,255.08,USD,per_tonne,SYNTHETIC_DEMO
2019-03-31,thermal_coal,156.85,USD,per_tonne,SYNTHETIC_DEMO
2019-03-31,iron_ore,108.44,USD,per_tonne,SYNTHETIC_DEMO
2019-03-31,grain,258.55,USD,per_tonne,SYNTHETIC_DEMO
2019-04-01,thermal_coal,157.55,USD,per_tonne,SYNTHETIC_DEMO
2019-04-01,iron_ore,107.62,USD,per_tonne,SYNTHETIC_DEMO
2019-04-01,grain,255.04,USD,per_tonne,SYNTHETIC_DEMO
2019-04-02,thermal_coal,157.81,USD,per_tonne,SYNTHETIC_DEMO
2019-04-02,iron_ore,107.83,USD,per_tonne,SYNTHETIC_DEMO
2019-04-02,grain,256.43,USD,per_tonne,SYNTHETIC_DEMO
2019-04-03,thermal_coal,156.0,USD,per_tonne,SYNTHETIC_DEMO
2019-04-03,iron_ore,107.22,USD,per_tonne,SYNTHETIC_DEMO
2019-04-03,grain,253.44,USD,per_tonne,SYNTHETIC_DEMO
2019-04-04,thermal_coal,155.66,USD,per_tonne,SYNTHETIC_DEMO
2019-04-04,iron_ore,106.83,USD,per_tonne,SYNTHETIC_DEMO
2019-04-04,grain,256.92,USD,per_tonne,SYNTHETIC_DEMO
2019-04-05,thermal_coal,155.74,USD,per_tonne,SYNTHETIC_DEMO
2019-04-05,iron_ore,106.36,USD,per_tonne,SYNTHETIC_DEMO
2019-04-05,grain,254.34,USD,per_tonne,SYNTHETIC_DEMO
2019-04-06,thermal_coal,153.35,USD,per_tonne,SYNTHETIC_DEMO
2019-04-06,iron_ore,106.99,USD,per_tonne,SYNTHETIC_DEMO
2019-04-06,grain,254.52,USD,per_tonne,SYNTHETIC_DEMO
2019-04-07,thermal_coal,153.24,USD,per_tonne,SYNTHETIC_DEMO
2019-04-07,iron_ore,106.7,USD,per_tonne,SYNTHETIC_DEMO
2019-04-07,grain,251.17,USD,per_tonne,SYNTHETIC_DEMO
2019-04-08,thermal_coal,153.51,USD,per_tonne,SYNTHETIC_DEMO
2019-04-08,iron_ore,106.15,USD,per_tonne,SYNTHETIC_DEMO
2019-04-08,grain,253.1,USD,per_tonne,SYNTHETIC_DEMO
2019-04-09,thermal_coal,154.21,USD,per_tonne,SYNTHETIC_DEMO
2019-04-09,iron_ore,107.4,USD,per_tonne,SYNTHETIC_DEMO
2019-04-09,grain,253.95,USD,per_tonne,SYNTHETIC_DEMO
2019-04-10,thermal_coal,155.23,USD,per_tonne,SYNTHETIC_DEMO
2019-04-10,iron_ore,107.77,USD,per_tonne,SYNTHETIC_DEMO
2019-04-10,grain,257.38,USD,per_tonne,SYNTHETIC_DEMO
2019-04-11,thermal_coal,155.59,USD,per_tonne,SYNTHETIC_DEMO
2019-04-11,iron_ore,107.71,USD,per_tonne,SYNTHETIC_DEMO
2019-04-11,grain,256.19,USD,per_tonne,SYNTHETIC_DEMO
2019-04-12,thermal_coal,156.13,USD,per_tonne,SYNTHETIC_DEMO
2019-04-12,iron_ore,109.29,USD,per_tonne,SYNTHETIC_DEMO
2019-04-12,grain,252.59,USD,per_tonne,SYNTHETIC_DEMO
2019-04-13,thermal_coal,153.72,USD,per_tonne,SYNTHETIC_DEMO
2019-04-13,iron_ore,109.82,USD,per_tonne,SYNTHETIC_DEMO
2019-04-13,grain,252.28,USD,per_tonne,SYNTHETIC_DEMO
2019-04-14,thermal_coal,153.48,USD,per_tonne,SYNTHETIC_DEMO
2019-04-14,iron_ore,110.03,USD,per_tonne,SYNTHETIC_DEMO
2019-04-14,grain,249.53,USD,per_tonne,SYNTHETIC_DEMO
2019-04-15,thermal_coal,154.45,USD,per_tonne,SYNTHETIC_DEMO
2019-04-15,iron_ore,110.28,USD,per_tonne,SYNTHETIC_DEMO
2019-04-15,grain,255.02,USD,per_tonne,SYNTHETIC_DEMO
2019-04-16,thermal_coal,154.04,USD,per_tonne,SYNTHETIC_DEMO
2019-04-16,iron_ore,109.83,USD,per_tonne,SYNTHETIC_DEMO
2019-04-16,grain,251.64,USD,per_tonne,SYNTHETIC_DEMO
2019-04-17,thermal_coal,154.1,USD,per_tonne,SYNTHETIC_DEMO
2019-04-17,iron_ore,109.99,USD,per_tonne,SYNTHETIC_DEMO
2019-04-17,grain,252.08,USD,per_tonne,SYNTHETIC_DEMO
2019-04-18,thermal_coal,153.98,USD,per_tonne,SYNTHETIC_DEMO
2019-04-18,iron_ore,109.64,USD,per_tonne,SYNTHETIC_DEMO
2019-04-18,grain,250.8,USD,per_tonne,SYNTHETIC_DEMO
2019-04-19,thermal_coal,153.33,USD,per_tonne,SYNTHETIC_DEMO
2019-04-19,iron_ore,109.56,USD,per_tonne,SYNTHETIC_DEMO
2019-04-19,grain,251.92,USD,per_tonne,SYNTHETIC_DEMO
2019-04-20,thermal_coal,152.18,USD,per_tonne,SYNTHETIC_DEMO
2019-04-20,iron_ore,109.39,USD,per_tonne,SYNTHETIC_DEMO
2019-04-20,grain,249.89,USD,per_tonne,SYNTHETIC_DEMO
2019-04-21,thermal_coal,152.56,USD,per_tonne,SYNTHETIC_DEMO
2019-04-21,iron_ore,108.85,USD,per_tonne,SYNTHETIC_DEMO
2019-04-21,grain,251.13,USD,per_tonne,SYNTHETIC_DEMO
2019-04-22,thermal_coal,151.86,USD,per_tonne,SYNTHETIC_DEMO
2019-04-22,iron_ore,108.33,USD,per_tonne,SYNTHETIC_DEMO
2019-04-22,grain,249.56,USD,per_tonne,SYNTHETIC_DEMO
2019-04-23,thermal_coal,152.35,USD,per_tonne,SYNTHETIC_DEMO
2019-04-23,iron_ore,108.08,USD,per_tonne,SYNTHETIC_DEMO
2019-04-23,grain,250.79,USD,per_tonne,SYNTHETIC_DEMO
2019-04-24,thermal_coal,151.08,USD,per_tonne,SYNTHETIC_DEMO
2019-04-24,iron_ore,108.63,USD,per_tonne,SYNTHETIC_DEMO
2019-04-24,grain,244.93,USD,per_tonne,SYNTHETIC_DEMO
2019-04-25,thermal_coal,151.93,USD,per_tonne,SYNTHETIC_DEMO
2019-04-25,iron_ore,110.23,USD,per_tonne,SYNTHETIC_DEMO
2019-04-25,grain,244.66,USD,per_tonne,SYNTHETIC_DEMO
2019-04-26,thermal_coal,151.54,USD,per_tonne,SYNTHETIC_DEMO
2019-04-26,iron_ore,109.9,USD,per_tonne,SYNTHETIC_DEMO
2019-04-26,grain,251.8,USD,per_tonne,SYNTHETIC_DEMO
2019-04-27,thermal_coal,151.2,USD,per_tonne,SYNTHETIC_DEMO
2019-04-27,iron_ore,109.57,USD,per_tonne,SYNTHETIC_DEMO
2019-04-27,grain,248.01,USD,per_tonne,SYNTHETIC_DEMO
2019-04-28,thermal_coal,151.17,USD,per_tonne,SYNTHETIC_DEMO
2019-04-28,iron_ore,109.51,USD,per_tonne,SYNTHETIC_DEMO
2019-04-28,grain,246.08,USD,per_tonne,SYNTHETIC_DEMO
2019-04-29,thermal_coal,149.98,USD,per_tonne,SYNTHETIC_DEMO
2019-04-29,iron_ore,108.66,USD,per_tonne,SYNTHETIC_DEMO
2019-04-29,grain,243.5,USD,per_tonne,SYNTHETIC_DEMO
2019-04-30,thermal_coal,150.27,USD,per_tonne,SYNTHETIC_DEMO
2019-04-30,iron_ore,108.09,USD,per_tonne,SYNTHETIC_DEMO
2019-04-30,grain,246.01,USD,per_tonne,SYNTHETIC_DEMO
2019-05-01,thermal_coal,151.05,USD,per_tonne,SYNTHETIC_DEMO
2019-05-01,iron_ore,107.1,USD,per_tonne,SYNTHETIC_DEMO
2019-05-01,grain,250.15,USD,per_tonne,SYNTHETIC_DEMO
2019-05-02,thermal_coal,151.29,USD,per_tonne,SYNTHETIC_DEMO
2019-05-02,iron_ore,106.8,USD,per_tonne,SYNTHETIC_DEMO
2019-05-02,grain,247.71,USD,per_tonne,SYNTHETIC_DEMO
2019-05-03,thermal_coal,151.82,USD,per_tonne,SYNTHETIC_DEMO
2019-05-03,iron_ore,106.96,USD,per_tonne,SYNTHETIC_DEMO
2019-05-03,grain,246.45,USD,per_tonne,SYNTHETIC_DEMO
2019-05-04,thermal_coal,152.06,USD,per_tonne,SYNTHETIC_DEMO
2019-05-04,iron_ore,107.65,USD,per_tonne,SYNTHETIC_DEMO
2019-05-04,grain,244.92,USD,per_tonne,SYNTHETIC_DEMO
2019-05-05,thermal_coal,153.19,USD,per_tonne,SYNTHETIC_DEMO
2019-05-05,iron_ore,107.56,USD,per_tonne,SYNTHETIC_DEMO
2019-05-05,grain,247.6,USD,per_tonne,SYNTHETIC_DEMO
2019-05-06,thermal_coal,151.48,USD,per_tonne,SYNTHETIC_DEMO
2019-05-06,iron_ore,107.07,USD,per_tonne,SYNTHETIC_DEMO
2019-05-06,grain,247.83,USD,per_tonne,SYNTHETIC_DEMO
2019-05-07,thermal_coal,150.22,USD,per_tonne,SYNTHETIC_DEMO
2019-05-07,iron_ore,107.42,USD,per_tonne,SYNTHETIC_DEMO
2019-05-07,grain,244.74,USD,per_tonne,SYNTHETIC_DEMO
2019-05-08,thermal_coal,150.53,USD,per_tonne,SYNTHETIC_DEMO
2019-05-08,iron_ore,106.33,USD,per_tonne,SYNTHETIC_DEMO
2019-05-08,grain,249.52,USD,per_tonne,SYNTHETIC_DEMO
2019-05-09,thermal_coal,151.28,USD,per_tonne,SYNTHETIC_DEMO
2019-05-09,iron_ore,106.16,USD,per_tonne,SYNTHETIC_DEMO
2019-05-09,grain,244.35,USD,per_tonne,SYNTHETIC_DEMO
2019-05-10,thermal_coal,152.66,USD,per_tonne,SYNTHETIC_DEMO
2019-05-10,iron_ore,106.47,USD,per_tonne,SYNTHETIC_DEMO
2019-05-10,grain,244.52,USD,per_tonne,SYNTHETIC_DEMO
2019-05-11,thermal_coal,151.39,USD,per_tonne,SYNTHETIC_DEMO
2019-05-11,iron_ore,106.52,USD,per_tonne,SYNTHETIC_DEMO
2019-05-11,grain,248.81,USD,per_tonne,SYNTHETIC_DEMO
2019-05-12,thermal_coal,151.74,USD,per_tonne,SYNTHETIC_DEMO
2019-05-12,iron_ore,105.61,USD,per_tonne,SYNTHETIC_DEMO
2019-05-12,grain,245.25,USD,per_tonne,SYNTHETIC_DEMO
2019-05-13,thermal_coal,152.42,USD,per_tonne,SYNTHETIC_DEMO
2019-05-13,iron_ore,105.49,USD,per_tonne,SYNTHETIC_DEMO
2019-05-13,grain,244.27,USD,per_tonne,SYNTHETIC_DEMO
2019-05-14,thermal_coal,153.12,USD,per_tonne,SYNTHETIC_DEMO
2019-05-14,iron_ore,102.39,USD,per_tonne,SYNTHETIC_DEMO
2019-05-14,grain,245.37,USD,per_tonne,SYNTHETIC_DEMO
2019-05-15,thermal_coal,151.99,USD,per_tonne,SYNTHETIC_DEMO
2019-05-15,iron_ore,102.64,USD,per_tonne,SYNTHETIC_DEMO
2019-05-15,grain,244.81,USD,per_tonne,SYNTHETIC_DEMO
2019-05-16,thermal_coal,152.81,USD,per_tonne,SYNTHETIC_DEMO
2019-05-16,iron_ore,101.73,USD,per_tonne,SYNTHETIC_DEMO
2019-05-16,grain,245.74,USD,per_tonne,SYNTHETIC_DEMO
2019-05-17,thermal_coal,152.71,USD,per_tonne,SYNTHETIC_DEMO
2019-05-17,iron_ore,100.92,USD,per_tonne,SYNTHETIC_DEMO
2019-05-17,grain,242.19,USD,per_tonne,SYNTHETIC_DEMO
2019-05-18,thermal_coal,152.31,USD,per_tonne,SYNTHETIC_DEMO
2019-05-18,iron_ore,101.16,USD,per_tonne,SYNTHETIC_DEMO
2019-05-18,grain,243.55,USD,per_tonne,SYNTHETIC_DEMO
2019-05-19,thermal_coal,152.32,USD,per_tonne,SYNTHETIC_DEMO
2019-05-19,iron_ore,101.92,USD,per_tonne,SYNTHETIC_DEMO
2019-05-19,grain,240.77,USD,per_tonne,SYNTHETIC_DEMO
2019-05-20,thermal_coal,151.88,USD,per_tonne,SYNTHETIC_DEMO
2019-05-20,iron_ore,101.09,USD,per_tonne,SYNTHETIC_DEMO
2019-05-20,grain,243.86,USD,per_tonne,SYNTHETIC_DEMO
2019-05-21,thermal_coal,151.45,USD,per_tonne,SYNTHETIC_DEMO
2019-05-21,iron_ore,100.43,USD,per_tonne,SYNTHETIC_DEMO
2019-05-21,grain,243.07,USD,per_tonne,SYNTHETIC_DEMO
2019-05-22,thermal_coal,150.88,USD,per_tonne,SYNTHETIC_DEMO
2019-05-22,iron_ore,100.8,USD,per_tonne,SYNTHETIC_DEMO
2019-05-22,grain,242.8,USD,per_tonne,SYNTHETIC_DEMO
2019-05-23,thermal_coal,150.76,USD,per_tonne,SYNTHETIC_DEMO
2019-05-23,iron_ore,100.86,USD,per_tonne,SYNTHETIC_DEMO
2019-05-23,grain,242.81,USD,per_tonne,SYNTHETIC_DEMO
2019-05-24,thermal_coal,151.13,USD,per_tonne,SYNTHETIC_DEMO
2019-05-24,iron_ore,100.84,USD,per_tonne,SYNTHETIC_DEMO
2019-05-24,grain,243.14,USD,per_tonne,SYNTHETIC_DEMO
2019-05-25,thermal_coal,150.66,USD,per_tonne,SYNTHETIC_DEMO
2019-05-25,iron_ore,101.6,USD,per_tonne,SYNTHETIC_DEMO
2019-05-25,grain,243.76,USD,per_tonne,SYNTHETIC_DEMO
2019-05-26,thermal_coal,149.49,USD,per_tonne,SYNTHETIC_DEMO
2019-05-26,iron_ore,101.07,USD,per_tonne,SYNTHETIC_DEMO
2019-05-26,grain,241.14,USD,per_tonne,SYNTHETIC_DEMO
2019-05-27,thermal_coal,148.57,USD,per_tonne,SYNTHETIC_DEMO
2019-05-27,iron_ore,100.82,USD,per_tonne,SYNTHETIC_DEMO
2019-05-27,grain,241.46,USD,per_tonne,SYNTHETIC_DEMO
2019-05-28,thermal_coal,149.12,USD,per_tonne,SYNTHETIC_DEMO
2019-05-28,iron_ore,100.41,USD,per_tonne,SYNTHETIC_DEMO
2019-05-28,grain,244.28,USD,per_tonne,SYNTHETIC_DEMO
2019-05-29,thermal_coal,147.86,USD,per_tonne,SYNTHETIC_DEMO
2019-05-29,iron_ore,100.05,USD,per_tonne,SYNTHETIC_DEMO
2019-05-29,grain,243.37,USD,per_tonne,SYNTHETIC_DEMO
2019-05-30,thermal_coal,147.08,USD,per_tonne,SYNTHETIC_DEMO
2019-05-30,iron_ore,99.49,USD,per_tonne,SYNTHETIC_DEMO
2019-05-30,grain,238.92,USD,per_tonne,SYNTHETIC_DEMO
2019-05-31,thermal_coal,146.75,USD,per_tonne,SYNTHETIC_DEMO
2019-05-31,iron_ore,100.12,USD,per_tonne,SYNTHETIC_DEMO
2019-05-31,grain,243.19,USD,per_tonne,SYNTHETIC_DEMO
2019-06-01,thermal_coal,146.85,USD,per_tonne,SYNTHETIC_DEMO
2019-06-01,iron_ore,100.19,USD,per_tonne,SYNTHETIC_DEMO
2019-06-01,grain,241.88,USD,per_tonne,SYNTHETIC_DEMO
2019-06-02,thermal_coal,145.86,USD,per_tonne,SYNTHETIC_DEMO
2019-06-02,iron_ore,100.1,USD,per_tonne,SYNTHETIC_DEMO
2019-06-02,grain,244.23,USD,per_tonne,SYNTHETIC_DEMO
2019-06-03,thermal_coal,146.6,USD,per_tonne,SYNTHETIC_DEMO
2019-06-03,iron_ore,100.81,USD,per_tonne,SYNTHETIC_DEMO
2019-06-03,grain,238.04,USD,per_tonne,SYNTHETIC_DEMO
2019-06-04,thermal_coal,147.94,USD,per_tonne,SYNTHETIC_DEMO
2019-06-04,iron_ore,101.77,USD,per_tonne,SYNTHETIC_DEMO
2019-06-04,grain,241.04,USD,per_tonne,SYNTHETIC_DEMO
2019-06-05,thermal_coal,148.29,USD,per_tonne,SYNTHETIC_DEMO
2019-06-05,iron_ore,102.3,USD,per_tonne,SYNTHETIC_DEMO
2019-06-05,grain,240.65,USD,per_tonne,SYNTHETIC_DEMO
2019-06-06,thermal_coal,148.89,USD,per_tonne,SYNTHETIC_DEMO
2019-06-06,iron_ore,102.18,USD,per_tonne,SYNTHETIC_DEMO
2019-06-06,grain,243.93,USD,per_tonne,SYNTHETIC_DEMO
2019-06-07,thermal_coal,148.36,USD,per_tonne,SYNTHETIC_DEMO
2019-06-07,iron_ore,103.03,USD,per_tonne,SYNTHETIC_DEMO
2019-06-07,grain,240.09,USD,per_tonne,SYNTHETIC_DEMO
2019-06-08,thermal_coal,147.13,USD,per_tonne,SYNTHETIC_DEMO
2019-06-08,iron_ore,102.19,USD,per_tonne,SYNTHETIC_DEMO
2019-06-08,grain,240.33,USD,per_tonne,SYNTHETIC_DEMO
2019-06-09,thermal_coal,147.49,USD,per_tonne,SYNTHETIC_DEMO
2019-06-09,iron_ore,102.7,USD,per_tonne,SYNTHETIC_DEMO
2019-06-09,grain,241.76,USD,per_tonne,SYNTHETIC_DEMO
2019-06-10,thermal_coal,147.64,USD,per_tonne,SYNTHETIC_DEMO
2019-06-10,iron_ore,102.44,USD,per_tonne,SYNTHETIC_DEMO
2019-06-10,grain,242.56,USD,per_tonne,SYNTHETIC_DEMO
2019-06-11,thermal_coal,147.26,USD,per_tonne,SYNTHETIC_DEMO
2019-06-11,iron_ore,101.11,USD,per_tonne,SYNTHETIC_DEMO
2019-06-11,grain,237.43,USD,per_tonne,SYNTHETIC_DEMO
2019-06-12,thermal_coal,147.17,USD,per_tonne,SYNTHETIC_DEMO
2019-06-12,iron_ore,100.89,USD,per_tonne,SYNTHETIC_DEMO
2019-06-12,grain,237.68,USD,per_tonne,SYNTHETIC_DEMO
2019-06-13,thermal_coal,146.99,USD,per_tonne,SYNTHETIC_DEMO
2019-06-13,iron_ore,101.57,USD,per_tonne,SYNTHETIC_DEMO
2019-06-13,grain,239.2,USD,per_tonne,SYNTHETIC_DEMO
2019-06-14,thermal_coal,146.79,USD,per_tonne,SYNTHETIC_DEMO
2019-06-14,iron_ore,101.76,USD,per_tonne,SYNTHETIC_DEMO
2019-06-14,grain,240.69,USD,per_tonne,SYNTHETIC_DEMO
2019-06-15,thermal_coal,146.95,USD,per_tonne,SYNTHETIC_DEMO
2019-06-15,iron_ore,102.27,USD,per_tonne,SYNTHETIC_DEMO
2019-06-15,grain,235.22,USD,per_tonne,SYNTHETIC_DEMO
2019-06-16,thermal_coal,145.35,USD,per_tonne,SYNTHETIC_DEMO
2019-06-16,iron_ore,101.52,USD,per_tonne,SYNTHETIC_DEMO
2019-06-16,grain,237.23,USD,per_tonne,SYNTHETIC_DEMO
2019-06-17,thermal_coal,144.88,USD,per_tonne,SYNTHETIC_DEMO
2019-06-17,iron_ore,101.66,USD,per_tonne,SYNTHETIC_DEMO
2019-06-17,grain,242.26,USD,per_tonne,SYNTHETIC_DEMO
2019-06-18,thermal_coal,144.69,USD,per_tonne,SYNTHETIC_DEMO
2019-06-18,iron_ore,102.0,USD,per_tonne,SYNTHETIC_DEMO
2019-06-18,grain,235.34,USD,per_tonne,SYNTHETIC_DEMO
2019-06-19,thermal_coal,144.0,USD,per_tonne,SYNTHETIC_DEMO
2019-06-19,iron_ore,102.2,USD,per_tonne,SYNTHETIC_DEMO
2019-06-19,grain,235.9,USD,per_tonne,SYNTHETIC_DEMO
2019-06-20,thermal_coal,144.84,USD,per_tonne,SYNTHETIC_DEMO
2019-06-20,iron_ore,101.31,USD,per_tonne,SYNTHETIC_DEMO
2019-06-20,grain,237.91,USD,per_tonne,SYNTHETIC_DEMO
2019-06-21,thermal_coal,144.17,USD,per_tonne,SYNTHETIC_DEMO
2019-06-21,iron_ore,100.52,USD,per_tonne,SYNTHETIC_DEMO
2019-06-21,grain,236.31,USD,per_tonne,SYNTHETIC_DEMO
2019-06-22,thermal_coal,143.13,USD,per_tonne,SYNTHETIC_DEMO
2019-06-22,iron_ore,101.38,USD,per_tonne,SYNTHETIC_DEMO
2019-06-22,grain,239.28,USD,per_tonne,SYNTHETIC_DEMO
2019-06-23,thermal_coal,143.06,USD,per_tonne,SYNTHETIC_DEMO
2019-06-23,iron_ore,101.64,USD,per_tonne,SYNTHETIC_DEMO
2019-06-23,grain,241.74,USD,per_tonne,SYNTHETIC_DEMO
2019-06-24,thermal_coal,142.36,USD,per_tonne,SYNTHETIC_DEMO
2019-06-24,iron_ore,101.71,USD,per_tonne,SYNTHETIC_DEMO
2019-06-24,grain,237.39,USD,per_tonne,SYNTHETIC_DEMO
2019-06-25,thermal_coal,142.48,USD,per_tonne,SYNTHETIC_DEMO
2019-06-25,iron_ore,102.14,USD,per_tonne,SYNTHETIC_DEMO
2019-06-25,grain,240.35,USD,per_tonne,SYNTHETIC_DEMO
2019-06-26,thermal_coal,141.41,USD,per_tonne,SYNTHETIC_DEMO
2019-06-26,iron_ore,101.62,USD,per_tonne,SYNTHETIC_DEMO
2019-06-26,grain,234.22,USD,per_tonne,SYNTHETIC_DEMO
2019-06-27,thermal_coal,141.02,USD,per_tonne,SYNTHETIC_DEMO
2019-06-27,iron_ore,100.79,USD,per_tonne,SYNTHETIC_DEMO
2019-06-27,grain,238.0,USD,per_tonne,SYNTHETIC_DEMO
2019-06-28,thermal_coal,141.8,USD,per_tonne,SYNTHETIC_DEMO
2019-06-28,iron_ore,100.82,USD,per_tonne,SYNTHETIC_DEMO
2019-06-28,grain,233.78,USD,per_tonne,SYNTHETIC_DEMO
2019-06-29,thermal_coal,141.91,USD,per_tonne,SYNTHETIC_DEMO
2019-06-29,iron_ore,101.68,USD,per_tonne,SYNTHETIC_DEMO
2019-06-29,grain,235.51,USD,per_tonne,SYNTHETIC_DEMO
2019-06-30,thermal_coal,142.89,USD,per_tonne,SYNTHETIC_DEMO
2019-06-30,iron_ore,102.03,USD,per_tonne,SYNTHETIC_DEMO
2019-06-30,grain,238.21,USD,per_tonne,SYNTHETIC_DEMO
2019-07-01,thermal_coal,143.75,USD,per_tonne,SYNTHETIC_DEMO
2019-07-01,iron_ore,101.22,USD,per_tonne,SYNTHETIC_DEMO
2019-07-01,grain,234.52,USD,per_tonne,SYNTHETIC_DEMO
2019-07-02,thermal_coal,143.16,USD,per_tonne,SYNTHETIC_DEMO
2019-07-02,iron_ore,100.71,USD,per_tonne,SYNTHETIC_DEMO
2019-07-02,grain,239.11,USD,per_tonne,SYNTHETIC_DEMO
2019-07-03,thermal_coal,142.58,USD,per_tonne,SYNTHETIC_DEMO
2019-07-03,iron_ore,101.42,USD,per_tonne,SYNTHETIC_DEMO
2019-07-03,grain,237.1,USD,per_tonne,SYNTHETIC_DEMO
2019-07-04,thermal_coal,142.5,USD,per_tonne,SYNTHETIC_DEMO
2019-07-04,iron_ore,101.58,USD,per_tonne,SYNTHETIC_DEMO
2019-07-04,grain,233.21,USD,per_tonne,SYNTHETIC_DEMO
2019-07-05,thermal_coal,143.08,USD,per_tonne,SYNTHETIC_DEMO
2019-07-05,iron_ore,101.33,USD,per_tonne,SYNTHETIC_DEMO
2019-07-05,grain,238.94,USD,per_tonne,SYNTHETIC_DEMO
2019-07-06,thermal_coal,142.05,USD,per_tonne,SYNTHETIC_DEMO
2019-07-06,iron_ore,103.17,USD,per_tonne,SYNTHETIC_DEMO
2019-07-06,grain,234.78,USD,per_tonne,SYNTHETIC_DEMO
2019-07-07,thermal_coal,142.38,USD,per_tonne,SYNTHETIC_DEMO
2019-07-07,iron_ore,103.42,USD,per_tonne,SYNTHETIC_DEMO
2019-07-07,grain,235.13,USD,per_tonne,SYNTHETIC_DEMO
2019-07-08,thermal_coal,142.09,USD,per_tonne,SYNTHETIC_DEMO
2019-07-08,iron_ore,102.54,USD,per_tonne,SYNTHETIC_DEMO
2019-07-08,grain,235.22,USD,per_tonne,SYNTHETIC_DEMO
2019-07-09,thermal_coal,141.09,USD,per_tonne,SYNTHETIC_DEMO
2019-07-09,iron_ore,103.01,USD,per_tonne,SYNTHETIC_DEMO
2019-07-09,grain,231.38,USD,per_tonne,SYNTHETIC_DEMO
2019-07-10,thermal_coal,141.17,USD,per_tonne,SYNTHETIC_DEMO
2019-07-10,iron_ore,103.04,USD,per_tonne,SYNTHETIC_DEMO
2019-07-10,grain,235.34,USD,per_tonne,SYNTHETIC_DEMO
2019-07-11,thermal_coal,140.82,USD,per_tonne,SYNTHETIC_DEMO
2019-07-11,iron_ore,104.5,USD,per_tonne,SYNTHETIC_DEMO
2019-07-11,grain,236.0,USD,per_tonne,SYNTHETIC_DEMO
2019-07-12,thermal_coal,141.04,USD,per_tonne,SYNTHETIC_DEMO
2019-07-12,iron_ore,104.33,USD,per_tonne,SYNTHETIC_DEMO
2019-07-12,grain,232.24,USD,per_tonne,SYNTHETIC_DEMO
2019-07-13,thermal_coal,141.13,USD,per_tonne,SYNTHETIC_DEMO
2019-07-13,iron_ore,103.85,USD,per_tonne,SYNTHETIC_DEMO
2019-07-13,grain,234.98,USD,per_tonne,SYNTHETIC_DEMO
2019-07-14,thermal_coal,139.79,USD,per_tonne,SYNTHETIC_DEMO
2019-07-14,iron_ore,104.78,USD,per_tonne,SYNTHETIC_DEMO
2019-07-14,grain,236.76,USD,per_tonne,SYNTHETIC_DEMO
2019-07-15,thermal_coal,138.32,USD,per_tonne,SYNTHETIC_DEMO
2019-07-15,iron_ore,105.56,USD,per_tonne,SYNTHETIC_DEMO
2019-07-15,grain,235.85,USD,per_tonne,SYNTHETIC_DEMO
2019-07-16,thermal_coal,135.68,USD,per_tonne,SYNTHETIC_DEMO
2019-07-16,iron_ore,105.97,USD,per_tonne,SYNTHETIC_DEMO
2019-07-16,grain,233.96,USD,per_tonne,SYNTHETIC_DEMO
2019-07-17,thermal_coal,137.16,USD,per_tonne,SYNTHETIC_DEMO
2019-07-17,iron_ore,107.41,USD,per_tonne,SYNTHETIC_DEMO
2019-07-17,grain,238.61,USD,per_tonne,SYNTHETIC_DEMO
2019-07-18,thermal_coal,137.51,USD,per_tonne,SYNTHETIC_DEMO
2019-07-18,iron_ore,108.5,USD,per_tonne,SYNTHETIC_DEMO
2019-07-18,grain,239.68,USD,per_tonne,SYNTHETIC_DEMO
2019-07-19,thermal_coal,137.68,USD,per_tonne,SYNTHETIC_DEMO
2019-07-19,iron_ore,107.93,USD,per_tonne,SYNTHETIC_DEMO
2019-07-19,grain,236.01,USD,per_tonne,SYNTHETIC_DEMO
2019-07-20,thermal_coal,136.42,USD,per_tonne,SYNTHETIC_DEMO
2019-07-20,iron_ore,108.04,USD,per_tonne,SYNTHETIC_DEMO
2019-07-20,grain,236.03,USD,per_tonne,SYNTHETIC_DEMO
2019-07-21,thermal_coal,136.0,USD,per_tonne,SYNTHETIC_DEMO
2019-07-21,iron_ore,107.63,USD,per_tonne,SYNTHETIC_DEMO
2019-07-21,grain,234.73,USD,per_tonne,SYNTHETIC_DEMO
2019-07-22,thermal_coal,134.85,USD,per_tonne,SYNTHETIC_DEMO
2019-07-22,iron_ore,106.88,USD,per_tonne,SYNTHETIC_DEMO
2019-07-22,grain,235.25,USD,per_tonne,SYNTHETIC_DEMO
2019-07-23,thermal_coal,134.82,USD,per_tonne,SYNTHETIC_DEMO
2019-07-23,iron_ore,106.84,USD,per_tonne,SYNTHETIC_DEMO
2019-07-23,grain,235.29,USD,per_tonne,SYNTHETIC_DEMO
2019-07-24,thermal_coal,134.63,USD,per_tonne,SYNTHETIC_DEMO
2019-07-24,iron_ore,107.17,USD,per_tonne,SYNTHETIC_DEMO
2019-07-24,grain,234.4,USD,per_tonne,SYNTHETIC_DEMO
2019-07-25,thermal_coal,134.13,USD,per_tonne,SYNTHETIC_DEMO
2019-07-25,iron_ore,107.79,USD,per_tonne,SYNTHETIC_DEMO
2019-07-25,grain,233.73,USD,per_tonne,SYNTHETIC_DEMO
2019-07-26,thermal_coal,134.44,USD,per_tonne,SYNTHETIC_DEMO
2019-07-26,iron_ore,107.42,USD,per_tonne,SYNTHETIC_DEMO
2019-07-26,grain,235.26,USD,per_tonne,SYNTHETIC_DEMO
2019-07-27,thermal_coal,134.43,USD,per_tonne,SYNTHETIC_DEMO
2019-07-27,iron_ore,106.91,USD,per_tonne,SYNTHETIC_DEMO
2019-07-27,grain,233.29,USD,per_tonne,SYNTHETIC_DEMO
2019-07-28,thermal_coal,134.24,USD,per_tonne,SYNTHETIC_DEMO
2019-07-28,iron_ore,106.74,USD,per_tonne,SYNTHETIC_DEMO
2019-07-28,grain,233.94,USD,per_tonne,SYNTHETIC_DEMO
2019-07-29,thermal_coal,134.18,USD,per_tonne,SYNTHETIC_DEMO
2019-07-29,iron_ore,105.92,USD,per_tonne,SYNTHETIC_DEMO
2019-07-29,grain,233.18,USD,per_tonne,SYNTHETIC_DEMO
2019-07-30,thermal_coal,133.99,USD,per_tonne,SYNTHETIC_DEMO
2019-07-30,iron_ore,106.14,USD,per_tonne,SYNTHETIC_DEMO
2019-07-30,grain,236.37,USD,per_tonne,SYNTHETIC_DEMO
2019-07-31,thermal_coal,133.68,USD,per_tonne,SYNTHETIC_DEMO
2019-07-31,iron_ore,106.14,USD,per_tonne,SYNTHETIC_DEMO
2019-07-31,grain,237.79,USD,per_tonne,SYNTHETIC_DEMO
2019-08-01,thermal_coal,133.71,USD,per_tonne,SYNTHETIC_DEMO
2019-08-01,iron_ore,105.49,USD,per_tonne,SYNTHETIC_DEMO
2019-08-01,grain,236.68,USD,per_tonne,SYNTHETIC_DEMO
2019-08-02,thermal_coal,133.62,USD,per_tonne,SYNTHETIC_DEMO
2019-08-02,iron_ore,105.98,USD,per_tonne,SYNTHETIC_DEMO
2019-08-02,grain,233.83,USD,per_tonne,SYNTHETIC_DEMO
2019-08-03,thermal_coal,131.85,USD,per_tonne,SYNTHETIC_DEMO
2019-08-03,iron_ore,105.56,USD,per_tonne,SYNTHETIC_DEMO
2019-08-03,grain,233.96,USD,per_tonne,SYNTHETIC_DEMO
2019-08-04,thermal_coal,131.49,USD,per_tonne,SYNTHETIC_DEMO
2019-08-04,iron_ore,105.77,USD,per_tonne,SYNTHETIC_DEMO
2019-08-04,grain,233.46,USD,per_tonne,SYNTHETIC_DEMO
2019-08-05,thermal_coal,130.7,USD,per_tonne,SYNTHETIC_DEMO
2019-08-05,iron_ore,105.61,USD,per_tonne,SYNTHETIC_DEMO
2019-08-05,grain,234.36,USD,per_tonne,SYNTHETIC_DEMO
2019-08-06,thermal_coal,130.25,USD,per_tonne,SYNTHETIC_DEMO
2019-08-06,iron_ore,106.35,USD,per_tonne,SYNTHETIC_DEMO
2019-08-06,grain,234.97,USD,per_tonne,SYNTHETIC_DEMO
2019-08-07,thermal_coal,130.43,USD,per_tonne,SYNTHETIC_DEMO
2019-08-07,iron_ore,106.89,USD,per_tonne,SYNTHETIC_DEMO
2019-08-07,grain,239.04,USD,per_tonne,SYNTHETIC_DEMO
2019-08-08,thermal_coal,130.72,USD,per_tonne,SYNTHETIC_DEMO
2019-08-08,iron_ore,106.63,USD,per_tonne,SYNTHETIC_DEMO
2019-08-08,grain,235.17,USD,per_tonne,SYNTHETIC_DEMO
2019-08-09,thermal_coal,129.34,USD,per_tonne,SYNTHETIC_DEMO
2019-08-09,iron_ore,105.83,USD,per_tonne,SYNTHETIC_DEMO
2019-08-09,grain,235.35,USD,per_tonne,SYNTHETIC_DEMO
2019-08-10,thermal_coal,128.62,USD,per_tonne,SYNTHETIC_DEMO
2019-08-10,iron_ore,105.8,USD,per_tonne,SYNTHETIC_DEMO
2019-08-10,grain,233.71,USD,per_tonne,SYNTHETIC_DEMO
2019-08-11,thermal_coal,129.81,USD,per_tonne,SYNTHETIC_DEMO
2019-08-11,iron_ore,105.18,USD,per_tonne,SYNTHETIC_DEMO
2019-08-11,grain,238.6,USD,per_tonne,SYNTHETIC_DEMO
2019-08-12,thermal_coal,130.03,USD,per_tonne,SYNTHETIC_DEMO
2019-08-12,iron_ore,104.51,USD,per_tonne,SYNTHETIC_DEMO
2019-08-12,grain,235.85,USD,per_tonne,SYNTHETIC_DEMO
2019-08-13,thermal_coal,130.34,USD,per_tonne,SYNTHETIC_DEMO
2019-08-13,iron_ore,104.97,USD,per_tonne,SYNTHETIC_DEMO
2019-08-13,grain,234.12,USD,per_tonne,SYNTHETIC_DEMO
2019-08-14,thermal_coal,130.13,USD,per_tonne,SYNTHETIC_DEMO
2019-08-14,iron_ore,105.53,USD,per_tonne,SYNTHETIC_DEMO
2019-08-14,grain,237.16,USD,per_tonne,SYNTHETIC_DEMO
2019-08-15,thermal_coal,130.91,USD,per_tonne,SYNTHETIC_DEMO
2019-08-15,iron_ore,105.73,USD,per_tonne,SYNTHETIC_DEMO
2019-08-15,grain,236.58,USD,per_tonne,SYNTHETIC_DEMO
2019-08-16,thermal_coal,131.22,USD,per_tonne,SYNTHETIC_DEMO
2019-08-16,iron_ore,105.58,USD,per_tonne,SYNTHETIC_DEMO
2019-08-16,grain,239.6,USD,per_tonne,SYNTHETIC_DEMO
2019-08-17,thermal_coal,132.65,USD,per_tonne,SYNTHETIC_DEMO
2019-08-17,iron_ore,104.99,USD,per_tonne,SYNTHETIC_DEMO
2019-08-17,grain,236.04,USD,per_tonne,SYNTHETIC_DEMO
2019-08-18,thermal_coal,132.38,USD,per_tonne,SYNTHETIC_DEMO
2019-08-18,iron_ore,105.02,USD,per_tonne,SYNTHETIC_DEMO
2019-08-18,grain,238.7,USD,per_tonne,SYNTHETIC_DEMO
2019-08-19,thermal_coal,133.24,USD,per_tonne,SYNTHETIC_DEMO
2019-08-19,iron_ore,104.9,USD,per_tonne,SYNTHETIC_DEMO
2019-08-19,grain,237.57,USD,per_tonne,SYNTHETIC_DEMO
2019-08-20,thermal_coal,132.35,USD,per_tonne,SYNTHETIC_DEMO
2019-08-20,iron_ore,105.48,USD,per_tonne,SYNTHETIC_DEMO
2019-08-20,grain,234.96,USD,per_tonne,SYNTHETIC_DEMO
2019-08-21,thermal_coal,132.47,USD,per_tonne,SYNTHETIC_DEMO
2019-08-21,iron_ore,107.02,USD,per_tonne,SYNTHETIC_DEMO
2019-08-21,grain,234.07,USD,per_tonne,SYNTHETIC_DEMO
2019-08-22,thermal_coal,132.26,USD,per_tonne,SYNTHETIC_DEMO
2019-08-22,iron_ore,106.74,USD,per_tonne,SYNTHETIC_DEMO
2019-08-22,grain,235.35,USD,per_tonne,SYNTHETIC_DEMO
2019-08-23,thermal_coal,132.16,USD,per_tonne,SYNTHETIC_DEMO
2019-08-23,iron_ore,107.38,USD,per_tonne,SYNTHETIC_DEMO
2019-08-23,grain,239.21,USD,per_tonne,SYNTHETIC_DEMO
2019-08-24,thermal_coal,130.65,USD,per_tonne,SYNTHETIC_DEMO
2019-08-24,iron_ore,107.1,USD,per_tonne,SYNTHETIC_DEMO
2019-08-24,grain,238.86,USD,per_tonne,SYNTHETIC_DEMO
2019-08-25,thermal_coal,129.97,USD,per_tonne,SYNTHETIC_DEMO
2019-08-25,iron_ore,106.61,USD,per_tonne,SYNTHETIC_DEMO
2019-08-25,grain,235.71,USD,per_tonne,SYNTHETIC_DEMO
2019-08-26,thermal_coal,130.83,USD,per_tonne,SYNTHETIC_DEMO
2019-08-26,iron_ore,107.37,USD,per_tonne,SYNTHETIC_DEMO
2019-08-26,grain,234.94,USD,per_tonne,SYNTHETIC_DEMO
2019-08-27,thermal_coal,130.44,USD,per_tonne,SYNTHETIC_DEMO
2019-08-27,iron_ore,108.06,USD,per_tonne,SYNTHETIC_DEMO
2019-08-27,grain,238.05,USD,per_tonne,SYNTHETIC_DEMO
2019-08-28,thermal_coal,130.3,USD,per_tonne,SYNTHETIC_DEMO
2019-08-28,iron_ore,107.04,USD,per_tonne,SYNTHETIC_DEMO
2019-08-28,grain,239.28,USD,per_tonne,SYNTHETIC_DEMO
2019-08-29,thermal_coal,129.14,USD,per_tonne,SYNTHETIC_DEMO
2019-08-29,iron_ore,107.46,USD,per_tonne,SYNTHETIC_DEMO
2019-08-29,grain,238.31,USD,per_tonne,SYNTHETIC_DEMO
2019-08-30,thermal_coal,128.88,USD,per_tonne,SYNTHETIC_DEMO
2019-08-30,iron_ore,107.79,USD,per_tonne,SYNTHETIC_DEMO
2019-08-30,grain,237.45,USD,per_tonne,SYNTHETIC_DEMO
2019-08-31,thermal_coal,130.3,USD,per_tonne,SYNTHETIC_DEMO
2019-08-31,iron_ore,108.19,USD,per_tonne,SYNTHETIC_DEMO
2019-08-31,grain,236.9,USD,per_tonne,SYNTHETIC_DEMO
2019-09-01,thermal_coal,130.92,USD,per_tonne,SYNTHETIC_DEMO
2019-09-01,iron_ore,108.31,USD,per_tonne,SYNTHETIC_DEMO
2019-09-01,grain,235.63,USD,per_tonne,SYNTHETIC_DEMO
2019-09-02,thermal_coal,130.8,USD,per_tonne,SYNTHETIC_DEMO
2019-09-02,iron_ore,107.66,USD,per_tonne,SYNTHETIC_DEMO
2019-09-02,grain,238.76,USD,per_tonne,SYNTHETIC_DEMO
2019-09-03,thermal_coal,131.57,USD,per_tonne,SYNTHETIC_DEMO
2019-09-03,iron_ore,107.76,USD,per_tonne,SYNTHETIC_DEMO
2019-09-03,grain,235.83,USD,per_tonne,SYNTHETIC_DEMO
2019-09-04,thermal_coal,131.01,USD,per_tonne,SYNTHETIC_DEMO
2019-09-04,iron_ore,106.61,USD,per_tonne,SYNTHETIC_DEMO
2019-09-04,grain,236.53,USD,per_tonne,SYNTHETIC_DEMO
2019-09-05,thermal_coal,129.94,USD,per_tonne,SYNTHETIC_DEMO
2019-09-05,iron_ore,106.79,USD,per_tonne,SYNTHETIC_DEMO
2019-09-05,grain,239.13,USD,per_tonne,SYNTHETIC_DEMO
2019-09-06,thermal_coal,129.55,USD,per_tonne,SYNTHETIC_DEMO
2019-09-06,iron_ore,106.91,USD,per_tonne,SYNTHETIC_DEMO
2019-09-06,grain,241.15,USD,per_tonne,SYNTHETIC_DEMO
2019-09-07,thermal_coal,130.81,USD,per_tonne,SYNTHETIC_DEMO
2019-09-07,iron_ore,106.36,USD,per_tonne,SYNTHETIC_DEMO
2019-09-07,grain,239.95,USD,per_tonne,SYNTHETIC_DEMO
2019-09-08,thermal_coal,130.44,USD,per_tonne,SYNTHETIC_DEMO
2019-09-08,iron_ore,106.24,USD,per_tonne,SYNTHETIC_DEMO
2019-09-08,grain,238.12,USD,per_tonne,SYNTHETIC_DEMO
2019-09-09,thermal_coal,130.21,USD,per_tonne,SYNTHETIC_DEMO
2019-09-09,iron_ore,105.44,USD,per_tonne,SYNTHETIC_DEMO
2019-09-09,grain,239.46,USD,per_tonne,SYNTHETIC_DEMO
2019-09-10,thermal_coal,131.14,USD,per_tonne,SYNTHETIC_DEMO
2019-09-10,iron_ore,106.66,USD,per_tonne,SYNTHETIC_DEMO
2019-09-10,grain,241.0,USD,per_tonne,SYNTHETIC_DEMO
2019-09-11,thermal_coal,131.08,USD,per_tonne,SYNTHETIC_DEMO
2019-09-11,iron_ore,107.91,USD,per_tonne,SYNTHETIC_DEMO
2019-09-11,grain,242.01,USD,per_tonne,SYNTHETIC_DEMO
2019-09-12,thermal_coal,130.7,USD,per_tonne,SYNTHETIC_DEMO
2019-09-12,iron_ore,108.45,USD,per_tonne,SYNTHETIC_DEMO
2019-09-12,grain,239.21,USD,per_tonne,SYNTHETIC_DEMO
2019-09-13,thermal_coal,129.21,USD,per_tonne,SYNTHETIC_DEMO
2019-09-13,iron_ore,109.57,USD,per_tonne,SYNTHETIC_DEMO
2019-09-13,grain,239.46,USD,per_tonne,SYNTHETIC_DEMO
2019-09-14,thermal_coal,129.4,USD,per_tonne,SYNTHETIC_DEMO
2019-09-14,iron_ore,109.69,USD,per_tonne,SYNTHETIC_DEMO
2019-09-14,grain,241.19,USD,per_tonne,SYNTHETIC_DEMO
2019-09-15,thermal_coal,130.34,USD,per_tonne,SYNTHETIC_DEMO
2019-09-15,iron_ore,110.42,USD,per_tonne,SYNTHETIC_DEMO
2019-09-15,grain,240.69,USD,per_tonne,SYNTHETIC_DEMO
2019-09-16,thermal_coal,130.2,USD,per_tonne,SYNTHETIC_DEMO
2019-09-16,iron_ore,109.88,USD,per_tonne,SYNTHETIC_DEMO
2019-09-16,grain,244.69,USD,per_tonne,SYNTHETIC_DEMO
2019-09-17,thermal_coal,130.76,USD,per_tonne,SYNTHETIC_DEMO
2019-09-17,iron_ore,110.53,USD,per_tonne,SYNTHETIC_DEMO
2019-09-17,grain,239.49,USD,per_tonne,SYNTHETIC_DEMO
2019-09-18,thermal_coal,130.72,USD,per_tonne,SYNTHETIC_DEMO
2019-09-18,iron_ore,110.41,USD,per_tonne,SYNTHETIC_DEMO
2019-09-18,grain,240.96,USD,per_tonne,SYNTHETIC_DEMO
2019-09-19,thermal_coal,131.55,USD,per_tonne,SYNTHETIC_DEMO
2019-09-19,iron_ore,110.41,USD,per_tonne,SYNTHETIC_DEMO
2019-09-19,grain,243.27,USD,per_tonne,SYNTHETIC_DEMO
2019-09-20,thermal_coal,130.5,USD,per_tonne,SYNTHETIC_DEMO
2019-09-20,iron_ore,110.76,USD,per_tonne,SYNTHETIC_DEMO
2019-09-20,grain,239.16,USD,per_tonne,SYNTHETIC_DEMO
2019-09-21,thermal_coal,130.88,USD,per_tonne,SYNTHETIC_DEMO
2019-09-21,iron_ore,110.92,USD,per_tonne,SYNTHETIC_DEMO
2019-09-21,grain,244.52,USD,per_tonne,SYNTHETIC_DEMO
2019-09-22,thermal_coal,130.38,USD,per_tonne,SYNTHETIC_DEMO
2019-09-22,iron_ore,110.61,USD,per_tonne,SYNTHETIC_DEMO
2019-09-22,grain,239.08,USD,per_tonne,SYNTHETIC_DEMO
2019-09-23,thermal_coal,130.25,USD,per_tonne,SYNTHETIC_DEMO
2019-09-23,iron_ore,110.73,USD,per_tonne,SYNTHETIC_DEMO
2019-09-23,grain,237.44,USD,per_tonne,SYNTHETIC_DEMO
2019-09-24,thermal_coal,129.77,USD,per_tonne,SYNTHETIC_DEMO
2019-09-24,iron_ore,112.2,USD,per_tonne,SYNTHETIC_DEMO
2019-09-24,grain,244.63,USD,per_tonne,SYNTHETIC_DEMO
2019-09-25,thermal_coal,130.73,USD,per_tonne,SYNTHETIC_DEMO
2019-09-25,iron_ore,112.77,USD,per_tonne,SYNTHETIC_DEMO
2019-09-25,grain,242.35,USD,per_tonne,SYNTHETIC_DEMO
2019-09-26,thermal_coal,130.32,USD,per_tonne,SYNTHETIC_DEMO
2019-09-26,iron_ore,112.53,USD,per_tonne,SYNTHETIC_DEMO
2019-09-26,grain,242.34,USD,per_tonne,SYNTHETIC_DEMO
2019-09-27,thermal_coal,129.84,USD,per_tonne,SYNTHETIC_DEMO
2019-09-27,iron_ore,112.41,USD,per_tonne,SYNTHETIC_DEMO
2019-09-27,grain,243.47,USD,per_tonne,SYNTHETIC_DEMO
2019-09-28,thermal_coal,131.35,USD,per_tonne,SYNTHETIC_DEMO
2019-09-28,iron_ore,113.4,USD,per_tonne,SYNTHETIC_DEMO
2019-09-28,grain,243.65,USD,per_tonne,SYNTHETIC_DEMO
2019-09-29,thermal_coal,130.46,USD,per_tonne,SYNTHETIC_DEMO
2019-09-29,iron_ore,111.92,USD,per_tonne,SYNTHETIC_DEMO
2019-09-29,grain,239.98,USD,per_tonne,SYNTHETIC_DEMO
2019-09-30,thermal_coal,130.38,USD,per_tonne,SYNTHETIC_DEMO
2019-09-30,iron_ore,111.41,USD,per_tonne,SYNTHETIC_DEMO
2019-09-30,grain,244.34,USD,per_tonne,SYNTHETIC_DEMO
2019-10-01,thermal_coal,130.54,USD,per_tonne,SYNTHETIC_DEMO
2019-10-01,iron_ore,111.54,USD,per_tonne,SYNTHETIC_DEMO
2019-10-01,grain,245.65,USD,per_tonne,SYNTHETIC_DEMO
2019-10-02,thermal_coal,131.49,USD,per_tonne,SYNTHETIC_DEMO
2019-10-02,iron_ore,111.01,USD,per_tonne,SYNTHETIC_DEMO
2019-10-02,grain,246.29,USD,per_tonne,SYNTHETIC_DEMO
2019-10-03,thermal_coal,131.37,USD,per_tonne,SYNTHETIC_DEMO
2019-10-03,iron_ore,112.26,USD,per_tonne,SYNTHETIC_DEMO
2019-10-03,grain,244.61,USD,per_tonne,SYNTHETIC_DEMO
2019-10-04,thermal_coal,130.45,USD,per_tonne,SYNTHETIC_DEMO
2019-10-04,iron_ore,113.2,USD,per_tonne,SYNTHETIC_DEMO
2019-10-04,grain,244.64,USD,per_tonne,SYNTHETIC_DEMO
2019-10-05,thermal_coal,130.78,USD,per_tonne,SYNTHETIC_DEMO
2019-10-05,iron_ore,114.52,USD,per_tonne,SYNTHETIC_DEMO
2019-10-05,grain,245.01,USD,per_tonne,SYNTHETIC_DEMO
2019-10-06,thermal_coal,130.07,USD,per_tonne,SYNTHETIC_DEMO
2019-10-06,iron_ore,114.53,USD,per_tonne,SYNTHETIC_DEMO
2019-10-06,grain,244.39,USD,per_tonne,SYNTHETIC_DEMO
2019-10-07,thermal_coal,128.9,USD,per_tonne,SYNTHETIC_DEMO
2019-10-07,iron_ore,116.52,USD,per_tonne,SYNTHETIC_DEMO
2019-10-07,grain,244.88,USD,per_tonne,SYNTHETIC_DEMO
2019-10-08,thermal_coal,128.12,USD,per_tonne,SYNTHETIC_DEMO
2019-10-08,iron_ore,116.5,USD,per_tonne,SYNTHETIC_DEMO
2019-10-08,grain,244.82,USD,per_tonne,SYNTHETIC_DEMO
2019-10-09,thermal_coal,129.07,USD,per_tonne,SYNTHETIC_DEMO
2019-10-09,iron_ore,116.61,USD,per_tonne,SYNTHETIC_DEMO
2019-10-09,grain,249.46,USD,per_tonne,SYNTHETIC_DEMO
2019-10-10,thermal_coal,129.81,USD,per_tonne,SYNTHETIC_DEMO
2019-10-10,iron_ore,116.5,USD,per_tonne,SYNTHETIC_DEMO
2019-10-10,grain,240.91,USD,per_tonne,SYNTHETIC_DEMO
2019-10-11,thermal_coal,131.23,USD,per_tonne,SYNTHETIC_DEMO
2019-10-11,iron_ore,116.89,USD,per_tonne,SYNTHETIC_DEMO
2019-10-11,grain,247.05,USD,per_tonne,SYNTHETIC_DEMO
2019-10-12,thermal_coal,129.86,USD,per_tonne,SYNTHETIC_DEMO
2019-10-12,iron_ore,117.9,USD,per_tonne,SYNTHETIC_DEMO
2019-10-12,grain,246.08,USD,per_tonne,SYNTHETIC_DEMO
2019-10-13,thermal_coal,129.41,USD,per_tonne,SYNTHETIC_DEMO
2019-10-13,iron_ore,116.46,USD,per_tonne,SYNTHETIC_DEMO
2019-10-13,grain,248.4,USD,per_tonne,SYNTHETIC_DEMO
2019-10-14,thermal_coal,129.95,USD,per_tonne,SYNTHETIC_DEMO
2019-10-14,iron_ore,115.64,USD,per_tonne,SYNTHETIC_DEMO
2019-10-14,grain,248.49,USD,per_tonne,SYNTHETIC_DEMO
2019-10-15,thermal_coal,130.12,USD,per_tonne,SYNTHETIC_DEMO
2019-10-15,iron_ore,116.18,USD,per_tonne,SYNTHETIC_DEMO
2019-10-15,grain,247.34,USD,per_tonne,SYNTHETIC_DEMO
2019-10-16,thermal_coal,129.51,USD,per_tonne,SYNTHETIC_DEMO
2019-10-16,iron_ore,115.61,USD,per_tonne,SYNTHETIC_DEMO
2019-10-16,grain,247.32,USD,per_tonne,SYNTHETIC_DEMO
2019-10-17,thermal_coal,128.8,USD,per_tonne,SYNTHETIC_DEMO
2019-10-17,iron_ore,115.16,USD,per_tonne,SYNTHETIC_DEMO
2019-10-17,grain,252.25,USD,per_tonne,SYNTHETIC_DEMO
2019-10-18,thermal_coal,129.37,USD,per_tonne,SYNTHETIC_DEMO
2019-10-18,iron_ore,115.95,USD,per_tonne,SYNTHETIC_DEMO
2019-10-18,grain,248.72,USD,per_tonne,SYNTHETIC_DEMO
2019-10-19,thermal_coal,129.06,USD,per_tonne,SYNTHETIC_DEMO
2019-10-19,iron_ore,115.88,USD,per_tonne,SYNTHETIC_DEMO
2019-10-19,grain,248.28,USD,per_tonne,SYNTHETIC_DEMO
2019-10-20,thermal_coal,129.89,USD,per_tonne,SYNTHETIC_DEMO
2019-10-20,iron_ore,115.17,USD,per_tonne,SYNTHETIC_DEMO
2019-10-20,grain,247.44,USD,per_tonne,SYNTHETIC_DEMO
2019-10-21,thermal_coal,129.39,USD,per_tonne,SYNTHETIC_DEMO
2019-10-21,iron_ore,115.11,USD,per_tonne,SYNTHETIC_DEMO
2019-10-21,grain,249.41,USD,per_tonne,SYNTHETIC_DEMO
2019-10-22,thermal_coal,129.33,USD,per_tonne,SYNTHETIC_DEMO
2019-10-22,iron_ore,115.83,USD,per_tonne,SYNTHETIC_DEMO
2019-10-22,grain,246.68,USD,per_tonne,SYNTHETIC_DEMO
2019-10-23,thermal_coal,129.41,USD,per_tonne,SYNTHETIC_DEMO
2019-10-23,iron_ore,116.32,USD,per_tonne,SYNTHETIC_DEMO
2019-10-23,grain,249.49,USD,per_tonne,SYNTHETIC_DEMO
2019-10-24,thermal_coal,129.13,USD,per_tonne,SYNTHETIC_DEMO
2019-10-24,iron_ore,117.27,USD,per_tonne,SYNTHETIC_DEMO
2019-10-24,grain,248.21,USD,per_tonne,SYNTHETIC_DEMO
2019-10-25,thermal_coal,128.94,USD,per_tonne,SYNTHETIC_DEMO
2019-10-25,iron_ore,118.0,USD,per_tonne,SYNTHETIC_DEMO
2019-10-25,grain,245.22,USD,per_tonne,SYNTHETIC_DEMO
2019-10-26,thermal_coal,128.4,USD,per_tonne,SYNTHETIC_DEMO
2019-10-26,iron_ore,117.11,USD,per_tonne,SYNTHETIC_DEMO
2019-10-26,grain,251.33,USD,per_tonne,SYNTHETIC_DEMO
2019-10-27,thermal_coal,127.79,USD,per_tonne,SYNTHETIC_DEMO
2019-10-27,iron_ore,117.51,USD,per_tonne,SYNTHETIC_DEMO
2019-10-27,grain,245.38,USD,per_tonne,SYNTHETIC_DEMO
2019-10-28,thermal_coal,128.0,USD,per_tonne,SYNTHETIC_DEMO
2019-10-28,iron_ore,118.24,USD,per_tonne,SYNTHETIC_DEMO
2019-10-28,grain,249.16,USD,per_tonne,SYNTHETIC_DEMO
2019-10-29,thermal_coal,128.36,USD,per_tonne,SYNTHETIC_DEMO
2019-10-29,iron_ore,117.34,USD,per_tonne,SYNTHETIC_DEMO
2019-10-29,grain,252.95,USD,per_tonne,SYNTHETIC_DEMO
2019-10-30,thermal_coal,127.8,USD,per_tonne,SYNTHETIC_DEMO
2019-10-30,iron_ore,117.57,USD,per_tonne,SYNTHETIC_DEMO
2019-10-30,grain,253.2,USD,per_tonne,SYNTHETIC_DEMO
2019-10-31,thermal_coal,127.98,USD,per_tonne,SYNTHETIC_DEMO
2019-10-31,iron_ore,116.99,USD,per_tonne,SYNTHETIC_DEMO
2019-10-31,grain,252.47,USD,per_tonne,SYNTHETIC_DEMO
2019-11-01,thermal_coal,128.81,USD,per_tonne,SYNTHETIC_DEMO
2019-11-01,iron_ore,116.22,USD,per_tonne,SYNTHETIC_DEMO
2019-11-01,grain,249.71,USD,per_tonne,SYNTHETIC_DEMO
2019-11-02,thermal_coal,128.18,USD,per_tonne,SYNTHETIC_DEMO
2019-11-02,iron_ore,115.93,USD,per_tonne,SYNTHETIC_DEMO
2019-11-02,grain,250.03,USD,per_tonne,SYNTHETIC_DEMO
2019-11-03,thermal_coal,128.47,USD,per_tonne,SYNTHETIC_DEMO
2019-11-03,iron_ore,115.7,USD,per_tonne,SYNTHETIC_DEMO
2019-11-03,grain,253.95,USD,per_tonne,SYNTHETIC_DEMO
2019-11-04,thermal_coal,129.18,USD,per_tonne,SYNTHETIC_DEMO
2019-11-04,iron_ore,115.61,USD,per_tonne,SYNTHETIC_DEMO
2019-11-04,grain,251.92,USD,per_tonne,SYNTHETIC_DEMO
2019-11-05,thermal_coal,129.55,USD,per_tonne,SYNTHETIC_DEMO
2019-11-05,iron_ore,115.91,USD,per_tonne,SYNTHETIC_DEMO
2019-11-05,grain,254.37,USD,per_tonne,SYNTHETIC_DEMO
2019-11-06,thermal_coal,129.33,USD,per_tonne,SYNTHETIC_DEMO
2019-11-06,iron_ore,115.44,USD,per_tonne,SYNTHETIC_DEMO
2019-11-06,grain,253.44,USD,per_tonne,SYNTHETIC_DEMO
2019-11-07,thermal_coal,128.97,USD,per_tonne,SYNTHETIC_DEMO
2019-11-07,iron_ore,115.35,USD,per_tonne,SYNTHETIC_DEMO
2019-11-07,grain,250.01,USD,per_tonne,SYNTHETIC_DEMO
2019-11-08,thermal_coal,128.56,USD,per_tonne,SYNTHETIC_DEMO
2019-11-08,iron_ore,116.59,USD,per_tonne,SYNTHETIC_DEMO
2019-11-08,grain,251.01,USD,per_tonne,SYNTHETIC_DEMO
2019-11-09,thermal_coal,131.09,USD,per_tonne,SYNTHETIC_DEMO
2019-11-09,iron_ore,115.57,USD,per_tonne,SYNTHETIC_DEMO
2019-11-09,grain,259.67,USD,per_tonne,SYNTHETIC_DEMO
2019-11-10,thermal_coal,131.16,USD,per_tonne,SYNTHETIC_DEMO
2019-11-10,iron_ore,115.53,USD,per_tonne,SYNTHETIC_DEMO
2019-11-10,grain,255.93,USD,per_tonne,SYNTHETIC_DEMO
2019-11-11,thermal_coal,131.25,USD,per_tonne,SYNTHETIC_DEMO
2019-11-11,iron_ore,116.44,USD,per_tonne,SYNTHETIC_DEMO
2019-11-11,grain,256.36,USD,per_tonne,SYNTHETIC_DEMO
2019-11-12,thermal_coal,130.58,USD,per_tonne,SYNTHETIC_DEMO
2019-11-12,iron_ore,117.06,USD,per_tonne,SYNTHETIC_DEMO
2019-11-12,grain,254.38,USD,per_tonne,SYNTHETIC_DEMO
2019-11-13,thermal_coal,132.14,USD,per_tonne,SYNTHETIC_DEMO
2019-11-13,iron_ore,116.51,USD,per_tonne,SYNTHETIC_DEMO
2019-11-13,grain,253.21,USD,per_tonne,SYNTHETIC_DEMO
2019-11-14,thermal_coal,131.78,USD,per_tonne,SYNTHETIC_DEMO
2019-11-14,iron_ore,117.24,USD,per_tonne,SYNTHETIC_DEMO
2019-11-14,grain,251.75,USD,per_tonne,SYNTHETIC_DEMO
2019-11-15,thermal_coal,131.34,USD,per_tonne,SYNTHETIC_DEMO
2019-11-15,iron_ore,116.82,USD,per_tonne,SYNTHETIC_DEMO
2019-11-15,grain,258.13,USD,per_tonne,SYNTHETIC_DEMO
2019-11-16,thermal_coal,131.91,USD,per_tonne,SYNTHETIC_DEMO
2019-11-16,iron_ore,118.63,USD,per_tonne,SYNTHETIC_DEMO
2019-11-16,grain,255.14,USD,per_tonne,SYNTHETIC_DEMO
2019-11-17,thermal_coal,130.95,USD,per_tonne,SYNTHETIC_DEMO
2019-11-17,iron_ore,117.3,USD,per_tonne,SYNTHETIC_DEMO
2019-11-17,grain,255.05,USD,per_tonne,SYNTHETIC_DEMO
2019-11-18,thermal_coal,130.57,USD,per_tonne,SYNTHETIC_DEMO
2019-11-18,iron_ore,117.47,USD,per_tonne,SYNTHETIC_DEMO
2019-11-18,grain,256.56,USD,per_tonne,SYNTHETIC_DEMO
2019-11-19,thermal_coal,131.37,USD,per_tonne,SYNTHETIC_DEMO
2019-11-19,iron_ore,119.51,USD,per_tonne,SYNTHETIC_DEMO
2019-11-19,grain,255.42,USD,per_tonne,SYNTHETIC_DEMO
2019-11-20,thermal_coal,131.94,USD,per_tonne,SYNTHETIC_DEMO
2019-11-20,iron_ore,119.83,USD,per_tonne,SYNTHETIC_DEMO
2019-11-20,grain,254.48,USD,per_tonne,SYNTHETIC_DEMO
2019-11-21,thermal_coal,131.94,USD,per_tonne,SYNTHETIC_DEMO
2019-11-21,iron_ore,120.02,USD,per_tonne,SYNTHETIC_DEMO
2019-11-21,grain,256.66,USD,per_tonne,SYNTHETIC_DEMO
2019-11-22,thermal_coal,131.74,USD,per_tonne,SYNTHETIC_DEMO
2019-11-22,iron_ore,120.58,USD,per_tonne,SYNTHETIC_DEMO
2019-11-22,grain,254.46,USD,per_tonne,SYNTHETIC_DEMO
2019-11-23,thermal_coal,131.68,USD,per_tonne,SYNTHETIC_DEMO
2019-11-23,iron_ore,121.22,USD,per_tonne,SYNTHETIC_DEMO
2019-11-23,grain,258.35,USD,per_tonne,SYNTHETIC_DEMO
2019-11-24,thermal_coal,131.46,USD,per_tonne,SYNTHETIC_DEMO
2019-11-24,iron_ore,121.06,USD,per_tonne,SYNTHETIC_DEMO
2019-11-24,grain,256.47,USD,per_tonne,SYNTHETIC_DEMO
2019-11-25,thermal_coal,129.61,USD,per_tonne,SYNTHETIC_DEMO
2019-11-25,iron_ore,121.36,USD,per_tonne,SYNTHETIC_DEMO
2019-11-25,grain,256.59,USD,per_tonne,SYNTHETIC_DEMO
2019-11-26,thermal_coal,130.48,USD,per_tonne,SYNTHETIC_DEMO
2019-11-26,iron_ore,121.14,USD,per_tonne,SYNTHETIC_DEMO
2019-11-26,grain,260.23,USD,per_tonne,SYNTHETIC_DEMO
2019-11-27,thermal_coal,130.66,USD,per_tonne,SYNTHETIC_DEMO
2019-11-27,iron_ore,120.52,USD,per_tonne,SYNTHETIC_DEMO
2019-11-27,grain,259.3,USD,per_tonne,SYNTHETIC_DEMO
2019-11-28,thermal_coal,131.97,USD,per_tonne,SYNTHETIC_DEMO
2019-11-28,iron_ore,120.57,USD,per_tonne,SYNTHETIC_DEMO
2019-11-28,grain,259.36,USD,per_tonne,SYNTHETIC_DEMO
2019-11-29,thermal_coal,132.65,USD,per_tonne,SYNTHETIC_DEMO
2019-11-29,iron_ore,119.43,USD,per_tonne,SYNTHETIC_DEMO
2019-11-29,grain,258.92,USD,per_tonne,SYNTHETIC_DEMO
2019-11-30,thermal_coal,133.53,USD,per_tonne,SYNTHETIC_DEMO
2019-11-30,iron_ore,117.77,USD,per_tonne,SYNTHETIC_DEMO
2019-11-30,grain,259.5,USD,per_tonne,SYNTHETIC_DEMO
2019-12-01,thermal_coal,133.44,USD,per_tonne,SYNTHETIC_DEMO
2019-12-01,iron_ore,118.49,USD,per_tonne,SYNTHETIC_DEMO
2019-12-01,grain,259.99,USD,per_tonne,SYNTHETIC_DEMO
2019-12-02,thermal_coal,134.7,USD,per_tonne,SYNTHETIC_DEMO
2019-12-02,iron_ore,118.86,USD,per_tonne,SYNTHETIC_DEMO
2019-12-02,grain,261.64,USD,per_tonne,SYNTHETIC_DEMO
2019-12-03,thermal_coal,133.69,USD,per_tonne,SYNTHETIC_DEMO
2019-12-03,iron_ore,118.65,USD,per_tonne,SYNTHETIC_DEMO
2019-12-03,grain,259.48,USD,per_tonne,SYNTHETIC_DEMO
2019-12-04,thermal_coal,134.83,USD,per_tonne,SYNTHETIC_DEMO
2019-12-04,iron_ore,119.0,USD,per_tonne,SYNTHETIC_DEMO
2019-12-04,grain,260.54,USD,per_tonne,SYNTHETIC_DEMO
2019-12-05,thermal_coal,136.04,USD,per_tonne,SYNTHETIC_DEMO
2019-12-05,iron_ore,118.34,USD,per_tonne,SYNTHETIC_DEMO
2019-12-05,grain,263.05,USD,per_tonne,SYNTHETIC_DEMO
2019-12-06,thermal_coal,134.99,USD,per_tonne,SYNTHETIC_DEMO
2019-12-06,iron_ore,118.23,USD,per_tonne,SYNTHETIC_DEMO
2019-12-06,grain,259.69,USD,per_tonne,SYNTHETIC_DEMO
2019-12-07,thermal_coal,135.3,USD,per_tonne,SYNTHETIC_DEMO
2019-12-07,iron_ore,119.03,USD,per_tonne,SYNTHETIC_DEMO
2019-12-07,grain,262.39,USD,per_tonne,SYNTHETIC_DEMO
2019-12-08,thermal_coal,135.0,USD,per_tonne,SYNTHETIC_DEMO
2019-12-08,iron_ore,118.74,USD,per_tonne,SYNTHETIC_DEMO
2019-12-08,grain,259.88,USD,per_tonne,SYNTHETIC_DEMO
2019-12-09,thermal_coal,134.45,USD,per_tonne,SYNTHETIC_DEMO
2019-12-09,iron_ore,119.28,USD,per_tonne,SYNTHETIC_DEMO
2019-12-09,grain,262.6,USD,per_tonne,SYNTHETIC_DEMO
2019-12-10,thermal_coal,135.44,USD,per_tonne,SYNTHETIC_DEMO
2019-12-10,iron_ore,119.27,USD,per_tonne,SYNTHETIC_DEMO
2019-12-10,grain,257.55,USD,per_tonne,SYNTHETIC_DEMO
2019-12-11,thermal_coal,135.67,USD,per_tonne,SYNTHETIC_DEMO
2019-12-11,iron_ore,119.16,USD,per_tonne,SYNTHETIC_DEMO
2019-12-11,grain,261.46,USD,per_tonne,SYNTHETIC_DEMO
2019-12-12,thermal_coal,135.63,USD,per_tonne,SYNTHETIC_DEMO
2019-12-12,iron_ore,119.87,USD,per_tonne,SYNTHETIC_DEMO
2019-12-12,grain,263.02,USD,per_tonne,SYNTHETIC_DEMO
2019-12-13,thermal_coal,136.05,USD,per_tonne,SYNTHETIC_DEMO
2019-12-13,iron_ore,119.47,USD,per_tonne,SYNTHETIC_DEMO
2019-12-13,grain,261.31,USD,per_tonne,SYNTHETIC_DEMO
2019-12-14,thermal_coal,135.52,USD,per_tonne,SYNTHETIC_DEMO
2019-12-14,iron_ore,120.1,USD,per_tonne,SYNTHETIC_DEMO
2019-12-14,grain,262.87,USD,per_tonne,SYNTHETIC_DEMO
2019-12-15,thermal_coal,135.91,USD,per_tonne,SYNTHETIC_DEMO
2019-12-15,iron_ore,118.76,USD,per_tonne,SYNTHETIC_DEMO
2019-12-15,grain,259.93,USD,per_tonne,SYNTHETIC_DEMO
2019-12-16,thermal_coal,135.99,USD,per_tonne,SYNTHETIC_DEMO
2019-12-16,iron_ore,119.46,USD,per_tonne,SYNTHETIC_DEMO
2019-12-16,grain,259.85,USD,per_tonne,SYNTHETIC_DEMO
2019-12-17,thermal_coal,137.45,USD,per_tonne,SYNTHETIC_DEMO
2019-12-17,iron_ore,120.52,USD,per_tonne,SYNTHETIC_DEMO
2019-12-17,grain,262.37,USD,per_tonne,SYNTHETIC_DEMO
2019-12-18,thermal_coal,138.13,USD,per_tonne,SYNTHETIC_DEMO
2019-12-18,iron_ore,121.8,USD,per_tonne,SYNTHETIC_DEMO
2019-12-18,grain,261.13,USD,per_tonne,SYNTHETIC_DEMO
2019-12-19,thermal_coal,137.87,USD,per_tonne,SYNTHETIC_DEMO
2019-12-19,iron_ore,121.32,USD,per_tonne,SYNTHETIC_DEMO
2019-12-19,grain,264.5,USD,per_tonne,SYNTHETIC_DEMO
2019-12-20,thermal_coal,136.94,USD,per_tonne,SYNTHETIC_DEMO
2019-12-20,iron_ore,120.27,USD,per_tonne,SYNTHETIC_DEMO
2019-12-20,grain,261.94,USD,per_tonne,SYNTHETIC_DEMO
2019-12-21,thermal_coal,137.16,USD,per_tonne,SYNTHETIC_DEMO
2019-12-21,iron_ore,122.04,USD,per_tonne,SYNTHETIC_DEMO
2019-12-21,grain,266.6,USD,per_tonne,SYNTHETIC_DEMO
2019-12-22,thermal_coal,137.13,USD,per_tonne,SYNTHETIC_DEMO
2019-12-22,iron_ore,121.57,USD,per_tonne,SYNTHETIC_DEMO
2019-12-22,grain,261.18,USD,per_tonne,SYNTHETIC_DEMO
2019-12-23,thermal_coal,137.75,USD,per_tonne,SYNTHETIC_DEMO
2019-12-23,iron_ore,121.74,USD,per_tonne,SYNTHETIC_DEMO
2019-12-23,grain,260.09,USD,per_tonne,SYNTHETIC_DEMO
2019-12-24,thermal_coal,137.81,USD,per_tonne,SYNTHETIC_DEMO
2019-12-24,iron_ore,121.6,USD,per_tonne,SYNTHETIC_DEMO
2019-12-24,grain,261.01,USD,per_tonne,SYNTHETIC_DEMO
2019-12-25,thermal_coal,137.48,USD,per_tonne,SYNTHETIC_DEMO
2019-12-25,iron_ore,122.17,USD,per_tonne,SYNTHETIC_DEMO
2019-12-25,grain,263.63,USD,per_tonne,SYNTHETIC_DEMO
2019-12-26,thermal_coal,138.18,USD,per_tonne,SYNTHETIC_DEMO
2019-12-26,iron_ore,123.06,USD,per_tonne,SYNTHETIC_DEMO
2019-12-26,grain,263.56,USD,per_tonne,SYNTHETIC_DEMO
2019-12-27,thermal_coal,138.17,USD,per_tonne,SYNTHETIC_DEMO
2019-12-27,iron_ore,123.72,USD,per_tonne,SYNTHETIC_DEMO
2019-12-27,grain,264.04,USD,per_tonne,SYNTHETIC_DEMO
2019-12-28,thermal_coal,139.28,USD,per_tonne,SYNTHETIC_DEMO
2019-12-28,iron_ore,123.96,USD,per_tonne,SYNTHETIC_DEMO
2019-12-28,grain,263.45,USD,per_tonne,SYNTHETIC_DEMO
2019-12-29,thermal_coal,139.54,USD,per_tonne,SYNTHETIC_DEMO
2019-12-29,iron_ore,123.44,USD,per_tonne,SYNTHETIC_DEMO
2019-12-29,grain,258.15,USD,per_tonne,SYNTHETIC_DEMO
2019-12-30,thermal_coal,140.35,USD,per_tonne,SYNTHETIC_DEMO
2019-12-30,iron_ore,122.99,USD,per_tonne,SYNTHETIC_DEMO
2019-12-30,grain,263.03,USD,per_tonne,SYNTHETIC_DEMO
2019-12-31,thermal_coal,140.91,USD,per_tonne,SYNTHETIC_DEMO
2019-12-31,iron_ore,122.39,USD,per_tonne,SYNTHETIC_DEMO
2019-12-31,grain,263.53,USD,per_tonne,SYNTHETIC_DEMO
2020-01-01,thermal_coal,141.39,USD,per_tonne,SYNTHETIC_DEMO
2020-01-01,iron_ore,122.79,USD,per_tonne,SYNTHETIC_DEMO
2020-01-01,grain,265.15,USD,per_tonne,SYNTHETIC_DEMO
2020-01-02,thermal_coal,140.4,USD,per_tonne,SYNTHETIC_DEMO
2020-01-02,iron_ore,122.0,USD,per_tonne,SYNTHETIC_DEMO
2020-01-02,grain,264.03,USD,per_tonne,SYNTHETIC_DEMO
2020-01-03,thermal_coal,139.79,USD,per_tonne,SYNTHETIC_DEMO
2020-01-03,iron_ore,122.67,USD,per_tonne,SYNTHETIC_DEMO
2020-01-03,grain,265.14,USD,per_tonne,SYNTHETIC_DEMO
2020-01-04,thermal_coal,140.12,USD,per_tonne,SYNTHETIC_DEMO
2020-01-04,iron_ore,122.38,USD,per_tonne,SYNTHETIC_DEMO
2020-01-04,grain,260.53,USD,per_tonne,SYNTHETIC_DEMO
2020-01-05,thermal_coal,140.72,USD,per_tonne,SYNTHETIC_DEMO
2020-01-05,iron_ore,122.62,USD,per_tonne,SYNTHETIC_DEMO
2020-01-05,grain,263.42,USD,per_tonne,SYNTHETIC_DEMO
2020-01-06,thermal_coal,140.64,USD,per_tonne,SYNTHETIC_DEMO
2020-01-06,iron_ore,122.83,USD,per_tonne,SYNTHETIC_DEMO
2020-01-06,grain,263.27,USD,per_tonne,SYNTHETIC_DEMO
2020-01-07,thermal_coal,140.32,USD,per_tonne,SYNTHETIC_DEMO
2020-01-07,iron_ore,122.57,USD,per_tonne,SYNTHETIC_DEMO
2020-01-07,grain,264.57,USD,per_tonne,SYNTHETIC_DEMO
2020-01-08,thermal_coal,140.47,USD,per_tonne,SYNTHETIC_DEMO
2020-01-08,iron_ore,122.49,USD,per_tonne,SYNTHETIC_DEMO
2020-01-08,grain,265.62,USD,per_tonne,SYNTHETIC_DEMO
2020-01-09,thermal_coal,142.03,USD,per_tonne,SYNTHETIC_DEMO
2020-01-09,iron_ore,120.81,USD,per_tonne,SYNTHETIC_DEMO
2020-01-09,grain,262.12,USD,per_tonne,SYNTHETIC_DEMO
2020-01-10,thermal_coal,142.29,USD,per_tonne,SYNTHETIC_DEMO
2020-01-10,iron_ore,119.98,USD,per_tonne,SYNTHETIC_DEMO
2020-01-10,grain,264.2,USD,per_tonne,SYNTHETIC_DEMO
2020-01-11,thermal_coal,141.81,USD,per_tonne,SYNTHETIC_DEMO
2020-01-11,iron_ore,120.23,USD,per_tonne,SYNTHETIC_DEMO
2020-01-11,grain,264.29,USD,per_tonne,SYNTHETIC_DEMO
2020-01-12,thermal_coal,141.83,USD,per_tonne,SYNTHETIC_DEMO
2020-01-12,iron_ore,120.32,USD,per_tonne,SYNTHETIC_DEMO
2020-01-12,grain,262.4,USD,per_tonne,SYNTHETIC_DEMO
2020-01-13,thermal_coal,143.46,USD,per_tonne,SYNTHETIC_DEMO
2020-01-13,iron_ore,119.94,USD,per_tonne,SYNTHETIC_DEMO
2020-01-13,grain,261.27,USD,per_tonne,SYNTHETIC_DEMO
2020-01-14,thermal_coal,143.29,USD,per_tonne,SYNTHETIC_DEMO
2020-01-14,iron_ore,119.8,USD,per_tonne,SYNTHETIC_DEMO
2020-01-14,grain,265.97,USD,per_tonne,SYNTHETIC_DEMO
2020-01-15,thermal_coal,144.21,USD,per_tonne,SYNTHETIC_DEMO
2020-01-15,iron_ore,120.95,USD,per_tonne,SYNTHETIC_DEMO
2020-01-15,grain,266.88,USD,per_tonne,SYNTHETIC_DEMO
2020-01-16,thermal_coal,144.28,USD,per_tonne,SYNTHETIC_DEMO
2020-01-16,iron_ore,120.58,USD,per_tonne,SYNTHETIC_DEMO
2020-01-16,grain,264.88,USD,per_tonne,SYNTHETIC_DEMO
2020-01-17,thermal_coal,145.11,USD,per_tonne,SYNTHETIC_DEMO
2020-01-17,iron_ore,121.33,USD,per_tonne,SYNTHETIC_DEMO
2020-01-17,grain,266.87,USD,per_tonne,SYNTHETIC_DEMO
2020-01-18,thermal_coal,145.25,USD,per_tonne,SYNTHETIC_DEMO
2020-01-18,iron_ore,121.69,USD,per_tonne,SYNTHETIC_DEMO
2020-01-18,grain,269.64,USD,per_tonne,SYNTHETIC_DEMO
2020-01-19,thermal_coal,144.21,USD,per_tonne,SYNTHETIC_DEMO
2020-01-19,iron_ore,122.58,USD,per_tonne,SYNTHETIC_DEMO
2020-01-19,grain,264.69,USD,per_tonne,SYNTHETIC_DEMO
2020-01-20,thermal_coal,145.55,USD,per_tonne,SYNTHETIC_DEMO
2020-01-20,iron_ore,121.36,USD,per_tonne,SYNTHETIC_DEMO
2020-01-20,grain,263.73,USD,per_tonne,SYNTHETIC_DEMO
2020-01-21,thermal_coal,145.79,USD,per_tonne,SYNTHETIC_DEMO
2020-01-21,iron_ore,121.1,USD,per_tonne,SYNTHETIC_DEMO
2020-01-21,grain,265.16,USD,per_tonne,SYNTHETIC_DEMO
2020-01-22,thermal_coal,146.19,USD,per_tonne,SYNTHETIC_DEMO
2020-01-22,iron_ore,121.66,USD,per_tonne,SYNTHETIC_DEMO
2020-01-22,grain,265.69,USD,per_tonne,SYNTHETIC_DEMO
2020-01-23,thermal_coal,146.92,USD,per_tonne,SYNTHETIC_DEMO
2020-01-23,iron_ore,122.01,USD,per_tonne,SYNTHETIC_DEMO
2020-01-23,grain,265.14,USD,per_tonne,SYNTHETIC_DEMO
2020-01-24,thermal_coal,147.92,USD,per_tonne,SYNTHETIC_DEMO
2020-01-24,iron_ore,120.47,USD,per_tonne,SYNTHETIC_DEMO
2020-01-24,grain,264.47,USD,per_tonne,SYNTHETIC_DEMO
2020-01-25,thermal_coal,149.44,USD,per_tonne,SYNTHETIC_DEMO
2020-01-25,iron_ore,118.96,USD,per_tonne,SYNTHETIC_DEMO
2020-01-25,grain,265.09,USD,per_tonne,SYNTHETIC_DEMO
2020-01-26,thermal_coal,149.81,USD,per_tonne,SYNTHETIC_DEMO
2020-01-26,iron_ore,118.45,USD,per_tonne,SYNTHETIC_DEMO
2020-01-26,grain,265.54,USD,per_tonne,SYNTHETIC_DEMO
2020-01-27,thermal_coal,149.97,USD,per_tonne,SYNTHETIC_DEMO
2020-01-27,iron_ore,119.24,USD,per_tonne,SYNTHETIC_DEMO
2020-01-27,grain,264.86,USD,per_tonne,SYNTHETIC_DEMO
2020-01-28,thermal_coal,151.02,USD,per_tonne,SYNTHETIC_DEMO
2020-01-28,iron_ore,119.4,USD,per_tonne,SYNTHETIC_DEMO
2020-01-28,grain,268.01,USD,per_tonne,SYNTHETIC_DEMO
2020-01-29,thermal_coal,152.43,USD,per_tonne,SYNTHETIC_DEMO
2020-01-29,iron_ore,119.29,USD,per_tonne,SYNTHETIC_DEMO
2020-01-29,grain,267.38,USD,per_tonne,SYNTHETIC_DEMO
2020-01-30,thermal_coal,151.75,USD,per_tonne,SYNTHETIC_DEMO
2020-01-30,iron_ore,119.33,USD,per_tonne,SYNTHETIC_DEMO
2020-01-30,grain,263.3,USD,per_tonne,SYNTHETIC_DEMO
2020-01-31,thermal_coal,151.3,USD,per_tonne,SYNTHETIC_DEMO
2020-01-31,iron_ore,118.49,USD,per_tonne,SYNTHETIC_DEMO
2020-01-31,grain,263.63,USD,per_tonne,SYNTHETIC_DEMO
2020-02-01,thermal_coal,150.62,USD,per_tonne,SYNTHETIC_DEMO
2020-02-01,iron_ore,119.33,USD,per_tonne,SYNTHETIC_DEMO
2020-02-01,grain,263.25,USD,per_tonne,SYNTHETIC_DEMO
2020-02-02,thermal_coal,150.86,USD,per_tonne,SYNTHETIC_DEMO
2020-02-02,iron_ore,119.16,USD,per_tonne,SYNTHETIC_DEMO
2020-02-02,grain,267.35,USD,per_tonne,SYNTHETIC_DEMO
2020-02-03,thermal_coal,150.61,USD,per_tonne,SYNTHETIC_DEMO
2020-02-03,iron_ore,119.89,USD,per_tonne,SYNTHETIC_DEMO
2020-02-03,grain,264.66,USD,per_tonne,SYNTHETIC_DEMO
2020-02-04,thermal_coal,151.04,USD,per_tonne,SYNTHETIC_DEMO
2020-02-04,iron_ore,120.8,USD,per_tonne,SYNTHETIC_DEMO
2020-02-04,grain,265.43,USD,per_tonne,SYNTHETIC_DEMO
2020-02-05,thermal_coal,151.11,USD,per_tonne,SYNTHETIC_DEMO
2020-02-05,iron_ore,120.04,USD,per_tonne,SYNTHETIC_DEMO
2020-02-05,grain,263.2,USD,per_tonne,SYNTHETIC_DEMO
2020-02-06,thermal_coal,150.99,USD,per_tonne,SYNTHETIC_DEMO
2020-02-06,iron_ore,118.94,USD,per_tonne,SYNTHETIC_DEMO
2020-02-06,grain,263.43,USD,per_tonne,SYNTHETIC_DEMO
2020-02-07,thermal_coal,150.44,USD,per_tonne,SYNTHETIC_DEMO
2020-02-07,iron_ore,118.22,USD,per_tonne,SYNTHETIC_DEMO
2020-02-07,grain,264.35,USD,per_tonne,SYNTHETIC_DEMO
2020-02-08,thermal_coal,150.5,USD,per_tonne,SYNTHETIC_DEMO
2020-02-08,iron_ore,117.58,USD,per_tonne,SYNTHETIC_DEMO
2020-02-08,grain,266.47,USD,per_tonne,SYNTHETIC_DEMO
2020-02-09,thermal_coal,149.23,USD,per_tonne,SYNTHETIC_DEMO
2020-02-09,iron_ore,117.4,USD,per_tonne,SYNTHETIC_DEMO
2020-02-09,grain,265.63,USD,per_tonne,SYNTHETIC_DEMO
2020-02-10,thermal_coal,147.19,USD,per_tonne,SYNTHETIC_DEMO
2020-02-10,iron_ore,118.12,USD,per_tonne,SYNTHETIC_DEMO
2020-02-10,grain,265.08,USD,per_tonne,SYNTHETIC_DEMO
2020-02-11,thermal_coal,148.54,USD,per_tonne,SYNTHETIC_DEMO
2020-02-11,iron_ore,118.01,USD,per_tonne,SYNTHETIC_DEMO
2020-02-11,grain,262.99,USD,per_tonne,SYNTHETIC_DEMO
2020-02-12,thermal_coal,148.36,USD,per_tonne,SYNTHETIC_DEMO
2020-02-12,iron_ore,117.4,USD,per_tonne,SYNTHETIC_DEMO
2020-02-12,grain,264.53,USD,per_tonne,SYNTHETIC_DEMO
2020-02-13,thermal_coal,149.34,USD,per_tonne,SYNTHETIC_DEMO
2020-02-13,iron_ore,116.98,USD,per_tonne,SYNTHETIC_DEMO
2020-02-13,grain,263.2,USD,per_tonne,SYNTHETIC_DEMO
2020-02-14,thermal_coal,150.68,USD,per_tonne,SYNTHETIC_DEMO
2020-02-14,iron_ore,117.12,USD,per_tonne,SYNTHETIC_DEMO
2020-02-14,grain,266.73,USD,per_tonne,SYNTHETIC_DEMO
2020-02-15,thermal_coal,150.89,USD,per_tonne,SYNTHETIC_DEMO
2020-02-15,iron_ore,116.98,USD,per_tonne,SYNTHETIC_DEMO
2020-02-15,grain,261.17,USD,per_tonne,SYNTHETIC_DEMO
2020-02-16,thermal_coal,151.79,USD,per_tonne,SYNTHETIC_DEMO
2020-02-16,iron_ore,116.59,USD,per_tonne,SYNTHETIC_DEMO
2020-02-16,grain,265.0,USD,per_tonne,SYNTHETIC_DEMO
2020-02-17,thermal_coal,152.98,USD,per_tonne,SYNTHETIC_DEMO
2020-02-17,iron_ore,116.64,USD,per_tonne,SYNTHETIC_DEMO
2020-02-17,grain,263.84,USD,per_tonne,SYNTHETIC_DEMO
2020-02-18,thermal_coal,151.45,USD,per_tonne,SYNTHETIC_DEMO
2020-02-18,iron_ore,115.64,USD,per_tonne,SYNTHETIC_DEMO
2020-02-18,grain,262.47,USD,per_tonne,SYNTHETIC_DEMO
2020-02-19,thermal_coal,152.48,USD,per_tonne,SYNTHETIC_DEMO
2020-02-19,iron_ore,115.0,USD,per_tonne,SYNTHETIC_DEMO
2020-02-19,grain,267.08,USD,per_tonne,SYNTHETIC_DEMO
2020-02-20,thermal_coal,153.69,USD,per_tonne,SYNTHETIC_DEMO
2020-02-20,iron_ore,114.81,USD,per_tonne,SYNTHETIC_DEMO
2020-02-20,grain,259.04,USD,per_tonne,SYNTHETIC_DEMO
2020-02-21,thermal_coal,154.73,USD,per_tonne,SYNTHETIC_DEMO
2020-02-21,iron_ore,116.05,USD,per_tonne,SYNTHETIC_DEMO
2020-02-21,grain,262.92,USD,per_tonne,SYNTHETIC_DEMO
2020-02-22,thermal_coal,156.17,USD,per_tonne,SYNTHETIC_DEMO
2020-02-22,iron_ore,114.36,USD,per_tonne,SYNTHETIC_DEMO
2020-02-22,grain,264.35,USD,per_tonne,SYNTHETIC_DEMO
2020-02-23,thermal_coal,156.17,USD,per_tonne,SYNTHETIC_DEMO
2020-02-23,iron_ore,116.53,USD,per_tonne,SYNTHETIC_DEMO
2020-02-23,grain,265.52,USD,per_tonne,SYNTHETIC_DEMO
2020-02-24,thermal_coal,155.83,USD,per_tonne,SYNTHETIC_DEMO
2020-02-24,iron_ore,117.57,USD,per_tonne,SYNTHETIC_DEMO
2020-02-24,grain,265.26,USD,per_tonne,SYNTHETIC_DEMO
2020-02-25,thermal_coal,156.0,USD,per_tonne,SYNTHETIC_DEMO
2020-02-25,iron_ore,117.52,USD,per_tonne,SYNTHETIC_DEMO
2020-02-25,grain,262.0,USD,per_tonne,SYNTHETIC_DEMO
2020-02-26,thermal_coal,155.13,USD,per_tonne,SYNTHETIC_DEMO
2020-02-26,iron_ore,115.62,USD,per_tonne,SYNTHETIC_DEMO
2020-02-26,grain,268.2,USD,per_tonne,SYNTHETIC_DEMO
2020-02-27,thermal_coal,154.84,USD,per_tonne,SYNTHETIC_DEMO
2020-02-27,iron_ore,117.55,USD,per_tonne,SYNTHETIC_DEMO
2020-02-27,grain,264.84,USD,per_tonne,SYNTHETIC_DEMO
2020-02-28,thermal_coal,155.27,USD,per_tonne,SYNTHETIC_DEMO
2020-02-28,iron_ore,116.79,USD,per_tonne,SYNTHETIC_DEMO
2020-02-28,grain,260.76,USD,per_tonne,SYNTHETIC_DEMO
2020-02-29,thermal_coal,154.92,USD,per_tonne,SYNTHETIC_DEMO
2020-02-29,iron_ore,116.67,USD,per_tonne,SYNTHETIC_DEMO
2020-02-29,grain,265.57,USD,per_tonne,SYNTHETIC_DEMO
2020-03-01,thermal_coal,155.01,USD,per_tonne,SYNTHETIC_DEMO
2020-03-01,iron_ore,116.71,USD,per_tonne,SYNTHETIC_DEMO
2020-03-01,grain,263.11,USD,per_tonne,SYNTHETIC_DEMO
2020-03-02,thermal_coal,154.43,USD,per_tonne,SYNTHETIC_DEMO
2020-03-02,iron_ore,116.62,USD,per_tonne,SYNTHETIC_DEMO
2020-03-02,grain,258.85,USD,per_tonne,SYNTHETIC_DEMO
2020-03-03,thermal_coal,154.65,USD,per_tonne,SYNTHETIC_DEMO
2020-03-03,iron_ore,116.78,USD,per_tonne,SYNTHETIC_DEMO
2020-03-03,grain,262.51,USD,per_tonne,SYNTHETIC_DEMO
2020-03-04,thermal_coal,155.09,USD,per_tonne,SYNTHETIC_DEMO
2020-03-04,iron_ore,116.92,USD,per_tonne,SYNTHETIC_DEMO
2020-03-04,grain,260.85,USD,per_tonne,SYNTHETIC_DEMO
2020-03-05,thermal_coal,155.13,USD,per_tonne,SYNTHETIC_DEMO
2020-03-05,iron_ore,116.31,USD,per_tonne,SYNTHETIC_DEMO
2020-03-05,grain,261.26,USD,per_tonne,SYNTHETIC_DEMO
2020-03-06,thermal_coal,155.25,USD,per_tonne,SYNTHETIC_DEMO
2020-03-06,iron_ore,115.46,USD,per_tonne,SYNTHETIC_DEMO
2020-03-06,grain,257.79,USD,per_tonne,SYNTHETIC_DEMO
2020-03-07,thermal_coal,154.25,USD,per_tonne,SYNTHETIC_DEMO
2020-03-07,iron_ore,114.59,USD,per_tonne,SYNTHETIC_DEMO
2020-03-07,grain,259.66,USD,per_tonne,SYNTHETIC_DEMO
2020-03-08,thermal_coal,153.76,USD,per_tonne,SYNTHETIC_DEMO
2020-03-08,iron_ore,115.09,USD,per_tonne,SYNTHETIC_DEMO
2020-03-08,grain,261.3,USD,per_tonne,SYNTHETIC_DEMO
2020-03-09,thermal_coal,155.09,USD,per_tonne,SYNTHETIC_DEMO
2020-03-09,iron_ore,114.07,USD,per_tonne,SYNTHETIC_DEMO
2020-03-09,grain,260.94,USD,per_tonne,SYNTHETIC_DEMO
2020-03-10,thermal_coal,155.58,USD,per_tonne,SYNTHETIC_DEMO
2020-03-10,iron_ore,113.34,USD,per_tonne,SYNTHETIC_DEMO
2020-03-10,grain,257.38,USD,per_tonne,SYNTHETIC_DEMO
2020-03-11,thermal_coal,155.66,USD,per_tonne,SYNTHETIC_DEMO
2020-03-11,iron_ore,114.57,USD,per_tonne,SYNTHETIC_DEMO
2020-03-11,grain,261.06,USD,per_tonne,SYNTHETIC_DEMO
2020-03-12,thermal_coal,156.7,USD,per_tonne,SYNTHETIC_DEMO
2020-03-12,iron_ore,113.18,USD,per_tonne,SYNTHETIC_DEMO
2020-03-12,grain,263.96,USD,per_tonne,SYNTHETIC_DEMO
2020-03-13,thermal_coal,156.61,USD,per_tonne,SYNTHETIC_DEMO
2020-03-13,iron_ore,112.13,USD,per_tonne,SYNTHETIC_DEMO
2020-03-13,grain,260.87,USD,per_tonne,SYNTHETIC_DEMO
2020-03-14,thermal_coal,155.69,USD,per_tonne,SYNTHETIC_DEMO
2020-03-14,iron_ore,113.64,USD,per_tonne,SYNTHETIC_DEMO
2020-03-14,grain,258.27,USD,per_tonne,SYNTHETIC_DEMO
2020-03-15,thermal_coal,155.5,USD,per_tonne,SYNTHETIC_DEMO
2020-03-15,iron_ore,113.62,USD,per_tonne,SYNTHETIC_DEMO
2020-03-15,grain,262.0,USD,per_tonne,SYNTHETIC_DEMO
2020-03-16,thermal_coal,155.93,USD,per_tonne,SYNTHETIC_DEMO
2020-03-16,iron_ore,113.55,USD,per_tonne,SYNTHETIC_DEMO
2020-03-16,grain,255.56,USD,per_tonne,SYNTHETIC_DEMO
2020-03-17,thermal_coal,155.0,USD,per_tonne,SYNTHETIC_DEMO
2020-03-17,iron_ore,111.92,USD,per_tonne,SYNTHETIC_DEMO
2020-03-17,grain,256.99,USD,per_tonne,SYNTHETIC_DEMO
2020-03-18,thermal_coal,155.6,USD,per_tonne,SYNTHETIC_DEMO
2020-03-18,iron_ore,110.98,USD,per_tonne,SYNTHETIC_DEMO
2020-03-18,grain,257.57,USD,per_tonne,SYNTHETIC_DEMO
2020-03-19,thermal_coal,154.49,USD,per_tonne,SYNTHETIC_DEMO
2020-03-19,iron_ore,111.9,USD,per_tonne,SYNTHETIC_DEMO
2020-03-19,grain,261.18,USD,per_tonne,SYNTHETIC_DEMO
2020-03-20,thermal_coal,155.54,USD,per_tonne,SYNTHETIC_DEMO
2020-03-20,iron_ore,110.45,USD,per_tonne,SYNTHETIC_DEMO
2020-03-20,grain,258.57,USD,per_tonne,SYNTHETIC_DEMO
2020-03-21,thermal_coal,155.36,USD,per_tonne,SYNTHETIC_DEMO
2020-03-21,iron_ore,110.81,USD,per_tonne,SYNTHETIC_DEMO
2020-03-21,grain,255.61,USD,per_tonne,SYNTHETIC_DEMO
2020-03-22,thermal_coal,154.57,USD,per_tonne,SYNTHETIC_DEMO
2020-03-22,iron_ore,110.98,USD,per_tonne,SYNTHETIC_DEMO
2020-03-22,grain,256.42,USD,per_tonne,SYNTHETIC_DEMO
2020-03-23,thermal_coal,154.47,USD,per_tonne,SYNTHETIC_DEMO
2020-03-23,iron_ore,111.1,USD,per_tonne,SYNTHETIC_DEMO
2020-03-23,grain,258.74,USD,per_tonne,SYNTHETIC_DEMO
2020-03-24,thermal_coal,153.73,USD,per_tonne,SYNTHETIC_DEMO
2020-03-24,iron_ore,111.88,USD,per_tonne,SYNTHETIC_DEMO
2020-03-24,grain,259.77,USD,per_tonne,SYNTHETIC_DEMO
2020-03-25,thermal_coal,153.7,USD,per_tonne,SYNTHETIC_DEMO
2020-03-25,iron_ore,111.48,USD,per_tonne,SYNTHETIC_DEMO
2020-03-25,grain,261.0,USD,per_tonne,SYNTHETIC_DEMO
2020-03-26,thermal_coal,153.25,USD,per_tonne,SYNTHETIC_DEMO
2020-03-26,iron_ore,112.73,USD,per_tonne,SYNTHETIC_DEMO
2020-03-26,grain,259.47,USD,per_tonne,SYNTHETIC_DEMO
2020-03-27,thermal_coal,153.09,USD,per_tonne,SYNTHETIC_DEMO
2020-03-27,iron_ore,113.55,USD,per_tonne,SYNTHETIC_DEMO
2020-03-27,grain,257.42,USD,per_tonne,SYNTHETIC_DEMO
2020-03-28,thermal_coal,151.26,USD,per_tonne,SYNTHETIC_DEMO
2020-03-28,iron_ore,113.4,USD,per_tonne,SYNTHETIC_DEMO
2020-03-28,grain,258.71,USD,per_tonne,SYNTHETIC_DEMO
2020-03-29,thermal_coal,151.2,USD,per_tonne,SYNTHETIC_DEMO
2020-03-29,iron_ore,113.31,USD,per_tonne,SYNTHETIC_DEMO
2020-03-29,grain,257.13,USD,per_tonne,SYNTHETIC_DEMO
2020-03-30,thermal_coal,151.66,USD,per_tonne,SYNTHETIC_DEMO
2020-03-30,iron_ore,113.82,USD,per_tonne,SYNTHETIC_DEMO
2020-03-30,grain,255.61,USD,per_tonne,SYNTHETIC_DEMO
2020-03-31,thermal_coal,151.88,USD,per_tonne,SYNTHETIC_DEMO
2020-03-31,iron_ore,113.86,USD,per_tonne,SYNTHETIC_DEMO
2020-03-31,grain,255.04,USD,per_tonne,SYNTHETIC_DEMO
2020-04-01,thermal_coal,152.06,USD,per_tonne,SYNTHETIC_DEMO
2020-04-01,iron_ore,113.39,USD,per_tonne,SYNTHETIC_DEMO
2020-04-01,grain,255.68,USD,per_tonne,SYNTHETIC_DEMO
2020-04-02,thermal_coal,150.65,USD,per_tonne,SYNTHETIC_DEMO
2020-04-02,iron_ore,113.98,USD,per_tonne,SYNTHETIC_DEMO
2020-04-02,grain,253.46,USD,per_tonne,SYNTHETIC_DEMO
2020-04-03,thermal_coal,150.72,USD,per_tonne,SYNTHETIC_DEMO
2020-04-03,iron_ore,113.41,USD,per_tonne,SYNTHETIC_DEMO
2020-04-03,grain,257.29,USD,per_tonne,SYNTHETIC_DEMO
2020-04-04,thermal_coal,152.5,USD,per_tonne,SYNTHETIC_DEMO
2020-04-04,iron_ore,112.86,USD,per_tonne,SYNTHETIC_DEMO
2020-04-04,grain,255.54,USD,per_tonne,SYNTHETIC_DEMO
2020-04-05,thermal_coal,152.86,USD,per_tonne,SYNTHETIC_DEMO
2020-04-05,iron_ore,111.91,USD,per_tonne,SYNTHETIC_DEMO
2020-04-05,grain,253.36,USD,per_tonne,SYNTHETIC_DEMO
2020-04-06,thermal_coal,153.83,USD,per_tonne,SYNTHETIC_DEMO
2020-04-06,iron_ore,112.79,USD,per_tonne,SYNTHETIC_DEMO
2020-04-06,grain,252.35,USD,per_tonne,SYNTHETIC_DEMO
2020-04-07,thermal_coal,154.45,USD,per_tonne,SYNTHETIC_DEMO
2020-04-07,iron_ore,112.5,USD,per_tonne,SYNTHETIC_DEMO
2020-04-07,grain,255.97,USD,per_tonne,SYNTHETIC_DEMO
2020-04-08,thermal_coal,154.19,USD,per_tonne,SYNTHETIC_DEMO
2020-04-08,iron_ore,112.58,USD,per_tonne,SYNTHETIC_DEMO
2020-04-08,grain,254.2,USD,per_tonne,SYNTHETIC_DEMO
2020-04-09,thermal_coal,154.57,USD,per_tonne,SYNTHETIC_DEMO
2020-04-09,iron_ore,112.86,USD,per_tonne,SYNTHETIC_DEMO
2020-04-09,grain,252.62,USD,per_tonne,SYNTHETIC_DEMO
2020-04-10,thermal_coal,152.98,USD,per_tonne,SYNTHETIC_DEMO
2020-04-10,iron_ore,111.84,USD,per_tonne,SYNTHETIC_DEMO
2020-04-10,grain,253.83,USD,per_tonne,SYNTHETIC_DEMO
2020-04-11,thermal_coal,152.97,USD,per_tonne,SYNTHETIC_DEMO
2020-04-11,iron_ore,111.29,USD,per_tonne,SYNTHETIC_DEMO
2020-04-11,grain,253.07,USD,per_tonne,SYNTHETIC_DEMO
2020-04-12,thermal_coal,151.93,USD,per_tonne,SYNTHETIC_DEMO
2020-04-12,iron_ore,110.14,USD,per_tonne,SYNTHETIC_DEMO
2020-04-12,grain,251.56,USD,per_tonne,SYNTHETIC_DEMO
2020-04-13,thermal_coal,152.07,USD,per_tonne,SYNTHETIC_DEMO
2020-04-13,iron_ore,110.55,USD,per_tonne,SYNTHETIC_DEMO
2020-04-13,grain,256.45,USD,per_tonne,SYNTHETIC_DEMO
2020-04-14,thermal_coal,151.38,USD,per_tonne,SYNTHETIC_DEMO
2020-04-14,iron_ore,109.55,USD,per_tonne,SYNTHETIC_DEMO
2020-04-14,grain,250.71,USD,per_tonne,SYNTHETIC_DEMO
2020-04-15,thermal_coal,151.75,USD,per_tonne,SYNTHETIC_DEMO
2020-04-15,iron_ore,108.82,USD,per_tonne,SYNTHETIC_DEMO
2020-04-15,grain,250.38,USD,per_tonne,SYNTHETIC_DEMO
2020-04-16,thermal_coal,151.67,USD,per_tonne,SYNTHETIC_DEMO
2020-04-16,iron_ore,108.03,USD,per_tonne,SYNTHETIC_DEMO
2020-04-16,grain,248.79,USD,per_tonne,SYNTHETIC_DEMO
2020-04-17,thermal_coal,153.85,USD,per_tonne,SYNTHETIC_DEMO
2020-04-17,iron_ore,108.98,USD,per_tonne,SYNTHETIC_DEMO
2020-04-17,grain,249.99,USD,per_tonne,SYNTHETIC_DEMO
2020-04-18,thermal_coal,154.63,USD,per_tonne,SYNTHETIC_DEMO
2020-04-18,iron_ore,108.13,USD,per_tonne,SYNTHETIC_DEMO
2020-04-18,grain,250.41,USD,per_tonne,SYNTHETIC_DEMO
2020-04-19,thermal_coal,155.75,USD,per_tonne,SYNTHETIC_DEMO
2020-04-19,iron_ore,107.92,USD,per_tonne,SYNTHETIC_DEMO
2020-04-19,grain,249.36,USD,per_tonne,SYNTHETIC_DEMO
2020-04-20,thermal_coal,154.21,USD,per_tonne,SYNTHETIC_DEMO
2020-04-20,iron_ore,107.33,USD,per_tonne,SYNTHETIC_DEMO
2020-04-20,grain,249.99,USD,per_tonne,SYNTHETIC_DEMO
2020-04-21,thermal_coal,154.38,USD,per_tonne,SYNTHETIC_DEMO
2020-04-21,iron_ore,107.15,USD,per_tonne,SYNTHETIC_DEMO
2020-04-21,grain,250.87,USD,per_tonne,SYNTHETIC_DEMO
2020-04-22,thermal_coal,154.19,USD,per_tonne,SYNTHETIC_DEMO
2020-04-22,iron_ore,106.18,USD,per_tonne,SYNTHETIC_DEMO
2020-04-22,grain,250.65,USD,per_tonne,SYNTHETIC_DEMO
2020-04-23,thermal_coal,155.11,USD,per_tonne,SYNTHETIC_DEMO
2020-04-23,iron_ore,105.68,USD,per_tonne,SYNTHETIC_DEMO
2020-04-23,grain,248.63,USD,per_tonne,SYNTHETIC_DEMO
2020-04-24,thermal_coal,154.44,USD,per_tonne,SYNTHETIC_DEMO
2020-04-24,iron_ore,103.6,USD,per_tonne,SYNTHETIC_DEMO
2020-04-24,grain,249.64,USD,per_tonne,SYNTHETIC_DEMO
2020-04-25,thermal_coal,153.29,USD,per_tonne,SYNTHETIC_DEMO
2020-04-25,iron_ore,103.89,USD,per_tonne,SYNTHETIC_DEMO
2020-04-25,grain,250.56,USD,per_tonne,SYNTHETIC_DEMO
2020-04-26,thermal_coal,151.28,USD,per_tonne,SYNTHETIC_DEMO
2020-04-26,iron_ore,102.77,USD,per_tonne,SYNTHETIC_DEMO
2020-04-26,grain,252.69,USD,per_tonne,SYNTHETIC_DEMO
2020-04-27,thermal_coal,151.76,USD,per_tonne,SYNTHETIC_DEMO
2020-04-27,iron_ore,102.88,USD,per_tonne,SYNTHETIC_DEMO
2020-04-27,grain,246.6,USD,per_tonne,SYNTHETIC_DEMO
2020-04-28,thermal_coal,150.51,USD,per_tonne,SYNTHETIC_DEMO
2020-04-28,iron_ore,101.6,USD,per_tonne,SYNTHETIC_DEMO
2020-04-28,grain,249.75,USD,per_tonne,SYNTHETIC_DEMO
2020-04-29,thermal_coal,151.04,USD,per_tonne,SYNTHETIC_DEMO
2020-04-29,iron_ore,102.52,USD,per_tonne,SYNTHETIC_DEMO
2020-04-29,grain,249.39,USD,per_tonne,SYNTHETIC_DEMO
2020-04-30,thermal_coal,150.59,USD,per_tonne,SYNTHETIC_DEMO
2020-04-30,iron_ore,102.84,USD,per_tonne,SYNTHETIC_DEMO
2020-04-30,grain,244.95,USD,per_tonne,SYNTHETIC_DEMO
2020-05-01,thermal_coal,150.67,USD,per_tonne,SYNTHETIC_DEMO
2020-05-01,iron_ore,103.32,USD,per_tonne,SYNTHETIC_DEMO
2020-05-01,grain,244.23,USD,per_tonne,SYNTHETIC_DEMO
2020-05-02,thermal_coal,149.15,USD,per_tonne,SYNTHETIC_DEMO
2020-05-02,iron_ore,103.4,USD,per_tonne,SYNTHETIC_DEMO
2020-05-02,grain,248.65,USD,per_tonne,SYNTHETIC_DEMO
2020-05-03,thermal_coal,149.3,USD,per_tonne,SYNTHETIC_DEMO
2020-05-03,iron_ore,102.81,USD,per_tonne,SYNTHETIC_DEMO
2020-05-03,grain,245.63,USD,per_tonne,SYNTHETIC_DEMO
2020-05-04,thermal_coal,149.51,USD,per_tonne,SYNTHETIC_DEMO
2020-05-04,iron_ore,103.26,USD,per_tonne,SYNTHETIC_DEMO
2020-05-04,grain,246.84,USD,per_tonne,SYNTHETIC_DEMO
2020-05-05,thermal_coal,148.32,USD,per_tonne,SYNTHETIC_DEMO
2020-05-05,iron_ore,104.14,USD,per_tonne,SYNTHETIC_DEMO
2020-05-05,grain,247.03,USD,per_tonne,SYNTHETIC_DEMO
2020-05-06,thermal_coal,149.15,USD,per_tonne,SYNTHETIC_DEMO
2020-05-06,iron_ore,105.33,USD,per_tonne,SYNTHETIC_DEMO
2020-05-06,grain,249.83,USD,per_tonne,SYNTHETIC_DEMO
2020-05-07,thermal_coal,148.47,USD,per_tonne,SYNTHETIC_DEMO
2020-05-07,iron_ore,102.98,USD,per_tonne,SYNTHETIC_DEMO
2020-05-07,grain,249.33,USD,per_tonne,SYNTHETIC_DEMO
2020-05-08,thermal_coal,148.46,USD,per_tonne,SYNTHETIC_DEMO
2020-05-08,iron_ore,102.76,USD,per_tonne,SYNTHETIC_DEMO
2020-05-08,grain,247.98,USD,per_tonne,SYNTHETIC_DEMO
2020-05-09,thermal_coal,148.38,USD,per_tonne,SYNTHETIC_DEMO
2020-05-09,iron_ore,102.22,USD,per_tonne,SYNTHETIC_DEMO
2020-05-09,grain,245.91,USD,per_tonne,SYNTHETIC_DEMO
2020-05-10,thermal_coal,147.8,USD,per_tonne,SYNTHETIC_DEMO
2020-05-10,iron_ore,101.97,USD,per_tonne,SYNTHETIC_DEMO
2020-05-10,grain,248.43,USD,per_tonne,SYNTHETIC_DEMO
2020-05-11,thermal_coal,147.81,USD,per_tonne,SYNTHETIC_DEMO
2020-05-11,iron_ore,101.81,USD,per_tonne,SYNTHETIC_DEMO
2020-05-11,grain,242.28,USD,per_tonne,SYNTHETIC_DEMO
2020-05-12,thermal_coal,147.83,USD,per_tonne,SYNTHETIC_DEMO
2020-05-12,iron_ore,102.23,USD,per_tonne,SYNTHETIC_DEMO
2020-05-12,grain,246.38,USD,per_tonne,SYNTHETIC_DEMO
2020-05-13,thermal_coal,147.68,USD,per_tonne,SYNTHETIC_DEMO
2020-05-13,iron_ore,101.79,USD,per_tonne,SYNTHETIC_DEMO
2020-05-13,grain,242.68,USD,per_tonne,SYNTHETIC_DEMO
2020-05-14,thermal_coal,146.63,USD,per_tonne,SYNTHETIC_DEMO
2020-05-14,iron_ore,101.51,USD,per_tonne,SYNTHETIC_DEMO
2020-05-14,grain,244.3,USD,per_tonne,SYNTHETIC_DEMO
2020-05-15,thermal_coal,146.23,USD,per_tonne,SYNTHETIC_DEMO
2020-05-15,iron_ore,102.85,USD,per_tonne,SYNTHETIC_DEMO
2020-05-15,grain,246.16,USD,per_tonne,SYNTHETIC_DEMO
2020-05-16,thermal_coal,145.62,USD,per_tonne,SYNTHETIC_DEMO
2020-05-16,iron_ore,103.07,USD,per_tonne,SYNTHETIC_DEMO
2020-05-16,grain,244.01,USD,per_tonne,SYNTHETIC_DEMO
2020-05-17,thermal_coal,145.28,USD,per_tonne,SYNTHETIC_DEMO
2020-05-17,iron_ore,103.25,USD,per_tonne,SYNTHETIC_DEMO
2020-05-17,grain,243.84,USD,per_tonne,SYNTHETIC_DEMO
2020-05-18,thermal_coal,145.49,USD,per_tonne,SYNTHETIC_DEMO
2020-05-18,iron_ore,102.59,USD,per_tonne,SYNTHETIC_DEMO
2020-05-18,grain,242.98,USD,per_tonne,SYNTHETIC_DEMO
2020-05-19,thermal_coal,144.86,USD,per_tonne,SYNTHETIC_DEMO
2020-05-19,iron_ore,103.29,USD,per_tonne,SYNTHETIC_DEMO
2020-05-19,grain,242.47,USD,per_tonne,SYNTHETIC_DEMO
2020-05-20,thermal_coal,144.83,USD,per_tonne,SYNTHETIC_DEMO
2020-05-20,iron_ore,104.15,USD,per_tonne,SYNTHETIC_DEMO
2020-05-20,grain,243.66,USD,per_tonne,SYNTHETIC_DEMO
2020-05-21,thermal_coal,144.86,USD,per_tonne,SYNTHETIC_DEMO
2020-05-21,iron_ore,103.38,USD,per_tonne,SYNTHETIC_DEMO
2020-05-21,grain,243.32,USD,per_tonne,SYNTHETIC_DEMO
2020-05-22,thermal_coal,143.96,USD,per_tonne,SYNTHETIC_DEMO
2020-05-22,iron_ore,105.12,USD,per_tonne,SYNTHETIC_DEMO
2020-05-22,grain,241.65,USD,per_tonne,SYNTHETIC_DEMO
2020-05-23,thermal_coal,143.78,USD,per_tonne,SYNTHETIC_DEMO
2020-05-23,iron_ore,105.45,USD,per_tonne,SYNTHETIC_DEMO
2020-05-23,grain,244.98,USD,per_tonne,SYNTHETIC_DEMO
2020-05-24,thermal_coal,143.02,USD,per_tonne,SYNTHETIC_DEMO
2020-05-24,iron_ore,105.11,USD,per_tonne,SYNTHETIC_DEMO
2020-05-24,grain,241.06,USD,per_tonne,SYNTHETIC_DEMO
2020-05-25,thermal_coal,143.8,USD,per_tonne,SYNTHETIC_DEMO
2020-05-25,iron_ore,104.78,USD,per_tonne,SYNTHETIC_DEMO
2020-05-25,grain,239.16,USD,per_tonne,SYNTHETIC_DEMO
2020-05-26,thermal_coal,144.18,USD,per_tonne,SYNTHETIC_DEMO
2020-05-26,iron_ore,104.14,USD,per_tonne,SYNTHETIC_DEMO
2020-05-26,grain,244.68,USD,per_tonne,SYNTHETIC_DEMO
2020-05-27,thermal_coal,143.2,USD,per_tonne,SYNTHETIC_DEMO
2020-05-27,iron_ore,103.81,USD,per_tonne,SYNTHETIC_DEMO
2020-05-27,grain,239.56,USD,per_tonne,SYNTHETIC_DEMO
2020-05-28,thermal_coal,142.44,USD,per_tonne,SYNTHETIC_DEMO
2020-05-28,iron_ore,103.23,USD,per_tonne,SYNTHETIC_DEMO
2020-05-28,grain,239.04,USD,per_tonne,SYNTHETIC_DEMO
2020-05-29,thermal_coal,142.7,USD,per_tonne,SYNTHETIC_DEMO
2020-05-29,iron_ore,103.07,USD,per_tonne,SYNTHETIC_DEMO
2020-05-29,grain,243.99,USD,per_tonne,SYNTHETIC_DEMO
2020-05-30,thermal_coal,143.23,USD,per_tonne,SYNTHETIC_DEMO
2020-05-30,iron_ore,104.74,USD,per_tonne,SYNTHETIC_DEMO
2020-05-30,grain,243.17,USD,per_tonne,SYNTHETIC_DEMO
2020-05-31,thermal_coal,142.67,USD,per_tonne,SYNTHETIC_DEMO
2020-05-31,iron_ore,105.09,USD,per_tonne,SYNTHETIC_DEMO
2020-05-31,grain,241.36,USD,per_tonne,SYNTHETIC_DEMO
2020-06-01,thermal_coal,142.84,USD,per_tonne,SYNTHETIC_DEMO
2020-06-01,iron_ore,104.18,USD,per_tonne,SYNTHETIC_DEMO
2020-06-01,grain,239.26,USD,per_tonne,SYNTHETIC_DEMO
2020-06-02,thermal_coal,141.72,USD,per_tonne,SYNTHETIC_DEMO
2020-06-02,iron_ore,103.72,USD,per_tonne,SYNTHETIC_DEMO
2020-06-02,grain,236.75,USD,per_tonne,SYNTHETIC_DEMO
2020-06-03,thermal_coal,141.95,USD,per_tonne,SYNTHETIC_DEMO
2020-06-03,iron_ore,103.8,USD,per_tonne,SYNTHETIC_DEMO
2020-06-03,grain,243.25,USD,per_tonne,SYNTHETIC_DEMO
2020-06-04,thermal_coal,141.78,USD,per_tonne,SYNTHETIC_DEMO
2020-06-04,iron_ore,103.41,USD,per_tonne,SYNTHETIC_DEMO
2020-06-04,grain,241.53,USD,per_tonne,SYNTHETIC_DEMO
2020-06-05,thermal_coal,140.05,USD,per_tonne,SYNTHETIC_DEMO
2020-06-05,iron_ore,103.44,USD,per_tonne,SYNTHETIC_DEMO
2020-06-05,grain,238.79,USD,per_tonne,SYNTHETIC_DEMO
2020-06-06,thermal_coal,140.56,USD,per_tonne,SYNTHETIC_DEMO
2020-06-06,iron_ore,102.69,USD,per_tonne,SYNTHETIC_DEMO
2020-06-06,grain,240.31,USD,per_tonne,SYNTHETIC_DEMO
2020-06-07,thermal_coal,139.57,USD,per_tonne,SYNTHETIC_DEMO
2020-06-07,iron_ore,102.62,USD,per_tonne,SYNTHETIC_DEMO
2020-06-07,grain,236.78,USD,per_tonne,SYNTHETIC_DEMO
2020-06-08,thermal_coal,140.65,USD,per_tonne,SYNTHETIC_DEMO
2020-06-08,iron_ore,102.47,USD,per_tonne,SYNTHETIC_DEMO
2020-06-08,grain,236.62,USD,per_tonne,SYNTHETIC_DEMO
2020-06-09,thermal_coal,140.46,USD,per_tonne,SYNTHETIC_DEMO
2020-06-09,iron_ore,103.6,USD,per_tonne,SYNTHETIC_DEMO
2020-06-09,grain,236.66,USD,per_tonne,SYNTHETIC_DEMO
2020-06-10,thermal_coal,141.63,USD,per_tonne,SYNTHETIC_DEMO
2020-06-10,iron_ore,104.2,USD,per_tonne,SYNTHETIC_DEMO
2020-06-10,grain,237.82,USD,per_tonne,SYNTHETIC_DEMO
2020-06-11,thermal_coal,141.86,USD,per_tonne,SYNTHETIC_DEMO
2020-06-11,iron_ore,104.07,USD,per_tonne,SYNTHETIC_DEMO
2020-06-11,grain,237.47,USD,per_tonne,SYNTHETIC_DEMO
2020-06-12,thermal_coal,141.8,USD,per_tonne,SYNTHETIC_DEMO
2020-06-12,iron_ore,104.28,USD,per_tonne,SYNTHETIC_DEMO
2020-06-12,grain,237.51,USD,per_tonne,SYNTHETIC_DEMO
2020-06-13,thermal_coal,141.01,USD,per_tonne,SYNTHETIC_DEMO
2020-06-13,iron_ore,104.8,USD,per_tonne,SYNTHETIC_DEMO
2020-06-13,grain,239.99,USD,per_tonne,SYNTHETIC_DEMO
2020-06-14,thermal_coal,140.69,USD,per_tonne,SYNTHETIC_DEMO
2020-06-14,iron_ore,104.4,USD,per_tonne,SYNTHETIC_DEMO
2020-06-14,grain,237.43,USD,per_tonne,SYNTHETIC_DEMO
2020-06-15,thermal_coal,141.15,USD,per_tonne,SYNTHETIC_DEMO
2020-06-15,iron_ore,104.39,USD,per_tonne,SYNTHETIC_DEMO
2020-06-15,grain,237.41,USD,per_tonne,SYNTHETIC_DEMO
2020-06-16,thermal_coal,142.3,USD,per_tonne,SYNTHETIC_DEMO
2020-06-16,iron_ore,104.24,USD,per_tonne,SYNTHETIC_DEMO
2020-06-16,grain,240.64,USD,per_tonne,SYNTHETIC_DEMO
2020-06-17,thermal_coal,142.75,USD,per_tonne,SYNTHETIC_DEMO
2020-06-17,iron_ore,105.67,USD,per_tonne,SYNTHETIC_DEMO
2020-06-17,grain,236.72,USD,per_tonne,SYNTHETIC_DEMO
2020-06-18,thermal_coal,143.9,USD,per_tonne,SYNTHETIC_DEMO
2020-06-18,iron_ore,105.2,USD,per_tonne,SYNTHETIC_DEMO
2020-06-18,grain,236.88,USD,per_tonne,SYNTHETIC_DEMO
2020-06-19,thermal_coal,142.04,USD,per_tonne,SYNTHETIC_DEMO
2020-06-19,iron_ore,104.86,USD,per_tonne,SYNTHETIC_DEMO
2020-06-19,grain,240.07,USD,per_tonne,SYNTHETIC_DEMO
2020-06-20,thermal_coal,143.08,USD,per_tonne,SYNTHETIC_DEMO
2020-06-20,iron_ore,105.0,USD,per_tonne,SYNTHETIC_DEMO
2020-06-20,grain,236.94,USD,per_tonne,SYNTHETIC_DEMO
2020-06-21,thermal_coal,140.94,USD,per_tonne,SYNTHETIC_DEMO
2020-06-21,iron_ore,104.74,USD,per_tonne,SYNTHETIC_DEMO
2020-06-21,grain,238.5,USD,per_tonne,SYNTHETIC_DEMO
2020-06-22,thermal_coal,139.28,USD,per_tonne,SYNTHETIC_DEMO
2020-06-22,iron_ore,105.08,USD,per_tonne,SYNTHETIC_DEMO
2020-06-22,grain,233.97,USD,per_tonne,SYNTHETIC_DEMO
2020-06-23,thermal_coal,139.23,USD,per_tonne,SYNTHETIC_DEMO
2020-06-23,iron_ore,105.22,USD,per_tonne,SYNTHETIC_DEMO
2020-06-23,grain,235.96,USD,per_tonne,SYNTHETIC_DEMO
2020-06-24,thermal_coal,138.75,USD,per_tonne,SYNTHETIC_DEMO
2020-06-24,iron_ore,105.06,USD,per_tonne,SYNTHETIC_DEMO
2020-06-24,grain,236.81,USD,per_tonne,SYNTHETIC_DEMO
2020-06-25,thermal_coal,137.75,USD,per_tonne,SYNTHETIC_DEMO
2020-06-25,iron_ore,104.37,USD,per_tonne,SYNTHETIC_DEMO
2020-06-25,grain,239.51,USD,per_tonne,SYNTHETIC_DEMO
2020-06-26,thermal_coal,138.87,USD,per_tonne,SYNTHETIC_DEMO
2020-06-26,iron_ore,103.25,USD,per_tonne,SYNTHETIC_DEMO
2020-06-26,grain,235.92,USD,per_tonne,SYNTHETIC_DEMO
2020-06-27,thermal_coal,138.73,USD,per_tonne,SYNTHETIC_DEMO
2020-06-27,iron_ore,103.97,USD,per_tonne,SYNTHETIC_DEMO
2020-06-27,grain,238.68,USD,per_tonne,SYNTHETIC_DEMO
2020-06-28,thermal_coal,139.55,USD,per_tonne,SYNTHETIC_DEMO
2020-06-28,iron_ore,104.67,USD,per_tonne,SYNTHETIC_DEMO
2020-06-28,grain,236.66,USD,per_tonne,SYNTHETIC_DEMO
2020-06-29,thermal_coal,140.99,USD,per_tonne,SYNTHETIC_DEMO
2020-06-29,iron_ore,105.02,USD,per_tonne,SYNTHETIC_DEMO
2020-06-29,grain,238.78,USD,per_tonne,SYNTHETIC_DEMO
2020-06-30,thermal_coal,140.73,USD,per_tonne,SYNTHETIC_DEMO
2020-06-30,iron_ore,105.58,USD,per_tonne,SYNTHETIC_DEMO
2020-06-30,grain,235.05,USD,per_tonne,SYNTHETIC_DEMO
2020-07-01,thermal_coal,140.4,USD,per_tonne,SYNTHETIC_DEMO
2020-07-01,iron_ore,106.17,USD,per_tonne,SYNTHETIC_DEMO
2020-07-01,grain,234.67,USD,per_tonne,SYNTHETIC_DEMO
2020-07-02,thermal_coal,141.17,USD,per_tonne,SYNTHETIC_DEMO
2020-07-02,iron_ore,106.21,USD,per_tonne,SYNTHETIC_DEMO
2020-07-02,grain,235.07,USD,per_tonne,SYNTHETIC_DEMO
2020-07-03,thermal_coal,142.09,USD,per_tonne,SYNTHETIC_DEMO
2020-07-03,iron_ore,105.48,USD,per_tonne,SYNTHETIC_DEMO
2020-07-03,grain,234.79,USD,per_tonne,SYNTHETIC_DEMO
2020-07-04,thermal_coal,142.44,USD,per_tonne,SYNTHETIC_DEMO
2020-07-04,iron_ore,105.81,USD,per_tonne,SYNTHETIC_DEMO
2020-07-04,grain,236.45,USD,per_tonne,SYNTHETIC_DEMO
2020-07-05,thermal_coal,141.88,USD,per_tonne,SYNTHETIC_DEMO
2020-07-05,iron_ore,106.24,USD,per_tonne,SYNTHETIC_DEMO
2020-07-05,grain,236.57,USD,per_tonne,SYNTHETIC_DEMO
2020-07-06,thermal_coal,142.12,USD,per_tonne,SYNTHETIC_DEMO
2020-07-06,iron_ore,106.0,USD,per_tonne,SYNTHETIC_DEMO
2020-07-06,grain,236.64,USD,per_tonne,SYNTHETIC_DEMO
2020-07-07,thermal_coal,141.77,USD,per_tonne,SYNTHETIC_DEMO
2020-07-07,iron_ore,105.83,USD,per_tonne,SYNTHETIC_DEMO
2020-07-07,grain,232.04,USD,per_tonne,SYNTHETIC_DEMO
2020-07-08,thermal_coal,141.31,USD,per_tonne,SYNTHETIC_DEMO
2020-07-08,iron_ore,105.75,USD,per_tonne,SYNTHETIC_DEMO
2020-07-08,grain,235.72,USD,per_tonne,SYNTHETIC_DEMO
2020-07-09,thermal_coal,140.49,USD,per_tonne,SYNTHETIC_DEMO
2020-07-09,iron_ore,105.4,USD,per_tonne,SYNTHETIC_DEMO
2020-07-09,grain,235.97,USD,per_tonne,SYNTHETIC_DEMO
2020-07-10,thermal_coal,141.01,USD,per_tonne,SYNTHETIC_DEMO
2020-07-10,iron_ore,105.43,USD,per_tonne,SYNTHETIC_DEMO
2020-07-10,grain,233.21,USD,per_tonne,SYNTHETIC_DEMO
2020-07-11,thermal_coal,140.18,USD,per_tonne,SYNTHETIC_DEMO
2020-07-11,iron_ore,104.73,USD,per_tonne,SYNTHETIC_DEMO
2020-07-11,grain,237.39,USD,per_tonne,SYNTHETIC_DEMO
2020-07-12,thermal_coal,140.97,USD,per_tonne,SYNTHETIC_DEMO
2020-07-12,iron_ore,104.93,USD,per_tonne,SYNTHETIC_DEMO
2020-07-12,grain,236.0,USD,per_tonne,SYNTHETIC_DEMO
2020-07-13,thermal_coal,139.83,USD,per_tonne,SYNTHETIC_DEMO
2020-07-13,iron_ore,104.24,USD,per_tonne,SYNTHETIC_DEMO
2020-07-13,grain,233.02,USD,per_tonne,SYNTHETIC_DEMO
2020-07-14,thermal_coal,140.33,USD,per_tonne,SYNTHETIC_DEMO
2020-07-14,iron_ore,103.37,USD,per_tonne,SYNTHETIC_DEMO
2020-07-14,grain,236.32,USD,per_tonne,SYNTHETIC_DEMO
2020-07-15,thermal_coal,140.23,USD,per_tonne,SYNTHETIC_DEMO
2020-07-15,iron_ore,104.16,USD,per_tonne,SYNTHETIC_DEMO
2020-07-15,grain,234.39,USD,per_tonne,SYNTHETIC_DEMO
2020-07-16,thermal_coal,139.76,USD,per_tonne,SYNTHETIC_DEMO
2020-07-16,iron_ore,103.27,USD,per_tonne,SYNTHETIC_DEMO
2020-07-16,grain,234.4,USD,per_tonne,SYNTHETIC_DEMO
2020-07-17,thermal_coal,140.28,USD,per_tonne,SYNTHETIC_DEMO
2020-07-17,iron_ore,103.88,USD,per_tonne,SYNTHETIC_DEMO
2020-07-17,grain,233.01,USD,per_tonne,SYNTHETIC_DEMO
2020-07-18,thermal_coal,140.65,USD,per_tonne,SYNTHETIC_DEMO
2020-07-18,iron_ore,103.72,USD,per_tonne,SYNTHETIC_DEMO
2020-07-18,grain,234.25,USD,per_tonne,SYNTHETIC_DEMO
2020-07-19,thermal_coal,140.52,USD,per_tonne,SYNTHETIC_DEMO
2020-07-19,iron_ore,102.48,USD,per_tonne,SYNTHETIC_DEMO
2020-07-19,grain,237.34,USD,per_tonne,SYNTHETIC_DEMO
2020-07-20,thermal_coal,140.16,USD,per_tonne,SYNTHETIC_DEMO
2020-07-20,iron_ore,102.15,USD,per_tonne,SYNTHETIC_DEMO
2020-07-20,grain,235.64,USD,per_tonne,SYNTHETIC_DEMO
2020-07-21,thermal_coal,140.28,USD,per_tonne,SYNTHETIC_DEMO
2020-07-21,iron_ore,102.0,USD,per_tonne,SYNTHETIC_DEMO
2020-07-21,grain,233.25,USD,per_tonne,SYNTHETIC_DEMO
2020-07-22,thermal_coal,141.28,USD,per_tonne,SYNTHETIC_DEMO
2020-07-22,iron_ore,101.63,USD,per_tonne,SYNTHETIC_DEMO
2020-07-22,grain,236.23,USD,per_tonne,SYNTHETIC_DEMO
2020-07-23,thermal_coal,142.36,USD,per_tonne,SYNTHETIC_DEMO
2020-07-23,iron_ore,100.51,USD,per_tonne,SYNTHETIC_DEMO
2020-07-23,grain,233.32,USD,per_tonne,SYNTHETIC_DEMO
2020-07-24,thermal_coal,141.97,USD,per_tonne,SYNTHETIC_DEMO
2020-07-24,iron_ore,100.19,USD,per_tonne,SYNTHETIC_DEMO
2020-07-24,grain,234.11,USD,per_tonne,SYNTHETIC_DEMO
2020-07-25,thermal_coal,141.01,USD,per_tonne,SYNTHETIC_DEMO
2020-07-25,iron_ore,100.51,USD,per_tonne,SYNTHETIC_DEMO
2020-07-25,grain,232.75,USD,per_tonne,SYNTHETIC_DEMO
2020-07-26,thermal_coal,140.99,USD,per_tonne,SYNTHETIC_DEMO
2020-07-26,iron_ore,101.32,USD,per_tonne,SYNTHETIC_DEMO
2020-07-26,grain,232.31,USD,per_tonne,SYNTHETIC_DEMO
2020-07-27,thermal_coal,141.25,USD,per_tonne,SYNTHETIC_DEMO
2020-07-27,iron_ore,101.61,USD,per_tonne,SYNTHETIC_DEMO
2020-07-27,grain,236.61,USD,per_tonne,SYNTHETIC_DEMO
2020-07-28,thermal_coal,141.4,USD,per_tonne,SYNTHETIC_DEMO
2020-07-28,iron_ore,102.77,USD,per_tonne,SYNTHETIC_DEMO
2020-07-28,grain,234.89,USD,per_tonne,SYNTHETIC_DEMO
2020-07-29,thermal_coal,142.58,USD,per_tonne,SYNTHETIC_DEMO
2020-07-29,iron_ore,103.19,USD,per_tonne,SYNTHETIC_DEMO
2020-07-29,grain,233.97,USD,per_tonne,SYNTHETIC_DEMO
2020-07-30,thermal_coal,142.94,USD,per_tonne,SYNTHETIC_DEMO
2020-07-30,iron_ore,103.7,USD,per_tonne,SYNTHETIC_DEMO
2020-07-30,grain,236.49,USD,per_tonne,SYNTHETIC_DEMO
2020-07-31,thermal_coal,143.04,USD,per_tonne,SYNTHETIC_DEMO
2020-07-31,iron_ore,103.11,USD,per_tonne,SYNTHETIC_DEMO
2020-07-31,grain,233.81,USD,per_tonne,SYNTHETIC_DEMO
2020-08-01,thermal_coal,142.95,USD,per_tonne,SYNTHETIC_DEMO
2020-08-01,iron_ore,103.23,USD,per_tonne,SYNTHETIC_DEMO
2020-08-01,grain,238.23,USD,per_tonne,SYNTHETIC_DEMO
2020-08-02,thermal_coal,141.52,USD,per_tonne,SYNTHETIC_DEMO
2020-08-02,iron_ore,102.76,USD,per_tonne,SYNTHETIC_DEMO
2020-08-02,grain,233.6,USD,per_tonne,SYNTHETIC_DEMO
2020-08-03,thermal_coal,140.86,USD,per_tonne,SYNTHETIC_DEMO
2020-08-03,iron_ore,103.09,USD,per_tonne,SYNTHETIC_DEMO
2020-08-03,grain,233.21,USD,per_tonne,SYNTHETIC_DEMO
2020-08-04,thermal_coal,140.0,USD,per_tonne,SYNTHETIC_DEMO
2020-08-04,iron_ore,102.05,USD,per_tonne,SYNTHETIC_DEMO
2020-08-04,grain,234.29,USD,per_tonne,SYNTHETIC_DEMO
2020-08-05,thermal_coal,139.25,USD,per_tonne,SYNTHETIC_DEMO
2020-08-05,iron_ore,101.68,USD,per_tonne,SYNTHETIC_DEMO
2020-08-05,grain,233.17,USD,per_tonne,SYNTHETIC_DEMO
2020-08-06,thermal_coal,140.2,USD,per_tonne,SYNTHETIC_DEMO
2020-08-06,iron_ore,101.9,USD,per_tonne,SYNTHETIC_DEMO
2020-08-06,grain,236.43,USD,per_tonne,SYNTHETIC_DEMO
2020-08-07,thermal_coal,139.22,USD,per_tonne,SYNTHETIC_DEMO
2020-08-07,iron_ore,102.15,USD,per_tonne,SYNTHETIC_DEMO
2020-08-07,grain,234.92,USD,per_tonne,SYNTHETIC_DEMO
2020-08-08,thermal_coal,140.07,USD,per_tonne,SYNTHETIC_DEMO
2020-08-08,iron_ore,102.53,USD,per_tonne,SYNTHETIC_DEMO
2020-08-08,grain,234.4,USD,per_tonne,SYNTHETIC_DEMO
2020-08-09,thermal_coal,140.11,USD,per_tonne,SYNTHETIC_DEMO
2020-08-09,iron_ore,100.99,USD,per_tonne,SYNTHETIC_DEMO
2020-08-09,grain,234.32,USD,per_tonne,SYNTHETIC_DEMO
2020-08-10,thermal_coal,137.94,USD,per_tonne,SYNTHETIC_DEMO
2020-08-10,iron_ore,100.87,USD,per_tonne,SYNTHETIC_DEMO
2020-08-10,grain,231.57,USD,per_tonne,SYNTHETIC_DEMO
2020-08-11,thermal_coal,137.1,USD,per_tonne,SYNTHETIC_DEMO
2020-08-11,iron_ore,101.43,USD,per_tonne,SYNTHETIC_DEMO
2020-08-11,grain,232.65,USD,per_tonne,SYNTHETIC_DEMO
2020-08-12,thermal_coal,137.05,USD,per_tonne,SYNTHETIC_DEMO
2020-08-12,iron_ore,101.59,USD,per_tonne,SYNTHETIC_DEMO
2020-08-12,grain,238.08,USD,per_tonne,SYNTHETIC_DEMO
2020-08-13,thermal_coal,136.4,USD,per_tonne,SYNTHETIC_DEMO
2020-08-13,iron_ore,102.55,USD,per_tonne,SYNTHETIC_DEMO
2020-08-13,grain,237.26,USD,per_tonne,SYNTHETIC_DEMO
2020-08-14,thermal_coal,135.48,USD,per_tonne,SYNTHETIC_DEMO
2020-08-14,iron_ore,102.1,USD,per_tonne,SYNTHETIC_DEMO
2020-08-14,grain,237.68,USD,per_tonne,SYNTHETIC_DEMO
2020-08-15,thermal_coal,135.13,USD,per_tonne,SYNTHETIC_DEMO
2020-08-15,iron_ore,102.8,USD,per_tonne,SYNTHETIC_DEMO
2020-08-15,grain,239.26,USD,per_tonne,SYNTHETIC_DEMO
2020-08-16,thermal_coal,134.86,USD,per_tonne,SYNTHETIC_DEMO
2020-08-16,iron_ore,102.92,USD,per_tonne,SYNTHETIC_DEMO
2020-08-16,grain,238.77,USD,per_tonne,SYNTHETIC_DEMO
2020-08-17,thermal_coal,134.37,USD,per_tonne,SYNTHETIC_DEMO
2020-08-17,iron_ore,101.17,USD,per_tonne,SYNTHETIC_DEMO
2020-08-17,grain,237.77,USD,per_tonne,SYNTHETIC_DEMO
2020-08-18,thermal_coal,132.72,USD,per_tonne,SYNTHETIC_DEMO
2020-08-18,iron_ore,102.88,USD,per_tonne,SYNTHETIC_DEMO
2020-08-18,grain,234.56,USD,per_tonne,SYNTHETIC_DEMO
2020-08-19,thermal_coal,131.34,USD,per_tonne,SYNTHETIC_DEMO
2020-08-19,iron_ore,103.9,USD,per_tonne,SYNTHETIC_DEMO
2020-08-19,grain,240.27,USD,per_tonne,SYNTHETIC_DEMO
2020-08-20,thermal_coal,130.72,USD,per_tonne,SYNTHETIC_DEMO
2020-08-20,iron_ore,103.27,USD,per_tonne,SYNTHETIC_DEMO
2020-08-20,grain,234.6,USD,per_tonne,SYNTHETIC_DEMO
2020-08-21,thermal_coal,131.12,USD,per_tonne,SYNTHETIC_DEMO
2020-08-21,iron_ore,104.72,USD,per_tonne,SYNTHETIC_DEMO
2020-08-21,grain,237.08,USD,per_tonne,SYNTHETIC_DEMO
2020-08-22,thermal_coal,131.72,USD,per_tonne,SYNTHETIC_DEMO
2020-08-22,iron_ore,104.43,USD,per_tonne,SYNTHETIC_DEMO
2020-08-22,grain,234.72,USD,per_tonne,SYNTHETIC_DEMO
2020-08-23,thermal_coal,132.59,USD,per_tonne,SYNTHETIC_DEMO
2020-08-23,iron_ore,105.22,USD,per_tonne,SYNTHETIC_DEMO
2020-08-23,grain,237.66,USD,per_tonne,SYNTHETIC_DEMO
2020-08-24,thermal_coal,133.35,USD,per_tonne,SYNTHETIC_DEMO
2020-08-24,iron_ore,106.28,USD,per_tonne,SYNTHETIC_DEMO
2020-08-24,grain,238.55,USD,per_tonne,SYNTHETIC_DEMO
2020-08-25,thermal_coal,133.94,USD,per_tonne,SYNTHETIC_DEMO
2020-08-25,iron_ore,106.46,USD,per_tonne,SYNTHETIC_DEMO
2020-08-25,grain,236.2,USD,per_tonne,SYNTHETIC_DEMO
2020-08-26,thermal_coal,134.75,USD,per_tonne,SYNTHETIC_DEMO
2020-08-26,iron_ore,106.56,USD,per_tonne,SYNTHETIC_DEMO
2020-08-26,grain,233.51,USD,per_tonne,SYNTHETIC_DEMO
2020-08-27,thermal_coal,134.16,USD,per_tonne,SYNTHETIC_DEMO
2020-08-27,iron_ore,107.39,USD,per_tonne,SYNTHETIC_DEMO
2020-08-27,grain,237.22,USD,per_tonne,SYNTHETIC_DEMO
2020-08-28,thermal_coal,134.11,USD,per_tonne,SYNTHETIC_DEMO
2020-08-28,iron_ore,108.34,USD,per_tonne,SYNTHETIC_DEMO
2020-08-28,grain,241.38,USD,per_tonne,SYNTHETIC_DEMO
2020-08-29,thermal_coal,133.54,USD,per_tonne,SYNTHETIC_DEMO
2020-08-29,iron_ore,110.48,USD,per_tonne,SYNTHETIC_DEMO
2020-08-29,grain,241.76,USD,per_tonne,SYNTHETIC_DEMO
2020-08-30,thermal_coal,133.92,USD,per_tonne,SYNTHETIC_DEMO
2020-08-30,iron_ore,110.67,USD,per_tonne,SYNTHETIC_DEMO
2020-08-30,grain,238.67,USD,per_tonne,SYNTHETIC_DEMO
2020-08-31,thermal_coal,134.51,USD,per_tonne,SYNTHETIC_DEMO
2020-08-31,iron_ore,111.61,USD,per_tonne,SYNTHETIC_DEMO
2020-08-31,grain,238.07,USD,per_tonne,SYNTHETIC_DEMO
2020-09-01,thermal_coal,133.78,USD,per_tonne,SYNTHETIC_DEMO
2020-09-01,iron_ore,112.19,USD,per_tonne,SYNTHETIC_DEMO
2020-09-01,grain,242.5,USD,per_tonne,SYNTHETIC_DEMO
2020-09-02,thermal_coal,133.93,USD,per_tonne,SYNTHETIC_DEMO
2020-09-02,iron_ore,110.11,USD,per_tonne,SYNTHETIC_DEMO
2020-09-02,grain,240.77,USD,per_tonne,SYNTHETIC_DEMO
2020-09-03,thermal_coal,134.2,USD,per_tonne,SYNTHETIC_DEMO
2020-09-03,iron_ore,110.03,USD,per_tonne,SYNTHETIC_DEMO
2020-09-03,grain,240.76,USD,per_tonne,SYNTHETIC_DEMO
2020-09-04,thermal_coal,134.26,USD,per_tonne,SYNTHETIC_DEMO
2020-09-04,iron_ore,109.18,USD,per_tonne,SYNTHETIC_DEMO
2020-09-04,grain,240.71,USD,per_tonne,SYNTHETIC_DEMO
2020-09-05,thermal_coal,134.48,USD,per_tonne,SYNTHETIC_DEMO
2020-09-05,iron_ore,108.43,USD,per_tonne,SYNTHETIC_DEMO
2020-09-05,grain,240.29,USD,per_tonne,SYNTHETIC_DEMO
2020-09-06,thermal_coal,135.45,USD,per_tonne,SYNTHETIC_DEMO
2020-09-06,iron_ore,107.84,USD,per_tonne,SYNTHETIC_DEMO
2020-09-06,grain,236.43,USD,per_tonne,SYNTHETIC_DEMO
2020-09-07,thermal_coal,134.36,USD,per_tonne,SYNTHETIC_DEMO
2020-09-07,iron_ore,108.23,USD,per_tonne,SYNTHETIC_DEMO
2020-09-07,grain,238.57,USD,per_tonne,SYNTHETIC_DEMO
2020-09-08,thermal_coal,133.41,USD,per_tonne,SYNTHETIC_DEMO
2020-09-08,iron_ore,107.81,USD,per_tonne,SYNTHETIC_DEMO
2020-09-08,grain,240.69,USD,per_tonne,SYNTHETIC_DEMO
2020-09-09,thermal_coal,132.38,USD,per_tonne,SYNTHETIC_DEMO
2020-09-09,iron_ore,108.5,USD,per_tonne,SYNTHETIC_DEMO
2020-09-09,grain,239.86,USD,per_tonne,SYNTHETIC_DEMO
2020-09-10,thermal_coal,131.96,USD,per_tonne,SYNTHETIC_DEMO
2020-09-10,iron_ore,108.93,USD,per_tonne,SYNTHETIC_DEMO
2020-09-10,grain,239.54,USD,per_tonne,SYNTHETIC_DEMO
2020-09-11,thermal_coal,131.95,USD,per_tonne,SYNTHETIC_DEMO
2020-09-11,iron_ore,109.48,USD,per_tonne,SYNTHETIC_DEMO
2020-09-11,grain,237.45,USD,per_tonne,SYNTHETIC_DEMO
2020-09-12,thermal_coal,131.35,USD,per_tonne,SYNTHETIC_DEMO
2020-09-12,iron_ore,109.65,USD,per_tonne,SYNTHETIC_DEMO
2020-09-12,grain,239.75,USD,per_tonne,SYNTHETIC_DEMO
2020-09-13,thermal_coal,131.93,USD,per_tonne,SYNTHETIC_DEMO
2020-09-13,iron_ore,109.06,USD,per_tonne,SYNTHETIC_DEMO
2020-09-13,grain,240.23,USD,per_tonne,SYNTHETIC_DEMO
2020-09-14,thermal_coal,131.19,USD,per_tonne,SYNTHETIC_DEMO
2020-09-14,iron_ore,108.85,USD,per_tonne,SYNTHETIC_DEMO
2020-09-14,grain,238.75,USD,per_tonne,SYNTHETIC_DEMO
2020-09-15,thermal_coal,130.99,USD,per_tonne,SYNTHETIC_DEMO
2020-09-15,iron_ore,110.27,USD,per_tonne,SYNTHETIC_DEMO
2020-09-15,grain,242.64,USD,per_tonne,SYNTHETIC_DEMO
2020-09-16,thermal_coal,131.44,USD,per_tonne,SYNTHETIC_DEMO
2020-09-16,iron_ore,110.9,USD,per_tonne,SYNTHETIC_DEMO
2020-09-16,grain,242.55,USD,per_tonne,SYNTHETIC_DEMO
2020-09-17,thermal_coal,131.63,USD,per_tonne,SYNTHETIC_DEMO
2020-09-17,iron_ore,111.53,USD,per_tonne,SYNTHETIC_DEMO
2020-09-17,grain,240.4,USD,per_tonne,SYNTHETIC_DEMO
2020-09-18,thermal_coal,130.89,USD,per_tonne,SYNTHETIC_DEMO
2020-09-18,iron_ore,112.25,USD,per_tonne,SYNTHETIC_DEMO
2020-09-18,grain,242.99,USD,per_tonne,SYNTHETIC_DEMO
2020-09-19,thermal_coal,130.35,USD,per_tonne,SYNTHETIC_DEMO
2020-09-19,iron_ore,112.36,USD,per_tonne,SYNTHETIC_DEMO
2020-09-19,grain,244.63,USD,per_tonne,SYNTHETIC_DEMO
2020-09-20,thermal_coal,130.15,USD,per_tonne,SYNTHETIC_DEMO
2020-09-20,iron_ore,112.9,USD,per_tonne,SYNTHETIC_DEMO
2020-09-20,grain,242.44,USD,per_tonne,SYNTHETIC_DEMO
2020-09-21,thermal_coal,130.06,USD,per_tonne,SYNTHETIC_DEMO
2020-09-21,iron_ore,111.79,USD,per_tonne,SYNTHETIC_DEMO
2020-09-21,grain,243.75,USD,per_tonne,SYNTHETIC_DEMO
2020-09-22,thermal_coal,130.0,USD,per_tonne,SYNTHETIC_DEMO
2020-09-22,iron_ore,111.66,USD,per_tonne,SYNTHETIC_DEMO
2020-09-22,grain,242.05,USD,per_tonne,SYNTHETIC_DEMO
2020-09-23,thermal_coal,131.15,USD,per_tonne,SYNTHETIC_DEMO
2020-09-23,iron_ore,112.52,USD,per_tonne,SYNTHETIC_DEMO
2020-09-23,grain,243.47,USD,per_tonne,SYNTHETIC_DEMO
2020-09-24,thermal_coal,131.09,USD,per_tonne,SYNTHETIC_DEMO
2020-09-24,iron_ore,112.72,USD,per_tonne,SYNTHETIC_DEMO
2020-09-24,grain,242.79,USD,per_tonne,SYNTHETIC_DEMO
2020-09-25,thermal_coal,131.08,USD,per_tonne,SYNTHETIC_DEMO
2020-09-25,iron_ore,113.0,USD,per_tonne,SYNTHETIC_DEMO
2020-09-25,grain,241.03,USD,per_tonne,SYNTHETIC_DEMO
2020-09-26,thermal_coal,130.06,USD,per_tonne,SYNTHETIC_DEMO
2020-09-26,iron_ore,112.43,USD,per_tonne,SYNTHETIC_DEMO
2020-09-26,grain,240.91,USD,per_tonne,SYNTHETIC_DEMO
2020-09-27,thermal_coal,128.1,USD,per_tonne,SYNTHETIC_DEMO
2020-09-27,iron_ore,111.89,USD,per_tonne,SYNTHETIC_DEMO
2020-09-27,grain,245.34,USD,per_tonne,SYNTHETIC_DEMO
2020-09-28,thermal_coal,128.49,USD,per_tonne,SYNTHETIC_DEMO
2020-09-28,iron_ore,111.66,USD,per_tonne,SYNTHETIC_DEMO
2020-09-28,grain,245.7,USD,per_tonne,SYNTHETIC_DEMO
2020-09-29,thermal_coal,128.12,USD,per_tonne,SYNTHETIC_DEMO
2020-09-29,iron_ore,111.97,USD,per_tonne,SYNTHETIC_DEMO
2020-09-29,grain,245.51,USD,per_tonne,SYNTHETIC_DEMO
2020-09-30,thermal_coal,128.58,USD,per_tonne,SYNTHETIC_DEMO
2020-09-30,iron_ore,112.18,USD,per_tonne,SYNTHETIC_DEMO
2020-09-30,grain,246.28,USD,per_tonne,SYNTHETIC_DEMO
2020-10-01,thermal_coal,129.22,USD,per_tonne,SYNTHETIC_DEMO
2020-10-01,iron_ore,111.91,USD,per_tonne,SYNTHETIC_DEMO
2020-10-01,grain,246.77,USD,per_tonne,SYNTHETIC_DEMO
2020-10-02,thermal_coal,129.61,USD,per_tonne,SYNTHETIC_DEMO
2020-10-02,iron_ore,111.71,USD,per_tonne,SYNTHETIC_DEMO
2020-10-02,grain,245.12,USD,per_tonne,SYNTHETIC_DEMO
2020-10-03,thermal_coal,129.99,USD,per_tonne,SYNTHETIC_DEMO
2020-10-03,iron_ore,111.89,USD,per_tonne,SYNTHETIC_DEMO
2020-10-03,grain,246.65,USD,per_tonne,SYNTHETIC_DEMO
2020-10-04,thermal_coal,130.54,USD,per_tonne,SYNTHETIC_DEMO
2020-10-04,iron_ore,111.79,USD,per_tonne,SYNTHETIC_DEMO
2020-10-04,grain,241.51,USD,per_tonne,SYNTHETIC_DEMO
2020-10-05,thermal_coal,132.5,USD,per_tonne,SYNTHETIC_DEMO
2020-10-05,iron_ore,112.48,USD,per_tonne,SYNTHETIC_DEMO
2020-10-05,grain,242.81,USD,per_tonne,SYNTHETIC_DEMO
2020-10-06,thermal_coal,132.28,USD,per_tonne,SYNTHETIC_DEMO
2020-10-06,iron_ore,114.25,USD,per_tonne,SYNTHETIC_DEMO
2020-10-06,grain,246.58,USD,per_tonne,SYNTHETIC_DEMO
2020-10-07,thermal_coal,131.96,USD,per_tonne,SYNTHETIC_DEMO
2020-10-07,iron_ore,114.4,USD,per_tonne,SYNTHETIC_DEMO
2020-10-07,grain,247.95,USD,per_tonne,SYNTHETIC_DEMO
2020-10-08,thermal_coal,130.81,USD,per_tonne,SYNTHETIC_DEMO
2020-10-08,iron_ore,114.22,USD,per_tonne,SYNTHETIC_DEMO
2020-10-08,grain,244.08,USD,per_tonne,SYNTHETIC_DEMO
2020-10-09,thermal_coal,131.31,USD,per_tonne,SYNTHETIC_DEMO
2020-10-09,iron_ore,114.05,USD,per_tonne,SYNTHETIC_DEMO
2020-10-09,grain,245.59,USD,per_tonne,SYNTHETIC_DEMO
2020-10-10,thermal_coal,131.74,USD,per_tonne,SYNTHETIC_DEMO
2020-10-10,iron_ore,113.85,USD,per_tonne,SYNTHETIC_DEMO
2020-10-10,grain,248.69,USD,per_tonne,SYNTHETIC_DEMO
2020-10-11,thermal_coal,131.81,USD,per_tonne,SYNTHETIC_DEMO
2020-10-11,iron_ore,113.15,USD,per_tonne,SYNTHETIC_DEMO
2020-10-11,grain,242.96,USD,per_tonne,SYNTHETIC_DEMO
2020-10-12,thermal_coal,132.62,USD,per_tonne,SYNTHETIC_DEMO
2020-10-12,iron_ore,114.56,USD,per_tonne,SYNTHETIC_DEMO
2020-10-12,grain,247.22,USD,per_tonne,SYNTHETIC_DEMO
2020-10-13,thermal_coal,132.61,USD,per_tonne,SYNTHETIC_DEMO
2020-10-13,iron_ore,114.73,USD,per_tonne,SYNTHETIC_DEMO
2020-10-13,grain,250.59,USD,per_tonne,SYNTHETIC_DEMO
2020-10-14,thermal_coal,131.97,USD,per_tonne,SYNTHETIC_DEMO
2020-10-14,iron_ore,115.22,USD,per_tonne,SYNTHETIC_DEMO
2020-10-14,grain,246.81,USD,per_tonne,SYNTHETIC_DEMO
2020-10-15,thermal_coal,133.17,USD,per_tonne,SYNTHETIC_DEMO
2020-10-15,iron_ore,114.34,USD,per_tonne,SYNTHETIC_DEMO
2020-10-15,grain,246.5,USD,per_tonne,SYNTHETIC_DEMO
2020-10-16,thermal_coal,132.55,USD,per_tonne,SYNTHETIC_DEMO
2020-10-16,iron_ore,115.3,USD,per_tonne,SYNTHETIC_DEMO
2020-10-16,grain,249.74,USD,per_tonne,SYNTHETIC_DEMO
2020-10-17,thermal_coal,131.98,USD,per_tonne,SYNTHETIC_DEMO
2020-10-17,iron_ore,115.91,USD,per_tonne,SYNTHETIC_DEMO
2020-10-17,grain,250.32,USD,per_tonne,SYNTHETIC_DEMO
2020-10-18,thermal_coal,131.4,USD,per_tonne,SYNTHETIC_DEMO
2020-10-18,iron_ore,116.08,USD,per_tonne,SYNTHETIC_DEMO
2020-10-18,grain,253.88,USD,per_tonne,SYNTHETIC_DEMO
2020-10-19,thermal_coal,131.88,USD,per_tonne,SYNTHETIC_DEMO
2020-10-19,iron_ore,116.94,USD,per_tonne,SYNTHETIC_DEMO
2020-10-19,grain,248.95,USD,per_tonne,SYNTHETIC_DEMO
2020-10-20,thermal_coal,132.65,USD,per_tonne,SYNTHETIC_DEMO
2020-10-20,iron_ore,117.55,USD,per_tonne,SYNTHETIC_DEMO
2020-10-20,grain,249.24,USD,per_tonne,SYNTHETIC_DEMO
2020-10-21,thermal_coal,134.33,USD,per_tonne,SYNTHETIC_DEMO
2020-10-21,iron_ore,117.14,USD,per_tonne,SYNTHETIC_DEMO
2020-10-21,grain,245.39,USD,per_tonne,SYNTHETIC_DEMO
2020-10-22,thermal_coal,135.11,USD,per_tonne,SYNTHETIC_DEMO
2020-10-22,iron_ore,115.88,USD,per_tonne,SYNTHETIC_DEMO
2020-10-22,grain,249.62,USD,per_tonne,SYNTHETIC_DEMO
2020-10-23,thermal_coal,133.55,USD,per_tonne,SYNTHETIC_DEMO
2020-10-23,iron_ore,116.04,USD,per_tonne,SYNTHETIC_DEMO
2020-10-23,grain,247.61,USD,per_tonne,SYNTHETIC_DEMO
2020-10-24,thermal_coal,133.29,USD,per_tonne,SYNTHETIC_DEMO
2020-10-24,iron_ore,116.49,USD,per_tonne,SYNTHETIC_DEMO
2020-10-24,grain,251.15,USD,per_tonne,SYNTHETIC_DEMO
2020-10-25,thermal_coal,133.49,USD,per_tonne,SYNTHETIC_DEMO
2020-10-25,iron_ore,116.53,USD,per_tonne,SYNTHETIC_DEMO
2020-10-25,grain,253.04,USD,per_tonne,SYNTHETIC_DEMO
2020-10-26,thermal_coal,133.81,USD,per_tonne,SYNTHETIC_DEMO
2020-10-26,iron_ore,116.13,USD,per_tonne,SYNTHETIC_DEMO
2020-10-26,grain,248.37,USD,per_tonne,SYNTHETIC_DEMO
2020-10-27,thermal_coal,132.74,USD,per_tonne,SYNTHETIC_DEMO
2020-10-27,iron_ore,116.21,USD,per_tonne,SYNTHETIC_DEMO
2020-10-27,grain,251.24,USD,per_tonne,SYNTHETIC_DEMO
2020-10-28,thermal_coal,130.5,USD,per_tonne,SYNTHETIC_DEMO
2020-10-28,iron_ore,116.22,USD,per_tonne,SYNTHETIC_DEMO
2020-10-28,grain,250.29,USD,per_tonne,SYNTHETIC_DEMO
2020-10-29,thermal_coal,128.57,USD,per_tonne,SYNTHETIC_DEMO
2020-10-29,iron_ore,116.36,USD,per_tonne,SYNTHETIC_DEMO
2020-10-29,grain,248.95,USD,per_tonne,SYNTHETIC_DEMO
2020-10-30,thermal_coal,130.55,USD,per_tonne,SYNTHETIC_DEMO
2020-10-30,iron_ore,117.97,USD,per_tonne,SYNTHETIC_DEMO
2020-10-30,grain,252.33,USD,per_tonne,SYNTHETIC_DEMO
2020-10-31,thermal_coal,131.46,USD,per_tonne,SYNTHETIC_DEMO
2020-10-31,iron_ore,118.48,USD,per_tonne,SYNTHETIC_DEMO
2020-10-31,grain,251.21,USD,per_tonne,SYNTHETIC_DEMO
2020-11-01,thermal_coal,131.36,USD,per_tonne,SYNTHETIC_DEMO
2020-11-01,iron_ore,119.38,USD,per_tonne,SYNTHETIC_DEMO
2020-11-01,grain,253.74,USD,per_tonne,SYNTHETIC_DEMO
2020-11-02,thermal_coal,130.74,USD,per_tonne,SYNTHETIC_DEMO
2020-11-02,iron_ore,119.85,USD,per_tonne,SYNTHETIC_DEMO
2020-11-02,grain,252.81,USD,per_tonne,SYNTHETIC_DEMO
2020-11-03,thermal_coal,130.18,USD,per_tonne,SYNTHETIC_DEMO
2020-11-03,iron_ore,121.05,USD,per_tonne,SYNTHETIC_DEMO
2020-11-03,grain,253.38,USD,per_tonne,SYNTHETIC_DEMO
2020-11-04,thermal_coal,129.91,USD,per_tonne,SYNTHETIC_DEMO
2020-11-04,iron_ore,121.01,USD,per_tonne,SYNTHETIC_DEMO
2020-11-04,grain,253.15,USD,per_tonne,SYNTHETIC_DEMO
2020-11-05,thermal_coal,130.13,USD,per_tonne,SYNTHETIC_DEMO
2020-11-05,iron_ore,121.49,USD,per_tonne,SYNTHETIC_DEMO
2020-11-05,grain,254.13,USD,per_tonne,SYNTHETIC_DEMO
2020-11-06,thermal_coal,130.6,USD,per_tonne,SYNTHETIC_DEMO
2020-11-06,iron_ore,120.5,USD,per_tonne,SYNTHETIC_DEMO
2020-11-06,grain,257.47,USD,per_tonne,SYNTHETIC_DEMO
2020-11-07,thermal_coal,131.04,USD,per_tonne,SYNTHETIC_DEMO
2020-11-07,iron_ore,120.69,USD,per_tonne,SYNTHETIC_DEMO
2020-11-07,grain,256.06,USD,per_tonne,SYNTHETIC_DEMO
2020-11-08,thermal_coal,131.28,USD,per_tonne,SYNTHETIC_DEMO
2020-11-08,iron_ore,120.16,USD,per_tonne,SYNTHETIC_DEMO
2020-11-08,grain,252.14,USD,per_tonne,SYNTHETIC_DEMO
2020-11-09,thermal_coal,131.03,USD,per_tonne,SYNTHETIC_DEMO
2020-11-09,iron_ore,120.0,USD,per_tonne,SYNTHETIC_DEMO
2020-11-09,grain,258.54,USD,per_tonne,SYNTHETIC_DEMO
2020-11-10,thermal_coal,131.16,USD,per_tonne,SYNTHETIC_DEMO
2020-11-10,iron_ore,120.78,USD,per_tonne,SYNTHETIC_DEMO
2020-11-10,grain,254.25,USD,per_tonne,SYNTHETIC_DEMO
2020-11-11,thermal_coal,132.28,USD,per_tonne,SYNTHETIC_DEMO
2020-11-11,iron_ore,121.27,USD,per_tonne,SYNTHETIC_DEMO
2020-11-11,grain,254.11,USD,per_tonne,SYNTHETIC_DEMO
2020-11-12,thermal_coal,131.24,USD,per_tonne,SYNTHETIC_DEMO
2020-11-12,iron_ore,121.81,USD,per_tonne,SYNTHETIC_DEMO
2020-11-12,grain,255.79,USD,per_tonne,SYNTHETIC_DEMO
2020-11-13,thermal_coal,132.84,USD,per_tonne,SYNTHETIC_DEMO
2020-11-13,iron_ore,120.28,USD,per_tonne,SYNTHETIC_DEMO
2020-11-13,grain,253.37,USD,per_tonne,SYNTHETIC_DEMO
2020-11-14,thermal_coal,131.93,USD,per_tonne,SYNTHETIC_DEMO
2020-11-14,iron_ore,121.11,USD,per_tonne,SYNTHETIC_DEMO
2020-11-14,grain,256.5,USD,per_tonne,SYNTHETIC_DEMO
2020-11-15,thermal_coal,130.99,USD,per_tonne,SYNTHETIC_DEMO
2020-11-15,iron_ore,120.11,USD,per_tonne,SYNTHETIC_DEMO
2020-11-15,grain,257.28,USD,per_tonne,SYNTHETIC_DEMO
2020-11-16,thermal_coal,131.7,USD,per_tonne,SYNTHETIC_DEMO
2020-11-16,iron_ore,120.51,USD,per_tonne,SYNTHETIC_DEMO
2020-11-16,grain,255.61,USD,per_tonne,SYNTHETIC_DEMO
2020-11-17,thermal_coal,131.97,USD,per_tonne,SYNTHETIC_DEMO
2020-11-17,iron_ore,119.45,USD,per_tonne,SYNTHETIC_DEMO
2020-11-17,grain,256.79,USD,per_tonne,SYNTHETIC_DEMO
2020-11-18,thermal_coal,132.54,USD,per_tonne,SYNTHETIC_DEMO
2020-11-18,iron_ore,118.45,USD,per_tonne,SYNTHETIC_DEMO
2020-11-18,grain,256.33,USD,per_tonne,SYNTHETIC_DEMO
2020-11-19,thermal_coal,133.3,USD,per_tonne,SYNTHETIC_DEMO
2020-11-19,iron_ore,118.38,USD,per_tonne,SYNTHETIC_DEMO
2020-11-19,grain,250.79,USD,per_tonne,SYNTHETIC_DEMO
2020-11-20,thermal_coal,133.29,USD,per_tonne,SYNTHETIC_DEMO
2020-11-20,iron_ore,117.56,USD,per_tonne,SYNTHETIC_DEMO
2020-11-20,grain,256.33,USD,per_tonne,SYNTHETIC_DEMO
2020-11-21,thermal_coal,133.79,USD,per_tonne,SYNTHETIC_DEMO
2020-11-21,iron_ore,117.83,USD,per_tonne,SYNTHETIC_DEMO
2020-11-21,grain,255.92,USD,per_tonne,SYNTHETIC_DEMO
2020-11-22,thermal_coal,133.68,USD,per_tonne,SYNTHETIC_DEMO
2020-11-22,iron_ore,118.11,USD,per_tonne,SYNTHETIC_DEMO
2020-11-22,grain,257.16,USD,per_tonne,SYNTHETIC_DEMO
2020-11-23,thermal_coal,135.96,USD,per_tonne,SYNTHETIC_DEMO
2020-11-23,iron_ore,117.63,USD,per_tonne,SYNTHETIC_DEMO
2020-11-23,grain,255.14,USD,per_tonne,SYNTHETIC_DEMO
2020-11-24,thermal_coal,135.72,USD,per_tonne,SYNTHETIC_DEMO
2020-11-24,iron_ore,116.84,USD,per_tonne,SYNTHETIC_DEMO
2020-11-24,grain,255.11,USD,per_tonne,SYNTHETIC_DEMO
2020-11-25,thermal_coal,136.36,USD,per_tonne,SYNTHETIC_DEMO
2020-11-25,iron_ore,116.56,USD,per_tonne,SYNTHETIC_DEMO
2020-11-25,grain,256.47,USD,per_tonne,SYNTHETIC_DEMO
2020-11-26,thermal_coal,135.58,USD,per_tonne,SYNTHETIC_DEMO
2020-11-26,iron_ore,117.34,USD,per_tonne,SYNTHETIC_DEMO
2020-11-26,grain,259.36,USD,per_tonne,SYNTHETIC_DEMO
2020-11-27,thermal_coal,137.3,USD,per_tonne,SYNTHETIC_DEMO
2020-11-27,iron_ore,117.76,USD,per_tonne,SYNTHETIC_DEMO
2020-11-27,grain,258.46,USD,per_tonne,SYNTHETIC_DEMO
2020-11-28,thermal_coal,137.38,USD,per_tonne,SYNTHETIC_DEMO
2020-11-28,iron_ore,118.17,USD,per_tonne,SYNTHETIC_DEMO
2020-11-28,grain,256.77,USD,per_tonne,SYNTHETIC_DEMO
2020-11-29,thermal_coal,136.94,USD,per_tonne,SYNTHETIC_DEMO
2020-11-29,iron_ore,118.85,USD,per_tonne,SYNTHETIC_DEMO
2020-11-29,grain,256.31,USD,per_tonne,SYNTHETIC_DEMO
2020-11-30,thermal_coal,136.26,USD,per_tonne,SYNTHETIC_DEMO
2020-11-30,iron_ore,118.54,USD,per_tonne,SYNTHETIC_DEMO
2020-11-30,grain,261.27,USD,per_tonne,SYNTHETIC_DEMO
2020-12-01,thermal_coal,137.2,USD,per_tonne,SYNTHETIC_DEMO
2020-12-01,iron_ore,117.42,USD,per_tonne,SYNTHETIC_DEMO
2020-12-01,grain,258.8,USD,per_tonne,SYNTHETIC_DEMO
2020-12-02,thermal_coal,136.65,USD,per_tonne,SYNTHETIC_DEMO
2020-12-02,iron_ore,116.48,USD,per_tonne,SYNTHETIC_DEMO
2020-12-02,grain,261.48,USD,per_tonne,SYNTHETIC_DEMO
2020-12-03,thermal_coal,135.37,USD,per_tonne,SYNTHETIC_DEMO
2020-12-03,iron_ore,115.8,USD,per_tonne,SYNTHETIC_DEMO
2020-12-03,grain,261.0,USD,per_tonne,SYNTHETIC_DEMO
2020-12-04,thermal_coal,136.02,USD,per_tonne,SYNTHETIC_DEMO
2020-12-04,iron_ore,116.05,USD,per_tonne,SYNTHETIC_DEMO
2020-12-04,grain,260.94,USD,per_tonne,SYNTHETIC_DEMO
2020-12-05,thermal_coal,136.14,USD,per_tonne,SYNTHETIC_DEMO
2020-12-05,iron_ore,116.16,USD,per_tonne,SYNTHETIC_DEMO
2020-12-05,grain,257.03,USD,per_tonne,SYNTHETIC_DEMO
2020-12-06,thermal_coal,136.05,USD,per_tonne,SYNTHETIC_DEMO
2020-12-06,iron_ore,117.15,USD,per_tonne,SYNTHETIC_DEMO
2020-12-06,grain,261.41,USD,per_tonne,SYNTHETIC_DEMO
2020-12-07,thermal_coal,137.09,USD,per_tonne,SYNTHETIC_DEMO
2020-12-07,iron_ore,116.82,USD,per_tonne,SYNTHETIC_DEMO
2020-12-07,grain,258.65,USD,per_tonne,SYNTHETIC_DEMO
2020-12-08,thermal_coal,136.74,USD,per_tonne,SYNTHETIC_DEMO
2020-12-08,iron_ore,116.88,USD,per_tonne,SYNTHETIC_DEMO
2020-12-08,grain,259.48,USD,per_tonne,SYNTHETIC_DEMO
2020-12-09,thermal_coal,137.55,USD,per_tonne,SYNTHETIC_DEMO
2020-12-09,iron_ore,116.54,USD,per_tonne,SYNTHETIC_DEMO
2020-12-09,grain,255.72,USD,per_tonne,SYNTHETIC_DEMO
2020-12-10,thermal_coal,137.25,USD,per_tonne,SYNTHETIC_DEMO
2020-12-10,iron_ore,116.51,USD,per_tonne,SYNTHETIC_DEMO
2020-12-10,grain,258.31,USD,per_tonne,SYNTHETIC_DEMO
2020-12-11,thermal_coal,137.48,USD,per_tonne,SYNTHETIC_DEMO
2020-12-11,iron_ore,116.64,USD,per_tonne,SYNTHETIC_DEMO
2020-12-11,grain,260.29,USD,per_tonne,SYNTHETIC_DEMO
2020-12-12,thermal_coal,138.49,USD,per_tonne,SYNTHETIC_DEMO
2020-12-12,iron_ore,117.54,USD,per_tonne,SYNTHETIC_DEMO
2020-12-12,grain,263.3,USD,per_tonne,SYNTHETIC_DEMO
2020-12-13,thermal_coal,139.0,USD,per_tonne,SYNTHETIC_DEMO
2020-12-13,iron_ore,118.35,USD,per_tonne,SYNTHETIC_DEMO
2020-12-13,grain,263.43,USD,per_tonne,SYNTHETIC_DEMO
2020-12-14,thermal_coal,139.58,USD,per_tonne,SYNTHETIC_DEMO
2020-12-14,iron_ore,117.99,USD,per_tonne,SYNTHETIC_DEMO
2020-12-14,grain,261.45,USD,per_tonne,SYNTHETIC_DEMO
2020-12-15,thermal_coal,139.87,USD,per_tonne,SYNTHETIC_DEMO
2020-12-15,iron_ore,117.16,USD,per_tonne,SYNTHETIC_DEMO
2020-12-15,grain,260.16,USD,per_tonne,SYNTHETIC_DEMO
2020-12-16,thermal_coal,140.64,USD,per_tonne,SYNTHETIC_DEMO
2020-12-16,iron_ore,116.61,USD,per_tonne,SYNTHETIC_DEMO
2020-12-16,grain,261.72,USD,per_tonne,SYNTHETIC_DEMO
2020-12-17,thermal_coal,140.97,USD,per_tonne,SYNTHETIC_DEMO
2020-12-17,iron_ore,115.74,USD,per_tonne,SYNTHETIC_DEMO
2020-12-17,grain,260.27,USD,per_tonne,SYNTHETIC_DEMO
2020-12-18,thermal_coal,141.44,USD,per_tonne,SYNTHETIC_DEMO
2020-12-18,iron_ore,116.74,USD,per_tonne,SYNTHETIC_DEMO
2020-12-18,grain,262.71,USD,per_tonne,SYNTHETIC_DEMO
2020-12-19,thermal_coal,141.04,USD,per_tonne,SYNTHETIC_DEMO
2020-12-19,iron_ore,117.93,USD,per_tonne,SYNTHETIC_DEMO
2020-12-19,grain,262.93,USD,per_tonne,SYNTHETIC_DEMO
2020-12-20,thermal_coal,140.91,USD,per_tonne,SYNTHETIC_DEMO
2020-12-20,iron_ore,118.0,USD,per_tonne,SYNTHETIC_DEMO
2020-12-20,grain,266.26,USD,per_tonne,SYNTHETIC_DEMO
2020-12-21,thermal_coal,141.28,USD,per_tonne,SYNTHETIC_DEMO
2020-12-21,iron_ore,118.19,USD,per_tonne,SYNTHETIC_DEMO
2020-12-21,grain,264.82,USD,per_tonne,SYNTHETIC_DEMO
2020-12-22,thermal_coal,141.82,USD,per_tonne,SYNTHETIC_DEMO
2020-12-22,iron_ore,117.71,USD,per_tonne,SYNTHETIC_DEMO
2020-12-22,grain,262.33,USD,per_tonne,SYNTHETIC_DEMO
2020-12-23,thermal_coal,142.91,USD,per_tonne,SYNTHETIC_DEMO
2020-12-23,iron_ore,117.61,USD,per_tonne,SYNTHETIC_DEMO
2020-12-23,grain,263.08,USD,per_tonne,SYNTHETIC_DEMO
2020-12-24,thermal_coal,143.4,USD,per_tonne,SYNTHETIC_DEMO
2020-12-24,iron_ore,117.51,USD,per_tonne,SYNTHETIC_DEMO
2020-12-24,grain,267.09,USD,per_tonne,SYNTHETIC_DEMO
2020-12-25,thermal_coal,144.09,USD,per_tonne,SYNTHETIC_DEMO
2020-12-25,iron_ore,118.23,USD,per_tonne,SYNTHETIC_DEMO
2020-12-25,grain,264.58,USD,per_tonne,SYNTHETIC_DEMO
2020-12-26,thermal_coal,144.92,USD,per_tonne,SYNTHETIC_DEMO
2020-12-26,iron_ore,118.05,USD,per_tonne,SYNTHETIC_DEMO
2020-12-26,grain,265.64,USD,per_tonne,SYNTHETIC_DEMO
2020-12-27,thermal_coal,146.51,USD,per_tonne,SYNTHETIC_DEMO
2020-12-27,iron_ore,118.13,USD,per_tonne,SYNTHETIC_DEMO
2020-12-27,grain,263.01,USD,per_tonne,SYNTHETIC_DEMO
2020-12-28,thermal_coal,146.67,USD,per_tonne,SYNTHETIC_DEMO
2020-12-28,iron_ore,118.35,USD,per_tonne,SYNTHETIC_DEMO
2020-12-28,grain,264.17,USD,per_tonne,SYNTHETIC_DEMO
2020-12-29,thermal_coal,146.2,USD,per_tonne,SYNTHETIC_DEMO
2020-12-29,iron_ore,119.44,USD,per_tonne,SYNTHETIC_DEMO
2020-12-29,grain,265.76,USD,per_tonne,SYNTHETIC_DEMO
2020-12-30,thermal_coal,145.66,USD,per_tonne,SYNTHETIC_DEMO
2020-12-30,iron_ore,118.34,USD,per_tonne,SYNTHETIC_DEMO
2020-12-30,grain,264.07,USD,per_tonne,SYNTHETIC_DEMO
2020-12-31,thermal_coal,145.59,USD,per_tonne,SYNTHETIC_DEMO
2020-12-31,iron_ore,117.26,USD,per_tonne,SYNTHETIC_DEMO
2020-12-31,grain,265.14,USD,per_tonne,SYNTHETIC_DEMO
2021-01-01,thermal_coal,145.55,USD,per_tonne,SYNTHETIC_DEMO
2021-01-01,iron_ore,117.31,USD,per_tonne,SYNTHETIC_DEMO
2021-01-01,grain,263.34,USD,per_tonne,SYNTHETIC_DEMO
2021-01-02,thermal_coal,146.97,USD,per_tonne,SYNTHETIC_DEMO
2021-01-02,iron_ore,117.23,USD,per_tonne,SYNTHETIC_DEMO
2021-01-02,grain,266.78,USD,per_tonne,SYNTHETIC_DEMO
2021-01-03,thermal_coal,145.88,USD,per_tonne,SYNTHETIC_DEMO
2021-01-03,iron_ore,117.15,USD,per_tonne,SYNTHETIC_DEMO
2021-01-03,grain,260.56,USD,per_tonne,SYNTHETIC_DEMO
2021-01-04,thermal_coal,145.15,USD,per_tonne,SYNTHETIC_DEMO
2021-01-04,iron_ore,116.74,USD,per_tonne,SYNTHETIC_DEMO
2021-01-04,grain,265.94,USD,per_tonne,SYNTHETIC_DEMO
2021-01-05,thermal_coal,144.9,USD,per_tonne,SYNTHETIC_DEMO
2021-01-05,iron_ore,116.93,USD,per_tonne,SYNTHETIC_DEMO
2021-01-05,grain,263.37,USD,per_tonne,SYNTHETIC_DEMO
2021-01-06,thermal_coal,145.46,USD,per_tonne,SYNTHETIC_DEMO
2021-01-06,iron_ore,118.09,USD,per_tonne,SYNTHETIC_DEMO
2021-01-06,grain,263.09,USD,per_tonne,SYNTHETIC_DEMO
2021-01-07,thermal_coal,144.57,USD,per_tonne,SYNTHETIC_DEMO
2021-01-07,iron_ore,119.21,USD,per_tonne,SYNTHETIC_DEMO
2021-01-07,grain,261.02,USD,per_tonne,SYNTHETIC_DEMO
2021-01-08,thermal_coal,144.26,USD,per_tonne,SYNTHETIC_DEMO
2021-01-08,iron_ore,120.0,USD,per_tonne,SYNTHETIC_DEMO
2021-01-08,grain,262.46,USD,per_tonne,SYNTHETIC_DEMO
2021-01-09,thermal_coal,144.62,USD,per_tonne,SYNTHETIC_DEMO
2021-01-09,iron_ore,120.37,USD,per_tonne,SYNTHETIC_DEMO
2021-01-09,grain,267.57,USD,per_tonne,SYNTHETIC_DEMO
2021-01-10,thermal_coal,144.83,USD,per_tonne,SYNTHETIC_DEMO
2021-01-10,iron_ore,119.98,USD,per_tonne,SYNTHETIC_DEMO
2021-01-10,grain,263.17,USD,per_tonne,SYNTHETIC_DEMO
2021-01-11,thermal_coal,144.4,USD,per_tonne,SYNTHETIC_DEMO
2021-01-11,iron_ore,120.17,USD,per_tonne,SYNTHETIC_DEMO
2021-01-11,grain,267.39,USD,per_tonne,SYNTHETIC_DEMO
2021-01-12,thermal_coal,144.85,USD,per_tonne,SYNTHETIC_DEMO
2021-01-12,iron_ore,119.83,USD,per_tonne,SYNTHETIC_DEMO
2021-01-12,grain,265.41,USD,per_tonne,SYNTHETIC_DEMO
2021-01-13,thermal_coal,145.16,USD,per_tonne,SYNTHETIC_DEMO
2021-01-13,iron_ore,120.5,USD,per_tonne,SYNTHETIC_DEMO
2021-01-13,grain,260.74,USD,per_tonne,SYNTHETIC_DEMO
2021-01-14,thermal_coal,145.13,USD,per_tonne,SYNTHETIC_DEMO
2021-01-14,iron_ore,120.08,USD,per_tonne,SYNTHETIC_DEMO
2021-01-14,grain,264.09,USD,per_tonne,SYNTHETIC_DEMO
2021-01-15,thermal_coal,145.21,USD,per_tonne,SYNTHETIC_DEMO
2021-01-15,iron_ore,121.07,USD,per_tonne,SYNTHETIC_DEMO
2021-01-15,grain,264.91,USD,per_tonne,SYNTHETIC_DEMO
2021-01-16,thermal_coal,145.38,USD,per_tonne,SYNTHETIC_DEMO
2021-01-16,iron_ore,120.98,USD,per_tonne,SYNTHETIC_DEMO
2021-01-16,grain,265.45,USD,per_tonne,SYNTHETIC_DEMO
2021-01-17,thermal_coal,143.26,USD,per_tonne,SYNTHETIC_DEMO
2021-01-17,iron_ore,120.77,USD,per_tonne,SYNTHETIC_DEMO
2021-01-17,grain,266.55,USD,per_tonne,SYNTHETIC_DEMO
2021-01-18,thermal_coal,142.77,USD,per_tonne,SYNTHETIC_DEMO
2021-01-18,iron_ore,119.54,USD,per_tonne,SYNTHETIC_DEMO
2021-01-18,grain,266.54,USD,per_tonne,SYNTHETIC_DEMO
2021-01-19,thermal_coal,142.35,USD,per_tonne,SYNTHETIC_DEMO
2021-01-19,iron_ore,118.64,USD,per_tonne,SYNTHETIC_DEMO
2021-01-19,grain,260.61,USD,per_tonne,SYNTHETIC_DEMO
2021-01-20,thermal_coal,143.15,USD,per_tonne,SYNTHETIC_DEMO
2021-01-20,iron_ore,119.67,USD,per_tonne,SYNTHETIC_DEMO
2021-01-20,grain,267.61,USD,per_tonne,SYNTHETIC_DEMO
2021-01-21,thermal_coal,144.0,USD,per_tonne,SYNTHETIC_DEMO
2021-01-21,iron_ore,119.12,USD,per_tonne,SYNTHETIC_DEMO
2021-01-21,grain,267.88,USD,per_tonne,SYNTHETIC_DEMO
2021-01-22,thermal_coal,145.83,USD,per_tonne,SYNTHETIC_DEMO
2021-01-22,iron_ore,119.94,USD,per_tonne,SYNTHETIC_DEMO
2021-01-22,grain,266.23,USD,per_tonne,SYNTHETIC_DEMO
2021-01-23,thermal_coal,146.1,USD,per_tonne,SYNTHETIC_DEMO
2021-01-23,iron_ore,119.51,USD,per_tonne,SYNTHETIC_DEMO
2021-01-23,grain,266.82,USD,per_tonne,SYNTHETIC_DEMO
2021-01-24,thermal_coal,145.57,USD,per_tonne,SYNTHETIC_DEMO
2021-01-24,iron_ore,119.38,USD,per_tonne,SYNTHETIC_DEMO
2021-01-24,grain,267.64,USD,per_tonne,SYNTHETIC_DEMO
2021-01-25,thermal_coal,145.57,USD,per_tonne,SYNTHETIC_DEMO
2021-01-25,iron_ore,118.91,USD,per_tonne,SYNTHETIC_DEMO
2021-01-25,grain,264.19,USD,per_tonne,SYNTHETIC_DEMO
2021-01-26,thermal_coal,146.74,USD,per_tonne,SYNTHETIC_DEMO
2021-01-26,iron_ore,119.44,USD,per_tonne,SYNTHETIC_DEMO
2021-01-26,grain,266.04,USD,per_tonne,SYNTHETIC_DEMO
2021-01-27,thermal_coal,145.08,USD,per_tonne,SYNTHETIC_DEMO
2021-01-27,iron_ore,119.63,USD,per_tonne,SYNTHETIC_DEMO
2021-01-27,grain,265.52,USD,per_tonne,SYNTHETIC_DEMO
2021-01-28,thermal_coal,144.62,USD,per_tonne,SYNTHETIC_DEMO
2021-01-28,iron_ore,119.78,USD,per_tonne,SYNTHETIC_DEMO
2021-01-28,grain,265.77,USD,per_tonne,SYNTHETIC_DEMO
2021-01-29,thermal_coal,144.37,USD,per_tonne,SYNTHETIC_DEMO
2021-01-29,iron_ore,119.98,USD,per_tonne,SYNTHETIC_DEMO
2021-01-29,grain,265.07,USD,per_tonne,SYNTHETIC_DEMO
2021-01-30,thermal_coal,146.06,USD,per_tonne,SYNTHETIC_DEMO
2021-01-30,iron_ore,119.59,USD,per_tonne,SYNTHETIC_DEMO
2021-01-30,grain,264.68,USD,per_tonne,SYNTHETIC_DEMO
2021-01-31,thermal_coal,147.4,USD,per_tonne,SYNTHETIC_DEMO
2021-01-31,iron_ore,119.69,USD,per_tonne,SYNTHETIC_DEMO
2021-01-31,grain,266.77,USD,per_tonne,SYNTHETIC_DEMO
2021-02-01,thermal_coal,148.44,USD,per_tonne,SYNTHETIC_DEMO
2021-02-01,iron_ore,118.27,USD,per_tonne,SYNTHETIC_DEMO
2021-02-01,grain,264.11,USD,per_tonne,SYNTHETIC_DEMO
2021-02-02,thermal_coal,149.45,USD,per_tonne,SYNTHETIC_DEMO
2021-02-02,iron_ore,117.65,USD,per_tonne,SYNTHETIC_DEMO
2021-02-02,grain,263.7,USD,per_tonne,SYNTHETIC_DEMO
2021-02-03,thermal_coal,149.02,USD,per_tonne,SYNTHETIC_DEMO
2021-02-03,iron_ore,119.3,USD,per_tonne,SYNTHETIC_DEMO
2021-02-03,grain,265.38,USD,per_tonne,SYNTHETIC_DEMO
2021-02-04,thermal_coal,149.55,USD,per_tonne,SYNTHETIC_DEMO
2021-02-04,iron_ore,120.44,USD,per_tonne,SYNTHETIC_DEMO
2021-02-04,grain,263.5,USD,per_tonne,SYNTHETIC_DEMO
2021-02-05,thermal_coal,150.62,USD,per_tonne,SYNTHETIC_DEMO
2021-02-05,iron_ore,120.38,USD,per_tonne,SYNTHETIC_DEMO
2021-02-05,grain,266.55,USD,per_tonne,SYNTHETIC_DEMO
2021-02-06,thermal_coal,150.73,USD,per_tonne,SYNTHETIC_DEMO
2021-02-06,iron_ore,120.29,USD,per_tonne,SYNTHETIC_DEMO
2021-02-06,grain,260.16,USD,per_tonne,SYNTHETIC_DEMO
2021-02-07,thermal_coal,151.31,USD,per_tonne,SYNTHETIC_DEMO
2021-02-07,iron_ore,120.36,USD,per_tonne,SYNTHETIC_DEMO
2021-02-07,grain,267.93,USD,per_tonne,SYNTHETIC_DEMO
2021-02-08,thermal_coal,152.0,USD,per_tonne,SYNTHETIC_DEMO
2021-02-08,iron_ore,119.96,USD,per_tonne,SYNTHETIC_DEMO
2021-02-08,grain,260.86,USD,per_tonne,SYNTHETIC_DEMO
2021-02-09,thermal_coal,150.27,USD,per_tonne,SYNTHETIC_DEMO
2021-02-09,iron_ore,119.24,USD,per_tonne,SYNTHETIC_DEMO
2021-02-09,grain,267.1,USD,per_tonne,SYNTHETIC_DEMO
2021-02-10,thermal_coal,150.42,USD,per_tonne,SYNTHETIC_DEMO
2021-02-10,iron_ore,118.68,USD,per_tonne,SYNTHETIC_DEMO
2021-02-10,grain,262.36,USD,per_tonne,SYNTHETIC_DEMO
2021-02-11,thermal_coal,150.76,USD,per_tonne,SYNTHETIC_DEMO
2021-02-11,iron_ore,118.22,USD,per_tonne,SYNTHETIC_DEMO
2021-02-11,grain,265.63,USD,per_tonne,SYNTHETIC_DEMO
2021-02-12,thermal_coal,150.8,USD,per_tonne,SYNTHETIC_DEMO
2021-02-12,iron_ore,117.86,USD,per_tonne,SYNTHETIC_DEMO
2021-02-12,grain,263.18,USD,per_tonne,SYNTHETIC_DEMO
2021-02-13,thermal_coal,151.66,USD,per_tonne,SYNTHETIC_DEMO
2021-02-13,iron_ore,118.23,USD,per_tonne,SYNTHETIC_DEMO
2021-02-13,grain,265.45,USD,per_tonne,SYNTHETIC_DEMO
2021-02-14,thermal_coal,151.89,USD,per_tonne,SYNTHETIC_DEMO
2021-02-14,iron_ore,118.75,USD,per_tonne,SYNTHETIC_DEMO
2021-02-14,grain,261.4,USD,per_tonne,SYNTHETIC_DEMO
2021-02-15,thermal_coal,152.27,USD,per_tonne,SYNTHETIC_DEMO
2021-02-15,iron_ore,118.8,USD,per_tonne,SYNTHETIC_DEMO
2021-02-15,grain,264.09,USD,per_tonne,SYNTHETIC_DEMO
2021-02-16,thermal_coal,152.45,USD,per_tonne,SYNTHETIC_DEMO
2021-02-16,iron_ore,118.78,USD,per_tonne,SYNTHETIC_DEMO
2021-02-16,grain,261.98,USD,per_tonne,SYNTHETIC_DEMO
2021-02-17,thermal_coal,153.25,USD,per_tonne,SYNTHETIC_DEMO
2021-02-17,iron_ore,118.78,USD,per_tonne,SYNTHETIC_DEMO
2021-02-17,grain,258.56,USD,per_tonne,SYNTHETIC_DEMO
2021-02-18,thermal_coal,153.99,USD,per_tonne,SYNTHETIC_DEMO
2021-02-18,iron_ore,117.8,USD,per_tonne,SYNTHETIC_DEMO
2021-02-18,grain,264.11,USD,per_tonne,SYNTHETIC_DEMO
2021-02-19,thermal_coal,153.87,USD,per_tonne,SYNTHETIC_DEMO
2021-02-19,iron_ore,119.06,USD,per_tonne,SYNTHETIC_DEMO
2021-02-19,grain,262.56,USD,per_tonne,SYNTHETIC_DEMO
2021-02-20,thermal_coal,153.32,USD,per_tonne,SYNTHETIC_DEMO
2021-02-20,iron_ore,120.03,USD,per_tonne,SYNTHETIC_DEMO
2021-02-20,grain,261.83,USD,per_tonne,SYNTHETIC_DEMO
2021-02-21,thermal_coal,153.97,USD,per_tonne,SYNTHETIC_DEMO
2021-02-21,iron_ore,119.59,USD,per_tonne,SYNTHETIC_DEMO
2021-02-21,grain,260.14,USD,per_tonne,SYNTHETIC_DEMO
2021-02-22,thermal_coal,153.86,USD,per_tonne,SYNTHETIC_DEMO
2021-02-22,iron_ore,119.33,USD,per_tonne,SYNTHETIC_DEMO
2021-02-22,grain,262.55,USD,per_tonne,SYNTHETIC_DEMO
2021-02-23,thermal_coal,152.26,USD,per_tonne,SYNTHETIC_DEMO
2021-02-23,iron_ore,118.92,USD,per_tonne,SYNTHETIC_DEMO
2021-02-23,grain,266.24,USD,per_tonne,SYNTHETIC_DEMO
2021-02-24,thermal_coal,153.19,USD,per_tonne,SYNTHETIC_DEMO
2021-02-24,iron_ore,118.8,USD,per_tonne,SYNTHETIC_DEMO
2021-02-24,grain,264.03,USD,per_tonne,SYNTHETIC_DEMO
2021-02-25,thermal_coal,153.98,USD,per_tonne,SYNTHETIC_DEMO
2021-02-25,iron_ore,118.87,USD,per_tonne,SYNTHETIC_DEMO
2021-02-25,grain,263.61,USD,per_tonne,SYNTHETIC_DEMO
2021-02-26,thermal_coal,153.75,USD,per_tonne,SYNTHETIC_DEMO
2021-02-26,iron_ore,118.21,USD,per_tonne,SYNTHETIC_DEMO
2021-02-26,grain,261.38,USD,per_tonne,SYNTHETIC_DEMO
2021-02-27,thermal_coal,154.42,USD,per_tonne,SYNTHETIC_DEMO
2021-02-27,iron_ore,117.87,USD,per_tonne,SYNTHETIC_DEMO
2021-02-27,grain,265.37,USD,per_tonne,SYNTHETIC_DEMO
2021-02-28,thermal_coal,154.01,USD,per_tonne,SYNTHETIC_DEMO
2021-02-28,iron_ore,117.86,USD,per_tonne,SYNTHETIC_DEMO
2021-02-28,grain,259.67,USD,per_tonne,SYNTHETIC_DEMO
2021-03-01,thermal_coal,153.6,USD,per_tonne,SYNTHETIC_DEMO
2021-03-01,iron_ore,117.29,USD,per_tonne,SYNTHETIC_DEMO
2021-03-01,grain,258.89,USD,per_tonne,SYNTHETIC_DEMO
2021-03-02,thermal_coal,153.84,USD,per_tonne,SYNTHETIC_DEMO
2021-03-02,iron_ore,117.41,USD,per_tonne,SYNTHETIC_DEMO
2021-03-02,grain,264.35,USD,per_tonne,SYNTHETIC_DEMO
2021-03-03,thermal_coal,152.84,USD,per_tonne,SYNTHETIC_DEMO
2021-03-03,iron_ore,117.37,USD,per_tonne,SYNTHETIC_DEMO
2021-03-03,grain,260.14,USD,per_tonne,SYNTHETIC_DEMO
2021-03-04,thermal_coal,152.02,USD,per_tonne,SYNTHETIC_DEMO
2021-03-04,iron_ore,116.61,USD,per_tonne,SYNTHETIC_DEMO
2021-03-04,grain,262.03,USD,per_tonne,SYNTHETIC_DEMO
2021-03-05,thermal_coal,151.65,USD,per_tonne,SYNTHETIC_DEMO
2021-03-05,iron_ore,116.96,USD,per_tonne,SYNTHETIC_DEMO
2021-03-05,grain,259.17,USD,per_tonne,SYNTHETIC_DEMO
2021-03-06,thermal_coal,152.41,USD,per_tonne,SYNTHETIC_DEMO
2021-03-06,iron_ore,114.57,USD,per_tonne,SYNTHETIC_DEMO
2021-03-06,grain,264.1,USD,per_tonne,SYNTHETIC_DEMO
2021-03-07,thermal_coal,152.04,USD,per_tonne,SYNTHETIC_DEMO
2021-03-07,iron_ore,114.4,USD,per_tonne,SYNTHETIC_DEMO
2021-03-07,grain,260.79,USD,per_tonne,SYNTHETIC_DEMO
2021-03-08,thermal_coal,152.53,USD,per_tonne,SYNTHETIC_DEMO
2021-03-08,iron_ore,115.64,USD,per_tonne,SYNTHETIC_DEMO
2021-03-08,grain,258.73,USD,per_tonne,SYNTHETIC_DEMO
2021-03-09,thermal_coal,154.39,USD,per_tonne,SYNTHETIC_DEMO
2021-03-09,iron_ore,115.53,USD,per_tonne,SYNTHETIC_DEMO
2021-03-09,grain,258.76,USD,per_tonne,SYNTHETIC_DEMO
2021-03-10,thermal_coal,154.82,USD,per_tonne,SYNTHETIC_DEMO
2021-03-10,iron_ore,116.28,USD,per_tonne,SYNTHETIC_DEMO
2021-03-10,grain,260.37,USD,per_tonne,SYNTHETIC_DEMO
2021-03-11,thermal_coal,155.26,USD,per_tonne,SYNTHETIC_DEMO
2021-03-11,iron_ore,114.87,USD,per_tonne,SYNTHETIC_DEMO
2021-03-11,grain,259.29,USD,per_tonne,SYNTHETIC_DEMO
2021-03-12,thermal_coal,154.63,USD,per_tonne,SYNTHETIC_DEMO
2021-03-12,iron_ore,116.08,USD,per_tonne,SYNTHETIC_DEMO
2021-03-12,grain,258.65,USD,per_tonne,SYNTHETIC_DEMO
2021-03-13,thermal_coal,155.12,USD,per_tonne,SYNTHETIC_DEMO
2021-03-13,iron_ore,115.73,USD,per_tonne,SYNTHETIC_DEMO
2021-03-13,grain,262.09,USD,per_tonne,SYNTHETIC_DEMO
2021-03-14,thermal_coal,154.83,USD,per_tonne,SYNTHETIC_DEMO
2021-03-14,iron_ore,115.43,USD,per_tonne,SYNTHETIC_DEMO
2021-03-14,grain,260.53,USD,per_tonne,SYNTHETIC_DEMO
2021-03-15,thermal_coal,155.05,USD,per_tonne,SYNTHETIC_DEMO
2021-03-15,iron_ore,113.84,USD,per_tonne,SYNTHETIC_DEMO
2021-03-15,grain,261.29,USD,per_tonne,SYNTHETIC_DEMO
2021-03-16,thermal_coal,154.36,USD,per_tonne,SYNTHETIC_DEMO
2021-03-16,iron_ore,113.11,USD,per_tonne,SYNTHETIC_DEMO
2021-03-16,grain,260.91,USD,per_tonne,SYNTHETIC_DEMO
2021-03-17,thermal_coal,155.56,USD,per_tonne,SYNTHETIC_DEMO
2021-03-17,iron_ore,112.74,USD,per_tonne,SYNTHETIC_DEMO
2021-03-17,grain,257.56,USD,per_tonne,SYNTHETIC_DEMO
2021-03-18,thermal_coal,155.29,USD,per_tonne,SYNTHETIC_DEMO
2021-03-18,iron_ore,111.7,USD,per_tonne,SYNTHETIC_DEMO
2021-03-18,grain,259.92,USD,per_tonne,SYNTHETIC_DEMO
2021-03-19,thermal_coal,155.22,USD,per_tonne,SYNTHETIC_DEMO
2021-03-19,iron_ore,111.79,USD,per_tonne,SYNTHETIC_DEMO
2021-03-19,grain,258.02,USD,per_tonne,SYNTHETIC_DEMO
2021-03-20,thermal_coal,154.16,USD,per_tonne,SYNTHETIC_DEMO
2021-03-20,iron_ore,112.1,USD,per_tonne,SYNTHETIC_DEMO
2021-03-20,grain,254.77,USD,per_tonne,SYNTHETIC_DEMO
2021-03-21,thermal_coal,154.47,USD,per_tonne,SYNTHETIC_DEMO
2021-03-21,iron_ore,111.7,USD,per_tonne,SYNTHETIC_DEMO
2021-03-21,grain,255.0,USD,per_tonne,SYNTHETIC_DEMO
2021-03-22,thermal_coal,154.06,USD,per_tonne,SYNTHETIC_DEMO
2021-03-22,iron_ore,110.77,USD,per_tonne,SYNTHETIC_DEMO
2021-03-22,grain,255.33,USD,per_tonne,SYNTHETIC_DEMO
2021-03-23,thermal_coal,154.53,USD,per_tonne,SYNTHETIC_DEMO
2021-03-23,iron_ore,110.53,USD,per_tonne,SYNTHETIC_DEMO
2021-03-23,grain,257.45,USD,per_tonne,SYNTHETIC_DEMO
2021-03-24,thermal_coal,154.94,USD,per_tonne,SYNTHETIC_DEMO
2021-03-24,iron_ore,110.97,USD,per_tonne,SYNTHETIC_DEMO
2021-03-24,grain,254.34,USD,per_tonne,SYNTHETIC_DEMO
2021-03-25,thermal_coal,154.24,USD,per_tonne,SYNTHETIC_DEMO
2021-03-25,iron_ore,110.25,USD,per_tonne,SYNTHETIC_DEMO
2021-03-25,grain,256.63,USD,per_tonne,SYNTHETIC_DEMO
2021-03-26,thermal_coal,155.09,USD,per_tonne,SYNTHETIC_DEMO
2021-03-26,iron_ore,110.48,USD,per_tonne,SYNTHETIC_DEMO
2021-03-26,grain,255.95,USD,per_tonne,SYNTHETIC_DEMO
2021-03-27,thermal_coal,155.33,USD,per_tonne,SYNTHETIC_DEMO
2021-03-27,iron_ore,111.27,USD,per_tonne,SYNTHETIC_DEMO
2021-03-27,grain,255.93,USD,per_tonne,SYNTHETIC_DEMO
2021-03-28,thermal_coal,155.41,USD,per_tonne,SYNTHETIC_DEMO
2021-03-28,iron_ore,111.29,USD,per_tonne,SYNTHETIC_DEMO
2021-03-28,grain,258.78,USD,per_tonne,SYNTHETIC_DEMO
2021-03-29,thermal_coal,155.81,USD,per_tonne,SYNTHETIC_DEMO
2021-03-29,iron_ore,112.08,USD,per_tonne,SYNTHETIC_DEMO
2021-03-29,grain,256.35,USD,per_tonne,SYNTHETIC_DEMO
2021-03-30,thermal_coal,156.15,USD,per_tonne,SYNTHETIC_DEMO
2021-03-30,iron_ore,111.7,USD,per_tonne,SYNTHETIC_DEMO
2021-03-30,grain,258.87,USD,per_tonne,SYNTHETIC_DEMO
2021-03-31,thermal_coal,156.06,USD,per_tonne,SYNTHETIC_DEMO
2021-03-31,iron_ore,111.26,USD,per_tonne,SYNTHETIC_DEMO
2021-03-31,grain,257.91,USD,per_tonne,SYNTHETIC_DEMO
2021-04-01,thermal_coal,156.87,USD,per_tonne,SYNTHETIC_DEMO
2021-04-01,iron_ore,111.39,USD,per_tonne,SYNTHETIC_DEMO
2021-04-01,grain,252.7,USD,per_tonne,SYNTHETIC_DEMO
2021-04-02,thermal_coal,157.35,USD,per_tonne,SYNTHETIC_DEMO
2021-04-02,iron_ore,111.69,USD,per_tonne,SYNTHETIC_DEMO
2021-04-02,grain,256.62,USD,per_tonne,SYNTHETIC_DEMO
2021-04-03,thermal_coal,157.85,USD,per_tonne,SYNTHETIC_DEMO
2021-04-03,iron_ore,110.08,USD,per_tonne,SYNTHETIC_DEMO
2021-04-03,grain,253.46,USD,per_tonne,SYNTHETIC_DEMO
2021-04-04,thermal_coal,158.06,USD,per_tonne,SYNTHETIC_DEMO
2021-04-04,iron_ore,108.68,USD,per_tonne,SYNTHETIC_DEMO
2021-04-04,grain,254.16,USD,per_tonne,SYNTHETIC_DEMO
2021-04-05,thermal_coal,156.48,USD,per_tonne,SYNTHETIC_DEMO
2021-04-05,iron_ore,109.07,USD,per_tonne,SYNTHETIC_DEMO
2021-04-05,grain,255.6,USD,per_tonne,SYNTHETIC_DEMO
2021-04-06,thermal_coal,156.48,USD,per_tonne,SYNTHETIC_DEMO
2021-04-06,iron_ore,110.39,USD,per_tonne,SYNTHETIC_DEMO
2021-04-06,grain,253.46,USD,per_tonne,SYNTHETIC_DEMO
2021-04-07,thermal_coal,156.0,USD,per_tonne,SYNTHETIC_DEMO
2021-04-07,iron_ore,109.29,USD,per_tonne,SYNTHETIC_DEMO
2021-04-07,grain,257.02,USD,per_tonne,SYNTHETIC_DEMO
2021-04-08,thermal_coal,154.8,USD,per_tonne,SYNTHETIC_DEMO
2021-04-08,iron_ore,109.09,USD,per_tonne,SYNTHETIC_DEMO
2021-04-08,grain,257.17,USD,per_tonne,SYNTHETIC_DEMO
2021-04-09,thermal_coal,154.35,USD,per_tonne,SYNTHETIC_DEMO
2021-04-09,iron_ore,109.36,USD,per_tonne,SYNTHETIC_DEMO
2021-04-09,grain,253.39,USD,per_tonne,SYNTHETIC_DEMO
2021-04-10,thermal_coal,154.17,USD,per_tonne,SYNTHETIC_DEMO
2021-04-10,iron_ore,108.9,USD,per_tonne,SYNTHETIC_DEMO
2021-04-10,grain,252.73,USD,per_tonne,SYNTHETIC_DEMO
2021-04-11,thermal_coal,154.83,USD,per_tonne,SYNTHETIC_DEMO
2021-04-11,iron_ore,108.72,USD,per_tonne,SYNTHETIC_DEMO
2021-04-11,grain,254.15,USD,per_tonne,SYNTHETIC_DEMO
2021-04-12,thermal_coal,155.35,USD,per_tonne,SYNTHETIC_DEMO
2021-04-12,iron_ore,108.6,USD,per_tonne,SYNTHETIC_DEMO
2021-04-12,grain,249.1,USD,per_tonne,SYNTHETIC_DEMO
2021-04-13,thermal_coal,154.64,USD,per_tonne,SYNTHETIC_DEMO
2021-04-13,iron_ore,108.15,USD,per_tonne,SYNTHETIC_DEMO
2021-04-13,grain,250.58,USD,per_tonne,SYNTHETIC_DEMO
2021-04-14,thermal_coal,154.16,USD,per_tonne,SYNTHETIC_DEMO
2021-04-14,iron_ore,108.32,USD,per_tonne,SYNTHETIC_DEMO
2021-04-14,grain,250.36,USD,per_tonne,SYNTHETIC_DEMO
2021-04-15,thermal_coal,153.79,USD,per_tonne,SYNTHETIC_DEMO
2021-04-15,iron_ore,109.63,USD,per_tonne,SYNTHETIC_DEMO
2021-04-15,grain,248.78,USD,per_tonne,SYNTHETIC_DEMO
2021-04-16,thermal_coal,153.66,USD,per_tonne,SYNTHETIC_DEMO
2021-04-16,iron_ore,109.15,USD,per_tonne,SYNTHETIC_DEMO
2021-04-16,grain,249.45,USD,per_tonne,SYNTHETIC_DEMO
2021-04-17,thermal_coal,154.12,USD,per_tonne,SYNTHETIC_DEMO
2021-04-17,iron_ore,108.58,USD,per_tonne,SYNTHETIC_DEMO
2021-04-17,grain,255.8,USD,per_tonne,SYNTHETIC_DEMO
2021-04-18,thermal_coal,154.47,USD,per_tonne,SYNTHETIC_DEMO
2021-04-18,iron_ore,107.88,USD,per_tonne,SYNTHETIC_DEMO
2021-04-18,grain,248.87,USD,per_tonne,SYNTHETIC_DEMO
2021-04-19,thermal_coal,154.35,USD,per_tonne,SYNTHETIC_DEMO
2021-04-19,iron_ore,106.05,USD,per_tonne,SYNTHETIC_DEMO
2021-04-19,grain,255.11,USD,per_tonne,SYNTHETIC_DEMO
2021-04-20,thermal_coal,153.89,USD,per_tonne,SYNTHETIC_DEMO
2021-04-20,iron_ore,105.45,USD,per_tonne,SYNTHETIC_DEMO
2021-04-20,grain,253.02,USD,per_tonne,SYNTHETIC_DEMO
2021-04-21,thermal_coal,154.42,USD,per_tonne,SYNTHETIC_DEMO
2021-04-21,iron_ore,105.78,USD,per_tonne,SYNTHETIC_DEMO
2021-04-21,grain,246.2,USD,per_tonne,SYNTHETIC_DEMO
2021-04-22,thermal_coal,154.33,USD,per_tonne,SYNTHETIC_DEMO
2021-04-22,iron_ore,105.31,USD,per_tonne,SYNTHETIC_DEMO
2021-04-22,grain,248.63,USD,per_tonne,SYNTHETIC_DEMO
2021-04-23,thermal_coal,154.17,USD,per_tonne,SYNTHETIC_DEMO
2021-04-23,iron_ore,105.24,USD,per_tonne,SYNTHETIC_DEMO
2021-04-23,grain,251.75,USD,per_tonne,SYNTHETIC_DEMO
2021-04-24,thermal_coal,154.07,USD,per_tonne,SYNTHETIC_DEMO
2021-04-24,iron_ore,104.05,USD,per_tonne,SYNTHETIC_DEMO
2021-04-24,grain,247.19,USD,per_tonne,SYNTHETIC_DEMO
2021-04-25,thermal_coal,155.12,USD,per_tonne,SYNTHETIC_DEMO
2021-04-25,iron_ore,103.57,USD,per_tonne,SYNTHETIC_DEMO
2021-04-25,grain,251.85,USD,per_tonne,SYNTHETIC_DEMO
2021-04-26,thermal_coal,155.48,USD,per_tonne,SYNTHETIC_DEMO
2021-04-26,iron_ore,104.16,USD,per_tonne,SYNTHETIC_DEMO
2021-04-26,grain,249.83,USD,per_tonne,SYNTHETIC_DEMO
2021-04-27,thermal_coal,155.13,USD,per_tonne,SYNTHETIC_DEMO
2021-04-27,iron_ore,103.12,USD,per_tonne,SYNTHETIC_DEMO
2021-04-27,grain,251.67,USD,per_tonne,SYNTHETIC_DEMO
2021-04-28,thermal_coal,155.12,USD,per_tonne,SYNTHETIC_DEMO
2021-04-28,iron_ore,103.22,USD,per_tonne,SYNTHETIC_DEMO
2021-04-28,grain,251.18,USD,per_tonne,SYNTHETIC_DEMO
2021-04-29,thermal_coal,154.65,USD,per_tonne,SYNTHETIC_DEMO
2021-04-29,iron_ore,102.53,USD,per_tonne,SYNTHETIC_DEMO
2021-04-29,grain,246.38,USD,per_tonne,SYNTHETIC_DEMO
2021-04-30,thermal_coal,153.91,USD,per_tonne,SYNTHETIC_DEMO
2021-04-30,iron_ore,102.27,USD,per_tonne,SYNTHETIC_DEMO
2021-04-30,grain,244.69,USD,per_tonne,SYNTHETIC_DEMO
2021-05-01,thermal_coal,153.97,USD,per_tonne,SYNTHETIC_DEMO
2021-05-01,iron_ore,102.3,USD,per_tonne,SYNTHETIC_DEMO
2021-05-01,grain,245.65,USD,per_tonne,SYNTHETIC_DEMO
2021-05-02,thermal_coal,154.47,USD,per_tonne,SYNTHETIC_DEMO
2021-05-02,iron_ore,102.7,USD,per_tonne,SYNTHETIC_DEMO
2021-05-02,grain,245.17,USD,per_tonne,SYNTHETIC_DEMO
2021-05-03,thermal_coal,154.16,USD,per_tonne,SYNTHETIC_DEMO
2021-05-03,iron_ore,102.81,USD,per_tonne,SYNTHETIC_DEMO
2021-05-03,grain,249.93,USD,per_tonne,SYNTHETIC_DEMO
2021-05-04,thermal_coal,153.88,USD,per_tonne,SYNTHETIC_DEMO
2021-05-04,iron_ore,104.45,USD,per_tonne,SYNTHETIC_DEMO
2021-05-04,grain,242.93,USD,per_tonne,SYNTHETIC_DEMO
2021-05-05,thermal_coal,154.1,USD,per_tonne,SYNTHETIC_DEMO
2021-05-05,iron_ore,105.48,USD,per_tonne,SYNTHETIC_DEMO
2021-05-05,grain,252.22,USD,per_tonne,SYNTHETIC_DEMO
2021-05-06,thermal_coal,152.52,USD,per_tonne,SYNTHETIC_DEMO
2021-05-06,iron_ore,105.32,USD,per_tonne,SYNTHETIC_DEMO
2021-05-06,grain,250.24,USD,per_tonne,SYNTHETIC_DEMO
2021-05-07,thermal_coal,152.44,USD,per_tonne,SYNTHETIC_DEMO
2021-05-07,iron_ore,104.99,USD,per_tonne,SYNTHETIC_DEMO
2021-05-07,grain,246.48,USD,per_tonne,SYNTHETIC_DEMO
2021-05-08,thermal_coal,152.37,USD,per_tonne,SYNTHETIC_DEMO
2021-05-08,iron_ore,103.82,USD,per_tonne,SYNTHETIC_DEMO
2021-05-08,grain,247.68,USD,per_tonne,SYNTHETIC_DEMO
2021-05-09,thermal_coal,151.18,USD,per_tonne,SYNTHETIC_DEMO
2021-05-09,iron_ore,105.09,USD,per_tonne,SYNTHETIC_DEMO
2021-05-09,grain,250.2,USD,per_tonne,SYNTHETIC_DEMO
2021-05-10,thermal_coal,152.07,USD,per_tonne,SYNTHETIC_DEMO
2021-05-10,iron_ore,105.94,USD,per_tonne,SYNTHETIC_DEMO
2021-05-10,grain,245.61,USD,per_tonne,SYNTHETIC_DEMO
2021-05-11,thermal_coal,152.94,USD,per_tonne,SYNTHETIC_DEMO
2021-05-11,iron_ore,105.69,USD,per_tonne,SYNTHETIC_DEMO
2021-05-11,grain,242.38,USD,per_tonne,SYNTHETIC_DEMO
2021-05-12,thermal_coal,152.41,USD,per_tonne,SYNTHETIC_DEMO
2021-05-12,iron_ore,105.97,USD,per_tonne,SYNTHETIC_DEMO
2021-05-12,grain,247.32,USD,per_tonne,SYNTHETIC_DEMO
2021-05-13,thermal_coal,152.13,USD,per_tonne,SYNTHETIC_DEMO
2021-05-13,iron_ore,106.78,USD,per_tonne,SYNTHETIC_DEMO
2021-05-13,grain,240.98,USD,per_tonne,SYNTHETIC_DEMO
2021-05-14,thermal_coal,151.48,USD,per_tonne,SYNTHETIC_DEMO
2021-05-14,iron_ore,107.78,USD,per_tonne,SYNTHETIC_DEMO
2021-05-14,grain,244.5,USD,per_tonne,SYNTHETIC_DEMO
2021-05-15,thermal_coal,152.15,USD,per_tonne,SYNTHETIC_DEMO
2021-05-15,iron_ore,107.16,USD,per_tonne,SYNTHETIC_DEMO
2021-05-15,grain,244.16,USD,per_tonne,SYNTHETIC_DEMO
2021-05-16,thermal_coal,152.53,USD,per_tonne,SYNTHETIC_DEMO
2021-05-16,iron_ore,106.23,USD,per_tonne,SYNTHETIC_DEMO
2021-05-16,grain,243.81,USD,per_tonne,SYNTHETIC_DEMO
2021-05-17,thermal_coal,153.3,USD,per_tonne,SYNTHETIC_DEMO
2021-05-17,iron_ore,106.76,USD,per_tonne,SYNTHETIC_DEMO
2021-05-17,grain,245.55,USD,per_tonne,SYNTHETIC_DEMO
2021-05-18,thermal_coal,154.07,USD,per_tonne,SYNTHETIC_DEMO
2021-05-18,iron_ore,107.21,USD,per_tonne,SYNTHETIC_DEMO
2021-05-18,grain,239.74,USD,per_tonne,SYNTHETIC_DEMO
2021-05-19,thermal_coal,153.89,USD,per_tonne,SYNTHETIC_DEMO
2021-05-19,iron_ore,107.17,USD,per_tonne,SYNTHETIC_DEMO
2021-05-19,grain,243.51,USD,per_tonne,SYNTHETIC_DEMO
2021-05-20,thermal_coal,153.09,USD,per_tonne,SYNTHETIC_DEMO
2021-05-20,iron_ore,106.8,USD,per_tonne,SYNTHETIC_DEMO
2021-05-20,grain,243.15,USD,per_tonne,SYNTHETIC_DEMO
2021-05-21,thermal_coal,154.13,USD,per_tonne,SYNTHETIC_DEMO
2021-05-21,iron_ore,106.59,USD,per_tonne,SYNTHETIC_DEMO
2021-05-21,grain,236.97,USD,per_tonne,SYNTHETIC_DEMO
2021-05-22,thermal_coal,153.15,USD,per_tonne,SYNTHETIC_DEMO
2021-05-22,iron_ore,107.48,USD,per_tonne,SYNTHETIC_DEMO
2021-05-22,grain,244.68,USD,per_tonne,SYNTHETIC_DEMO
2021-05-23,thermal_coal,153.78,USD,per_tonne,SYNTHETIC_DEMO
2021-05-23,iron_ore,107.85,USD,per_tonne,SYNTHETIC_DEMO
2021-05-23,grain,243.48,USD,per_tonne,SYNTHETIC_DEMO
2021-05-24,thermal_coal,153.41,USD,per_tonne,SYNTHETIC_DEMO
2021-05-24,iron_ore,106.3,USD,per_tonne,SYNTHETIC_DEMO
2021-05-24,grain,241.54,USD,per_tonne,SYNTHETIC_DEMO
2021-05-25,thermal_coal,152.47,USD,per_tonne,SYNTHETIC_DEMO
2021-05-25,iron_ore,106.4,USD,per_tonne,SYNTHETIC_DEMO
2021-05-25,grain,239.58,USD,per_tonne,SYNTHETIC_DEMO
2021-05-26,thermal_coal,152.52,USD,per_tonne,SYNTHETIC_DEMO
2021-05-26,iron_ore,105.82,USD,per_tonne,SYNTHETIC_DEMO
2021-05-26,grain,241.33,USD,per_tonne,SYNTHETIC_DEMO
2021-05-27,thermal_coal,153.24,USD,per_tonne,SYNTHETIC_DEMO
2021-05-27,iron_ore,105.95,USD,per_tonne,SYNTHETIC_DEMO
2021-05-27,grain,245.13,USD,per_tonne,SYNTHETIC_DEMO
2021-05-28,thermal_coal,152.41,USD,per_tonne,SYNTHETIC_DEMO
2021-05-28,iron_ore,106.03,USD,per_tonne,SYNTHETIC_DEMO
2021-05-28,grain,244.52,USD,per_tonne,SYNTHETIC_DEMO
2021-05-29,thermal_coal,152.73,USD,per_tonne,SYNTHETIC_DEMO
2021-05-29,iron_ore,104.86,USD,per_tonne,SYNTHETIC_DEMO
2021-05-29,grain,240.52,USD,per_tonne,SYNTHETIC_DEMO
2021-05-30,thermal_coal,153.04,USD,per_tonne,SYNTHETIC_DEMO
2021-05-30,iron_ore,103.94,USD,per_tonne,SYNTHETIC_DEMO
2021-05-30,grain,244.56,USD,per_tonne,SYNTHETIC_DEMO
2021-05-31,thermal_coal,153.07,USD,per_tonne,SYNTHETIC_DEMO
2021-05-31,iron_ore,103.75,USD,per_tonne,SYNTHETIC_DEMO
2021-05-31,grain,244.58,USD,per_tonne,SYNTHETIC_DEMO
2021-06-01,thermal_coal,153.29,USD,per_tonne,SYNTHETIC_DEMO
2021-06-01,iron_ore,104.94,USD,per_tonne,SYNTHETIC_DEMO
2021-06-01,grain,241.15,USD,per_tonne,SYNTHETIC_DEMO
2021-06-02,thermal_coal,152.35,USD,per_tonne,SYNTHETIC_DEMO
2021-06-02,iron_ore,103.95,USD,per_tonne,SYNTHETIC_DEMO
2021-06-02,grain,242.33,USD,per_tonne,SYNTHETIC_DEMO
2021-06-03,thermal_coal,152.24,USD,per_tonne,SYNTHETIC_DEMO
2021-06-03,iron_ore,104.37,USD,per_tonne,SYNTHETIC_DEMO
2021-06-03,grain,241.03,USD,per_tonne,SYNTHETIC_DEMO
2021-06-04,thermal_coal,151.01,USD,per_tonne,SYNTHETIC_DEMO
2021-06-04,iron_ore,105.08,USD,per_tonne,SYNTHETIC_DEMO
2021-06-04,grain,238.41,USD,per_tonne,SYNTHETIC_DEMO
2021-06-05,thermal_coal,151.71,USD,per_tonne,SYNTHETIC_DEMO
2021-06-05,iron_ore,103.44,USD,per_tonne,SYNTHETIC_DEMO
2021-06-05,grain,237.71,USD,per_tonne,SYNTHETIC_DEMO
2021-06-06,thermal_coal,151.22,USD,per_tonne,SYNTHETIC_DEMO
2021-06-06,iron_ore,103.68,USD,per_tonne,SYNTHETIC_DEMO
2021-06-06,grain,240.79,USD,per_tonne,SYNTHETIC_DEMO
2021-06-07,thermal_coal,152.92,USD,per_tonne,SYNTHETIC_DEMO
2021-06-07,iron_ore,105.16,USD,per_tonne,SYNTHETIC_DEMO
2021-06-07,grain,242.64,USD,per_tonne,SYNTHETIC_DEMO
2021-06-08,thermal_coal,153.28,USD,per_tonne,SYNTHETIC_DEMO
2021-06-08,iron_ore,105.81,USD,per_tonne,SYNTHETIC_DEMO
2021-06-08,grain,240.56,USD,per_tonne,SYNTHETIC_DEMO
2021-06-09,thermal_coal,153.41,USD,per_tonne,SYNTHETIC_DEMO
2021-06-09,iron_ore,106.8,USD,per_tonne,SYNTHETIC_DEMO
2021-06-09,grain,241.15,USD,per_tonne,SYNTHETIC_DEMO
2021-06-10,thermal_coal,152.96,USD,per_tonne,SYNTHETIC_DEMO
2021-06-10,iron_ore,107.56,USD,per_tonne,SYNTHETIC_DEMO
2021-06-10,grain,241.88,USD,per_tonne,SYNTHETIC_DEMO
2021-06-11,thermal_coal,153.02,USD,per_tonne,SYNTHETIC_DEMO
2021-06-11,iron_ore,106.03,USD,per_tonne,SYNTHETIC_DEMO
2021-06-11,grain,239.31,USD,per_tonne,SYNTHETIC_DEMO
2021-06-12,thermal_coal,153.79,USD,per_tonne,SYNTHETIC_DEMO
2021-06-12,iron_ore,105.83,USD,per_tonne,SYNTHETIC_DEMO
2021-06-12,grain,237.53,USD,per_tonne,SYNTHETIC_DEMO
2021-06-13,thermal_coal,153.04,USD,per_tonne,SYNTHETIC_DEMO
2021-06-13,iron_ore,105.73,USD,per_tonne,SYNTHETIC_DEMO
2021-06-13,grain,235.12,USD,per_tonne,SYNTHETIC_DEMO
2021-06-14,thermal_coal,152.71,USD,per_tonne,SYNTHETIC_DEMO
2021-06-14,iron_ore,105.88,USD,per_tonne,SYNTHETIC_DEMO
2021-06-14,grain,238.04,USD,per_tonne,SYNTHETIC_DEMO
2021-06-15,thermal_coal,151.44,USD,per_tonne,SYNTHETIC_DEMO
2021-06-15,iron_ore,105.16,USD,per_tonne,SYNTHETIC_DEMO
2021-06-15,grain,236.83,USD,per_tonne,SYNTHETIC_DEMO
2021-06-16,thermal_coal,151.73,USD,per_tonne,SYNTHETIC_DEMO
2021-06-16,iron_ore,104.78,USD,per_tonne,SYNTHETIC_DEMO
2021-06-16,grain,236.45,USD,per_tonne,SYNTHETIC_DEMO
2021-06-17,thermal_coal,151.36,USD,per_tonne,SYNTHETIC_DEMO
2021-06-17,iron_ore,105.34,USD,per_tonne,SYNTHETIC_DEMO
2021-06-17,grain,235.91,USD,per_tonne,SYNTHETIC_DEMO
2021-06-18,thermal_coal,151.77,USD,per_tonne,SYNTHETIC_DEMO
2021-06-18,iron_ore,105.3,USD,per_tonne,SYNTHETIC_DEMO
2021-06-18,grain,234.08,USD,per_tonne,SYNTHETIC_DEMO
2021-06-19,thermal_coal,150.51,USD,per_tonne,SYNTHETIC_DEMO
2021-06-19,iron_ore,106.12,USD,per_tonne,SYNTHETIC_DEMO
2021-06-19,grain,239.63,USD,per_tonne,SYNTHETIC_DEMO
2021-06-20,thermal_coal,149.46,USD,per_tonne,SYNTHETIC_DEMO
2021-06-20,iron_ore,106.09,USD,per_tonne,SYNTHETIC_DEMO
2021-06-20,grain,237.28,USD,per_tonne,SYNTHETIC_DEMO
2021-06-21,thermal_coal,150.1,USD,per_tonne,SYNTHETIC_DEMO
2021-06-21,iron_ore,105.91,USD,per_tonne,SYNTHETIC_DEMO
2021-06-21,grain,237.13,USD,per_tonne,SYNTHETIC_DEMO
2021-06-22,thermal_coal,150.41,USD,per_tonne,SYNTHETIC_DEMO
2021-06-22,iron_ore,106.54,USD,per_tonne,SYNTHETIC_DEMO
2021-06-22,grain,239.33,USD,per_tonne,SYNTHETIC_DEMO
2021-06-23,thermal_coal,150.34,USD,per_tonne,SYNTHETIC_DEMO
2021-06-23,iron_ore,105.32,USD,per_tonne,SYNTHETIC_DEMO
2021-06-23,grain,235.17,USD,per_tonne,SYNTHETIC_DEMO
2021-06-24,thermal_coal,149.01,USD,per_tonne,SYNTHETIC_DEMO
2021-06-24,iron_ore,106.07,USD,per_tonne,SYNTHETIC_DEMO
2021-06-24,grain,240.01,USD,per_tonne,SYNTHETIC_DEMO
2021-06-25,thermal_coal,149.03,USD,per_tonne,SYNTHETIC_DEMO
2021-06-25,iron_ore,106.02,USD,per_tonne,SYNTHETIC_DEMO
2021-06-25,grain,236.17,USD,per_tonne,SYNTHETIC_DEMO
2021-06-26,thermal_coal,149.13,USD,per_tonne,SYNTHETIC_DEMO
2021-06-26,iron_ore,106.33,USD,per_tonne,SYNTHETIC_DEMO
2021-06-26,grain,233.51,USD,per_tonne,SYNTHETIC_DEMO
2021-06-27,thermal_coal,149.57,USD,per_tonne,SYNTHETIC_DEMO
2021-06-27,iron_ore,105.11,USD,per_tonne,SYNTHETIC_DEMO
2021-06-27,grain,235.13,USD,per_tonne,SYNTHETIC_DEMO
2021-06-28,thermal_coal,148.19,USD,per_tonne,SYNTHETIC_DEMO
2021-06-28,iron_ore,104.52,USD,per_tonne,SYNTHETIC_DEMO
2021-06-28,grain,237.11,USD,per_tonne,SYNTHETIC_DEMO
2021-06-29,thermal_coal,147.43,USD,per_tonne,SYNTHETIC_DEMO
2021-06-29,iron_ore,105.52,USD,per_tonne,SYNTHETIC_DEMO
2021-06-29,grain,236.51,USD,per_tonne,SYNTHETIC_DEMO
2021-06-30,thermal_coal,146.24,USD,per_tonne,SYNTHETIC_DEMO
2021-06-30,iron_ore,104.56,USD,per_tonne,SYNTHETIC_DEMO
2021-06-30,grain,233.73,USD,per_tonne,SYNTHETIC_DEMO
2021-07-01,thermal_coal,144.77,USD,per_tonne,SYNTHETIC_DEMO
2021-07-01,iron_ore,104.91,USD,per_tonne,SYNTHETIC_DEMO
2021-07-01,grain,236.4,USD,per_tonne,SYNTHETIC_DEMO
2021-07-02,thermal_coal,144.78,USD,per_tonne,SYNTHETIC_DEMO
2021-07-02,iron_ore,104.63,USD,per_tonne,SYNTHETIC_DEMO
2021-07-02,grain,235.79,USD,per_tonne,SYNTHETIC_DEMO
2021-07-03,thermal_coal,144.9,USD,per_tonne,SYNTHETIC_DEMO
2021-07-03,iron_ore,105.26,USD,per_tonne,SYNTHETIC_DEMO
2021-07-03,grain,236.13,USD,per_tonne,SYNTHETIC_DEMO
2021-07-04,thermal_coal,144.89,USD,per_tonne,SYNTHETIC_DEMO
2021-07-04,iron_ore,105.84,USD,per_tonne,SYNTHETIC_DEMO
2021-07-04,grain,238.37,USD,per_tonne,SYNTHETIC_DEMO
2021-07-05,thermal_coal,144.32,USD,per_tonne,SYNTHETIC_DEMO
2021-07-05,iron_ore,104.98,USD,per_tonne,SYNTHETIC_DEMO
2021-07-05,grain,236.8,USD,per_tonne,SYNTHETIC_DEMO
2021-07-06,thermal_coal,145.21,USD,per_tonne,SYNTHETIC_DEMO
2021-07-06,iron_ore,105.3,USD,per_tonne,SYNTHETIC_DEMO
2021-07-06,grain,235.67,USD,per_tonne,SYNTHETIC_DEMO
2021-07-07,thermal_coal,144.72,USD,per_tonne,SYNTHETIC_DEMO
2021-07-07,iron_ore,104.43,USD,per_tonne,SYNTHETIC_DEMO
2021-07-07,grain,234.4,USD,per_tonne,SYNTHETIC_DEMO
2021-07-08,thermal_coal,145.69,USD,per_tonne,SYNTHETIC_DEMO
2021-07-08,iron_ore,105.16,USD,per_tonne,SYNTHETIC_DEMO
2021-07-08,grain,234.15,USD,per_tonne,SYNTHETIC_DEMO
2021-07-09,thermal_coal,145.92,USD,per_tonne,SYNTHETIC_DEMO
2021-07-09,iron_ore,106.59,USD,per_tonne,SYNTHETIC_DEMO
2021-07-09,grain,233.27,USD,per_tonne,SYNTHETIC_DEMO
2021-07-10,thermal_coal,144.34,USD,per_tonne,SYNTHETIC_DEMO
2021-07-10,iron_ore,105.74,USD,per_tonne,SYNTHETIC_DEMO
2021-07-10,grain,236.92,USD,per_tonne,SYNTHETIC_DEMO
2021-07-11,thermal_coal,143.57,USD,per_tonne,SYNTHETIC_DEMO
2021-07-11,iron_ore,106.0,USD,per_tonne,SYNTHETIC_DEMO
2021-07-11,grain,236.78,USD,per_tonne,SYNTHETIC_DEMO
2021-07-12,thermal_coal,142.79,USD,per_tonne,SYNTHETIC_DEMO
2021-07-12,iron_ore,105.62,USD,per_tonne,SYNTHETIC_DEMO
2021-07-12,grain,238.26,USD,per_tonne,SYNTHETIC_DEMO
2021-07-13,thermal_coal,142.07,USD,per_tonne,SYNTHETIC_DEMO
2021-07-13,iron_ore,105.93,USD,per_tonne,SYNTHETIC_DEMO
2021-07-13,grain,238.56,USD,per_tonne,SYNTHETIC_DEMO
2021-07-14,thermal_coal,142.2,USD,per_tonne,SYNTHETIC_DEMO
2021-07-14,iron_ore,105.62,USD,per_tonne,SYNTHETIC_DEMO
2021-07-14,grain,235.37,USD,per_tonne,SYNTHETIC_DEMO
2021-07-15,thermal_coal,142.09,USD,per_tonne,SYNTHETIC_DEMO
2021-07-15,iron_ore,105.91,USD,per_tonne,SYNTHETIC_DEMO
2021-07-15,grain,234.48,USD,per_tonne,SYNTHETIC_DEMO
2021-07-16,thermal_coal,141.33,USD,per_tonne,SYNTHETIC_DEMO
2021-07-16,iron_ore,106.21,USD,per_tonne,SYNTHETIC_DEMO
2021-07-16,grain,231.2,USD,per_tonne,SYNTHETIC_DEMO
2021-07-17,thermal_coal,139.65,USD,per_tonne,SYNTHETIC_DEMO
2021-07-17,iron_ore,107.04,USD,per_tonne,SYNTHETIC_DEMO
2021-07-17,grain,238.4,USD,per_tonne,SYNTHETIC_DEMO
2021-07-18,thermal_coal,139.9,USD,per_tonne,SYNTHETIC_DEMO
2021-07-18,iron_ore,108.06,USD,per_tonne,SYNTHETIC_DEMO
2021-07-18,grain,235.47,USD,per_tonne,SYNTHETIC_DEMO
2021-07-19,thermal_coal,138.46,USD,per_tonne,SYNTHETIC_DEMO
2021-07-19,iron_ore,106.99,USD,per_tonne,SYNTHETIC_DEMO
2021-07-19,grain,236.56,USD,per_tonne,SYNTHETIC_DEMO
2021-07-20,thermal_coal,137.39,USD,per_tonne,SYNTHETIC_DEMO
2021-07-20,iron_ore,106.56,USD,per_tonne,SYNTHETIC_DEMO
2021-07-20,grain,235.67,USD,per_tonne,SYNTHETIC_DEMO
2021-07-21,thermal_coal,138.01,USD,per_tonne,SYNTHETIC_DEMO
2021-07-21,iron_ore,106.51,USD,per_tonne,SYNTHETIC_DEMO
2021-07-21,grain,237.38,USD,per_tonne,SYNTHETIC_DEMO
2021-07-22,thermal_coal,138.46,USD,per_tonne,SYNTHETIC_DEMO
2021-07-22,iron_ore,105.67,USD,per_tonne,SYNTHETIC_DEMO
2021-07-22,grain,234.24,USD,per_tonne,SYNTHETIC_DEMO
2021-07-23,thermal_coal,140.16,USD,per_tonne,SYNTHETIC_DEMO
2021-07-23,iron_ore,105.41,USD,per_tonne,SYNTHETIC_DEMO
2021-07-23,grain,232.59,USD,per_tonne,SYNTHETIC_DEMO
2021-07-24,thermal_coal,139.59,USD,per_tonne,SYNTHETIC_DEMO
2021-07-24,iron_ore,105.55,USD,per_tonne,SYNTHETIC_DEMO
2021-07-24,grain,237.19,USD,per_tonne,SYNTHETIC_DEMO
2021-07-25,thermal_coal,139.81,USD,per_tonne,SYNTHETIC_DEMO
2021-07-25,iron_ore,104.47,USD,per_tonne,SYNTHETIC_DEMO
2021-07-25,grain,236.66,USD,per_tonne,SYNTHETIC_DEMO
2021-07-26,thermal_coal,139.25,USD,per_tonne,SYNTHETIC_DEMO
2021-07-26,iron_ore,105.88,USD,per_tonne,SYNTHETIC_DEMO
2021-07-26,grain,235.04,USD,per_tonne,SYNTHETIC_DEMO
2021-07-27,thermal_coal,138.95,USD,per_tonne,SYNTHETIC_DEMO
2021-07-27,iron_ore,106.67,USD,per_tonne,SYNTHETIC_DEMO
2021-07-27,grain,233.21,USD,per_tonne,SYNTHETIC_DEMO
2021-07-28,thermal_coal,139.97,USD,per_tonne,SYNTHETIC_DEMO
2021-07-28,iron_ore,105.75,USD,per_tonne,SYNTHETIC_DEMO
2021-07-28,grain,233.69,USD,per_tonne,SYNTHETIC_DEMO
2021-07-29,thermal_coal,139.47,USD,per_tonne,SYNTHETIC_DEMO
2021-07-29,iron_ore,106.65,USD,per_tonne,SYNTHETIC_DEMO
2021-07-29,grain,233.06,USD,per_tonne,SYNTHETIC_DEMO
2021-07-30,thermal_coal,140.3,USD,per_tonne,SYNTHETIC_DEMO
2021-07-30,iron_ore,107.09,USD,per_tonne,SYNTHETIC_DEMO
2021-07-30,grain,233.3,USD,per_tonne,SYNTHETIC_DEMO
2021-07-31,thermal_coal,138.93,USD,per_tonne,SYNTHETIC_DEMO
2021-07-31,iron_ore,106.4,USD,per_tonne,SYNTHETIC_DEMO
2021-07-31,grain,235.34,USD,per_tonne,SYNTHETIC_DEMO
2021-08-01,thermal_coal,138.74,USD,per_tonne,SYNTHETIC_DEMO
2021-08-01,iron_ore,106.07,USD,per_tonne,SYNTHETIC_DEMO
2021-08-01,grain,234.91,USD,per_tonne,SYNTHETIC_DEMO
2021-08-02,thermal_coal,139.26,USD,per_tonne,SYNTHETIC_DEMO
2021-08-02,iron_ore,105.26,USD,per_tonne,SYNTHETIC_DEMO
2021-08-02,grain,233.49,USD,per_tonne,SYNTHETIC_DEMO
2021-08-03,thermal_coal,138.8,USD,per_tonne,SYNTHETIC_DEMO
2021-08-03,iron_ore,104.93,USD,per_tonne,SYNTHETIC_DEMO
2021-08-03,grain,234.5,USD,per_tonne,SYNTHETIC_DEMO
2021-08-04,thermal_coal,138.68,USD,per_tonne,SYNTHETIC_DEMO
2021-08-04,iron_ore,105.48,USD,per_tonne,SYNTHETIC_DEMO
2021-08-04,grain,232.66,USD,per_tonne,SYNTHETIC_DEMO
2021-08-05,thermal_coal,138.6,USD,per_tonne,SYNTHETIC_DEMO
2021-08-05,iron_ore,105.25,USD,per_tonne,SYNTHETIC_DEMO
2021-08-05,grain,235.47,USD,per_tonne,SYNTHETIC_DEMO
2021-08-06,thermal_coal,138.92,USD,per_tonne,SYNTHETIC_DEMO
2021-08-06,iron_ore,105.37,USD,per_tonne,SYNTHETIC_DEMO
2021-08-06,grain,233.81,USD,per_tonne,SYNTHETIC_DEMO
2021-08-07,thermal_coal,138.69,USD,per_tonne,SYNTHETIC_DEMO
2021-08-07,iron_ore,105.61,USD,per_tonne,SYNTHETIC_DEMO
2021-08-07,grain,238.42,USD,per_tonne,SYNTHETIC_DEMO
2021-08-08,thermal_coal,139.58,USD,per_tonne,SYNTHETIC_DEMO
2021-08-08,iron_ore,106.34,USD,per_tonne,SYNTHETIC_DEMO
2021-08-08,grain,235.01,USD,per_tonne,SYNTHETIC_DEMO
2021-08-09,thermal_coal,139.54,USD,per_tonne,SYNTHETIC_DEMO
2021-08-09,iron_ore,106.42,USD,per_tonne,SYNTHETIC_DEMO
2021-08-09,grain,234.2,USD,per_tonne,SYNTHETIC_DEMO
2021-08-10,thermal_coal,139.74,USD,per_tonne,SYNTHETIC_DEMO
2021-08-10,iron_ore,107.64,USD,per_tonne,SYNTHETIC_DEMO
2021-08-10,grain,234.99,USD,per_tonne,SYNTHETIC_DEMO
2021-08-11,thermal_coal,139.07,USD,per_tonne,SYNTHETIC_DEMO
2021-08-11,iron_ore,108.02,USD,per_tonne,SYNTHETIC_DEMO
2021-08-11,grain,236.88,USD,per_tonne,SYNTHETIC_DEMO
2021-08-12,thermal_coal,138.51,USD,per_tonne,SYNTHETIC_DEMO
2021-08-12,iron_ore,107.82,USD,per_tonne,SYNTHETIC_DEMO
2021-08-12,grain,236.69,USD,per_tonne,SYNTHETIC_DEMO
2021-08-13,thermal_coal,139.78,USD,per_tonne,SYNTHETIC_DEMO
2021-08-13,iron_ore,107.39,USD,per_tonne,SYNTHETIC_DEMO
2021-08-13,grain,235.81,USD,per_tonne,SYNTHETIC_DEMO
2021-08-14,thermal_coal,137.65,USD,per_tonne,SYNTHETIC_DEMO
2021-08-14,iron_ore,106.79,USD,per_tonne,SYNTHETIC_DEMO
2021-08-14,grain,238.16,USD,per_tonne,SYNTHETIC_DEMO
2021-08-15,thermal_coal,137.29,USD,per_tonne,SYNTHETIC_DEMO
2021-08-15,iron_ore,106.85,USD,per_tonne,SYNTHETIC_DEMO
2021-08-15,grain,235.27,USD,per_tonne,SYNTHETIC_DEMO
2021-08-16,thermal_coal,136.06,USD,per_tonne,SYNTHETIC_DEMO
2021-08-16,iron_ore,106.92,USD,per_tonne,SYNTHETIC_DEMO
2021-08-16,grain,236.96,USD,per_tonne,SYNTHETIC_DEMO
2021-08-17,thermal_coal,136.47,USD,per_tonne,SYNTHETIC_DEMO
2021-08-17,iron_ore,106.68,USD,per_tonne,SYNTHETIC_DEMO
2021-08-17,grain,233.49,USD,per_tonne,SYNTHETIC_DEMO
2021-08-18,thermal_coal,136.78,USD,per_tonne,SYNTHETIC_DEMO
2021-08-18,iron_ore,105.87,USD,per_tonne,SYNTHETIC_DEMO
2021-08-18,grain,235.68,USD,per_tonne,SYNTHETIC_DEMO
2021-08-19,thermal_coal,136.12,USD,per_tonne,SYNTHETIC_DEMO
2021-08-19,iron_ore,105.47,USD,per_tonne,SYNTHETIC_DEMO
2021-08-19,grain,235.5,USD,per_tonne,SYNTHETIC_DEMO
2021-08-20,thermal_coal,135.84,USD,per_tonne,SYNTHETIC_DEMO
2021-08-20,iron_ore,105.13,USD,per_tonne,SYNTHETIC_DEMO
2021-08-20,grain,234.93,USD,per_tonne,SYNTHETIC_DEMO
2021-08-21,thermal_coal,135.92,USD,per_tonne,SYNTHETIC_DEMO
2021-08-21,iron_ore,105.46,USD,per_tonne,SYNTHETIC_DEMO
2021-08-21,grain,237.56,USD,per_tonne,SYNTHETIC_DEMO
2021-08-22,thermal_coal,136.95,USD,per_tonne,SYNTHETIC_DEMO
2021-08-22,iron_ore,107.24,USD,per_tonne,SYNTHETIC_DEMO
2021-08-22,grain,236.68,USD,per_tonne,SYNTHETIC_DEMO
2021-08-23,thermal_coal,135.77,USD,per_tonne,SYNTHETIC_DEMO
2021-08-23,iron_ore,107.57,USD,per_tonne,SYNTHETIC_DEMO
2021-08-23,grain,237.99,USD,per_tonne,SYNTHETIC_DEMO
2021-08-24,thermal_coal,134.69,USD,per_tonne,SYNTHETIC_DEMO
2021-08-24,iron_ore,107.52,USD,per_tonne,SYNTHETIC_DEMO
2021-08-24,grain,235.84,USD,per_tonne,SYNTHETIC_DEMO
2021-08-25,thermal_coal,134.73,USD,per_tonne,SYNTHETIC_DEMO
2021-08-25,iron_ore,108.05,USD,per_tonne,SYNTHETIC_DEMO
2021-08-25,grain,237.2,USD,per_tonne,SYNTHETIC_DEMO
2021-08-26,thermal_coal,135.03,USD,per_tonne,SYNTHETIC_DEMO
2021-08-26,iron_ore,107.51,USD,per_tonne,SYNTHETIC_DEMO
2021-08-26,grain,235.08,USD,per_tonne,SYNTHETIC_DEMO
2021-08-27,thermal_coal,135.42,USD,per_tonne,SYNTHETIC_DEMO
2021-08-27,iron_ore,107.41,USD,per_tonne,SYNTHETIC_DEMO
2021-08-27,grain,236.99,USD,per_tonne,SYNTHETIC_DEMO
2021-08-28,thermal_coal,135.48,USD,per_tonne,SYNTHETIC_DEMO
2021-08-28,iron_ore,108.28,USD,per_tonne,SYNTHETIC_DEMO
2021-08-28,grain,236.7,USD,per_tonne,SYNTHETIC_DEMO
2021-08-29,thermal_coal,135.88,USD,per_tonne,SYNTHETIC_DEMO
2021-08-29,iron_ore,109.32,USD,per_tonne,SYNTHETIC_DEMO
2021-08-29,grain,236.44,USD,per_tonne,SYNTHETIC_DEMO
2021-08-30,thermal_coal,134.7,USD,per_tonne,SYNTHETIC_DEMO
2021-08-30,iron_ore,109.67,USD,per_tonne,SYNTHETIC_DEMO
2021-08-30,grain,240.91,USD,per_tonne,SYNTHETIC_DEMO
2021-08-31,thermal_coal,135.45,USD,per_tonne,SYNTHETIC_DEMO
2021-08-31,iron_ore,108.41,USD,per_tonne,SYNTHETIC_DEMO
2021-08-31,grain,243.97,USD,per_tonne,SYNTHETIC_DEMO
2021-09-01,thermal_coal,135.3,USD,per_tonne,SYNTHETIC_DEMO
2021-09-01,iron_ore,108.25,USD,per_tonne,SYNTHETIC_DEMO
2021-09-01,grain,236.24,USD,per_tonne,SYNTHETIC_DEMO
2021-09-02,thermal_coal,135.17,USD,per_tonne,SYNTHETIC_DEMO
2021-09-02,iron_ore,107.35,USD,per_tonne,SYNTHETIC_DEMO
2021-09-02,grain,240.64,USD,per_tonne,SYNTHETIC_DEMO
2021-09-03,thermal_coal,135.47,USD,per_tonne,SYNTHETIC_DEMO
2021-09-03,iron_ore,107.56,USD,per_tonne,SYNTHETIC_DEMO
2021-09-03,grain,239.22,USD,per_tonne,SYNTHETIC_DEMO
2021-09-04,thermal_coal,135.33,USD,per_tonne,SYNTHETIC_DEMO
2021-09-04,iron_ore,107.37,USD,per_tonne,SYNTHETIC_DEMO
2021-09-04,grain,237.9,USD,per_tonne,SYNTHETIC_DEMO
2021-09-05,thermal_coal,135.1,USD,per_tonne,SYNTHETIC_DEMO
2021-09-05,iron_ore,107.83,USD,per_tonne,SYNTHETIC_DEMO
2021-09-05,grain,236.37,USD,per_tonne,SYNTHETIC_DEMO
2021-09-06,thermal_coal,135.12,USD,per_tonne,SYNTHETIC_DEMO
2021-09-06,iron_ore,108.1,USD,per_tonne,SYNTHETIC_DEMO
2021-09-06,grain,241.34,USD,per_tonne,SYNTHETIC_DEMO
2021-09-07,thermal_coal,133.73,USD,per_tonne,SYNTHETIC_DEMO
2021-09-07,iron_ore,109.22,USD,per_tonne,SYNTHETIC_DEMO
2021-09-07,grain,239.28,USD,per_tonne,SYNTHETIC_DEMO
2021-09-08,thermal_coal,132.7,USD,per_tonne,SYNTHETIC_DEMO
2021-09-08,iron_ore,109.87,USD,per_tonne,SYNTHETIC_DEMO
2021-09-08,grain,239.75,USD,per_tonne,SYNTHETIC_DEMO
2021-09-09,thermal_coal,132.43,USD,per_tonne,SYNTHETIC_DEMO
2021-09-09,iron_ore,110.67,USD,per_tonne,SYNTHETIC_DEMO
2021-09-09,grain,241.71,USD,per_tonne,SYNTHETIC_DEMO
2021-09-10,thermal_coal,131.99,USD,per_tonne,SYNTHETIC_DEMO
2021-09-10,iron_ore,110.07,USD,per_tonne,SYNTHETIC_DEMO
2021-09-10,grain,242.29,USD,per_tonne,SYNTHETIC_DEMO
2021-09-11,thermal_coal,132.3,USD,per_tonne,SYNTHETIC_DEMO
2021-09-11,iron_ore,109.48,USD,per_tonne,SYNTHETIC_DEMO
2021-09-11,grain,238.07,USD,per_tonne,SYNTHETIC_DEMO
2021-09-12,thermal_coal,132.31,USD,per_tonne,SYNTHETIC_DEMO
2021-09-12,iron_ore,109.11,USD,per_tonne,SYNTHETIC_DEMO
2021-09-12,grain,239.56,USD,per_tonne,SYNTHETIC_DEMO
2021-09-13,thermal_coal,131.61,USD,per_tonne,SYNTHETIC_DEMO
2021-09-13,iron_ore,108.1,USD,per_tonne,SYNTHETIC_DEMO
2021-09-13,grain,240.3,USD,per_tonne,SYNTHETIC_DEMO
2021-09-14,thermal_coal,132.91,USD,per_tonne,SYNTHETIC_DEMO
2021-09-14,iron_ore,108.14,USD,per_tonne,SYNTHETIC_DEMO
2021-09-14,grain,241.2,USD,per_tonne,SYNTHETIC_DEMO
2021-09-15,thermal_coal,133.99,USD,per_tonne,SYNTHETIC_DEMO
2021-09-15,iron_ore,107.74,USD,per_tonne,SYNTHETIC_DEMO
2021-09-15,grain,242.64,USD,per_tonne,SYNTHETIC_DEMO
2021-09-16,thermal_coal,132.67,USD,per_tonne,SYNTHETIC_DEMO
2021-09-16,iron_ore,108.6,USD,per_tonne,SYNTHETIC_DEMO
2021-09-16,grain,240.42,USD,per_tonne,SYNTHETIC_DEMO
2021-09-17,thermal_coal,133.5,USD,per_tonne,SYNTHETIC_DEMO
2021-09-17,iron_ore,108.21,USD,per_tonne,SYNTHETIC_DEMO
2021-09-17,grain,241.02,USD,per_tonne,SYNTHETIC_DEMO
2021-09-18,thermal_coal,133.49,USD,per_tonne,SYNTHETIC_DEMO
2021-09-18,iron_ore,108.23,USD,per_tonne,SYNTHETIC_DEMO
2021-09-18,grain,242.49,USD,per_tonne,SYNTHETIC_DEMO
2021-09-19,thermal_coal,134.24,USD,per_tonne,SYNTHETIC_DEMO
2021-09-19,iron_ore,108.29,USD,per_tonne,SYNTHETIC_DEMO
2021-09-19,grain,242.8,USD,per_tonne,SYNTHETIC_DEMO
2021-09-20,thermal_coal,133.52,USD,per_tonne,SYNTHETIC_DEMO
2021-09-20,iron_ore,109.39,USD,per_tonne,SYNTHETIC_DEMO
2021-09-20,grain,239.96,USD,per_tonne,SYNTHETIC_DEMO
2021-09-21,thermal_coal,133.83,USD,per_tonne,SYNTHETIC_DEMO
2021-09-21,iron_ore,108.2,USD,per_tonne,SYNTHETIC_DEMO
2021-09-21,grain,240.43,USD,per_tonne,SYNTHETIC_DEMO
2021-09-22,thermal_coal,133.44,USD,per_tonne,SYNTHETIC_DEMO
2021-09-22,iron_ore,108.75,USD,per_tonne,SYNTHETIC_DEMO
2021-09-22,grain,247.13,USD,per_tonne,SYNTHETIC_DEMO
2021-09-23,thermal_coal,133.62,USD,per_tonne,SYNTHETIC_DEMO
2021-09-23,iron_ore,109.54,USD,per_tonne,SYNTHETIC_DEMO
2021-09-23,grain,245.09,USD,per_tonne,SYNTHETIC_DEMO
2021-09-24,thermal_coal,133.53,USD,per_tonne,SYNTHETIC_DEMO
2021-09-24,iron_ore,110.05,USD,per_tonne,SYNTHETIC_DEMO
2021-09-24,grain,240.81,USD,per_tonne,SYNTHETIC_DEMO
2021-09-25,thermal_coal,133.07,USD,per_tonne,SYNTHETIC_DEMO
2021-09-25,iron_ore,110.04,USD,per_tonne,SYNTHETIC_DEMO
2021-09-25,grain,241.25,USD,per_tonne,SYNTHETIC_DEMO
2021-09-26,thermal_coal,133.03,USD,per_tonne,SYNTHETIC_DEMO
2021-09-26,iron_ore,110.52,USD,per_tonne,SYNTHETIC_DEMO
2021-09-26,grain,244.92,USD,per_tonne,SYNTHETIC_DEMO
2021-09-27,thermal_coal,133.32,USD,per_tonne,SYNTHETIC_DEMO
2021-09-27,iron_ore,110.32,USD,per_tonne,SYNTHETIC_DEMO
2021-09-27,grain,245.11,USD,per_tonne,SYNTHETIC_DEMO
2021-09-28,thermal_coal,134.31,USD,per_tonne,SYNTHETIC_DEMO
2021-09-28,iron_ore,110.14,USD,per_tonne,SYNTHETIC_DEMO
2021-09-28,grain,244.51,USD,per_tonne,SYNTHETIC_DEMO
2021-09-29,thermal_coal,134.15,USD,per_tonne,SYNTHETIC_DEMO
2021-09-29,iron_ore,110.09,USD,per_tonne,SYNTHETIC_DEMO
2021-09-29,grain,244.14,USD,per_tonne,SYNTHETIC_DEMO
2021-09-30,thermal_coal,132.75,USD,per_tonne,SYNTHETIC_DEMO
2021-09-30,iron_ore,110.21,USD,per_tonne,SYNTHETIC_DEMO
2021-09-30,grain,246.18,USD,per_tonne,SYNTHETIC_DEMO
2021-10-01,thermal_coal,131.89,USD,per_tonne,SYNTHETIC_DEMO
2021-10-01,iron_ore,109.52,USD,per_tonne,SYNTHETIC_DEMO
2021-10-01,grain,246.68,USD,per_tonne,SYNTHETIC_DEMO
2021-10-02,thermal_coal,131.86,USD,per_tonne,SYNTHETIC_DEMO
2021-10-02,iron_ore,109.44,USD,per_tonne,SYNTHETIC_DEMO
2021-10-02,grain,241.97,USD,per_tonne,SYNTHETIC_DEMO
2021-10-03,thermal_coal,132.41,USD,per_tonne,SYNTHETIC_DEMO
2021-10-03,iron_ore,109.51,USD,per_tonne,SYNTHETIC_DEMO
2021-10-03,grain,245.19,USD,per_tonne,SYNTHETIC_DEMO
2021-10-04,thermal_coal,131.56,USD,per_tonne,SYNTHETIC_DEMO
2021-10-04,iron_ore,109.31,USD,per_tonne,SYNTHETIC_DEMO
2021-10-04,grain,245.09,USD,per_tonne,SYNTHETIC_DEMO
2021-10-05,thermal_coal,130.16,USD,per_tonne,SYNTHETIC_DEMO
2021-10-05,iron_ore,109.24,USD,per_tonne,SYNTHETIC_DEMO
2021-10-05,grain,247.32,USD,per_tonne,SYNTHETIC_DEMO
2021-10-06,thermal_coal,129.37,USD,per_tonne,SYNTHETIC_DEMO
2021-10-06,iron_ore,108.68,USD,per_tonne,SYNTHETIC_DEMO
2021-10-06,grain,245.72,USD,per_tonne,SYNTHETIC_DEMO
2021-10-07,thermal_coal,130.61,USD,per_tonne,SYNTHETIC_DEMO
2021-10-07,iron_ore,108.73,USD,per_tonne,SYNTHETIC_DEMO
2021-10-07,grain,246.09,USD,per_tonne,SYNTHETIC_DEMO
2021-10-08,thermal_coal,129.45,USD,per_tonne,SYNTHETIC_DEMO
2021-10-08,iron_ore,109.06,USD,per_tonne,SYNTHETIC_DEMO
2021-10-08,grain,246.88,USD,per_tonne,SYNTHETIC_DEMO
2021-10-09,thermal_coal,128.97,USD,per_tonne,SYNTHETIC_DEMO
2021-10-09,iron_ore,109.65,USD,per_tonne,SYNTHETIC_DEMO
2021-10-09,grain,245.09,USD,per_tonne,SYNTHETIC_DEMO
2021-10-10,thermal_coal,129.34,USD,per_tonne,SYNTHETIC_DEMO
2021-10-10,iron_ore,110.06,USD,per_tonne,SYNTHETIC_DEMO
2021-10-10,grain,247.47,USD,per_tonne,SYNTHETIC_DEMO
2021-10-11,thermal_coal,130.46,USD,per_tonne,SYNTHETIC_DEMO
2021-10-11,iron_ore,109.12,USD,per_tonne,SYNTHETIC_DEMO
2021-10-11,grain,245.87,USD,per_tonne,SYNTHETIC_DEMO
2021-10-12,thermal_coal,129.05,USD,per_tonne,SYNTHETIC_DEMO
2021-10-12,iron_ore,109.18,USD,per_tonne,SYNTHETIC_DEMO
2021-10-12,grain,245.53,USD,per_tonne,SYNTHETIC_DEMO
2021-10-13,thermal_coal,127.79,USD,per_tonne,SYNTHETIC_DEMO
2021-10-13,iron_ore,109.6,USD,per_tonne,SYNTHETIC_DEMO
2021-10-13,grain,243.36,USD,per_tonne,SYNTHETIC_DEMO
2021-10-14,thermal_coal,128.16,USD,per_tonne,SYNTHETIC_DEMO
2021-10-14,iron_ore,110.48,USD,per_tonne,SYNTHETIC_DEMO
2021-10-14,grain,246.84,USD,per_tonne,SYNTHETIC_DEMO
2021-10-15,thermal_coal,128.88,USD,per_tonne,SYNTHETIC_DEMO
2021-10-15,iron_ore,110.01,USD,per_tonne,SYNTHETIC_DEMO
2021-10-15,grain,245.85,USD,per_tonne,SYNTHETIC_DEMO
2021-10-16,thermal_coal,129.01,USD,per_tonne,SYNTHETIC_DEMO
2021-10-16,iron_ore,111.34,USD,per_tonne,SYNTHETIC_DEMO
2021-10-16,grain,246.6,USD,per_tonne,SYNTHETIC_DEMO
2021-10-17,thermal_coal,129.23,USD,per_tonne,SYNTHETIC_DEMO
2021-10-17,iron_ore,111.08,USD,per_tonne,SYNTHETIC_DEMO
2021-10-17,grain,246.43,USD,per_tonne,SYNTHETIC_DEMO
2021-10-18,thermal_coal,130.24,USD,per_tonne,SYNTHETIC_DEMO
2021-10-18,iron_ore,111.37,USD,per_tonne,SYNTHETIC_DEMO
2021-10-18,grain,247.83,USD,per_tonne,SYNTHETIC_DEMO
2021-10-19,thermal_coal,129.89,USD,per_tonne,SYNTHETIC_DEMO
2021-10-19,iron_ore,112.08,USD,per_tonne,SYNTHETIC_DEMO
2021-10-19,grain,251.78,USD,per_tonne,SYNTHETIC_DEMO
2021-10-20,thermal_coal,130.49,USD,per_tonne,SYNTHETIC_DEMO
2021-10-20,iron_ore,111.78,USD,per_tonne,SYNTHETIC_DEMO
2021-10-20,grain,249.23,USD,per_tonne,SYNTHETIC_DEMO
2021-10-21,thermal_coal,130.44,USD,per_tonne,SYNTHETIC_DEMO
2021-10-21,iron_ore,112.91,USD,per_tonne,SYNTHETIC_DEMO
2021-10-21,grain,249.22,USD,per_tonne,SYNTHETIC_DEMO
2021-10-22,thermal_coal,130.06,USD,per_tonne,SYNTHETIC_DEMO
2021-10-22,iron_ore,111.93,USD,per_tonne,SYNTHETIC_DEMO
2021-10-22,grain,249.96,USD,per_tonne,SYNTHETIC_DEMO
2021-10-23,thermal_coal,129.33,USD,per_tonne,SYNTHETIC_DEMO
2021-10-23,iron_ore,113.31,USD,per_tonne,SYNTHETIC_DEMO
2021-10-23,grain,251.92,USD,per_tonne,SYNTHETIC_DEMO
2021-10-24,thermal_coal,128.98,USD,per_tonne,SYNTHETIC_DEMO
2021-10-24,iron_ore,113.29,USD,per_tonne,SYNTHETIC_DEMO
2021-10-24,grain,247.64,USD,per_tonne,SYNTHETIC_DEMO
2021-10-25,thermal_coal,130.55,USD,per_tonne,SYNTHETIC_DEMO
2021-10-25,iron_ore,112.22,USD,per_tonne,SYNTHETIC_DEMO
2021-10-25,grain,250.9,USD,per_tonne,SYNTHETIC_DEMO
2021-10-26,thermal_coal,130.13,USD,per_tonne,SYNTHETIC_DEMO
2021-10-26,iron_ore,111.95,USD,per_tonne,SYNTHETIC_DEMO
2021-10-26,grain,249.84,USD,per_tonne,SYNTHETIC_DEMO
2021-10-27,thermal_coal,130.51,USD,per_tonne,SYNTHETIC_DEMO
2021-10-27,iron_ore,111.42,USD,per_tonne,SYNTHETIC_DEMO
2021-10-27,grain,251.74,USD,per_tonne,SYNTHETIC_DEMO
2021-10-28,thermal_coal,131.45,USD,per_tonne,SYNTHETIC_DEMO
2021-10-28,iron_ore,112.1,USD,per_tonne,SYNTHETIC_DEMO
2021-10-28,grain,251.89,USD,per_tonne,SYNTHETIC_DEMO
2021-10-29,thermal_coal,131.54,USD,per_tonne,SYNTHETIC_DEMO
2021-10-29,iron_ore,111.53,USD,per_tonne,SYNTHETIC_DEMO
2021-10-29,grain,251.33,USD,per_tonne,SYNTHETIC_DEMO
2021-10-30,thermal_coal,130.08,USD,per_tonne,SYNTHETIC_DEMO
2021-10-30,iron_ore,111.49,USD,per_tonne,SYNTHETIC_DEMO
2021-10-30,grain,250.01,USD,per_tonne,SYNTHETIC_DEMO
2021-10-31,thermal_coal,128.27,USD,per_tonne,SYNTHETIC_DEMO
2021-10-31,iron_ore,112.53,USD,per_tonne,SYNTHETIC_DEMO
2021-10-31,grain,251.85,USD,per_tonne,SYNTHETIC_DEMO
2021-11-01,thermal_coal,129.02,USD,per_tonne,SYNTHETIC_DEMO
2021-11-01,iron_ore,112.66,USD,per_tonne,SYNTHETIC_DEMO
2021-11-01,grain,249.92,USD,per_tonne,SYNTHETIC_DEMO
2021-11-02,thermal_coal,129.53,USD,per_tonne,SYNTHETIC_DEMO
2021-11-02,iron_ore,113.31,USD,per_tonne,SYNTHETIC_DEMO
2021-11-02,grain,251.13,USD,per_tonne,SYNTHETIC_DEMO
2021-11-03,thermal_coal,130.97,USD,per_tonne,SYNTHETIC_DEMO
2021-11-03,iron_ore,114.54,USD,per_tonne,SYNTHETIC_DEMO
2021-11-03,grain,256.72,USD,per_tonne,SYNTHETIC_DEMO
2021-11-04,thermal_coal,132.9,USD,per_tonne,SYNTHETIC_DEMO
2021-11-04,iron_ore,114.45,USD,per_tonne,SYNTHETIC_DEMO
2021-11-04,grain,253.33,USD,per_tonne,SYNTHETIC_DEMO
2021-11-05,thermal_coal,132.51,USD,per_tonne,SYNTHETIC_DEMO
2021-11-05,iron_ore,114.57,USD,per_tonne,SYNTHETIC_DEMO
2021-11-05,grain,253.45,USD,per_tonne,SYNTHETIC_DEMO
2021-11-06,thermal_coal,132.52,USD,per_tonne,SYNTHETIC_DEMO
2021-11-06,iron_ore,114.57,USD,per_tonne,SYNTHETIC_DEMO
2021-11-06,grain,254.88,USD,per_tonne,SYNTHETIC_DEMO
2021-11-07,thermal_coal,131.93,USD,per_tonne,SYNTHETIC_DEMO
2021-11-07,iron_ore,114.12,USD,per_tonne,SYNTHETIC_DEMO
2021-11-07,grain,254.58,USD,per_tonne,SYNTHETIC_DEMO
2021-11-08,thermal_coal,130.65,USD,per_tonne,SYNTHETIC_DEMO
2021-11-08,iron_ore,113.46,USD,per_tonne,SYNTHETIC_DEMO
2021-11-08,grain,253.3,USD,per_tonne,SYNTHETIC_DEMO
2021-11-09,thermal_coal,131.15,USD,per_tonne,SYNTHETIC_DEMO
2021-11-09,iron_ore,113.72,USD,per_tonne,SYNTHETIC_DEMO
2021-11-09,grain,256.08,USD,per_tonne,SYNTHETIC_DEMO
2021-11-10,thermal_coal,132.69,USD,per_tonne,SYNTHETIC_DEMO
2021-11-10,iron_ore,115.08,USD,per_tonne,SYNTHETIC_DEMO
2021-11-10,grain,251.65,USD,per_tonne,SYNTHETIC_DEMO
2021-11-11,thermal_coal,132.65,USD,per_tonne,SYNTHETIC_DEMO
2021-11-11,iron_ore,116.02,USD,per_tonne,SYNTHETIC_DEMO
2021-11-11,grain,253.12,USD,per_tonne,SYNTHETIC_DEMO
2021-11-12,thermal_coal,133.63,USD,per_tonne,SYNTHETIC_DEMO
2021-11-12,iron_ore,116.17,USD,per_tonne,SYNTHETIC_DEMO
2021-11-12,grain,254.72,USD,per_tonne,SYNTHETIC_DEMO
2021-11-13,thermal_coal,133.1,USD,per_tonne,SYNTHETIC_DEMO
2021-11-13,iron_ore,115.29,USD,per_tonne,SYNTHETIC_DEMO
2021-11-13,grain,254.46,USD,per_tonne,SYNTHETIC_DEMO
2021-11-14,thermal_coal,132.25,USD,per_tonne,SYNTHETIC_DEMO
2021-11-14,iron_ore,115.71,USD,per_tonne,SYNTHETIC_DEMO
2021-11-14,grain,256.71,USD,per_tonne,SYNTHETIC_DEMO
2021-11-15,thermal_coal,132.85,USD,per_tonne,SYNTHETIC_DEMO
2021-11-15,iron_ore,116.02,USD,per_tonne,SYNTHETIC_DEMO
2021-11-15,grain,254.66,USD,per_tonne,SYNTHETIC_DEMO
2021-11-16,thermal_coal,133.12,USD,per_tonne,SYNTHETIC_DEMO
2021-11-16,iron_ore,116.61,USD,per_tonne,SYNTHETIC_DEMO
2021-11-16,grain,253.12,USD,per_tonne,SYNTHETIC_DEMO
2021-11-17,thermal_coal,133.32,USD,per_tonne,SYNTHETIC_DEMO
2021-11-17,iron_ore,116.73,USD,per_tonne,SYNTHETIC_DEMO
2021-11-17,grain,256.19,USD,per_tonne,SYNTHETIC_DEMO
2021-11-18,thermal_coal,133.13,USD,per_tonne,SYNTHETIC_DEMO
2021-11-18,iron_ore,117.81,USD,per_tonne,SYNTHETIC_DEMO
2021-11-18,grain,256.68,USD,per_tonne,SYNTHETIC_DEMO
2021-11-19,thermal_coal,132.39,USD,per_tonne,SYNTHETIC_DEMO
2021-11-19,iron_ore,118.12,USD,per_tonne,SYNTHETIC_DEMO
2021-11-19,grain,254.69,USD,per_tonne,SYNTHETIC_DEMO
2021-11-20,thermal_coal,133.0,USD,per_tonne,SYNTHETIC_DEMO
2021-11-20,iron_ore,117.76,USD,per_tonne,SYNTHETIC_DEMO
2021-11-20,grain,254.69,USD,per_tonne,SYNTHETIC_DEMO
2021-11-21,thermal_coal,132.61,USD,per_tonne,SYNTHETIC_DEMO
2021-11-21,iron_ore,117.83,USD,per_tonne,SYNTHETIC_DEMO
2021-11-21,grain,256.47,USD,per_tonne,SYNTHETIC_DEMO
2021-11-22,thermal_coal,132.86,USD,per_tonne,SYNTHETIC_DEMO
2021-11-22,iron_ore,117.23,USD,per_tonne,SYNTHETIC_DEMO
2021-11-22,grain,259.03,USD,per_tonne,SYNTHETIC_DEMO
2021-11-23,thermal_coal,133.34,USD,per_tonne,SYNTHETIC_DEMO
2021-11-23,iron_ore,116.96,USD,per_tonne,SYNTHETIC_DEMO
2021-11-23,grain,256.32,USD,per_tonne,SYNTHETIC_DEMO
2021-11-24,thermal_coal,132.5,USD,per_tonne,SYNTHETIC_DEMO
2021-11-24,iron_ore,116.3,USD,per_tonne,SYNTHETIC_DEMO
2021-11-24,grain,260.56,USD,per_tonne,SYNTHETIC_DEMO
2021-11-25,thermal_coal,133.39,USD,per_tonne,SYNTHETIC_DEMO
2021-11-25,iron_ore,115.77,USD,per_tonne,SYNTHETIC_DEMO
2021-11-25,grain,256.1,USD,per_tonne,SYNTHETIC_DEMO
2021-11-26,thermal_coal,133.91,USD,per_tonne,SYNTHETIC_DEMO
2021-11-26,iron_ore,116.84,USD,per_tonne,SYNTHETIC_DEMO
2021-11-26,grain,262.58,USD,per_tonne,SYNTHETIC_DEMO
2021-11-27,thermal_coal,135.54,USD,per_tonne,SYNTHETIC_DEMO
2021-11-27,iron_ore,116.77,USD,per_tonne,SYNTHETIC_DEMO
2021-11-27,grain,261.04,USD,per_tonne,SYNTHETIC_DEMO
2021-11-28,thermal_coal,136.83,USD,per_tonne,SYNTHETIC_DEMO
2021-11-28,iron_ore,116.96,USD,per_tonne,SYNTHETIC_DEMO
2021-11-28,grain,256.36,USD,per_tonne,SYNTHETIC_DEMO
2021-11-29,thermal_coal,138.15,USD,per_tonne,SYNTHETIC_DEMO
2021-11-29,iron_ore,118.06,USD,per_tonne,SYNTHETIC_DEMO
2021-11-29,grain,255.55,USD,per_tonne,SYNTHETIC_DEMO
2021-11-30,thermal_coal,136.4,USD,per_tonne,SYNTHETIC_DEMO
2021-11-30,iron_ore,118.05,USD,per_tonne,SYNTHETIC_DEMO
2021-11-30,grain,260.31,USD,per_tonne,SYNTHETIC_DEMO
2021-12-01,thermal_coal,135.5,USD,per_tonne,SYNTHETIC_DEMO
2021-12-01,iron_ore,116.96,USD,per_tonne,SYNTHETIC_DEMO
2021-12-01,grain,256.52,USD,per_tonne,SYNTHETIC_DEMO
2021-12-02,thermal_coal,137.26,USD,per_tonne,SYNTHETIC_DEMO
2021-12-02,iron_ore,117.66,USD,per_tonne,SYNTHETIC_DEMO
2021-12-02,grain,259.59,USD,per_tonne,SYNTHETIC_DEMO
2021-12-03,thermal_coal,137.91,USD,per_tonne,SYNTHETIC_DEMO
2021-12-03,iron_ore,118.1,USD,per_tonne,SYNTHETIC_DEMO
2021-12-03,grain,261.79,USD,per_tonne,SYNTHETIC_DEMO
2021-12-04,thermal_coal,137.75,USD,per_tonne,SYNTHETIC_DEMO
2021-12-04,iron_ore,119.1,USD,per_tonne,SYNTHETIC_DEMO
2021-12-04,grain,258.37,USD,per_tonne,SYNTHETIC_DEMO
2021-12-05,thermal_coal,139.82,USD,per_tonne,SYNTHETIC_DEMO
2021-12-05,iron_ore,118.54,USD,per_tonne,SYNTHETIC_DEMO
2021-12-05,grain,261.64,USD,per_tonne,SYNTHETIC_DEMO
2021-12-06,thermal_coal,138.28,USD,per_tonne,SYNTHETIC_DEMO
2021-12-06,iron_ore,117.6,USD,per_tonne,SYNTHETIC_DEMO
2021-12-06,grain,257.1,USD,per_tonne,SYNTHETIC_DEMO
2021-12-07,thermal_coal,138.07,USD,per_tonne,SYNTHETIC_DEMO
2021-12-07,iron_ore,117.38,USD,per_tonne,SYNTHETIC_DEMO
2021-12-07,grain,260.75,USD,per_tonne,SYNTHETIC_DEMO
2021-12-08,thermal_coal,138.03,USD,per_tonne,SYNTHETIC_DEMO
2021-12-08,iron_ore,116.64,USD,per_tonne,SYNTHETIC_DEMO
2021-12-08,grain,259.93,USD,per_tonne,SYNTHETIC_DEMO
2021-12-09,thermal_coal,138.05,USD,per_tonne,SYNTHETIC_DEMO
2021-12-09,iron_ore,116.77,USD,per_tonne,SYNTHETIC_DEMO
2021-12-09,grain,260.51,USD,per_tonne,SYNTHETIC_DEMO
2021-12-10,thermal_coal,138.53,USD,per_tonne,SYNTHETIC_DEMO
2021-12-10,iron_ore,116.95,USD,per_tonne,SYNTHETIC_DEMO
2021-12-10,grain,258.56,USD,per_tonne,SYNTHETIC_DEMO
2021-12-11,thermal_coal,139.3,USD,per_tonne,SYNTHETIC_DEMO
2021-12-11,iron_ore,116.27,USD,per_tonne,SYNTHETIC_DEMO
2021-12-11,grain,259.75,USD,per_tonne,SYNTHETIC_DEMO
2021-12-12,thermal_coal,139.76,USD,per_tonne,SYNTHETIC_DEMO
2021-12-12,iron_ore,115.96,USD,per_tonne,SYNTHETIC_DEMO
2021-12-12,grain,262.48,USD,per_tonne,SYNTHETIC_DEMO
2021-12-13,thermal_coal,140.73,USD,per_tonne,SYNTHETIC_DEMO
2021-12-13,iron_ore,115.86,USD,per_tonne,SYNTHETIC_DEMO
2021-12-13,grain,260.93,USD,per_tonne,SYNTHETIC_DEMO
2021-12-14,thermal_coal,138.33,USD,per_tonne,SYNTHETIC_DEMO
2021-12-14,iron_ore,115.7,USD,per_tonne,SYNTHETIC_DEMO
2021-12-14,grain,261.93,USD,per_tonne,SYNTHETIC_DEMO
2021-12-15,thermal_coal,138.68,USD,per_tonne,SYNTHETIC_DEMO
2021-12-15,iron_ore,116.46,USD,per_tonne,SYNTHETIC_DEMO
2021-12-15,grain,263.76,USD,per_tonne,SYNTHETIC_DEMO
2021-12-16,thermal_coal,139.44,USD,per_tonne,SYNTHETIC_DEMO
2021-12-16,iron_ore,116.93,USD,per_tonne,SYNTHETIC_DEMO
2021-12-16,grain,260.66,USD,per_tonne,SYNTHETIC_DEMO
2021-12-17,thermal_coal,139.77,USD,per_tonne,SYNTHETIC_DEMO
2021-12-17,iron_ore,116.48,USD,per_tonne,SYNTHETIC_DEMO
2021-12-17,grain,268.2,USD,per_tonne,SYNTHETIC_DEMO
2021-12-18,thermal_coal,139.43,USD,per_tonne,SYNTHETIC_DEMO
2021-12-18,iron_ore,115.74,USD,per_tonne,SYNTHETIC_DEMO
2021-12-18,grain,258.23,USD,per_tonne,SYNTHETIC_DEMO
2021-12-19,thermal_coal,140.64,USD,per_tonne,SYNTHETIC_DEMO
2021-12-19,iron_ore,113.68,USD,per_tonne,SYNTHETIC_DEMO
2021-12-19,grain,261.66,USD,per_tonne,SYNTHETIC_DEMO
2021-12-20,thermal_coal,141.32,USD,per_tonne,SYNTHETIC_DEMO
2021-12-20,iron_ore,114.2,USD,per_tonne,SYNTHETIC_DEMO
2021-12-20,grain,261.96,USD,per_tonne,SYNTHETIC_DEMO
2021-12-21,thermal_coal,141.1,USD,per_tonne,SYNTHETIC_DEMO
2021-12-21,iron_ore,115.44,USD,per_tonne,SYNTHETIC_DEMO
2021-12-21,grain,258.91,USD,per_tonne,SYNTHETIC_DEMO
2021-12-22,thermal_coal,141.01,USD,per_tonne,SYNTHETIC_DEMO
2021-12-22,iron_ore,115.23,USD,per_tonne,SYNTHETIC_DEMO
2021-12-22,grain,262.5,USD,per_tonne,SYNTHETIC_DEMO
2021-12-23,thermal_coal,141.57,USD,per_tonne,SYNTHETIC_DEMO
2021-12-23,iron_ore,115.43,USD,per_tonne,SYNTHETIC_DEMO
2021-12-23,grain,267.08,USD,per_tonne,SYNTHETIC_DEMO
2021-12-24,thermal_coal,140.78,USD,per_tonne,SYNTHETIC_DEMO
2021-12-24,iron_ore,115.26,USD,per_tonne,SYNTHETIC_DEMO
2021-12-24,grain,264.99,USD,per_tonne,SYNTHETIC_DEMO
2021-12-25,thermal_coal,141.54,USD,per_tonne,SYNTHETIC_DEMO
2021-12-25,iron_ore,115.21,USD,per_tonne,SYNTHETIC_DEMO
2021-12-25,grain,260.79,USD,per_tonne,SYNTHETIC_DEMO
2021-12-26,thermal_coal,141.29,USD,per_tonne,SYNTHETIC_DEMO
2021-12-26,iron_ore,115.42,USD,per_tonne,SYNTHETIC_DEMO
2021-12-26,grain,265.11,USD,per_tonne,SYNTHETIC_DEMO
2021-12-27,thermal_coal,140.87,USD,per_tonne,SYNTHETIC_DEMO
2021-12-27,iron_ore,115.34,USD,per_tonne,SYNTHETIC_DEMO
2021-12-27,grain,264.44,USD,per_tonne,SYNTHETIC_DEMO
2021-12-28,thermal_coal,139.53,USD,per_tonne,SYNTHETIC_DEMO
2021-12-28,iron_ore,115.63,USD,per_tonne,SYNTHETIC_DEMO
2021-12-28,grain,265.87,USD,per_tonne,SYNTHETIC_DEMO
2021-12-29,thermal_coal,139.73,USD,per_tonne,SYNTHETIC_DEMO
2021-12-29,iron_ore,116.07,USD,per_tonne,SYNTHETIC_DEMO
2021-12-29,grain,267.35,USD,per_tonne,SYNTHETIC_DEMO
2021-12-30,thermal_coal,139.24,USD,per_tonne,SYNTHETIC_DEMO
2021-12-30,iron_ore,116.57,USD,per_tonne,SYNTHETIC_DEMO
2021-12-30,grain,263.46,USD,per_tonne,SYNTHETIC_DEMO
2021-12-31,thermal_coal,139.26,USD,per_tonne,SYNTHETIC_DEMO
2021-12-31,iron_ore,117.67,USD,per_tonne,SYNTHETIC_DEMO
2021-12-31,grain,266.27,USD,per_tonne,SYNTHETIC_DEMO
2022-01-01,thermal_coal,139.55,USD,per_tonne,SYNTHETIC_DEMO
2022-01-01,iron_ore,117.0,USD,per_tonne,SYNTHETIC_DEMO
2022-01-01,grain,263.75,USD,per_tonne,SYNTHETIC_DEMO
2022-01-02,thermal_coal,138.79,USD,per_tonne,SYNTHETIC_DEMO
2022-01-02,iron_ore,117.01,USD,per_tonne,SYNTHETIC_DEMO
2022-01-02,grain,261.46,USD,per_tonne,SYNTHETIC_DEMO
2022-01-03,thermal_coal,137.5,USD,per_tonne,SYNTHETIC_DEMO
2022-01-03,iron_ore,117.01,USD,per_tonne,SYNTHETIC_DEMO
2022-01-03,grain,262.87,USD,per_tonne,SYNTHETIC_DEMO
2022-01-04,thermal_coal,136.89,USD,per_tonne,SYNTHETIC_DEMO
2022-01-04,iron_ore,115.99,USD,per_tonne,SYNTHETIC_DEMO
2022-01-04,grain,265.18,USD,per_tonne,SYNTHETIC_DEMO
2022-01-05,thermal_coal,136.01,USD,per_tonne,SYNTHETIC_DEMO
2022-01-05,iron_ore,116.72,USD,per_tonne,SYNTHETIC_DEMO
2022-01-05,grain,263.78,USD,per_tonne,SYNTHETIC_DEMO
2022-01-06,thermal_coal,136.61,USD,per_tonne,SYNTHETIC_DEMO
2022-01-06,iron_ore,117.32,USD,per_tonne,SYNTHETIC_DEMO
2022-01-06,grain,264.42,USD,per_tonne,SYNTHETIC_DEMO
2022-01-07,thermal_coal,137.21,USD,per_tonne,SYNTHETIC_DEMO
2022-01-07,iron_ore,118.47,USD,per_tonne,SYNTHETIC_DEMO
2022-01-07,grain,262.01,USD,per_tonne,SYNTHETIC_DEMO
2022-01-08,thermal_coal,138.13,USD,per_tonne,SYNTHETIC_DEMO
2022-01-08,iron_ore,119.36,USD,per_tonne,SYNTHETIC_DEMO
2022-01-08,grain,268.08,USD,per_tonne,SYNTHETIC_DEMO
2022-01-09,thermal_coal,139.74,USD,per_tonne,SYNTHETIC_DEMO
2022-01-09,iron_ore,119.38,USD,per_tonne,SYNTHETIC_DEMO
2022-01-09,grain,265.5,USD,per_tonne,SYNTHETIC_DEMO
2022-01-10,thermal_coal,140.05,USD,per_tonne,SYNTHETIC_DEMO
2022-01-10,iron_ore,118.96,USD,per_tonne,SYNTHETIC_DEMO
2022-01-10,grain,264.86,USD,per_tonne,SYNTHETIC_DEMO
2022-01-11,thermal_coal,140.74,USD,per_tonne,SYNTHETIC_DEMO
2022-01-11,iron_ore,118.9,USD,per_tonne,SYNTHETIC_DEMO
2022-01-11,grain,266.44,USD,per_tonne,SYNTHETIC_DEMO
2022-01-12,thermal_coal,141.4,USD,per_tonne,SYNTHETIC_DEMO
2022-01-12,iron_ore,119.03,USD,per_tonne,SYNTHETIC_DEMO
2022-01-12,grain,267.32,USD,per_tonne,SYNTHETIC_DEMO
2022-01-13,thermal_coal,141.39,USD,per_tonne,SYNTHETIC_DEMO
2022-01-13,iron_ore,118.77,USD,per_tonne,SYNTHETIC_DEMO
2022-01-13,grain,264.89,USD,per_tonne,SYNTHETIC_DEMO
2022-01-14,thermal_coal,143.03,USD,per_tonne,SYNTHETIC_DEMO
2022-01-14,iron_ore,119.48,USD,per_tonne,SYNTHETIC_DEMO
2022-01-14,grain,265.85,USD,per_tonne,SYNTHETIC_DEMO
2022-01-15,thermal_coal,143.24,USD,per_tonne,SYNTHETIC_DEMO
2022-01-15,iron_ore,120.46,USD,per_tonne,SYNTHETIC_DEMO
2022-01-15,grain,262.12,USD,per_tonne,SYNTHETIC_DEMO
2022-01-16,thermal_coal,142.38,USD,per_tonne,SYNTHETIC_DEMO
2022-01-16,iron_ore,120.72,USD,per_tonne,SYNTHETIC_DEMO
2022-01-16,grain,265.68,USD,per_tonne,SYNTHETIC_DEMO
2022-01-17,thermal_coal,143.3,USD,per_tonne,SYNTHETIC_DEMO
2022-01-17,iron_ore,119.8,USD,per_tonne,SYNTHETIC_DEMO
2022-01-17,grain,269.47,USD,per_tonne,SYNTHETIC_DEMO
2022-01-18,thermal_coal,143.41,USD,per_tonne,SYNTHETIC_DEMO
2022-01-18,iron_ore,119.48,USD,per_tonne,SYNTHETIC_DEMO
2022-01-18,grain,266.03,USD,per_tonne,SYNTHETIC_DEMO
2022-01-19,thermal_coal,144.51,USD,per_tonne,SYNTHETIC_DEMO
2022-01-19,iron_ore,119.61,USD,per_tonne,SYNTHETIC_DEMO
2022-01-19,grain,264.83,USD,per_tonne,SYNTHETIC_DEMO
2022-01-20,thermal_coal,145.0,USD,per_tonne,SYNTHETIC_DEMO
2022-01-20,iron_ore,120.79,USD,per_tonne,SYNTHETIC_DEMO
2022-01-20,grain,265.43,USD,per_tonne,SYNTHETIC_DEMO
2022-01-21,thermal_coal,144.26,USD,per_tonne,SYNTHETIC_DEMO
2022-01-21,iron_ore,120.16,USD,per_tonne,SYNTHETIC_DEMO
2022-01-21,grain,266.96,USD,per_tonne,SYNTHETIC_DEMO
2022-01-22,thermal_coal,143.82,USD,per_tonne,SYNTHETIC_DEMO
2022-01-22,iron_ore,119.9,USD,per_tonne,SYNTHETIC_DEMO
2022-01-22,grain,265.36,USD,per_tonne,SYNTHETIC_DEMO
2022-01-23,thermal_coal,144.33,USD,per_tonne,SYNTHETIC_DEMO
2022-01-23,iron_ore,120.32,USD,per_tonne,SYNTHETIC_DEMO
2022-01-23,grain,264.28,USD,per_tonne,SYNTHETIC_DEMO
2022-01-24,thermal_coal,143.4,USD,per_tonne,SYNTHETIC_DEMO
2022-01-24,iron_ore,120.8,USD,per_tonne,SYNTHETIC_DEMO
2022-01-24,grain,264.41,USD,per_tonne,SYNTHETIC_DEMO
2022-01-25,thermal_coal,143.52,USD,per_tonne,SYNTHETIC_DEMO
2022-01-25,iron_ore,120.49,USD,per_tonne,SYNTHETIC_DEMO
2022-01-25,grain,268.83,USD,per_tonne,SYNTHETIC_DEMO
2022-01-26,thermal_coal,143.86,USD,per_tonne,SYNTHETIC_DEMO
2022-01-26,iron_ore,119.48,USD,per_tonne,SYNTHETIC_DEMO
2022-01-26,grain,264.9,USD,per_tonne,SYNTHETIC_DEMO
2022-01-27,thermal_coal,144.79,USD,per_tonne,SYNTHETIC_DEMO
2022-01-27,iron_ore,119.38,USD,per_tonne,SYNTHETIC_DEMO
2022-01-27,grain,264.09,USD,per_tonne,SYNTHETIC_DEMO
2022-01-28,thermal_coal,145.29,USD,per_tonne,SYNTHETIC_DEMO
2022-01-28,iron_ore,117.66,USD,per_tonne,SYNTHETIC_DEMO
2022-01-28,grain,265.97,USD,per_tonne,SYNTHETIC_DEMO
2022-01-29,thermal_coal,144.69,USD,per_tonne,SYNTHETIC_DEMO
2022-01-29,iron_ore,117.64,USD,per_tonne,SYNTHETIC_DEMO
2022-01-29,grain,264.82,USD,per_tonne,SYNTHETIC_DEMO
2022-01-30,thermal_coal,145.16,USD,per_tonne,SYNTHETIC_DEMO
2022-01-30,iron_ore,116.18,USD,per_tonne,SYNTHETIC_DEMO
2022-01-30,grain,265.94,USD,per_tonne,SYNTHETIC_DEMO
2022-01-31,thermal_coal,145.7,USD,per_tonne,SYNTHETIC_DEMO
2022-01-31,iron_ore,116.24,USD,per_tonne,SYNTHETIC_DEMO
2022-01-31,grain,266.7,USD,per_tonne,SYNTHETIC_DEMO
2022-02-01,thermal_coal,145.6,USD,per_tonne,SYNTHETIC_DEMO
2022-02-01,iron_ore,115.92,USD,per_tonne,SYNTHETIC_DEMO
2022-02-01,grain,266.21,USD,per_tonne,SYNTHETIC_DEMO
2022-02-02,thermal_coal,145.82,USD,per_tonne,SYNTHETIC_DEMO
2022-02-02,iron_ore,115.88,USD,per_tonne,SYNTHETIC_DEMO
2022-02-02,grain,260.19,USD,per_tonne,SYNTHETIC_DEMO
2022-02-03,thermal_coal,145.94,USD,per_tonne,SYNTHETIC_DEMO
2022-02-03,iron_ore,115.96,USD,per_tonne,SYNTHETIC_DEMO
2022-02-03,grain,265.06,USD,per_tonne,SYNTHETIC_DEMO
2022-02-04,thermal_coal,145.29,USD,per_tonne,SYNTHETIC_DEMO
2022-02-04,iron_ore,117.96,USD,per_tonne,SYNTHETIC_DEMO
2022-02-04,grain,267.32,USD,per_tonne,SYNTHETIC_DEMO
2022-02-05,thermal_coal,145.59,USD,per_tonne,SYNTHETIC_DEMO
2022-02-05,iron_ore,116.9,USD,per_tonne,SYNTHETIC_DEMO
2022-02-05,grain,263.0,USD,per_tonne,SYNTHETIC_DEMO
2022-02-06,thermal_coal,146.31,USD,per_tonne,SYNTHETIC_DEMO
2022-02-06,iron_ore,117.66,USD,per_tonne,SYNTHETIC_DEMO
2022-02-06,grain,267.18,USD,per_tonne,SYNTHETIC_DEMO
2022-02-07,thermal_coal,146.54,USD,per_tonne,SYNTHETIC_DEMO
2022-02-07,iron_ore,116.92,USD,per_tonne,SYNTHETIC_DEMO
2022-02-07,grain,266.63,USD,per_tonne,SYNTHETIC_DEMO
2022-02-08,thermal_coal,146.95,USD,per_tonne,SYNTHETIC_DEMO
2022-02-08,iron_ore,116.58,USD,per_tonne,SYNTHETIC_DEMO
2022-02-08,grain,262.76,USD,per_tonne,SYNTHETIC_DEMO
2022-02-09,thermal_coal,148.14,USD,per_tonne,SYNTHETIC_DEMO
2022-02-09,iron_ore,116.33,USD,per_tonne,SYNTHETIC_DEMO
2022-02-09,grain,264.03,USD,per_tonne,SYNTHETIC_DEMO
2022-02-10,thermal_coal,147.67,USD,per_tonne,SYNTHETIC_DEMO
2022-02-10,iron_ore,115.93,USD,per_tonne,SYNTHETIC_DEMO
2022-02-10,grain,262.25,USD,per_tonne,SYNTHETIC_DEMO
2022-02-11,thermal_coal,147.42,USD,per_tonne,SYNTHETIC_DEMO
2022-02-11,iron_ore,115.93,USD,per_tonne,SYNTHETIC_DEMO
2022-02-11,grain,265.81,USD,per_tonne,SYNTHETIC_DEMO
2022-02-12,thermal_coal,147.97,USD,per_tonne,SYNTHETIC_DEMO
2022-02-12,iron_ore,116.45,USD,per_tonne,SYNTHETIC_DEMO
2022-02-12,grain,267.36,USD,per_tonne,SYNTHETIC_DEMO
2022-02-13,thermal_coal,147.97,USD,per_tonne,SYNTHETIC_DEMO
2022-02-13,iron_ore,115.64,USD,per_tonne,SYNTHETIC_DEMO
2022-02-13,grain,264.41,USD,per_tonne,SYNTHETIC_DEMO
2022-02-14,thermal_coal,147.9,USD,per_tonne,SYNTHETIC_DEMO
2022-02-14,iron_ore,115.06,USD,per_tonne,SYNTHETIC_DEMO
2022-02-14,grain,265.34,USD,per_tonne,SYNTHETIC_DEMO
2022-02-15,thermal_coal,148.22,USD,per_tonne,SYNTHETIC_DEMO
2022-02-15,iron_ore,114.78,USD,per_tonne,SYNTHETIC_DEMO
2022-02-15,grain,261.03,USD,per_tonne,SYNTHETIC_DEMO
2022-02-16,thermal_coal,148.34,USD,per_tonne,SYNTHETIC_DEMO
2022-02-16,iron_ore,114.89,USD,per_tonne,SYNTHETIC_DEMO
2022-02-16,grain,263.4,USD,per_tonne,SYNTHETIC_DEMO
2022-02-17,thermal_coal,149.68,USD,per_tonne,SYNTHETIC_DEMO
2022-02-17,iron_ore,115.15,USD,per_tonne,SYNTHETIC_DEMO
2022-02-17,grain,260.46,USD,per_tonne,SYNTHETIC_DEMO
2022-02-18,thermal_coal,150.01,USD,per_tonne,SYNTHETIC_DEMO
2022-02-18,iron_ore,116.53,USD,per_tonne,SYNTHETIC_DEMO
2022-02-18,grain,263.43,USD,per_tonne,SYNTHETIC_DEMO
2022-02-19,thermal_coal,150.62,USD,per_tonne,SYNTHETIC_DEMO
2022-02-19,iron_ore,117.22,USD,per_tonne,SYNTHETIC_DEMO
2022-02-19,grain,265.77,USD,per_tonne,SYNTHETIC_DEMO
2022-02-20,thermal_coal,149.89,USD,per_tonne,SYNTHETIC_DEMO
2022-02-20,iron_ore,117.65,USD,per_tonne,SYNTHETIC_DEMO
2022-02-20,grain,265.22,USD,per_tonne,SYNTHETIC_DEMO
2022-02-21,thermal_coal,149.28,USD,per_tonne,SYNTHETIC_DEMO
2022-02-21,iron_ore,116.22,USD,per_tonne,SYNTHETIC_DEMO
2022-02-21,grain,265.55,USD,per_tonne,SYNTHETIC_DEMO
2022-02-22,thermal_coal,150.34,USD,per_tonne,SYNTHETIC_DEMO
2022-02-22,iron_ore,116.12,USD,per_tonne,SYNTHETIC_DEMO
2022-02-22,grain,262.24,USD,per_tonne,SYNTHETIC_DEMO
2022-02-23,thermal_coal,150.28,USD,per_tonne,SYNTHETIC_DEMO
2022-02-23,iron_ore,116.97,USD,per_tonne,SYNTHETIC_DEMO
2022-02-23,grain,262.99,USD,per_tonne,SYNTHETIC_DEMO
2022-02-24,thermal_coal,150.3,USD,per_tonne,SYNTHETIC_DEMO
2022-02-24,iron_ore,117.92,USD,per_tonne,SYNTHETIC_DEMO
2022-02-24,grain,263.91,USD,per_tonne,SYNTHETIC_DEMO
2022-02-25,thermal_coal,150.9,USD,per_tonne,SYNTHETIC_DEMO
2022-02-25,iron_ore,117.31,USD,per_tonne,SYNTHETIC_DEMO
2022-02-25,grain,259.95,USD,per_tonne,SYNTHETIC_DEMO
2022-02-26,thermal_coal,151.45,USD,per_tonne,SYNTHETIC_DEMO
2022-02-26,iron_ore,116.38,USD,per_tonne,SYNTHETIC_DEMO
2022-02-26,grain,265.83,USD,per_tonne,SYNTHETIC_DEMO
2022-02-27,thermal_coal,151.83,USD,per_tonne,SYNTHETIC_DEMO
2022-02-27,iron_ore,115.82,USD,per_tonne,SYNTHETIC_DEMO
2022-02-27,grain,260.06,USD,per_tonne,SYNTHETIC_DEMO
2022-02-28,thermal_coal,151.8,USD,per_tonne,SYNTHETIC_DEMO
2022-02-28,iron_ore,116.76,USD,per_tonne,SYNTHETIC_DEMO
2022-02-28,grain,260.15,USD,per_tonne,SYNTHETIC_DEMO
2022-03-01,thermal_coal,151.88,USD,per_tonne,SYNTHETIC_DEMO
2022-03-01,iron_ore,116.55,USD,per_tonne,SYNTHETIC_DEMO
2022-03-01,grain,261.36,USD,per_tonne,SYNTHETIC_DEMO
2022-03-02,thermal_coal,152.94,USD,per_tonne,SYNTHETIC_DEMO
2022-03-02,iron_ore,116.35,USD,per_tonne,SYNTHETIC_DEMO
2022-03-02,grain,262.82,USD,per_tonne,SYNTHETIC_DEMO
2022-03-03,thermal_coal,152.52,USD,per_tonne,SYNTHETIC_DEMO
2022-03-03,iron_ore,115.29,USD,per_tonne,SYNTHETIC_DEMO
2022-03-03,grain,261.64,USD,per_tonne,SYNTHETIC_DEMO
2022-03-04,thermal_coal,152.54,USD,per_tonne,SYNTHETIC_DEMO
2022-03-04,iron_ore,115.14,USD,per_tonne,SYNTHETIC_DEMO
2022-03-04,grain,261.48,USD,per_tonne,SYNTHETIC_DEMO
2022-03-05,thermal_coal,154.25,USD,per_tonne,SYNTHETIC_DEMO
2022-03-05,iron_ore,116.11,USD,per_tonne,SYNTHETIC_DEMO
2022-03-05,grain,262.73,USD,per_tonne,SYNTHETIC_DEMO
2022-03-06,thermal_coal,152.96,USD,per_tonne,SYNTHETIC_DEMO
2022-03-06,iron_ore,116.44,USD,per_tonne,SYNTHETIC_DEMO
2022-03-06,grain,261.31,USD,per_tonne,SYNTHETIC_DEMO
2022-03-07,thermal_coal,152.05,USD,per_tonne,SYNTHETIC_DEMO
2022-03-07,iron_ore,116.02,USD,per_tonne,SYNTHETIC_DEMO
2022-03-07,grain,261.67,USD,per_tonne,SYNTHETIC_DEMO
2022-03-08,thermal_coal,152.51,USD,per_tonne,SYNTHETIC_DEMO
2022-03-08,iron_ore,114.02,USD,per_tonne,SYNTHETIC_DEMO
2022-03-08,grain,260.15,USD,per_tonne,SYNTHETIC_DEMO
2022-03-09,thermal_coal,153.41,USD,per_tonne,SYNTHETIC_DEMO
2022-03-09,iron_ore,113.96,USD,per_tonne,SYNTHETIC_DEMO
2022-03-09,grain,262.35,USD,per_tonne,SYNTHETIC_DEMO
2022-03-10,thermal_coal,155.66,USD,per_tonne,SYNTHETIC_DEMO
2022-03-10,iron_ore,113.95,USD,per_tonne,SYNTHETIC_DEMO
2022-03-10,grain,258.2,USD,per_tonne,SYNTHETIC_DEMO
2022-03-11,thermal_coal,153.71,USD,per_tonne,SYNTHETIC_DEMO
2022-03-11,iron_ore,113.07,USD,per_tonne,SYNTHETIC_DEMO
2022-03-11,grain,261.27,USD,per_tonne,SYNTHETIC_DEMO
2022-03-12,thermal_coal,153.99,USD,per_tonne,SYNTHETIC_DEMO
2022-03-12,iron_ore,113.64,USD,per_tonne,SYNTHETIC_DEMO
2022-03-12,grain,259.22,USD,per_tonne,SYNTHETIC_DEMO
2022-03-13,thermal_coal,154.26,USD,per_tonne,SYNTHETIC_DEMO
2022-03-13,iron_ore,113.84,USD,per_tonne,SYNTHETIC_DEMO
2022-03-13,grain,259.86,USD,per_tonne,SYNTHETIC_DEMO
2022-03-14,thermal_coal,153.58,USD,per_tonne,SYNTHETIC_DEMO
2022-03-14,iron_ore,113.19,USD,per_tonne,SYNTHETIC_DEMO
2022-03-14,grain,259.86,USD,per_tonne,SYNTHETIC_DEMO
2022-03-15,thermal_coal,154.97,USD,per_tonne,SYNTHETIC_DEMO
2022-03-15,iron_ore,112.02,USD,per_tonne,SYNTHETIC_DEMO
2022-03-15,grain,261.08,USD,per_tonne,SYNTHETIC_DEMO
2022-03-16,thermal_coal,155.55,USD,per_tonne,SYNTHETIC_DEMO
2022-03-16,iron_ore,113.0,USD,per_tonne,SYNTHETIC_DEMO
2022-03-16,grain,258.97,USD,per_tonne,SYNTHETIC_DEMO
2022-03-17,thermal_coal,155.26,USD,per_tonne,SYNTHETIC_DEMO
2022-03-17,iron_ore,113.34,USD,per_tonne,SYNTHETIC_DEMO
2022-03-17,grain,255.42,USD,per_tonne,SYNTHETIC_DEMO
2022-03-18,thermal_coal,154.72,USD,per_tonne,SYNTHETIC_DEMO
2022-03-18,iron_ore,112.57,USD,per_tonne,SYNTHETIC_DEMO
2022-03-18,grain,256.71,USD,per_tonne,SYNTHETIC_DEMO
2022-03-19,thermal_coal,154.9,USD,per_tonne,SYNTHETIC_DEMO
2022-03-19,iron_ore,111.67,USD,per_tonne,SYNTHETIC_DEMO
2022-03-19,grain,258.32,USD,per_tonne,SYNTHETIC_DEMO
2022-03-20,thermal_coal,154.92,USD,per_tonne,SYNTHETIC_DEMO
2022-03-20,iron_ore,111.56,USD,per_tonne,SYNTHETIC_DEMO
2022-03-20,grain,259.97,USD,per_tonne,SYNTHETIC_DEMO
2022-03-21,thermal_coal,154.55,USD,per_tonne,SYNTHETIC_DEMO
2022-03-21,iron_ore,111.89,USD,per_tonne,SYNTHETIC_DEMO
2022-03-21,grain,258.49,USD,per_tonne,SYNTHETIC_DEMO
2022-03-22,thermal_coal,154.96,USD,per_tonne,SYNTHETIC_DEMO
2022-03-22,iron_ore,111.34,USD,per_tonne,SYNTHETIC_DEMO
2022-03-22,grain,261.23,USD,per_tonne,SYNTHETIC_DEMO
2022-03-23,thermal_coal,154.13,USD,per_tonne,SYNTHETIC_DEMO
2022-03-23,iron_ore,111.28,USD,per_tonne,SYNTHETIC_DEMO
2022-03-23,grain,256.11,USD,per_tonne,SYNTHETIC_DEMO
2022-03-24,thermal_coal,153.8,USD,per_tonne,SYNTHETIC_DEMO
2022-03-24,iron_ore,111.87,USD,per_tonne,SYNTHETIC_DEMO
2022-03-24,grain,256.79,USD,per_tonne,SYNTHETIC_DEMO
2022-03-25,thermal_coal,152.69,USD,per_tonne,SYNTHETIC_DEMO
2022-03-25,iron_ore,112.18,USD,per_tonne,SYNTHETIC_DEMO
2022-03-25,grain,258.8,USD,per_tonne,SYNTHETIC_DEMO
2022-03-26,thermal_coal,152.81,USD,per_tonne,SYNTHETIC_DEMO
2022-03-26,iron_ore,112.12,USD,per_tonne,SYNTHETIC_DEMO
2022-03-26,grain,255.62,USD,per_tonne,SYNTHETIC_DEMO
2022-03-27,thermal_coal,153.26,USD,per_tonne,SYNTHETIC_DEMO
2022-03-27,iron_ore,111.94,USD,per_tonne,SYNTHETIC_DEMO
2022-03-27,grain,256.3,USD,per_tonne,SYNTHETIC_DEMO
2022-03-28,thermal_coal,152.11,USD,per_tonne,SYNTHETIC_DEMO
2022-03-28,iron_ore,111.17,USD,per_tonne,SYNTHETIC_DEMO
2022-03-28,grain,258.2,USD,per_tonne,SYNTHETIC_DEMO
2022-03-29,thermal_coal,152.3,USD,per_tonne,SYNTHETIC_DEMO
2022-03-29,iron_ore,110.74,USD,per_tonne,SYNTHETIC_DEMO
2022-03-29,grain,254.63,USD,per_tonne,SYNTHETIC_DEMO
2022-03-30,thermal_coal,151.35,USD,per_tonne,SYNTHETIC_DEMO
2022-03-30,iron_ore,111.12,USD,per_tonne,SYNTHETIC_DEMO
2022-03-30,grain,258.44,USD,per_tonne,SYNTHETIC_DEMO
2022-03-31,thermal_coal,151.48,USD,per_tonne,SYNTHETIC_DEMO
2022-03-31,iron_ore,109.7,USD,per_tonne,SYNTHETIC_DEMO
2022-03-31,grain,256.02,USD,per_tonne,SYNTHETIC_DEMO
2022-04-01,thermal_coal,151.37,USD,per_tonne,SYNTHETIC_DEMO
2022-04-01,iron_ore,110.32,USD,per_tonne,SYNTHETIC_DEMO
2022-04-01,grain,257.11,USD,per_tonne,SYNTHETIC_DEMO
2022-04-02,thermal_coal,151.27,USD,per_tonne,SYNTHETIC_DEMO
2022-04-02,iron_ore,110.37,USD,per_tonne,SYNTHETIC_DEMO
2022-04-02,grain,254.36,USD,per_tonne,SYNTHETIC_DEMO
2022-04-03,thermal_coal,151.45,USD,per_tonne,SYNTHETIC_DEMO
2022-04-03,iron_ore,109.49,USD,per_tonne,SYNTHETIC_DEMO
2022-04-03,grain,253.56,USD,per_tonne,SYNTHETIC_DEMO
2022-04-04,thermal_coal,151.67,USD,per_tonne,SYNTHETIC_DEMO
2022-04-04,iron_ore,108.68,USD,per_tonne,SYNTHETIC_DEMO
2022-04-04,grain,252.82,USD,per_tonne,SYNTHETIC_DEMO
2022-04-05,thermal_coal,150.82,USD,per_tonne,SYNTHETIC_DEMO
2022-04-05,iron_ore,108.8,USD,per_tonne,SYNTHETIC_DEMO
2022-04-05,grain,258.14,USD,per_tonne,SYNTHETIC_DEMO
2022-04-06,thermal_coal,150.7,USD,per_tonne,SYNTHETIC_DEMO
2022-04-06,iron_ore,108.81,USD,per_tonne,SYNTHETIC_DEMO
2022-04-06,grain,254.33,USD,per_tonne,SYNTHETIC_DEMO
2022-04-07,thermal_coal,151.23,USD,per_tonne,SYNTHETIC_DEMO
2022-04-07,iron_ore,108.85,USD,per_tonne,SYNTHETIC_DEMO
2022-04-07,grain,252.17,USD,per_tonne,SYNTHETIC_DEMO
2022-04-08,thermal_coal,152.26,USD,per_tonne,SYNTHETIC_DEMO
2022-04-08,iron_ore,108.79,USD,per_tonne,SYNTHETIC_DEMO
2022-04-08,grain,255.14,USD,per_tonne,SYNTHETIC_DEMO
2022-04-09,thermal_coal,152.19,USD,per_tonne,SYNTHETIC_DEMO
2022-04-09,iron_ore,109.6,USD,per_tonne,SYNTHETIC_DEMO
2022-04-09,grain,250.21,USD,per_tonne,SYNTHETIC_DEMO
2022-04-10,thermal_coal,152.19,USD,per_tonne,SYNTHETIC_DEMO
2022-04-10,iron_ore,109.53,USD,per_tonne,SYNTHETIC_DEMO
2022-04-10,grain,254.46,USD,per_tonne,SYNTHETIC_DEMO
2022-04-11,thermal_coal,152.24,USD,per_tonne,SYNTHETIC_DEMO
2022-04-11,iron_ore,109.9,USD,per_tonne,SYNTHETIC_DEMO
2022-04-11,grain,256.67,USD,per_tonne,SYNTHETIC_DEMO
2022-04-12,thermal_coal,152.06,USD,per_tonne,SYNTHETIC_DEMO
2022-04-12,iron_ore,110.49,USD,per_tonne,SYNTHETIC_DEMO
2022-04-12,grain,252.21,USD,per_tonne,SYNTHETIC_DEMO
2022-04-13,thermal_coal,151.66,USD,per_tonne,SYNTHETIC_DEMO
2022-04-13,iron_ore,110.36,USD,per_tonne,SYNTHETIC_DEMO
2022-04-13,grain,255.21,USD,per_tonne,SYNTHETIC_DEMO
2022-04-14,thermal_coal,153.11,USD,per_tonne,SYNTHETIC_DEMO
2022-04-14,iron_ore,110.03,USD,per_tonne,SYNTHETIC_DEMO
2022-04-14,grain,252.5,USD,per_tonne,SYNTHETIC_DEMO
2022-04-15,thermal_coal,153.2,USD,per_tonne,SYNTHETIC_DEMO
2022-04-15,iron_ore,111.85,USD,per_tonne,SYNTHETIC_DEMO
2022-04-15,grain,251.78,USD,per_tonne,SYNTHETIC_DEMO
2022-04-16,thermal_coal,155.27,USD,per_tonne,SYNTHETIC_DEMO
2022-04-16,iron_ore,112.45,USD,per_tonne,SYNTHETIC_DEMO
2022-04-16,grain,249.64,USD,per_tonne,SYNTHETIC_DEMO
2022-04-17,thermal_coal,155.37,USD,per_tonne,SYNTHETIC_DEMO
2022-04-17,iron_ore,111.89,USD,per_tonne,SYNTHETIC_DEMO
2022-04-17,grain,252.88,USD,per_tonne,SYNTHETIC_DEMO
2022-04-18,thermal_coal,155.41,USD,per_tonne,SYNTHETIC_DEMO
2022-04-18,iron_ore,111.96,USD,per_tonne,SYNTHETIC_DEMO
2022-04-18,grain,251.73,USD,per_tonne,SYNTHETIC_DEMO
2022-04-19,thermal_coal,155.46,USD,per_tonne,SYNTHETIC_DEMO
2022-04-19,iron_ore,111.76,USD,per_tonne,SYNTHETIC_DEMO
2022-04-19,grain,251.52,USD,per_tonne,SYNTHETIC_DEMO
2022-04-20,thermal_coal,156.06,USD,per_tonne,SYNTHETIC_DEMO
2022-04-20,iron_ore,111.86,USD,per_tonne,SYNTHETIC_DEMO
2022-04-20,grain,250.2,USD,per_tonne,SYNTHETIC_DEMO
2022-04-21,thermal_coal,155.62,USD,per_tonne,SYNTHETIC_DEMO
2022-04-21,iron_ore,111.88,USD,per_tonne,SYNTHETIC_DEMO
2022-04-21,grain,252.23,USD,per_tonne,SYNTHETIC_DEMO
2022-04-22,thermal_coal,156.41,USD,per_tonne,SYNTHETIC_DEMO
2022-04-22,iron_ore,110.02,USD,per_tonne,SYNTHETIC_DEMO
2022-04-22,grain,250.96,USD,per_tonne,SYNTHETIC_DEMO
2022-04-23,thermal_coal,157.88,USD,per_tonne,SYNTHETIC_DEMO
2022-04-23,iron_ore,108.75,USD,per_tonne,SYNTHETIC_DEMO
2022-04-23,grain,253.48,USD,per_tonne,SYNTHETIC_DEMO
2022-04-24,thermal_coal,157.2,USD,per_tonne,SYNTHETIC_DEMO
2022-04-24,iron_ore,108.76,USD,per_tonne,SYNTHETIC_DEMO
2022-04-24,grain,253.53,USD,per_tonne,SYNTHETIC_DEMO
2022-04-25,thermal_coal,156.55,USD,per_tonne,SYNTHETIC_DEMO
2022-04-25,iron_ore,109.0,USD,per_tonne,SYNTHETIC_DEMO
2022-04-25,grain,246.29,USD,per_tonne,SYNTHETIC_DEMO
2022-04-26,thermal_coal,155.15,USD,per_tonne,SYNTHETIC_DEMO
2022-04-26,iron_ore,108.49,USD,per_tonne,SYNTHETIC_DEMO
2022-04-26,grain,252.56,USD,per_tonne,SYNTHETIC_DEMO
2022-04-27,thermal_coal,154.11,USD,per_tonne,SYNTHETIC_DEMO
2022-04-27,iron_ore,107.85,USD,per_tonne,SYNTHETIC_DEMO
2022-04-27,grain,249.05,USD,per_tonne,SYNTHETIC_DEMO
2022-04-28,thermal_coal,153.11,USD,per_tonne,SYNTHETIC_DEMO
2022-04-28,iron_ore,106.88,USD,per_tonne,SYNTHETIC_DEMO
2022-04-28,grain,248.97,USD,per_tonne,SYNTHETIC_DEMO
2022-04-29,thermal_coal,151.92,USD,per_tonne,SYNTHETIC_DEMO
2022-04-29,iron_ore,105.3,USD,per_tonne,SYNTHETIC_DEMO
2022-04-29,grain,245.76,USD,per_tonne,SYNTHETIC_DEMO
2022-04-30,thermal_coal,150.3,USD,per_tonne,SYNTHETIC_DEMO
2022-04-30,iron_ore,105.76,USD,per_tonne,SYNTHETIC_DEMO
2022-04-30,grain,247.59,USD,per_tonne,SYNTHETIC_DEMO
2022-05-01,thermal_coal,150.19,USD,per_tonne,SYNTHETIC_DEMO
2022-05-01,iron_ore,105.72,USD,per_tonne,SYNTHETIC_DEMO
2022-05-01,grain,249.65,USD,per_tonne,SYNTHETIC_DEMO
2022-05-02,thermal_coal,152.11,USD,per_tonne,SYNTHETIC_DEMO
2022-05-02,iron_ore,106.12,USD,per_tonne,SYNTHETIC_DEMO
2022-05-02,grain,246.2,USD,per_tonne,SYNTHETIC_DEMO
2022-05-03,thermal_coal,153.18,USD,per_tonne,SYNTHETIC_DEMO
2022-05-03,iron_ore,107.22,USD,per_tonne,SYNTHETIC_DEMO
2022-05-03,grain,243.85,USD,per_tonne,SYNTHETIC_DEMO
2022-05-04,thermal_coal,152.58,USD,per_tonne,SYNTHETIC_DEMO
2022-05-04,iron_ore,106.5,USD,per_tonne,SYNTHETIC_DEMO
2022-05-04,grain,245.46,USD,per_tonne,SYNTHETIC_DEMO
2022-05-05,thermal_coal,152.9,USD,per_tonne,SYNTHETIC_DEMO
2022-05-05,iron_ore,106.27,USD,per_tonne,SYNTHETIC_DEMO
2022-05-05,grain,247.68,USD,per_tonne,SYNTHETIC_DEMO
2022-05-06,thermal_coal,152.15,USD,per_tonne,SYNTHETIC_DEMO
2022-05-06,iron_ore,105.62,USD,per_tonne,SYNTHETIC_DEMO
2022-05-06,grain,248.4,USD,per_tonne,SYNTHETIC_DEMO
2022-05-07,thermal_coal,152.52,USD,per_tonne,SYNTHETIC_DEMO
2022-05-07,iron_ore,104.42,USD,per_tonne,SYNTHETIC_DEMO
2022-05-07,grain,247.81,USD,per_tonne,SYNTHETIC_DEMO
2022-05-08,thermal_coal,151.23,USD,per_tonne,SYNTHETIC_DEMO
2022-05-08,iron_ore,104.26,USD,per_tonne,SYNTHETIC_DEMO
2022-05-08,grain,245.33,USD,per_tonne,SYNTHETIC_DEMO
2022-05-09,thermal_coal,151.42,USD,per_tonne,SYNTHETIC_DEMO
2022-05-09,iron_ore,105.12,USD,per_tonne,SYNTHETIC_DEMO
2022-05-09,grain,244.34,USD,per_tonne,SYNTHETIC_DEMO
2022-05-10,thermal_coal,151.91,USD,per_tonne,SYNTHETIC_DEMO
2022-05-10,iron_ore,104.37,USD,per_tonne,SYNTHETIC_DEMO
2022-05-10,grain,244.03,USD,per_tonne,SYNTHETIC_DEMO
2022-05-11,thermal_coal,151.55,USD,per_tonne,SYNTHETIC_DEMO
2022-05-11,iron_ore,104.57,USD,per_tonne,SYNTHETIC_DEMO
2022-05-11,grain,245.9,USD,per_tonne,SYNTHETIC_DEMO
2022-05-12,thermal_coal,151.91,USD,per_tonne,SYNTHETIC_DEMO
2022-05-12,iron_ore,103.72,USD,per_tonne,SYNTHETIC_DEMO
2022-05-12,grain,245.9,USD,per_tonne,SYNTHETIC_DEMO
2022-05-13,thermal_coal,151.35,USD,per_tonne,SYNTHETIC_DEMO
2022-05-13,iron_ore,103.25,USD,per_tonne,SYNTHETIC_DEMO
2022-05-13,grain,243.37,USD,per_tonne,SYNTHETIC_DEMO
2022-05-14,thermal_coal,150.66,USD,per_tonne,SYNTHETIC_DEMO
2022-05-14,iron_ore,103.51,USD,per_tonne,SYNTHETIC_DEMO
2022-05-14,grain,245.76,USD,per_tonne,SYNTHETIC_DEMO
2022-05-15,thermal_coal,149.77,USD,per_tonne,SYNTHETIC_DEMO
2022-05-15,iron_ore,104.79,USD,per_tonne,SYNTHETIC_DEMO
2022-05-15,grain,246.86,USD,per_tonne,SYNTHETIC_DEMO
2022-05-16,thermal_coal,149.82,USD,per_tonne,SYNTHETIC_DEMO
2022-05-16,iron_ore,105.71,USD,per_tonne,SYNTHETIC_DEMO
2022-05-16,grain,246.59,USD,per_tonne,SYNTHETIC_DEMO
2022-05-17,thermal_coal,149.93,USD,per_tonne,SYNTHETIC_DEMO
2022-05-17,iron_ore,105.63,USD,per_tonne,SYNTHETIC_DEMO
2022-05-17,grain,244.23,USD,per_tonne,SYNTHETIC_DEMO
2022-05-18,thermal_coal,149.62,USD,per_tonne,SYNTHETIC_DEMO
2022-05-18,iron_ore,104.98,USD,per_tonne,SYNTHETIC_DEMO
2022-05-18,grain,243.94,USD,per_tonne,SYNTHETIC_DEMO
2022-05-19,thermal_coal,149.19,USD,per_tonne,SYNTHETIC_DEMO
2022-05-19,iron_ore,105.01,USD,per_tonne,SYNTHETIC_DEMO
2022-05-19,grain,243.61,USD,per_tonne,SYNTHETIC_DEMO
2022-05-20,thermal_coal,148.55,USD,per_tonne,SYNTHETIC_DEMO
2022-05-20,iron_ore,103.85,USD,per_tonne,SYNTHETIC_DEMO
2022-05-20,grain,246.66,USD,per_tonne,SYNTHETIC_DEMO
2022-05-21,thermal_coal,149.61,USD,per_tonne,SYNTHETIC_DEMO
2022-05-21,iron_ore,104.31,USD,per_tonne,SYNTHETIC_DEMO
2022-05-21,grain,243.17,USD,per_tonne,SYNTHETIC_DEMO
2022-05-22,thermal_coal,149.17,USD,per_tonne,SYNTHETIC_DEMO
2022-05-22,iron_ore,104.13,USD,per_tonne,SYNTHETIC_DEMO
2022-05-22,grain,238.74,USD,per_tonne,SYNTHETIC_DEMO
2022-05-23,thermal_coal,149.3,USD,per_tonne,SYNTHETIC_DEMO
2022-05-23,iron_ore,105.16,USD,per_tonne,SYNTHETIC_DEMO
2022-05-23,grain,244.3,USD,per_tonne,SYNTHETIC_DEMO
2022-05-24,thermal_coal,147.41,USD,per_tonne,SYNTHETIC_DEMO
2022-05-24,iron_ore,105.5,USD,per_tonne,SYNTHETIC_DEMO
2022-05-24,grain,238.12,USD,per_tonne,SYNTHETIC_DEMO
2022-05-25,thermal_coal,148.21,USD,per_tonne,SYNTHETIC_DEMO
2022-05-25,iron_ore,105.39,USD,per_tonne,SYNTHETIC_DEMO
2022-05-25,grain,243.57,USD,per_tonne,SYNTHETIC_DEMO
2022-05-26,thermal_coal,147.81,USD,per_tonne,SYNTHETIC_DEMO
2022-05-26,iron_ore,105.96,USD,per_tonne,SYNTHETIC_DEMO
2022-05-26,grain,242.79,USD,per_tonne,SYNTHETIC_DEMO
2022-05-27,thermal_coal,148.32,USD,per_tonne,SYNTHETIC_DEMO
2022-05-27,iron_ore,104.87,USD,per_tonne,SYNTHETIC_DEMO
2022-05-27,grain,242.76,USD,per_tonne,SYNTHETIC_DEMO
2022-05-28,thermal_coal,148.83,USD,per_tonne,SYNTHETIC_DEMO
2022-05-28,iron_ore,103.61,USD,per_tonne,SYNTHETIC_DEMO
2022-05-28,grain,241.83,USD,per_tonne,SYNTHETIC_DEMO
2022-05-29,thermal_coal,148.87,USD,per_tonne,SYNTHETIC_DEMO
2022-05-29,iron_ore,104.3,USD,per_tonne,SYNTHETIC_DEMO
2022-05-29,grain,243.41,USD,per_tonne,SYNTHETIC_DEMO
2022-05-30,thermal_coal,148.76,USD,per_tonne,SYNTHETIC_DEMO
2022-05-30,iron_ore,104.05,USD,per_tonne,SYNTHETIC_DEMO
2022-05-30,grain,243.99,USD,per_tonne,SYNTHETIC_DEMO
2022-05-31,thermal_coal,149.62,USD,per_tonne,SYNTHETIC_DEMO
2022-05-31,iron_ore,103.5,USD,per_tonne,SYNTHETIC_DEMO
2022-05-31,grain,236.55,USD,per_tonne,SYNTHETIC_DEMO
2022-06-01,thermal_coal,148.42,USD,per_tonne,SYNTHETIC_DEMO
2022-06-01,iron_ore,104.15,USD,per_tonne,SYNTHETIC_DEMO
2022-06-01,grain,241.6,USD,per_tonne,SYNTHETIC_DEMO
2022-06-02,thermal_coal,149.81,USD,per_tonne,SYNTHETIC_DEMO
2022-06-02,iron_ore,105.17,USD,per_tonne,SYNTHETIC_DEMO
2022-06-02,grain,239.67,USD,per_tonne,SYNTHETIC_DEMO
2022-06-03,thermal_coal,149.55,USD,per_tonne,SYNTHETIC_DEMO
2022-06-03,iron_ore,104.5,USD,per_tonne,SYNTHETIC_DEMO
2022-06-03,grain,241.25,USD,per_tonne,SYNTHETIC_DEMO
2022-06-04,thermal_coal,150.32,USD,per_tonne,SYNTHETIC_DEMO
2022-06-04,iron_ore,104.28,USD,per_tonne,SYNTHETIC_DEMO
2022-06-04,grain,239.74,USD,per_tonne,SYNTHETIC_DEMO
2022-06-05,thermal_coal,150.15,USD,per_tonne,SYNTHETIC_DEMO
2022-06-05,iron_ore,104.91,USD,per_tonne,SYNTHETIC_DEMO
2022-06-05,grain,237.44,USD,per_tonne,SYNTHETIC_DEMO
2022-06-06,thermal_coal,150.23,USD,per_tonne,SYNTHETIC_DEMO
2022-06-06,iron_ore,104.54,USD,per_tonne,SYNTHETIC_DEMO
2022-06-06,grain,240.33,USD,per_tonne,SYNTHETIC_DEMO
2022-06-07,thermal_coal,149.26,USD,per_tonne,SYNTHETIC_DEMO
2022-06-07,iron_ore,103.98,USD,per_tonne,SYNTHETIC_DEMO
2022-06-07,grain,239.45,USD,per_tonne,SYNTHETIC_DEMO
2022-06-08,thermal_coal,148.43,USD,per_tonne,SYNTHETIC_DEMO
2022-06-08,iron_ore,102.9,USD,per_tonne,SYNTHETIC_DEMO
2022-06-08,grain,236.42,USD,per_tonne,SYNTHETIC_DEMO
2022-06-09,thermal_coal,148.24,USD,per_tonne,SYNTHETIC_DEMO
2022-06-09,iron_ore,102.57,USD,per_tonne,SYNTHETIC_DEMO
2022-06-09,grain,240.29,USD,per_tonne,SYNTHETIC_DEMO
2022-06-10,thermal_coal,150.21,USD,per_tonne,SYNTHETIC_DEMO
2022-06-10,iron_ore,102.7,USD,per_tonne,SYNTHETIC_DEMO
2022-06-10,grain,240.76,USD,per_tonne,SYNTHETIC_DEMO
2022-06-11,thermal_coal,149.16,USD,per_tonne,SYNTHETIC_DEMO
2022-06-11,iron_ore,101.45,USD,per_tonne,SYNTHETIC_DEMO
2022-06-11,grain,241.44,USD,per_tonne,SYNTHETIC_DEMO
2022-06-12,thermal_coal,148.9,USD,per_tonne,SYNTHETIC_DEMO
2022-06-12,iron_ore,100.97,USD,per_tonne,SYNTHETIC_DEMO
2022-06-12,grain,237.55,USD,per_tonne,SYNTHETIC_DEMO
2022-06-13,thermal_coal,149.68,USD,per_tonne,SYNTHETIC_DEMO
2022-06-13,iron_ore,101.62,USD,per_tonne,SYNTHETIC_DEMO
2022-06-13,grain,238.09,USD,per_tonne,SYNTHETIC_DEMO
2022-06-14,thermal_coal,149.53,USD,per_tonne,SYNTHETIC_DEMO
2022-06-14,iron_ore,101.34,USD,per_tonne,SYNTHETIC_DEMO
2022-06-14,grain,238.08,USD,per_tonne,SYNTHETIC_DEMO
2022-06-15,thermal_coal,148.48,USD,per_tonne,SYNTHETIC_DEMO
2022-06-15,iron_ore,102.32,USD,per_tonne,SYNTHETIC_DEMO
2022-06-15,grain,238.64,USD,per_tonne,SYNTHETIC_DEMO
2022-06-16,thermal_coal,148.29,USD,per_tonne,SYNTHETIC_DEMO
2022-06-16,iron_ore,102.4,USD,per_tonne,SYNTHETIC_DEMO
2022-06-16,grain,238.57,USD,per_tonne,SYNTHETIC_DEMO
2022-06-17,thermal_coal,147.57,USD,per_tonne,SYNTHETIC_DEMO
2022-06-17,iron_ore,104.21,USD,per_tonne,SYNTHETIC_DEMO
2022-06-17,grain,239.29,USD,per_tonne,SYNTHETIC_DEMO
2022-06-18,thermal_coal,147.49,USD,per_tonne,SYNTHETIC_DEMO
2022-06-18,iron_ore,103.68,USD,per_tonne,SYNTHETIC_DEMO
2022-06-18,grain,235.4,USD,per_tonne,SYNTHETIC_DEMO
2022-06-19,thermal_coal,146.88,USD,per_tonne,SYNTHETIC_DEMO
2022-06-19,iron_ore,104.81,USD,per_tonne,SYNTHETIC_DEMO
2022-06-19,grain,238.22,USD,per_tonne,SYNTHETIC_DEMO
2022-06-20,thermal_coal,147.77,USD,per_tonne,SYNTHETIC_DEMO
2022-06-20,iron_ore,104.84,USD,per_tonne,SYNTHETIC_DEMO
2022-06-20,grain,237.44,USD,per_tonne,SYNTHETIC_DEMO
2022-06-21,thermal_coal,148.03,USD,per_tonne,SYNTHETIC_DEMO
2022-06-21,iron_ore,104.54,USD,per_tonne,SYNTHETIC_DEMO
2022-06-21,grain,240.53,USD,per_tonne,SYNTHETIC_DEMO
2022-06-22,thermal_coal,148.35,USD,per_tonne,SYNTHETIC_DEMO
2022-06-22,iron_ore,104.8,USD,per_tonne,SYNTHETIC_DEMO
2022-06-22,grain,234.51,USD,per_tonne,SYNTHETIC_DEMO
2022-06-23,thermal_coal,147.53,USD,per_tonne,SYNTHETIC_DEMO
2022-06-23,iron_ore,104.19,USD,per_tonne,SYNTHETIC_DEMO
2022-06-23,grain,235.13,USD,per_tonne,SYNTHETIC_DEMO
2022-06-24,thermal_coal,146.09,USD,per_tonne,SYNTHETIC_DEMO
2022-06-24,iron_ore,104.38,USD,per_tonne,SYNTHETIC_DEMO
2022-06-24,grain,239.49,USD,per_tonne,SYNTHETIC_DEMO
2022-06-25,thermal_coal,144.01,USD,per_tonne,SYNTHETIC_DEMO
2022-06-25,iron_ore,104.62,USD,per_tonne,SYNTHETIC_DEMO
2022-06-25,grain,235.21,USD,per_tonne,SYNTHETIC_DEMO
2022-06-26,thermal_coal,142.98,USD,per_tonne,SYNTHETIC_DEMO
2022-06-26,iron_ore,105.55,USD,per_tonne,SYNTHETIC_DEMO
2022-06-26,grain,238.75,USD,per_tonne,SYNTHETIC_DEMO
2022-06-27,thermal_coal,143.17,USD,per_tonne,SYNTHETIC_DEMO
2022-06-27,iron_ore,106.27,USD,per_tonne,SYNTHETIC_DEMO
2022-06-27,grain,236.23,USD,per_tonne,SYNTHETIC_DEMO
2022-06-28,thermal_coal,142.85,USD,per_tonne,SYNTHETIC_DEMO
2022-06-28,iron_ore,107.28,USD,per_tonne,SYNTHETIC_DEMO
2022-06-28,grain,232.82,USD,per_tonne,SYNTHETIC_DEMO
2022-06-29,thermal_coal,142.24,USD,per_tonne,SYNTHETIC_DEMO
2022-06-29,iron_ore,106.97,USD,per_tonne,SYNTHETIC_DEMO
2022-06-29,grain,238.8,USD,per_tonne,SYNTHETIC_DEMO
2022-06-30,thermal_coal,141.98,USD,per_tonne,SYNTHETIC_DEMO
2022-06-30,iron_ore,107.43,USD,per_tonne,SYNTHETIC_DEMO
2022-06-30,grain,234.31,USD,per_tonne,SYNTHETIC_DEMO
2022-07-01,thermal_coal,141.39,USD,per_tonne,SYNTHETIC_DEMO
2022-07-01,iron_ore,106.74,USD,per_tonne,SYNTHETIC_DEMO
2022-07-01,grain,236.98,USD,per_tonne,SYNTHETIC_DEMO
2022-07-02,thermal_coal,142.5,USD,per_tonne,SYNTHETIC_DEMO
2022-07-02,iron_ore,106.63,USD,per_tonne,SYNTHETIC_DEMO
2022-07-02,grain,235.56,USD,per_tonne,SYNTHETIC_DEMO
2022-07-03,thermal_coal,142.53,USD,per_tonne,SYNTHETIC_DEMO
2022-07-03,iron_ore,107.29,USD,per_tonne,SYNTHETIC_DEMO
2022-07-03,grain,233.46,USD,per_tonne,SYNTHETIC_DEMO
2022-07-04,thermal_coal,141.87,USD,per_tonne,SYNTHETIC_DEMO
2022-07-04,iron_ore,106.88,USD,per_tonne,SYNTHETIC_DEMO
2022-07-04,grain,235.65,USD,per_tonne,SYNTHETIC_DEMO
2022-07-05,thermal_coal,140.87,USD,per_tonne,SYNTHETIC_DEMO
2022-07-05,iron_ore,107.37,USD,per_tonne,SYNTHETIC_DEMO
2022-07-05,grain,238.1,USD,per_tonne,SYNTHETIC_DEMO
2022-07-06,thermal_coal,141.93,USD,per_tonne,SYNTHETIC_DEMO
2022-07-06,iron_ore,107.2,USD,per_tonne,SYNTHETIC_DEMO
2022-07-06,grain,235.89,USD,per_tonne,SYNTHETIC_DEMO
2022-07-07,thermal_coal,142.74,USD,per_tonne,SYNTHETIC_DEMO
2022-07-07,iron_ore,106.98,USD,per_tonne,SYNTHETIC_DEMO
2022-07-07,grain,235.2,USD,per_tonne,SYNTHETIC_DEMO
2022-07-08,thermal_coal,141.51,USD,per_tonne,SYNTHETIC_DEMO
2022-07-08,iron_ore,106.92,USD,per_tonne,SYNTHETIC_DEMO
2022-07-08,grain,235.28,USD,per_tonne,SYNTHETIC_DEMO
2022-07-09,thermal_coal,142.13,USD,per_tonne,SYNTHETIC_DEMO
2022-07-09,iron_ore,106.5,USD,per_tonne,SYNTHETIC_DEMO
2022-07-09,grain,235.92,USD,per_tonne,SYNTHETIC_DEMO
2022-07-10,thermal_coal,143.46,USD,per_tonne,SYNTHETIC_DEMO
2022-07-10,iron_ore,106.3,USD,per_tonne,SYNTHETIC_DEMO
2022-07-10,grain,237.11,USD,per_tonne,SYNTHETIC_DEMO
2022-07-11,thermal_coal,143.24,USD,per_tonne,SYNTHETIC_DEMO
2022-07-11,iron_ore,105.32,USD,per_tonne,SYNTHETIC_DEMO
2022-07-11,grain,234.24,USD,per_tonne,SYNTHETIC_DEMO
2022-07-12,thermal_coal,142.54,USD,per_tonne,SYNTHETIC_DEMO
2022-07-12,iron_ore,105.58,USD,per_tonne,SYNTHETIC_DEMO
2022-07-12,grain,237.9,USD,per_tonne,SYNTHETIC_DEMO
2022-07-13,thermal_coal,143.25,USD,per_tonne,SYNTHETIC_DEMO
2022-07-13,iron_ore,106.33,USD,per_tonne,SYNTHETIC_DEMO
2022-07-13,grain,234.44,USD,per_tonne,SYNTHETIC_DEMO
2022-07-14,thermal_coal,142.37,USD,per_tonne,SYNTHETIC_DEMO
2022-07-14,iron_ore,105.18,USD,per_tonne,SYNTHETIC_DEMO
2022-07-14,grain,238.83,USD,per_tonne,SYNTHETIC_DEMO
2022-07-15,thermal_coal,140.25,USD,per_tonne,SYNTHETIC_DEMO
2022-07-15,iron_ore,106.3,USD,per_tonne,SYNTHETIC_DEMO
2022-07-15,grain,233.24,USD,per_tonne,SYNTHETIC_DEMO
2022-07-16,thermal_coal,139.27,USD,per_tonne,SYNTHETIC_DEMO
2022-07-16,iron_ore,106.68,USD,per_tonne,SYNTHETIC_DEMO
2022-07-16,grain,237.1,USD,per_tonne,SYNTHETIC_DEMO
2022-07-17,thermal_coal,138.79,USD,per_tonne,SYNTHETIC_DEMO
2022-07-17,iron_ore,106.33,USD,per_tonne,SYNTHETIC_DEMO
2022-07-17,grain,235.59,USD,per_tonne,SYNTHETIC_DEMO
2022-07-18,thermal_coal,139.26,USD,per_tonne,SYNTHETIC_DEMO
2022-07-18,iron_ore,105.74,USD,per_tonne,SYNTHETIC_DEMO
2022-07-18,grain,233.76,USD,per_tonne,SYNTHETIC_DEMO
2022-07-19,thermal_coal,138.68,USD,per_tonne,SYNTHETIC_DEMO
2022-07-19,iron_ore,106.64,USD,per_tonne,SYNTHETIC_DEMO
2022-07-19,grain,232.95,USD,per_tonne,SYNTHETIC_DEMO
2022-07-20,thermal_coal,137.44,USD,per_tonne,SYNTHETIC_DEMO
2022-07-20,iron_ore,106.19,USD,per_tonne,SYNTHETIC_DEMO
2022-07-20,grain,234.84,USD,per_tonne,SYNTHETIC_DEMO
2022-07-21,thermal_coal,138.33,USD,per_tonne,SYNTHETIC_DEMO
2022-07-21,iron_ore,107.33,USD,per_tonne,SYNTHETIC_DEMO
2022-07-21,grain,232.73,USD,per_tonne,SYNTHETIC_DEMO
2022-07-22,thermal_coal,138.06,USD,per_tonne,SYNTHETIC_DEMO
2022-07-22,iron_ore,107.57,USD,per_tonne,SYNTHETIC_DEMO
2022-07-22,grain,234.4,USD,per_tonne,SYNTHETIC_DEMO
2022-07-23,thermal_coal,137.62,USD,per_tonne,SYNTHETIC_DEMO
2022-07-23,iron_ore,107.61,USD,per_tonne,SYNTHETIC_DEMO
2022-07-23,grain,234.99,USD,per_tonne,SYNTHETIC_DEMO
2022-07-24,thermal_coal,136.87,USD,per_tonne,SYNTHETIC_DEMO
2022-07-24,iron_ore,107.65,USD,per_tonne,SYNTHETIC_DEMO
2022-07-24,grain,238.04,USD,per_tonne,SYNTHETIC_DEMO
2022-07-25,thermal_coal,137.18,USD,per_tonne,SYNTHETIC_DEMO
2022-07-25,iron_ore,107.05,USD,per_tonne,SYNTHETIC_DEMO
2022-07-25,grain,234.23,USD,per_tonne,SYNTHETIC_DEMO
2022-07-26,thermal_coal,136.16,USD,per_tonne,SYNTHETIC_DEMO
2022-07-26,iron_ore,107.01,USD,per_tonne,SYNTHETIC_DEMO
2022-07-26,grain,234.88,USD,per_tonne,SYNTHETIC_DEMO
2022-07-27,thermal_coal,135.53,USD,per_tonne,SYNTHETIC_DEMO
2022-07-27,iron_ore,107.94,USD,per_tonne,SYNTHETIC_DEMO
2022-07-27,grain,233.48,USD,per_tonne,SYNTHETIC_DEMO
2022-07-28,thermal_coal,134.4,USD,per_tonne,SYNTHETIC_DEMO
2022-07-28,iron_ore,107.03,USD,per_tonne,SYNTHETIC_DEMO
2022-07-28,grain,235.41,USD,per_tonne,SYNTHETIC_DEMO
2022-07-29,thermal_coal,133.95,USD,per_tonne,SYNTHETIC_DEMO
2022-07-29,iron_ore,107.71,USD,per_tonne,SYNTHETIC_DEMO
2022-07-29,grain,235.37,USD,per_tonne,SYNTHETIC_DEMO
2022-07-30,thermal_coal,133.66,USD,per_tonne,SYNTHETIC_DEMO
2022-07-30,iron_ore,108.04,USD,per_tonne,SYNTHETIC_DEMO
2022-07-30,grain,235.2,USD,per_tonne,SYNTHETIC_DEMO
2022-07-31,thermal_coal,134.18,USD,per_tonne,SYNTHETIC_DEMO
2022-07-31,iron_ore,107.41,USD,per_tonne,SYNTHETIC_DEMO
2022-07-31,grain,233.59,USD,per_tonne,SYNTHETIC_DEMO
2022-08-01,thermal_coal,132.66,USD,per_tonne,SYNTHETIC_DEMO
2022-08-01,iron_ore,107.76,USD,per_tonne,SYNTHETIC_DEMO
2022-08-01,grain,235.86,USD,per_tonne,SYNTHETIC_DEMO
2022-08-02,thermal_coal,132.0,USD,per_tonne,SYNTHETIC_DEMO
2022-08-02,iron_ore,107.87,USD,per_tonne,SYNTHETIC_DEMO
2022-08-02,grain,234.34,USD,per_tonne,SYNTHETIC_DEMO
2022-08-03,thermal_coal,131.35,USD,per_tonne,SYNTHETIC_DEMO
2022-08-03,iron_ore,107.81,USD,per_tonne,SYNTHETIC_DEMO
2022-08-03,grain,235.21,USD,per_tonne,SYNTHETIC_DEMO
2022-08-04,thermal_coal,132.4,USD,per_tonne,SYNTHETIC_DEMO
2022-08-04,iron_ore,108.94,USD,per_tonne,SYNTHETIC_DEMO
2022-08-04,grain,236.81,USD,per_tonne,SYNTHETIC_DEMO
2022-08-05,thermal_coal,132.11,USD,per_tonne,SYNTHETIC_DEMO
2022-08-05,iron_ore,108.92,USD,per_tonne,SYNTHETIC_DEMO
2022-08-05,grain,234.29,USD,per_tonne,SYNTHETIC_DEMO
2022-08-06,thermal_coal,132.93,USD,per_tonne,SYNTHETIC_DEMO
2022-08-06,iron_ore,108.9,USD,per_tonne,SYNTHETIC_DEMO
2022-08-06,grain,233.73,USD,per_tonne,SYNTHETIC_DEMO
2022-08-07,thermal_coal,133.19,USD,per_tonne,SYNTHETIC_DEMO
2022-08-07,iron_ore,109.25,USD,per_tonne,SYNTHETIC_DEMO
2022-08-07,grain,232.75,USD,per_tonne,SYNTHETIC_DEMO
2022-08-08,thermal_coal,133.03,USD,per_tonne,SYNTHETIC_DEMO
2022-08-08,iron_ore,110.39,USD,per_tonne,SYNTHETIC_DEMO
2022-08-08,grain,233.5,USD,per_tonne,SYNTHETIC_DEMO
2022-08-09,thermal_coal,131.51,USD,per_tonne,SYNTHETIC_DEMO
2022-08-09,iron_ore,110.42,USD,per_tonne,SYNTHETIC_DEMO
2022-08-09,grain,237.98,USD,per_tonne,SYNTHETIC_DEMO
2022-08-10,thermal_coal,130.66,USD,per_tonne,SYNTHETIC_DEMO
2022-08-10,iron_ore,109.83,USD,per_tonne,SYNTHETIC_DEMO
2022-08-10,grain,235.87,USD,per_tonne,SYNTHETIC_DEMO
2022-08-11,thermal_coal,131.43,USD,per_tonne,SYNTHETIC_DEMO
2022-08-11,iron_ore,109.01,USD,per_tonne,SYNTHETIC_DEMO
2022-08-11,grain,237.48,USD,per_tonne,SYNTHETIC_DEMO
2022-08-12,thermal_coal,131.6,USD,per_tonne,SYNTHETIC_DEMO
2022-08-12,iron_ore,109.4,USD,per_tonne,SYNTHETIC_DEMO
2022-08-12,grain,233.94,USD,per_tonne,SYNTHETIC_DEMO
2022-08-13,thermal_coal,131.4,USD,per_tonne,SYNTHETIC_DEMO
2022-08-13,iron_ore,109.27,USD,per_tonne,SYNTHETIC_DEMO
2022-08-13,grain,232.08,USD,per_tonne,SYNTHETIC_DEMO
2022-08-14,thermal_coal,130.36,USD,per_tonne,SYNTHETIC_DEMO
2022-08-14,iron_ore,108.51,USD,per_tonne,SYNTHETIC_DEMO
2022-08-14,grain,236.62,USD,per_tonne,SYNTHETIC_DEMO
2022-08-15,thermal_coal,128.7,USD,per_tonne,SYNTHETIC_DEMO
2022-08-15,iron_ore,107.44,USD,per_tonne,SYNTHETIC_DEMO
2022-08-15,grain,237.18,USD,per_tonne,SYNTHETIC_DEMO
2022-08-16,thermal_coal,129.8,USD,per_tonne,SYNTHETIC_DEMO
2022-08-16,iron_ore,107.75,USD,per_tonne,SYNTHETIC_DEMO
2022-08-16,grain,235.37,USD,per_tonne,SYNTHETIC_DEMO
2022-08-17,thermal_coal,129.17,USD,per_tonne,SYNTHETIC_DEMO
2022-08-17,iron_ore,107.01,USD,per_tonne,SYNTHETIC_DEMO
2022-08-17,grain,235.45,USD,per_tonne,SYNTHETIC_DEMO
2022-08-18,thermal_coal,128.74,USD,per_tonne,SYNTHETIC_DEMO
2022-08-18,iron_ore,107.97,USD,per_tonne,SYNTHETIC_DEMO
2022-08-18,grain,236.36,USD,per_tonne,SYNTHETIC_DEMO
2022-08-19,thermal_coal,127.92,USD,per_tonne,SYNTHETIC_DEMO
2022-08-19,iron_ore,107.91,USD,per_tonne,SYNTHETIC_DEMO
2022-08-19,grain,239.09,USD,per_tonne,SYNTHETIC_DEMO
2022-08-20,thermal_coal,127.13,USD,per_tonne,SYNTHETIC_DEMO
2022-08-20,iron_ore,107.18,USD,per_tonne,SYNTHETIC_DEMO
2022-08-20,grain,238.07,USD,per_tonne,SYNTHETIC_DEMO
2022-08-21,thermal_coal,127.28,USD,per_tonne,SYNTHETIC_DEMO
2022-08-21,iron_ore,106.73,USD,per_tonne,SYNTHETIC_DEMO
2022-08-21,grain,236.84,USD,per_tonne,SYNTHETIC_DEMO
2022-08-22,thermal_coal,125.9,USD,per_tonne,SYNTHETIC_DEMO
2022-08-22,iron_ore,108.05,USD,per_tonne,SYNTHETIC_DEMO
2022-08-22,grain,236.27,USD,per_tonne,SYNTHETIC_DEMO
2022-08-23,thermal_coal,126.35,USD,per_tonne,SYNTHETIC_DEMO
2022-08-23,iron_ore,107.97,USD,per_tonne,SYNTHETIC_DEMO
2022-08-23,grain,233.72,USD,per_tonne,SYNTHETIC_DEMO
2022-08-24,thermal_coal,126.55,USD,per_tonne,SYNTHETIC_DEMO
2022-08-24,iron_ore,107.01,USD,per_tonne,SYNTHETIC_DEMO
2022-08-24,grain,235.21,USD,per_tonne,SYNTHETIC_DEMO
2022-08-25,thermal_coal,125.85,USD,per_tonne,SYNTHETIC_DEMO
2022-08-25,iron_ore,107.98,USD,per_tonne,SYNTHETIC_DEMO
2022-08-25,grain,239.61,USD,per_tonne,SYNTHETIC_DEMO
2022-08-26,thermal_coal,125.35,USD,per_tonne,SYNTHETIC_DEMO
2022-08-26,iron_ore,107.93,USD,per_tonne,SYNTHETIC_DEMO
2022-08-26,grain,238.09,USD,per_tonne,SYNTHETIC_DEMO
2022-08-27,thermal_coal,126.22,USD,per_tonne,SYNTHETIC_DEMO
2022-08-27,iron_ore,108.18,USD,per_tonne,SYNTHETIC_DEMO
2022-08-27,grain,235.57,USD,per_tonne,SYNTHETIC_DEMO
2022-08-28,thermal_coal,126.27,USD,per_tonne,SYNTHETIC_DEMO
2022-08-28,iron_ore,108.0,USD,per_tonne,SYNTHETIC_DEMO
2022-08-28,grain,238.08,USD,per_tonne,SYNTHETIC_DEMO
2022-08-29,thermal_coal,126.28,USD,per_tonne,SYNTHETIC_DEMO
2022-08-29,iron_ore,107.77,USD,per_tonne,SYNTHETIC_DEMO
2022-08-29,grain,236.96,USD,per_tonne,SYNTHETIC_DEMO
2022-08-30,thermal_coal,125.6,USD,per_tonne,SYNTHETIC_DEMO
2022-08-30,iron_ore,106.99,USD,per_tonne,SYNTHETIC_DEMO
2022-08-30,grain,240.86,USD,per_tonne,SYNTHETIC_DEMO
2022-08-31,thermal_coal,124.69,USD,per_tonne,SYNTHETIC_DEMO
2022-08-31,iron_ore,107.05,USD,per_tonne,SYNTHETIC_DEMO
2022-08-31,grain,234.99,USD,per_tonne,SYNTHETIC_DEMO
2022-09-01,thermal_coal,124.71,USD,per_tonne,SYNTHETIC_DEMO
2022-09-01,iron_ore,107.7,USD,per_tonne,SYNTHETIC_DEMO
2022-09-01,grain,238.31,USD,per_tonne,SYNTHETIC_DEMO
2022-09-02,thermal_coal,124.57,USD,per_tonne,SYNTHETIC_DEMO
2022-09-02,iron_ore,107.11,USD,per_tonne,SYNTHETIC_DEMO
2022-09-02,grain,241.27,USD,per_tonne,SYNTHETIC_DEMO
2022-09-03,thermal_coal,124.62,USD,per_tonne,SYNTHETIC_DEMO
2022-09-03,iron_ore,106.5,USD,per_tonne,SYNTHETIC_DEMO
2022-09-03,grain,236.25,USD,per_tonne,SYNTHETIC_DEMO
2022-09-04,thermal_coal,125.61,USD,per_tonne,SYNTHETIC_DEMO
2022-09-04,iron_ore,106.58,USD,per_tonne,SYNTHETIC_DEMO
2022-09-04,grain,235.81,USD,per_tonne,SYNTHETIC_DEMO
2022-09-05,thermal_coal,125.61,USD,per_tonne,SYNTHETIC_DEMO
2022-09-05,iron_ore,107.0,USD,per_tonne,SYNTHETIC_DEMO
2022-09-05,grain,236.49,USD,per_tonne,SYNTHETIC_DEMO
2022-09-06,thermal_coal,124.48,USD,per_tonne,SYNTHETIC_DEMO
2022-09-06,iron_ore,107.25,USD,per_tonne,SYNTHETIC_DEMO
2022-09-06,grain,240.28,USD,per_tonne,SYNTHETIC_DEMO
2022-09-07,thermal_coal,124.43,USD,per_tonne,SYNTHETIC_DEMO
2022-09-07,iron_ore,106.58,USD,per_tonne,SYNTHETIC_DEMO
2022-09-07,grain,241.57,USD,per_tonne,SYNTHETIC_DEMO
2022-09-08,thermal_coal,124.03,USD,per_tonne,SYNTHETIC_DEMO
2022-09-08,iron_ore,106.63,USD,per_tonne,SYNTHETIC_DEMO
2022-09-08,grain,238.9,USD,per_tonne,SYNTHETIC_DEMO
2022-09-09,thermal_coal,123.96,USD,per_tonne,SYNTHETIC_DEMO
2022-09-09,iron_ore,106.32,USD,per_tonne,SYNTHETIC_DEMO
2022-09-09,grain,239.23,USD,per_tonne,SYNTHETIC_DEMO
2022-09-10,thermal_coal,123.65,USD,per_tonne,SYNTHETIC_DEMO
2022-09-10,iron_ore,107.72,USD,per_tonne,SYNTHETIC_DEMO
2022-09-10,grain,239.88,USD,per_tonne,SYNTHETIC_DEMO
2022-09-11,thermal_coal,124.95,USD,per_tonne,SYNTHETIC_DEMO
2022-09-11,iron_ore,107.12,USD,per_tonne,SYNTHETIC_DEMO
2022-09-11,grain,239.73,USD,per_tonne,SYNTHETIC_DEMO
2022-09-12,thermal_coal,124.24,USD,per_tonne,SYNTHETIC_DEMO
2022-09-12,iron_ore,106.81,USD,per_tonne,SYNTHETIC_DEMO
2022-09-12,grain,239.39,USD,per_tonne,SYNTHETIC_DEMO
2022-09-13,thermal_coal,124.44,USD,per_tonne,SYNTHETIC_DEMO
2022-09-13,iron_ore,107.08,USD,per_tonne,SYNTHETIC_DEMO
2022-09-13,grain,240.23,USD,per_tonne,SYNTHETIC_DEMO
2022-09-14,thermal_coal,124.03,USD,per_tonne,SYNTHETIC_DEMO
2022-09-14,iron_ore,107.68,USD,per_tonne,SYNTHETIC_DEMO
2022-09-14,grain,241.61,USD,per_tonne,SYNTHETIC_DEMO
2022-09-15,thermal_coal,123.38,USD,per_tonne,SYNTHETIC_DEMO
2022-09-15,iron_ore,106.9,USD,per_tonne,SYNTHETIC_DEMO
2022-09-15,grain,238.06,USD,per_tonne,SYNTHETIC_DEMO
2022-09-16,thermal_coal,124.71,USD,per_tonne,SYNTHETIC_DEMO
2022-09-16,iron_ore,106.34,USD,per_tonne,SYNTHETIC_DEMO
2022-09-16,grain,240.64,USD,per_tonne,SYNTHETIC_DEMO
2022-09-17,thermal_coal,125.46,USD,per_tonne,SYNTHETIC_DEMO
2022-09-17,iron_ore,106.26,USD,per_tonne,SYNTHETIC_DEMO
2022-09-17,grain,241.01,USD,per_tonne,SYNTHETIC_DEMO
2022-09-18,thermal_coal,125.09,USD,per_tonne,SYNTHETIC_DEMO
2022-09-18,iron_ore,106.18,USD,per_tonne,SYNTHETIC_DEMO
2022-09-18,grain,243.21,USD,per_tonne,SYNTHETIC_DEMO
2022-09-19,thermal_coal,124.1,USD,per_tonne,SYNTHETIC_DEMO
2022-09-19,iron_ore,106.59,USD,per_tonne,SYNTHETIC_DEMO
2022-09-19,grain,244.32,USD,per_tonne,SYNTHETIC_DEMO
2022-09-20,thermal_coal,124.65,USD,per_tonne,SYNTHETIC_DEMO
2022-09-20,iron_ore,107.54,USD,per_tonne,SYNTHETIC_DEMO
2022-09-20,grain,243.12,USD,per_tonne,SYNTHETIC_DEMO
2022-09-21,thermal_coal,125.1,USD,per_tonne,SYNTHETIC_DEMO
2022-09-21,iron_ore,107.23,USD,per_tonne,SYNTHETIC_DEMO
2022-09-21,grain,244.35,USD,per_tonne,SYNTHETIC_DEMO
2022-09-22,thermal_coal,124.62,USD,per_tonne,SYNTHETIC_DEMO
2022-09-22,iron_ore,107.67,USD,per_tonne,SYNTHETIC_DEMO
2022-09-22,grain,240.36,USD,per_tonne,SYNTHETIC_DEMO
2022-09-23,thermal_coal,123.42,USD,per_tonne,SYNTHETIC_DEMO
2022-09-23,iron_ore,108.0,USD,per_tonne,SYNTHETIC_DEMO
2022-09-23,grain,244.5,USD,per_tonne,SYNTHETIC_DEMO
2022-09-24,thermal_coal,124.39,USD,per_tonne,SYNTHETIC_DEMO
2022-09-24,iron_ore,108.83,USD,per_tonne,SYNTHETIC_DEMO
2022-09-24,grain,244.38,USD,per_tonne,SYNTHETIC_DEMO
2022-09-25,thermal_coal,123.67,USD,per_tonne,SYNTHETIC_DEMO
2022-09-25,iron_ore,109.99,USD,per_tonne,SYNTHETIC_DEMO
2022-09-25,grain,240.76,USD,per_tonne,SYNTHETIC_DEMO
2022-09-26,thermal_coal,124.23,USD,per_tonne,SYNTHETIC_DEMO
2022-09-26,iron_ore,110.28,USD,per_tonne,SYNTHETIC_DEMO
2022-09-26,grain,241.29,USD,per_tonne,SYNTHETIC_DEMO
2022-09-27,thermal_coal,125.04,USD,per_tonne,SYNTHETIC_DEMO
2022-09-27,iron_ore,109.4,USD,per_tonne,SYNTHETIC_DEMO
2022-09-27,grain,244.62,USD,per_tonne,SYNTHETIC_DEMO
2022-09-28,thermal_coal,125.54,USD,per_tonne,SYNTHETIC_DEMO
2022-09-28,iron_ore,109.72,USD,per_tonne,SYNTHETIC_DEMO
2022-09-28,grain,243.33,USD,per_tonne,SYNTHETIC_DEMO
2022-09-29,thermal_coal,125.21,USD,per_tonne,SYNTHETIC_DEMO
2022-09-29,iron_ore,108.73,USD,per_tonne,SYNTHETIC_DEMO
2022-09-29,grain,242.48,USD,per_tonne,SYNTHETIC_DEMO
2022-09-30,thermal_coal,126.16,USD,per_tonne,SYNTHETIC_DEMO
2022-09-30,iron_ore,108.45,USD,per_tonne,SYNTHETIC_DEMO
2022-09-30,grain,246.22,USD,per_tonne,SYNTHETIC_DEMO
2022-10-01,thermal_coal,126.04,USD,per_tonne,SYNTHETIC_DEMO
2022-10-01,iron_ore,109.46,USD,per_tonne,SYNTHETIC_DEMO
2022-10-01,grain,243.74,USD,per_tonne,SYNTHETIC_DEMO
2022-10-02,thermal_coal,125.21,USD,per_tonne,SYNTHETIC_DEMO
2022-10-02,iron_ore,109.36,USD,per_tonne,SYNTHETIC_DEMO
2022-10-02,grain,245.83,USD,per_tonne,SYNTHETIC_DEMO
2022-10-03,thermal_coal,124.71,USD,per_tonne,SYNTHETIC_DEMO
2022-10-03,iron_ore,108.91,USD,per_tonne,SYNTHETIC_DEMO
2022-10-03,grain,246.98,USD,per_tonne,SYNTHETIC_DEMO
2022-10-04,thermal_coal,124.16,USD,per_tonne,SYNTHETIC_DEMO
2022-10-04,iron_ore,109.29,USD,per_tonne,SYNTHETIC_DEMO
2022-10-04,grain,243.85,USD,per_tonne,SYNTHETIC_DEMO
2022-10-05,thermal_coal,124.88,USD,per_tonne,SYNTHETIC_DEMO
2022-10-05,iron_ore,109.38,USD,per_tonne,SYNTHETIC_DEMO
2022-10-05,grain,245.61,USD,per_tonne,SYNTHETIC_DEMO
2022-10-06,thermal_coal,125.59,USD,per_tonne,SYNTHETIC_DEMO
2022-10-06,iron_ore,109.07,USD,per_tonne,SYNTHETIC_DEMO
2022-10-06,grain,248.39,USD,per_tonne,SYNTHETIC_DEMO
2022-10-07,thermal_coal,125.42,USD,per_tonne,SYNTHETIC_DEMO
2022-10-07,iron_ore,109.1,USD,per_tonne,SYNTHETIC_DEMO
2022-10-07,grain,242.91,USD,per_tonne,SYNTHETIC_DEMO
2022-10-08,thermal_coal,127.08,USD,per_tonne,SYNTHETIC_DEMO
2022-10-08,iron_ore,108.78,USD,per_tonne,SYNTHETIC_DEMO
2022-10-08,grain,246.52,USD,per_tonne,SYNTHETIC_DEMO
2022-10-09,thermal_coal,125.76,USD,per_tonne,SYNTHETIC_DEMO
2022-10-09,iron_ore,108.62,USD,per_tonne,SYNTHETIC_DEMO
2022-10-09,grain,248.04,USD,per_tonne,SYNTHETIC_DEMO
2022-10-10,thermal_coal,124.78,USD,per_tonne,SYNTHETIC_DEMO
2022-10-10,iron_ore,108.78,USD,per_tonne,SYNTHETIC_DEMO
2022-10-10,grain,245.67,USD,per_tonne,SYNTHETIC_DEMO
2022-10-11,thermal_coal,124.76,USD,per_tonne,SYNTHETIC_DEMO
2022-10-11,iron_ore,108.78,USD,per_tonne,SYNTHETIC_DEMO
2022-10-11,grain,249.55,USD,per_tonne,SYNTHETIC_DEMO
2022-10-12,thermal_coal,124.36,USD,per_tonne,SYNTHETIC_DEMO
2022-10-12,iron_ore,109.7,USD,per_tonne,SYNTHETIC_DEMO
2022-10-12,grain,247.1,USD,per_tonne,SYNTHETIC_DEMO
2022-10-13,thermal_coal,124.44,USD,per_tonne,SYNTHETIC_DEMO
2022-10-13,iron_ore,111.64,USD,per_tonne,SYNTHETIC_DEMO
2022-10-13,grain,250.09,USD,per_tonne,SYNTHETIC_DEMO
2022-10-14,thermal_coal,125.14,USD,per_tonne,SYNTHETIC_DEMO
2022-10-14,iron_ore,112.32,USD,per_tonne,SYNTHETIC_DEMO
2022-10-14,grain,248.01,USD,per_tonne,SYNTHETIC_DEMO
2022-10-15,thermal_coal,127.07,USD,per_tonne,SYNTHETIC_DEMO
2022-10-15,iron_ore,112.15,USD,per_tonne,SYNTHETIC_DEMO
2022-10-15,grain,246.12,USD,per_tonne,SYNTHETIC_DEMO
2022-10-16,thermal_coal,126.87,USD,per_tonne,SYNTHETIC_DEMO
2022-10-16,iron_ore,112.79,USD,per_tonne,SYNTHETIC_DEMO
2022-10-16,grain,248.54,USD,per_tonne,SYNTHETIC_DEMO
2022-10-17,thermal_coal,126.7,USD,per_tonne,SYNTHETIC_DEMO
2022-10-17,iron_ore,113.75,USD,per_tonne,SYNTHETIC_DEMO
2022-10-17,grain,249.02,USD,per_tonne,SYNTHETIC_DEMO
2022-10-18,thermal_coal,126.89,USD,per_tonne,SYNTHETIC_DEMO
2022-10-18,iron_ore,114.71,USD,per_tonne,SYNTHETIC_DEMO
2022-10-18,grain,246.5,USD,per_tonne,SYNTHETIC_DEMO
2022-10-19,thermal_coal,128.39,USD,per_tonne,SYNTHETIC_DEMO
2022-10-19,iron_ore,114.23,USD,per_tonne,SYNTHETIC_DEMO
2022-10-19,grain,252.02,USD,per_tonne,SYNTHETIC_DEMO
2022-10-20,thermal_coal,128.41,USD,per_tonne,SYNTHETIC_DEMO
2022-10-20,iron_ore,114.16,USD,per_tonne,SYNTHETIC_DEMO
2022-10-20,grain,250.95,USD,per_tonne,SYNTHETIC_DEMO
2022-10-21,thermal_coal,128.84,USD,per_tonne,SYNTHETIC_DEMO
2022-10-21,iron_ore,114.03,USD,per_tonne,SYNTHETIC_DEMO
2022-10-21,grain,248.27,USD,per_tonne,SYNTHETIC_DEMO
2022-10-22,thermal_coal,128.94,USD,per_tonne,SYNTHETIC_DEMO
2022-10-22,iron_ore,115.21,USD,per_tonne,SYNTHETIC_DEMO
2022-10-22,grain,249.2,USD,per_tonne,SYNTHETIC_DEMO
2022-10-23,thermal_coal,129.63,USD,per_tonne,SYNTHETIC_DEMO
2022-10-23,iron_ore,114.69,USD,per_tonne,SYNTHETIC_DEMO
2022-10-23,grain,251.14,USD,per_tonne,SYNTHETIC_DEMO
2022-10-24,thermal_coal,130.02,USD,per_tonne,SYNTHETIC_DEMO
2022-10-24,iron_ore,113.79,USD,per_tonne,SYNTHETIC_DEMO
2022-10-24,grain,253.13,USD,per_tonne,SYNTHETIC_DEMO
2022-10-25,thermal_coal,131.39,USD,per_tonne,SYNTHETIC_DEMO
2022-10-25,iron_ore,114.13,USD,per_tonne,SYNTHETIC_DEMO
2022-10-25,grain,250.52,USD,per_tonne,SYNTHETIC_DEMO
2022-10-26,thermal_coal,132.5,USD,per_tonne,SYNTHETIC_DEMO
2022-10-26,iron_ore,115.55,USD,per_tonne,SYNTHETIC_DEMO
2022-10-26,grain,252.16,USD,per_tonne,SYNTHETIC_DEMO
2022-10-27,thermal_coal,132.53,USD,per_tonne,SYNTHETIC_DEMO
2022-10-27,iron_ore,116.5,USD,per_tonne,SYNTHETIC_DEMO
2022-10-27,grain,251.17,USD,per_tonne,SYNTHETIC_DEMO
2022-10-28,thermal_coal,132.18,USD,per_tonne,SYNTHETIC_DEMO
2022-10-28,iron_ore,117.63,USD,per_tonne,SYNTHETIC_DEMO
2022-10-28,grain,254.86,USD,per_tonne,SYNTHETIC_DEMO
2022-10-29,thermal_coal,133.65,USD,per_tonne,SYNTHETIC_DEMO
2022-10-29,iron_ore,117.48,USD,per_tonne,SYNTHETIC_DEMO
2022-10-29,grain,251.28,USD,per_tonne,SYNTHETIC_DEMO
2022-10-30,thermal_coal,132.8,USD,per_tonne,SYNTHETIC_DEMO
2022-10-30,iron_ore,117.87,USD,per_tonne,SYNTHETIC_DEMO
2022-10-30,grain,249.99,USD,per_tonne,SYNTHETIC_DEMO
2022-10-31,thermal_coal,133.06,USD,per_tonne,SYNTHETIC_DEMO
2022-10-31,iron_ore,117.42,USD,per_tonne,SYNTHETIC_DEMO
2022-10-31,grain,254.0,USD,per_tonne,SYNTHETIC_DEMO
2022-11-01,thermal_coal,133.64,USD,per_tonne,SYNTHETIC_DEMO
2022-11-01,iron_ore,117.47,USD,per_tonne,SYNTHETIC_DEMO
2022-11-01,grain,251.02,USD,per_tonne,SYNTHETIC_DEMO
2022-11-02,thermal_coal,133.71,USD,per_tonne,SYNTHETIC_DEMO
2022-11-02,iron_ore,117.31,USD,per_tonne,SYNTHETIC_DEMO
2022-11-02,grain,252.8,USD,per_tonne,SYNTHETIC_DEMO
2022-11-03,thermal_coal,133.48,USD,per_tonne,SYNTHETIC_DEMO
2022-11-03,iron_ore,118.1,USD,per_tonne,SYNTHETIC_DEMO
2022-11-03,grain,253.28,USD,per_tonne,SYNTHETIC_DEMO
2022-11-04,thermal_coal,133.51,USD,per_tonne,SYNTHETIC_DEMO
2022-11-04,iron_ore,118.7,USD,per_tonne,SYNTHETIC_DEMO
2022-11-04,grain,253.14,USD,per_tonne,SYNTHETIC_DEMO
2022-11-05,thermal_coal,133.63,USD,per_tonne,SYNTHETIC_DEMO
2022-11-05,iron_ore,118.19,USD,per_tonne,SYNTHETIC_DEMO
2022-11-05,grain,252.5,USD,per_tonne,SYNTHETIC_DEMO
2022-11-06,thermal_coal,135.14,USD,per_tonne,SYNTHETIC_DEMO
2022-11-06,iron_ore,117.98,USD,per_tonne,SYNTHETIC_DEMO
2022-11-06,grain,252.34,USD,per_tonne,SYNTHETIC_DEMO
2022-11-07,thermal_coal,135.48,USD,per_tonne,SYNTHETIC_DEMO
2022-11-07,iron_ore,116.79,USD,per_tonne,SYNTHETIC_DEMO
2022-11-07,grain,253.08,USD,per_tonne,SYNTHETIC_DEMO
2022-11-08,thermal_coal,137.39,USD,per_tonne,SYNTHETIC_DEMO
2022-11-08,iron_ore,117.69,USD,per_tonne,SYNTHETIC_DEMO
2022-11-08,grain,252.68,USD,per_tonne,SYNTHETIC_DEMO
2022-11-09,thermal_coal,137.14,USD,per_tonne,SYNTHETIC_DEMO
2022-11-09,iron_ore,118.29,USD,per_tonne,SYNTHETIC_DEMO
2022-11-09,grain,256.66,USD,per_tonne,SYNTHETIC_DEMO
2022-11-10,thermal_coal,135.78,USD,per_tonne,SYNTHETIC_DEMO
2022-11-10,iron_ore,118.36,USD,per_tonne,SYNTHETIC_DEMO
2022-11-10,grain,252.62,USD,per_tonne,SYNTHETIC_DEMO
2022-11-11,thermal_coal,135.18,USD,per_tonne,SYNTHETIC_DEMO
2022-11-11,iron_ore,118.9,USD,per_tonne,SYNTHETIC_DEMO
2022-11-11,grain,256.81,USD,per_tonne,SYNTHETIC_DEMO
2022-11-12,thermal_coal,135.39,USD,per_tonne,SYNTHETIC_DEMO
2022-11-12,iron_ore,118.13,USD,per_tonne,SYNTHETIC_DEMO
2022-11-12,grain,254.03,USD,per_tonne,SYNTHETIC_DEMO
2022-11-13,thermal_coal,135.52,USD,per_tonne,SYNTHETIC_DEMO
2022-11-13,iron_ore,117.12,USD,per_tonne,SYNTHETIC_DEMO
2022-11-13,grain,254.57,USD,per_tonne,SYNTHETIC_DEMO
2022-11-14,thermal_coal,134.35,USD,per_tonne,SYNTHETIC_DEMO
2022-11-14,iron_ore,117.53,USD,per_tonne,SYNTHETIC_DEMO
2022-11-14,grain,256.36,USD,per_tonne,SYNTHETIC_DEMO
2022-11-15,thermal_coal,134.59,USD,per_tonne,SYNTHETIC_DEMO
2022-11-15,iron_ore,118.16,USD,per_tonne,SYNTHETIC_DEMO
2022-11-15,grain,257.39,USD,per_tonne,SYNTHETIC_DEMO
2022-11-16,thermal_coal,134.83,USD,per_tonne,SYNTHETIC_DEMO
2022-11-16,iron_ore,117.37,USD,per_tonne,SYNTHETIC_DEMO
2022-11-16,grain,255.57,USD,per_tonne,SYNTHETIC_DEMO
2022-11-17,thermal_coal,134.33,USD,per_tonne,SYNTHETIC_DEMO
2022-11-17,iron_ore,117.08,USD,per_tonne,SYNTHETIC_DEMO
2022-11-17,grain,256.65,USD,per_tonne,SYNTHETIC_DEMO
2022-11-18,thermal_coal,134.41,USD,per_tonne,SYNTHETIC_DEMO
2022-11-18,iron_ore,116.98,USD,per_tonne,SYNTHETIC_DEMO
2022-11-18,grain,261.1,USD,per_tonne,SYNTHETIC_DEMO
2022-11-19,thermal_coal,135.33,USD,per_tonne,SYNTHETIC_DEMO
2022-11-19,iron_ore,117.12,USD,per_tonne,SYNTHETIC_DEMO
2022-11-19,grain,257.36,USD,per_tonne,SYNTHETIC_DEMO
2022-11-20,thermal_coal,136.04,USD,per_tonne,SYNTHETIC_DEMO
2022-11-20,iron_ore,117.21,USD,per_tonne,SYNTHETIC_DEMO
2022-11-20,grain,259.76,USD,per_tonne,SYNTHETIC_DEMO
2022-11-21,thermal_coal,135.97,USD,per_tonne,SYNTHETIC_DEMO
2022-11-21,iron_ore,116.37,USD,per_tonne,SYNTHETIC_DEMO
2022-11-21,grain,254.47,USD,per_tonne,SYNTHETIC_DEMO
2022-11-22,thermal_coal,136.31,USD,per_tonne,SYNTHETIC_DEMO
2022-11-22,iron_ore,116.62,USD,per_tonne,SYNTHETIC_DEMO
2022-11-22,grain,254.02,USD,per_tonne,SYNTHETIC_DEMO
2022-11-23,thermal_coal,137.39,USD,per_tonne,SYNTHETIC_DEMO
2022-11-23,iron_ore,116.38,USD,per_tonne,SYNTHETIC_DEMO
2022-11-23,grain,258.28,USD,per_tonne,SYNTHETIC_DEMO
2022-11-24,thermal_coal,138.6,USD,per_tonne,SYNTHETIC_DEMO
2022-11-24,iron_ore,117.35,USD,per_tonne,SYNTHETIC_DEMO
2022-11-24,grain,259.24,USD,per_tonne,SYNTHETIC_DEMO
2022-11-25,thermal_coal,139.6,USD,per_tonne,SYNTHETIC_DEMO
2022-11-25,iron_ore,118.28,USD,per_tonne,SYNTHETIC_DEMO
2022-11-25,grain,254.33,USD,per_tonne,SYNTHETIC_DEMO
2022-11-26,thermal_coal,140.03,USD,per_tonne,SYNTHETIC_DEMO
2022-11-26,iron_ore,117.35,USD,per_tonne,SYNTHETIC_DEMO
2022-11-26,grain,260.94,USD,per_tonne,SYNTHETIC_DEMO
2022-11-27,thermal_coal,139.18,USD,per_tonne,SYNTHETIC_DEMO
2022-11-27,iron_ore,118.45,USD,per_tonne,SYNTHETIC_DEMO
2022-11-27,grain,260.49,USD,per_tonne,SYNTHETIC_DEMO
2022-11-28,thermal_coal,137.54,USD,per_tonne,SYNTHETIC_DEMO
2022-11-28,iron_ore,118.92,USD,per_tonne,SYNTHETIC_DEMO
2022-11-28,grain,257.34,USD,per_tonne,SYNTHETIC_DEMO
2022-11-29,thermal_coal,137.74,USD,per_tonne,SYNTHETIC_DEMO
2022-11-29,iron_ore,119.94,USD,per_tonne,SYNTHETIC_DEMO
2022-11-29,grain,257.73,USD,per_tonne,SYNTHETIC_DEMO
2022-11-30,thermal_coal,139.93,USD,per_tonne,SYNTHETIC_DEMO
2022-11-30,iron_ore,118.91,USD,per_tonne,SYNTHETIC_DEMO
2022-11-30,grain,257.59,USD,per_tonne,SYNTHETIC_DEMO
2022-12-01,thermal_coal,139.71,USD,per_tonne,SYNTHETIC_DEMO
2022-12-01,iron_ore,118.86,USD,per_tonne,SYNTHETIC_DEMO
2022-12-01,grain,258.14,USD,per_tonne,SYNTHETIC_DEMO
2022-12-02,thermal_coal,138.32,USD,per_tonne,SYNTHETIC_DEMO
2022-12-02,iron_ore,119.45,USD,per_tonne,SYNTHETIC_DEMO
2022-12-02,grain,261.46,USD,per_tonne,SYNTHETIC_DEMO
2022-12-03,thermal_coal,137.53,USD,per_tonne,SYNTHETIC_DEMO
2022-12-03,iron_ore,119.84,USD,per_tonne,SYNTHETIC_DEMO
2022-12-03,grain,260.38,USD,per_tonne,SYNTHETIC_DEMO
2022-12-04,thermal_coal,138.76,USD,per_tonne,SYNTHETIC_DEMO
2022-12-04,iron_ore,119.83,USD,per_tonne,SYNTHETIC_DEMO
2022-12-04,grain,257.35,USD,per_tonne,SYNTHETIC_DEMO
2022-12-05,thermal_coal,137.62,USD,per_tonne,SYNTHETIC_DEMO
2022-12-05,iron_ore,120.23,USD,per_tonne,SYNTHETIC_DEMO
2022-12-05,grain,259.66,USD,per_tonne,SYNTHETIC_DEMO
2022-12-06,thermal_coal,137.2,USD,per_tonne,SYNTHETIC_DEMO
2022-12-06,iron_ore,120.77,USD,per_tonne,SYNTHETIC_DEMO
2022-12-06,grain,262.76,USD,per_tonne,SYNTHETIC_DEMO
2022-12-07,thermal_coal,138.71,USD,per_tonne,SYNTHETIC_DEMO
2022-12-07,iron_ore,120.88,USD,per_tonne,SYNTHETIC_DEMO
2022-12-07,grain,259.48,USD,per_tonne,SYNTHETIC_DEMO
2022-12-08,thermal_coal,140.0,USD,per_tonne,SYNTHETIC_DEMO
2022-12-08,iron_ore,121.33,USD,per_tonne,SYNTHETIC_DEMO
2022-12-08,grain,262.97,USD,per_tonne,SYNTHETIC_DEMO
2022-12-09,thermal_coal,139.63,USD,per_tonne,SYNTHETIC_DEMO
2022-12-09,iron_ore,120.97,USD,per_tonne,SYNTHETIC_DEMO
2022-12-09,grain,262.88,USD,per_tonne,SYNTHETIC_DEMO
2022-12-10,thermal_coal,141.1,USD,per_tonne,SYNTHETIC_DEMO
2022-12-10,iron_ore,121.67,USD,per_tonne,SYNTHETIC_DEMO
2022-12-10,grain,261.44,USD,per_tonne,SYNTHETIC_DEMO
2022-12-11,thermal_coal,141.57,USD,per_tonne,SYNTHETIC_DEMO
2022-12-11,iron_ore,121.87,USD,per_tonne,SYNTHETIC_DEMO
2022-12-11,grain,261.19,USD,per_tonne,SYNTHETIC_DEMO
2022-12-12,thermal_coal,142.53,USD,per_tonne,SYNTHETIC_DEMO
2022-12-12,iron_ore,121.19,USD,per_tonne,SYNTHETIC_DEMO
2022-12-12,grain,263.18,USD,per_tonne,SYNTHETIC_DEMO
2022-12-13,thermal_coal,141.93,USD,per_tonne,SYNTHETIC_DEMO
2022-12-13,iron_ore,122.18,USD,per_tonne,SYNTHETIC_DEMO
2022-12-13,grain,258.91,USD,per_tonne,SYNTHETIC_DEMO
2022-12-14,thermal_coal,141.6,USD,per_tonne,SYNTHETIC_DEMO
2022-12-14,iron_ore,122.01,USD,per_tonne,SYNTHETIC_DEMO
2022-12-14,grain,263.81,USD,per_tonne,SYNTHETIC_DEMO
2022-12-15,thermal_coal,141.42,USD,per_tonne,SYNTHETIC_DEMO
2022-12-15,iron_ore,122.43,USD,per_tonne,SYNTHETIC_DEMO
2022-12-15,grain,260.68,USD,per_tonne,SYNTHETIC_DEMO
2022-12-16,thermal_coal,142.31,USD,per_tonne,SYNTHETIC_DEMO
2022-12-16,iron_ore,122.64,USD,per_tonne,SYNTHETIC_DEMO
2022-12-16,grain,262.33,USD,per_tonne,SYNTHETIC_DEMO
2022-12-17,thermal_coal,143.3,USD,per_tonne,SYNTHETIC_DEMO
2022-12-17,iron_ore,122.56,USD,per_tonne,SYNTHETIC_DEMO
2022-12-17,grain,261.66,USD,per_tonne,SYNTHETIC_DEMO
2022-12-18,thermal_coal,141.88,USD,per_tonne,SYNTHETIC_DEMO
2022-12-18,iron_ore,122.58,USD,per_tonne,SYNTHETIC_DEMO
2022-12-18,grain,263.63,USD,per_tonne,SYNTHETIC_DEMO
2022-12-19,thermal_coal,140.5,USD,per_tonne,SYNTHETIC_DEMO
2022-12-19,iron_ore,122.37,USD,per_tonne,SYNTHETIC_DEMO
2022-12-19,grain,260.02,USD,per_tonne,SYNTHETIC_DEMO
2022-12-20,thermal_coal,141.82,USD,per_tonne,SYNTHETIC_DEMO
2022-12-20,iron_ore,122.85,USD,per_tonne,SYNTHETIC_DEMO
2022-12-20,grain,260.58,USD,per_tonne,SYNTHETIC_DEMO
2022-12-21,thermal_coal,142.7,USD,per_tonne,SYNTHETIC_DEMO
2022-12-21,iron_ore,121.13,USD,per_tonne,SYNTHETIC_DEMO
2022-12-21,grain,263.95,USD,per_tonne,SYNTHETIC_DEMO
2022-12-22,thermal_coal,144.27,USD,per_tonne,SYNTHETIC_DEMO
2022-12-22,iron_ore,122.33,USD,per_tonne,SYNTHETIC_DEMO
2022-12-22,grain,263.93,USD,per_tonne,SYNTHETIC_DEMO
2022-12-23,thermal_coal,144.1,USD,per_tonne,SYNTHETIC_DEMO
2022-12-23,iron_ore,122.46,USD,per_tonne,SYNTHETIC_DEMO
2022-12-23,grain,262.69,USD,per_tonne,SYNTHETIC_DEMO
2022-12-24,thermal_coal,144.09,USD,per_tonne,SYNTHETIC_DEMO
2022-12-24,iron_ore,122.17,USD,per_tonne,SYNTHETIC_DEMO
2022-12-24,grain,262.9,USD,per_tonne,SYNTHETIC_DEMO
2022-12-25,thermal_coal,143.7,USD,per_tonne,SYNTHETIC_DEMO
2022-12-25,iron_ore,121.71,USD,per_tonne,SYNTHETIC_DEMO
2022-12-25,grain,267.64,USD,per_tonne,SYNTHETIC_DEMO
2022-12-26,thermal_coal,143.93,USD,per_tonne,SYNTHETIC_DEMO
2022-12-26,iron_ore,122.05,USD,per_tonne,SYNTHETIC_DEMO
2022-12-26,grain,261.81,USD,per_tonne,SYNTHETIC_DEMO
2022-12-27,thermal_coal,144.2,USD,per_tonne,SYNTHETIC_DEMO
2022-12-27,iron_ore,122.92,USD,per_tonne,SYNTHETIC_DEMO
2022-12-27,grain,266.91,USD,per_tonne,SYNTHETIC_DEMO
2022-12-28,thermal_coal,143.04,USD,per_tonne,SYNTHETIC_DEMO
2022-12-28,iron_ore,124.01,USD,per_tonne,SYNTHETIC_DEMO
2022-12-28,grain,264.16,USD,per_tonne,SYNTHETIC_DEMO
2022-12-29,thermal_coal,144.09,USD,per_tonne,SYNTHETIC_DEMO
2022-12-29,iron_ore,122.95,USD,per_tonne,SYNTHETIC_DEMO
2022-12-29,grain,260.06,USD,per_tonne,SYNTHETIC_DEMO
2022-12-30,thermal_coal,144.98,USD,per_tonne,SYNTHETIC_DEMO
2022-12-30,iron_ore,124.26,USD,per_tonne,SYNTHETIC_DEMO
2022-12-30,grain,268.36,USD,per_tonne,SYNTHETIC_DEMO
2022-12-31,thermal_coal,145.13,USD,per_tonne,SYNTHETIC_DEMO
2022-12-31,iron_ore,124.67,USD,per_tonne,SYNTHETIC_DEMO
2022-12-31,grain,262.59,USD,per_tonne,SYNTHETIC_DEMO
2023-01-01,thermal_coal,145.72,USD,per_tonne,SYNTHETIC_DEMO
2023-01-01,iron_ore,123.71,USD,per_tonne,SYNTHETIC_DEMO
2023-01-01,grain,267.26,USD,per_tonne,SYNTHETIC_DEMO
2023-01-02,thermal_coal,145.28,USD,per_tonne,SYNTHETIC_DEMO
2023-01-02,iron_ore,123.18,USD,per_tonne,SYNTHETIC_DEMO
2023-01-02,grain,263.61,USD,per_tonne,SYNTHETIC_DEMO
2023-01-03,thermal_coal,145.77,USD,per_tonne,SYNTHETIC_DEMO
2023-01-03,iron_ore,123.42,USD,per_tonne,SYNTHETIC_DEMO
2023-01-03,grain,265.48,USD,per_tonne,SYNTHETIC_DEMO
2023-01-04,thermal_coal,145.51,USD,per_tonne,SYNTHETIC_DEMO
2023-01-04,iron_ore,123.78,USD,per_tonne,SYNTHETIC_DEMO
2023-01-04,grain,265.01,USD,per_tonne,SYNTHETIC_DEMO
2023-01-05,thermal_coal,145.68,USD,per_tonne,SYNTHETIC_DEMO
2023-01-05,iron_ore,122.92,USD,per_tonne,SYNTHETIC_DEMO
2023-01-05,grain,263.15,USD,per_tonne,SYNTHETIC_DEMO
2023-01-06,thermal_coal,146.51,USD,per_tonne,SYNTHETIC_DEMO
2023-01-06,iron_ore,123.48,USD,per_tonne,SYNTHETIC_DEMO
2023-01-06,grain,266.4,USD,per_tonne,SYNTHETIC_DEMO
2023-01-07,thermal_coal,146.97,USD,per_tonne,SYNTHETIC_DEMO
2023-01-07,iron_ore,125.14,USD,per_tonne,SYNTHETIC_DEMO
2023-01-07,grain,265.55,USD,per_tonne,SYNTHETIC_DEMO
2023-01-08,thermal_coal,147.6,USD,per_tonne,SYNTHETIC_DEMO
2023-01-08,iron_ore,125.08,USD,per_tonne,SYNTHETIC_DEMO
2023-01-08,grain,262.62,USD,per_tonne,SYNTHETIC_DEMO
2023-01-09,thermal_coal,146.38,USD,per_tonne,SYNTHETIC_DEMO
2023-01-09,iron_ore,124.11,USD,per_tonne,SYNTHETIC_DEMO
2023-01-09,grain,266.51,USD,per_tonne,SYNTHETIC_DEMO
2023-01-10,thermal_coal,146.28,USD,per_tonne,SYNTHETIC_DEMO
2023-01-10,iron_ore,124.06,USD,per_tonne,SYNTHETIC_DEMO
2023-01-10,grain,264.85,USD,per_tonne,SYNTHETIC_DEMO
2023-01-11,thermal_coal,146.24,USD,per_tonne,SYNTHETIC_DEMO
2023-01-11,iron_ore,123.64,USD,per_tonne,SYNTHETIC_DEMO
2023-01-11,grain,265.45,USD,per_tonne,SYNTHETIC_DEMO
2023-01-12,thermal_coal,148.12,USD,per_tonne,SYNTHETIC_DEMO
2023-01-12,iron_ore,122.67,USD,per_tonne,SYNTHETIC_DEMO
2023-01-12,grain,265.64,USD,per_tonne,SYNTHETIC_DEMO
2023-01-13,thermal_coal,146.65,USD,per_tonne,SYNTHETIC_DEMO
2023-01-13,iron_ore,121.18,USD,per_tonne,SYNTHETIC_DEMO
2023-01-13,grain,267.03,USD,per_tonne,SYNTHETIC_DEMO
2023-01-14,thermal_coal,146.95,USD,per_tonne,SYNTHETIC_DEMO
2023-01-14,iron_ore,120.6,USD,per_tonne,SYNTHETIC_DEMO
2023-01-14,grain,266.05,USD,per_tonne,SYNTHETIC_DEMO
2023-01-15,thermal_coal,147.06,USD,per_tonne,SYNTHETIC_DEMO
2023-01-15,iron_ore,119.29,USD,per_tonne,SYNTHETIC_DEMO
2023-01-15,grain,264.0,USD,per_tonne,SYNTHETIC_DEMO
2023-01-16,thermal_coal,148.71,USD,per_tonne,SYNTHETIC_DEMO
2023-01-16,iron_ore,119.36,USD,per_tonne,SYNTHETIC_DEMO
2023-01-16,grain,264.7,USD,per_tonne,SYNTHETIC_DEMO
2023-01-17,thermal_coal,149.27,USD,per_tonne,SYNTHETIC_DEMO
2023-01-17,iron_ore,120.23,USD,per_tonne,SYNTHETIC_DEMO
2023-01-17,grain,263.9,USD,per_tonne,SYNTHETIC_DEMO
2023-01-18,thermal_coal,148.81,USD,per_tonne,SYNTHETIC_DEMO
2023-01-18,iron_ore,120.65,USD,per_tonne,SYNTHETIC_DEMO
2023-01-18,grain,266.91,USD,per_tonne,SYNTHETIC_DEMO
2023-01-19,thermal_coal,148.62,USD,per_tonne,SYNTHETIC_DEMO
2023-01-19,iron_ore,121.71,USD,per_tonne,SYNTHETIC_DEMO
2023-01-19,grain,264.73,USD,per_tonne,SYNTHETIC_DEMO
2023-01-20,thermal_coal,149.47,USD,per_tonne,SYNTHETIC_DEMO
2023-01-20,iron_ore,121.06,USD,per_tonne,SYNTHETIC_DEMO
2023-01-20,grain,264.49,USD,per_tonne,SYNTHETIC_DEMO
2023-01-21,thermal_coal,150.12,USD,per_tonne,SYNTHETIC_DEMO
2023-01-21,iron_ore,121.99,USD,per_tonne,SYNTHETIC_DEMO
2023-01-21,grain,265.22,USD,per_tonne,SYNTHETIC_DEMO
2023-01-22,thermal_coal,150.72,USD,per_tonne,SYNTHETIC_DEMO
2023-01-22,iron_ore,121.16,USD,per_tonne,SYNTHETIC_DEMO
2023-01-22,grain,265.76,USD,per_tonne,SYNTHETIC_DEMO
2023-01-23,thermal_coal,149.1,USD,per_tonne,SYNTHETIC_DEMO
2023-01-23,iron_ore,121.25,USD,per_tonne,SYNTHETIC_DEMO
2023-01-23,grain,266.14,USD,per_tonne,SYNTHETIC_DEMO
2023-01-24,thermal_coal,148.33,USD,per_tonne,SYNTHETIC_DEMO
2023-01-24,iron_ore,120.11,USD,per_tonne,SYNTHETIC_DEMO
2023-01-24,grain,268.95,USD,per_tonne,SYNTHETIC_DEMO
2023-01-25,thermal_coal,149.86,USD,per_tonne,SYNTHETIC_DEMO
2023-01-25,iron_ore,119.6,USD,per_tonne,SYNTHETIC_DEMO
2023-01-25,grain,263.81,USD,per_tonne,SYNTHETIC_DEMO
2023-01-26,thermal_coal,149.6,USD,per_tonne,SYNTHETIC_DEMO
2023-01-26,iron_ore,119.88,USD,per_tonne,SYNTHETIC_DEMO
2023-01-26,grain,265.87,USD,per_tonne,SYNTHETIC_DEMO
2023-01-27,thermal_coal,149.75,USD,per_tonne,SYNTHETIC_DEMO
2023-01-27,iron_ore,119.57,USD,per_tonne,SYNTHETIC_DEMO
2023-01-27,grain,265.37,USD,per_tonne,SYNTHETIC_DEMO
2023-01-28,thermal_coal,148.53,USD,per_tonne,SYNTHETIC_DEMO
2023-01-28,iron_ore,118.97,USD,per_tonne,SYNTHETIC_DEMO
2023-01-28,grain,265.23,USD,per_tonne,SYNTHETIC_DEMO
2023-01-29,thermal_coal,146.89,USD,per_tonne,SYNTHETIC_DEMO
2023-01-29,iron_ore,117.7,USD,per_tonne,SYNTHETIC_DEMO
2023-01-29,grain,263.21,USD,per_tonne,SYNTHETIC_DEMO
2023-01-30,thermal_coal,145.44,USD,per_tonne,SYNTHETIC_DEMO
2023-01-30,iron_ore,118.21,USD,per_tonne,SYNTHETIC_DEMO
2023-01-30,grain,265.06,USD,per_tonne,SYNTHETIC_DEMO
2023-01-31,thermal_coal,145.94,USD,per_tonne,SYNTHETIC_DEMO
2023-01-31,iron_ore,117.14,USD,per_tonne,SYNTHETIC_DEMO
2023-01-31,grain,265.32,USD,per_tonne,SYNTHETIC_DEMO
2023-02-01,thermal_coal,145.33,USD,per_tonne,SYNTHETIC_DEMO
2023-02-01,iron_ore,118.18,USD,per_tonne,SYNTHETIC_DEMO
2023-02-01,grain,264.97,USD,per_tonne,SYNTHETIC_DEMO
2023-02-02,thermal_coal,146.48,USD,per_tonne,SYNTHETIC_DEMO
2023-02-02,iron_ore,118.68,USD,per_tonne,SYNTHETIC_DEMO
2023-02-02,grain,266.77,USD,per_tonne,SYNTHETIC_DEMO
2023-02-03,thermal_coal,146.78,USD,per_tonne,SYNTHETIC_DEMO
2023-02-03,iron_ore,118.65,USD,per_tonne,SYNTHETIC_DEMO
2023-02-03,grain,263.28,USD,per_tonne,SYNTHETIC_DEMO
2023-02-04,thermal_coal,147.61,USD,per_tonne,SYNTHETIC_DEMO
2023-02-04,iron_ore,118.28,USD,per_tonne,SYNTHETIC_DEMO
2023-02-04,grain,263.5,USD,per_tonne,SYNTHETIC_DEMO
2023-02-05,thermal_coal,148.15,USD,per_tonne,SYNTHETIC_DEMO
2023-02-05,iron_ore,118.62,USD,per_tonne,SYNTHETIC_DEMO
2023-02-05,grain,263.24,USD,per_tonne,SYNTHETIC_DEMO
2023-02-06,thermal_coal,148.64,USD,per_tonne,SYNTHETIC_DEMO
2023-02-06,iron_ore,118.12,USD,per_tonne,SYNTHETIC_DEMO
2023-02-06,grain,263.15,USD,per_tonne,SYNTHETIC_DEMO
2023-02-07,thermal_coal,148.49,USD,per_tonne,SYNTHETIC_DEMO
2023-02-07,iron_ore,117.06,USD,per_tonne,SYNTHETIC_DEMO
2023-02-07,grain,266.07,USD,per_tonne,SYNTHETIC_DEMO
2023-02-08,thermal_coal,148.73,USD,per_tonne,SYNTHETIC_DEMO
2023-02-08,iron_ore,116.87,USD,per_tonne,SYNTHETIC_DEMO
2023-02-08,grain,267.64,USD,per_tonne,SYNTHETIC_DEMO
2023-02-09,thermal_coal,149.55,USD,per_tonne,SYNTHETIC_DEMO
2023-02-09,iron_ore,116.75,USD,per_tonne,SYNTHETIC_DEMO
2023-02-09,grain,264.61,USD,per_tonne,SYNTHETIC_DEMO
2023-02-10,thermal_coal,150.3,USD,per_tonne,SYNTHETIC_DEMO
2023-02-10,iron_ore,116.33,USD,per_tonne,SYNTHETIC_DEMO
2023-02-10,grain,264.34,USD,per_tonne,SYNTHETIC_DEMO
2023-02-11,thermal_coal,150.74,USD,per_tonne,SYNTHETIC_DEMO
2023-02-11,iron_ore,116.71,USD,per_tonne,SYNTHETIC_DEMO
2023-02-11,grain,260.88,USD,per_tonne,SYNTHETIC_DEMO
2023-02-12,thermal_coal,149.72,USD,per_tonne,SYNTHETIC_DEMO
2023-02-12,iron_ore,115.14,USD,per_tonne,SYNTHETIC_DEMO
2023-02-12,grain,265.76,USD,per_tonne,SYNTHETIC_DEMO
2023-02-13,thermal_coal,148.83,USD,per_tonne,SYNTHETIC_DEMO
2023-02-13,iron_ore,114.68,USD,per_tonne,SYNTHETIC_DEMO
2023-02-13,grain,262.67,USD,per_tonne,SYNTHETIC_DEMO
2023-02-14,thermal_coal,149.82,USD,per_tonne,SYNTHETIC_DEMO
2023-02-14,iron_ore,113.96,USD,per_tonne,SYNTHETIC_DEMO
2023-02-14,grain,265.35,USD,per_tonne,SYNTHETIC_DEMO
2023-02-15,thermal_coal,150.85,USD,per_tonne,SYNTHETIC_DEMO
2023-02-15,iron_ore,112.8,USD,per_tonne,SYNTHETIC_DEMO
2023-02-15,grain,264.57,USD,per_tonne,SYNTHETIC_DEMO
2023-02-16,thermal_coal,149.9,USD,per_tonne,SYNTHETIC_DEMO
2023-02-16,iron_ore,112.76,USD,per_tonne,SYNTHETIC_DEMO
2023-02-16,grain,264.83,USD,per_tonne,SYNTHETIC_DEMO
2023-02-17,thermal_coal,149.7,USD,per_tonne,SYNTHETIC_DEMO
2023-02-17,iron_ore,113.39,USD,per_tonne,SYNTHETIC_DEMO
2023-02-17,grain,261.68,USD,per_tonne,SYNTHETIC_DEMO
2023-02-18,thermal_coal,148.58,USD,per_tonne,SYNTHETIC_DEMO
2023-02-18,iron_ore,114.69,USD,per_tonne,SYNTHETIC_DEMO
2023-02-18,grain,262.03,USD,per_tonne,SYNTHETIC_DEMO
2023-02-19,thermal_coal,148.46,USD,per_tonne,SYNTHETIC_DEMO
2023-02-19,iron_ore,115.93,USD,per_tonne,SYNTHETIC_DEMO
2023-02-19,grain,264.39,USD,per_tonne,SYNTHETIC_DEMO
2023-02-20,thermal_coal,148.06,USD,per_tonne,SYNTHETIC_DEMO
2023-02-20,iron_ore,116.17,USD,per_tonne,SYNTHETIC_DEMO
2023-02-20,grain,259.61,USD,per_tonne,SYNTHETIC_DEMO
2023-02-21,thermal_coal,150.46,USD,per_tonne,SYNTHETIC_DEMO
2023-02-21,iron_ore,116.55,USD,per_tonne,SYNTHETIC_DEMO
2023-02-21,grain,262.78,USD,per_tonne,SYNTHETIC_DEMO
2023-02-22,thermal_coal,151.02,USD,per_tonne,SYNTHETIC_DEMO
2023-02-22,iron_ore,116.45,USD,per_tonne,SYNTHETIC_DEMO
2023-02-22,grain,261.48,USD,per_tonne,SYNTHETIC_DEMO
2023-02-23,thermal_coal,151.06,USD,per_tonne,SYNTHETIC_DEMO
2023-02-23,iron_ore,115.33,USD,per_tonne,SYNTHETIC_DEMO
2023-02-23,grain,264.57,USD,per_tonne,SYNTHETIC_DEMO
2023-02-24,thermal_coal,150.21,USD,per_tonne,SYNTHETIC_DEMO
2023-02-24,iron_ore,115.01,USD,per_tonne,SYNTHETIC_DEMO
2023-02-24,grain,261.34,USD,per_tonne,SYNTHETIC_DEMO
2023-02-25,thermal_coal,149.0,USD,per_tonne,SYNTHETIC_DEMO
2023-02-25,iron_ore,113.23,USD,per_tonne,SYNTHETIC_DEMO
2023-02-25,grain,261.16,USD,per_tonne,SYNTHETIC_DEMO
2023-02-26,thermal_coal,149.68,USD,per_tonne,SYNTHETIC_DEMO
2023-02-26,iron_ore,111.98,USD,per_tonne,SYNTHETIC_DEMO
2023-02-26,grain,261.4,USD,per_tonne,SYNTHETIC_DEMO
2023-02-27,thermal_coal,150.49,USD,per_tonne,SYNTHETIC_DEMO
2023-02-27,iron_ore,112.39,USD,per_tonne,SYNTHETIC_DEMO
2023-02-27,grain,259.55,USD,per_tonne,SYNTHETIC_DEMO
2023-02-28,thermal_coal,150.69,USD,per_tonne,SYNTHETIC_DEMO
2023-02-28,iron_ore,112.8,USD,per_tonne,SYNTHETIC_DEMO
2023-02-28,grain,263.22,USD,per_tonne,SYNTHETIC_DEMO
2023-03-01,thermal_coal,151.5,USD,per_tonne,SYNTHETIC_DEMO
2023-03-01,iron_ore,112.08,USD,per_tonne,SYNTHETIC_DEMO
2023-03-01,grain,261.85,USD,per_tonne,SYNTHETIC_DEMO
2023-03-02,thermal_coal,151.05,USD,per_tonne,SYNTHETIC_DEMO
2023-03-02,iron_ore,112.65,USD,per_tonne,SYNTHETIC_DEMO
2023-03-02,grain,262.32,USD,per_tonne,SYNTHETIC_DEMO
2023-03-03,thermal_coal,151.45,USD,per_tonne,SYNTHETIC_DEMO
2023-03-03,iron_ore,112.35,USD,per_tonne,SYNTHETIC_DEMO
2023-03-03,grain,261.74,USD,per_tonne,SYNTHETIC_DEMO
2023-03-04,thermal_coal,152.06,USD,per_tonne,SYNTHETIC_DEMO
2023-03-04,iron_ore,110.94,USD,per_tonne,SYNTHETIC_DEMO
2023-03-04,grain,263.72,USD,per_tonne,SYNTHETIC_DEMO
2023-03-05,thermal_coal,152.21,USD,per_tonne,SYNTHETIC_DEMO
2023-03-05,iron_ore,111.24,USD,per_tonne,SYNTHETIC_DEMO
2023-03-05,grain,262.93,USD,per_tonne,SYNTHETIC_DEMO
2023-03-06,thermal_coal,153.46,USD,per_tonne,SYNTHETIC_DEMO
2023-03-06,iron_ore,111.33,USD,per_tonne,SYNTHETIC_DEMO
2023-03-06,grain,259.69,USD,per_tonne,SYNTHETIC_DEMO
2023-03-07,thermal_coal,155.05,USD,per_tonne,SYNTHETIC_DEMO
2023-03-07,iron_ore,112.04,USD,per_tonne,SYNTHETIC_DEMO
2023-03-07,grain,262.2,USD,per_tonne,SYNTHETIC_DEMO
2023-03-08,thermal_coal,156.29,USD,per_tonne,SYNTHETIC_DEMO
2023-03-08,iron_ore,112.62,USD,per_tonne,SYNTHETIC_DEMO
2023-03-08,grain,262.12,USD,per_tonne,SYNTHETIC_DEMO
2023-03-09,thermal_coal,155.63,USD,per_tonne,SYNTHETIC_DEMO
2023-03-09,iron_ore,110.87,USD,per_tonne,SYNTHETIC_DEMO
2023-03-09,grain,261.62,USD,per_tonne,SYNTHETIC_DEMO
2023-03-10,thermal_coal,155.77,USD,per_tonne,SYNTHETIC_DEMO
2023-03-10,iron_ore,111.27,USD,per_tonne,SYNTHETIC_DEMO
2023-03-10,grain,259.3,USD,per_tonne,SYNTHETIC_DEMO
2023-03-11,thermal_coal,155.75,USD,per_tonne,SYNTHETIC_DEMO
2023-03-11,iron_ore,110.53,USD,per_tonne,SYNTHETIC_DEMO
2023-03-11,grain,260.11,USD,per_tonne,SYNTHETIC_DEMO
2023-03-12,thermal_coal,155.09,USD,per_tonne,SYNTHETIC_DEMO
2023-03-12,iron_ore,110.84,USD,per_tonne,SYNTHETIC_DEMO
2023-03-12,grain,260.28,USD,per_tonne,SYNTHETIC_DEMO
2023-03-13,thermal_coal,154.99,USD,per_tonne,SYNTHETIC_DEMO
2023-03-13,iron_ore,110.96,USD,per_tonne,SYNTHETIC_DEMO
2023-03-13,grain,258.94,USD,per_tonne,SYNTHETIC_DEMO
2023-03-14,thermal_coal,154.95,USD,per_tonne,SYNTHETIC_DEMO
2023-03-14,iron_ore,110.98,USD,per_tonne,SYNTHETIC_DEMO
2023-03-14,grain,260.34,USD,per_tonne,SYNTHETIC_DEMO
2023-03-15,thermal_coal,155.23,USD,per_tonne,SYNTHETIC_DEMO
2023-03-15,iron_ore,110.35,USD,per_tonne,SYNTHETIC_DEMO
2023-03-15,grain,259.57,USD,per_tonne,SYNTHETIC_DEMO
2023-03-16,thermal_coal,154.54,USD,per_tonne,SYNTHETIC_DEMO
2023-03-16,iron_ore,110.85,USD,per_tonne,SYNTHETIC_DEMO
2023-03-16,grain,260.66,USD,per_tonne,SYNTHETIC_DEMO
2023-03-17,thermal_coal,153.73,USD,per_tonne,SYNTHETIC_DEMO
2023-03-17,iron_ore,112.18,USD,per_tonne,SYNTHETIC_DEMO
2023-03-17,grain,258.99,USD,per_tonne,SYNTHETIC_DEMO
2023-03-18,thermal_coal,154.51,USD,per_tonne,SYNTHETIC_DEMO
2023-03-18,iron_ore,111.95,USD,per_tonne,SYNTHETIC_DEMO
2023-03-18,grain,259.29,USD,per_tonne,SYNTHETIC_DEMO
2023-03-19,thermal_coal,153.96,USD,per_tonne,SYNTHETIC_DEMO
2023-03-19,iron_ore,111.99,USD,per_tonne,SYNTHETIC_DEMO
2023-03-19,grain,262.07,USD,per_tonne,SYNTHETIC_DEMO
2023-03-20,thermal_coal,153.75,USD,per_tonne,SYNTHETIC_DEMO
2023-03-20,iron_ore,112.58,USD,per_tonne,SYNTHETIC_DEMO
2023-03-20,grain,263.67,USD,per_tonne,SYNTHETIC_DEMO
2023-03-21,thermal_coal,153.48,USD,per_tonne,SYNTHETIC_DEMO
2023-03-21,iron_ore,111.97,USD,per_tonne,SYNTHETIC_DEMO
2023-03-21,grain,257.18,USD,per_tonne,SYNTHETIC_DEMO
2023-03-22,thermal_coal,154.16,USD,per_tonne,SYNTHETIC_DEMO
2023-03-22,iron_ore,112.33,USD,per_tonne,SYNTHETIC_DEMO
2023-03-22,grain,258.34,USD,per_tonne,SYNTHETIC_DEMO
2023-03-23,thermal_coal,154.54,USD,per_tonne,SYNTHETIC_DEMO
2023-03-23,iron_ore,112.32,USD,per_tonne,SYNTHETIC_DEMO
2023-03-23,grain,257.07,USD,per_tonne,SYNTHETIC_DEMO
2023-03-24,thermal_coal,154.91,USD,per_tonne,SYNTHETIC_DEMO
2023-03-24,iron_ore,113.06,USD,per_tonne,SYNTHETIC_DEMO
2023-03-24,grain,259.14,USD,per_tonne,SYNTHETIC_DEMO
2023-03-25,thermal_coal,153.59,USD,per_tonne,SYNTHETIC_DEMO
2023-03-25,iron_ore,113.58,USD,per_tonne,SYNTHETIC_DEMO
2023-03-25,grain,256.49,USD,per_tonne,SYNTHETIC_DEMO
2023-03-26,thermal_coal,154.59,USD,per_tonne,SYNTHETIC_DEMO
2023-03-26,iron_ore,113.43,USD,per_tonne,SYNTHETIC_DEMO
2023-03-26,grain,255.0,USD,per_tonne,SYNTHETIC_DEMO
2023-03-27,thermal_coal,154.38,USD,per_tonne,SYNTHETIC_DEMO
2023-03-27,iron_ore,113.43,USD,per_tonne,SYNTHETIC_DEMO
2023-03-27,grain,256.94,USD,per_tonne,SYNTHETIC_DEMO
2023-03-28,thermal_coal,155.01,USD,per_tonne,SYNTHETIC_DEMO
2023-03-28,iron_ore,113.01,USD,per_tonne,SYNTHETIC_DEMO
2023-03-28,grain,255.2,USD,per_tonne,SYNTHETIC_DEMO
2023-03-29,thermal_coal,152.54,USD,per_tonne,SYNTHETIC_DEMO
2023-03-29,iron_ore,112.76,USD,per_tonne,SYNTHETIC_DEMO
2023-03-29,grain,257.81,USD,per_tonne,SYNTHETIC_DEMO
2023-03-30,thermal_coal,153.29,USD,per_tonne,SYNTHETIC_DEMO
2023-03-30,iron_ore,113.57,USD,per_tonne,SYNTHETIC_DEMO
2023-03-30,grain,256.64,USD,per_tonne,SYNTHETIC_DEMO
2023-03-31,thermal_coal,152.86,USD,per_tonne,SYNTHETIC_DEMO
2023-03-31,iron_ore,114.28,USD,per_tonne,SYNTHETIC_DEMO
2023-03-31,grain,259.37,USD,per_tonne,SYNTHETIC_DEMO
2023-04-01,thermal_coal,153.83,USD,per_tonne,SYNTHETIC_DEMO
2023-04-01,iron_ore,113.48,USD,per_tonne,SYNTHETIC_DEMO
2023-04-01,grain,256.42,USD,per_tonne,SYNTHETIC_DEMO
2023-04-02,thermal_coal,154.68,USD,per_tonne,SYNTHETIC_DEMO
2023-04-02,iron_ore,114.11,USD,per_tonne,SYNTHETIC_DEMO
2023-04-02,grain,254.16,USD,per_tonne,SYNTHETIC_DEMO
2023-04-03,thermal_coal,155.05,USD,per_tonne,SYNTHETIC_DEMO
2023-04-03,iron_ore,113.28,USD,per_tonne,SYNTHETIC_DEMO
2023-04-03,grain,250.35,USD,per_tonne,SYNTHETIC_DEMO
2023-04-04,thermal_coal,155.77,USD,per_tonne,SYNTHETIC_DEMO
2023-04-04,iron_ore,112.89,USD,per_tonne,SYNTHETIC_DEMO
2023-04-04,grain,251.78,USD,per_tonne,SYNTHETIC_DEMO
2023-04-05,thermal_coal,155.41,USD,per_tonne,SYNTHETIC_DEMO
2023-04-05,iron_ore,113.65,USD,per_tonne,SYNTHETIC_DEMO
2023-04-05,grain,252.65,USD,per_tonne,SYNTHETIC_DEMO
2023-04-06,thermal_coal,155.52,USD,per_tonne,SYNTHETIC_DEMO
2023-04-06,iron_ore,114.04,USD,per_tonne,SYNTHETIC_DEMO
2023-04-06,grain,256.8,USD,per_tonne,SYNTHETIC_DEMO
2023-04-07,thermal_coal,155.09,USD,per_tonne,SYNTHETIC_DEMO
2023-04-07,iron_ore,112.83,USD,per_tonne,SYNTHETIC_DEMO
2023-04-07,grain,250.75,USD,per_tonne,SYNTHETIC_DEMO
2023-04-08,thermal_coal,155.05,USD,per_tonne,SYNTHETIC_DEMO
2023-04-08,iron_ore,113.01,USD,per_tonne,SYNTHETIC_DEMO
2023-04-08,grain,250.48,USD,per_tonne,SYNTHETIC_DEMO
2023-04-09,thermal_coal,155.69,USD,per_tonne,SYNTHETIC_DEMO
2023-04-09,iron_ore,112.76,USD,per_tonne,SYNTHETIC_DEMO
2023-04-09,grain,254.86,USD,per_tonne,SYNTHETIC_DEMO
2023-04-10,thermal_coal,156.27,USD,per_tonne,SYNTHETIC_DEMO
2023-04-10,iron_ore,113.39,USD,per_tonne,SYNTHETIC_DEMO
2023-04-10,grain,252.38,USD,per_tonne,SYNTHETIC_DEMO
2023-04-11,thermal_coal,156.12,USD,per_tonne,SYNTHETIC_DEMO
2023-04-11,iron_ore,113.7,USD,per_tonne,SYNTHETIC_DEMO
2023-04-11,grain,248.96,USD,per_tonne,SYNTHETIC_DEMO
2023-04-12,thermal_coal,156.72,USD,per_tonne,SYNTHETIC_DEMO
2023-04-12,iron_ore,114.09,USD,per_tonne,SYNTHETIC_DEMO
2023-04-12,grain,252.61,USD,per_tonne,SYNTHETIC_DEMO
2023-04-13,thermal_coal,155.75,USD,per_tonne,SYNTHETIC_DEMO
2023-04-13,iron_ore,113.55,USD,per_tonne,SYNTHETIC_DEMO
2023-04-13,grain,250.68,USD,per_tonne,SYNTHETIC_DEMO
2023-04-14,thermal_coal,154.52,USD,per_tonne,SYNTHETIC_DEMO
2023-04-14,iron_ore,113.66,USD,per_tonne,SYNTHETIC_DEMO
2023-04-14,grain,252.26,USD,per_tonne,SYNTHETIC_DEMO
2023-04-15,thermal_coal,153.24,USD,per_tonne,SYNTHETIC_DEMO
2023-04-15,iron_ore,112.87,USD,per_tonne,SYNTHETIC_DEMO
2023-04-15,grain,253.8,USD,per_tonne,SYNTHETIC_DEMO
2023-04-16,thermal_coal,153.18,USD,per_tonne,SYNTHETIC_DEMO
2023-04-16,iron_ore,112.24,USD,per_tonne,SYNTHETIC_DEMO
2023-04-16,grain,252.03,USD,per_tonne,SYNTHETIC_DEMO
2023-04-17,thermal_coal,153.0,USD,per_tonne,SYNTHETIC_DEMO
2023-04-17,iron_ore,111.32,USD,per_tonne,SYNTHETIC_DEMO
2023-04-17,grain,253.59,USD,per_tonne,SYNTHETIC_DEMO
2023-04-18,thermal_coal,153.08,USD,per_tonne,SYNTHETIC_DEMO
2023-04-18,iron_ore,110.77,USD,per_tonne,SYNTHETIC_DEMO
2023-04-18,grain,251.4,USD,per_tonne,SYNTHETIC_DEMO
2023-04-19,thermal_coal,152.99,USD,per_tonne,SYNTHETIC_DEMO
2023-04-19,iron_ore,111.23,USD,per_tonne,SYNTHETIC_DEMO
2023-04-19,grain,249.73,USD,per_tonne,SYNTHETIC_DEMO
2023-04-20,thermal_coal,152.4,USD,per_tonne,SYNTHETIC_DEMO
2023-04-20,iron_ore,111.44,USD,per_tonne,SYNTHETIC_DEMO
2023-04-20,grain,248.91,USD,per_tonne,SYNTHETIC_DEMO
2023-04-21,thermal_coal,152.2,USD,per_tonne,SYNTHETIC_DEMO
2023-04-21,iron_ore,112.02,USD,per_tonne,SYNTHETIC_DEMO
2023-04-21,grain,250.62,USD,per_tonne,SYNTHETIC_DEMO
2023-04-22,thermal_coal,151.15,USD,per_tonne,SYNTHETIC_DEMO
2023-04-22,iron_ore,111.8,USD,per_tonne,SYNTHETIC_DEMO
2023-04-22,grain,248.3,USD,per_tonne,SYNTHETIC_DEMO
2023-04-23,thermal_coal,152.23,USD,per_tonne,SYNTHETIC_DEMO
2023-04-23,iron_ore,110.27,USD,per_tonne,SYNTHETIC_DEMO
2023-04-23,grain,250.64,USD,per_tonne,SYNTHETIC_DEMO
2023-04-24,thermal_coal,152.25,USD,per_tonne,SYNTHETIC_DEMO
2023-04-24,iron_ore,110.28,USD,per_tonne,SYNTHETIC_DEMO
2023-04-24,grain,248.35,USD,per_tonne,SYNTHETIC_DEMO
2023-04-25,thermal_coal,150.96,USD,per_tonne,SYNTHETIC_DEMO
2023-04-25,iron_ore,111.26,USD,per_tonne,SYNTHETIC_DEMO
2023-04-25,grain,252.32,USD,per_tonne,SYNTHETIC_DEMO
2023-04-26,thermal_coal,151.63,USD,per_tonne,SYNTHETIC_DEMO
2023-04-26,iron_ore,111.27,USD,per_tonne,SYNTHETIC_DEMO
2023-04-26,grain,251.01,USD,per_tonne,SYNTHETIC_DEMO
2023-04-27,thermal_coal,151.94,USD,per_tonne,SYNTHETIC_DEMO
2023-04-27,iron_ore,111.7,USD,per_tonne,SYNTHETIC_DEMO
2023-04-27,grain,246.68,USD,per_tonne,SYNTHETIC_DEMO
2023-04-28,thermal_coal,151.87,USD,per_tonne,SYNTHETIC_DEMO
2023-04-28,iron_ore,112.13,USD,per_tonne,SYNTHETIC_DEMO
2023-04-28,grain,246.3,USD,per_tonne,SYNTHETIC_DEMO
2023-04-29,thermal_coal,151.25,USD,per_tonne,SYNTHETIC_DEMO
2023-04-29,iron_ore,111.33,USD,per_tonne,SYNTHETIC_DEMO
2023-04-29,grain,247.5,USD,per_tonne,SYNTHETIC_DEMO
2023-04-30,thermal_coal,150.54,USD,per_tonne,SYNTHETIC_DEMO
2023-04-30,iron_ore,110.62,USD,per_tonne,SYNTHETIC_DEMO
2023-04-30,grain,251.88,USD,per_tonne,SYNTHETIC_DEMO
2023-05-01,thermal_coal,148.97,USD,per_tonne,SYNTHETIC_DEMO
2023-05-01,iron_ore,110.65,USD,per_tonne,SYNTHETIC_DEMO
2023-05-01,grain,247.64,USD,per_tonne,SYNTHETIC_DEMO
2023-05-02,thermal_coal,149.48,USD,per_tonne,SYNTHETIC_DEMO
2023-05-02,iron_ore,110.93,USD,per_tonne,SYNTHETIC_DEMO
2023-05-02,grain,246.6,USD,per_tonne,SYNTHETIC_DEMO
2023-05-03,thermal_coal,149.8,USD,per_tonne,SYNTHETIC_DEMO
2023-05-03,iron_ore,109.86,USD,per_tonne,SYNTHETIC_DEMO
2023-05-03,grain,247.5,USD,per_tonne,SYNTHETIC_DEMO
2023-05-04,thermal_coal,147.97,USD,per_tonne,SYNTHETIC_DEMO
2023-05-04,iron_ore,109.43,USD,per_tonne,SYNTHETIC_DEMO
2023-05-04,grain,246.69,USD,per_tonne,SYNTHETIC_DEMO
2023-05-05,thermal_coal,149.41,USD,per_tonne,SYNTHETIC_DEMO
2023-05-05,iron_ore,109.8,USD,per_tonne,SYNTHETIC_DEMO
2023-05-05,grain,247.28,USD,per_tonne,SYNTHETIC_DEMO
2023-05-06,thermal_coal,148.76,USD,per_tonne,SYNTHETIC_DEMO
2023-05-06,iron_ore,108.7,USD,per_tonne,SYNTHETIC_DEMO
2023-05-06,grain,248.83,USD,per_tonne,SYNTHETIC_DEMO
2023-05-07,thermal_coal,149.01,USD,per_tonne,SYNTHETIC_DEMO
2023-05-07,iron_ore,108.4,USD,per_tonne,SYNTHETIC_DEMO
2023-05-07,grain,243.67,USD,per_tonne,SYNTHETIC_DEMO
2023-05-08,thermal_coal,149.0,USD,per_tonne,SYNTHETIC_DEMO
2023-05-08,iron_ore,107.0,USD,per_tonne,SYNTHETIC_DEMO
2023-05-08,grain,244.05,USD,per_tonne,SYNTHETIC_DEMO
2023-05-09,thermal_coal,149.15,USD,per_tonne,SYNTHETIC_DEMO
2023-05-09,iron_ore,107.49,USD,per_tonne,SYNTHETIC_DEMO
2023-05-09,grain,249.43,USD,per_tonne,SYNTHETIC_DEMO
2023-05-10,thermal_coal,148.9,USD,per_tonne,SYNTHETIC_DEMO
2023-05-10,iron_ore,106.28,USD,per_tonne,SYNTHETIC_DEMO
2023-05-10,grain,246.83,USD,per_tonne,SYNTHETIC_DEMO
2023-05-11,thermal_coal,149.63,USD,per_tonne,SYNTHETIC_DEMO
2023-05-11,iron_ore,106.07,USD,per_tonne,SYNTHETIC_DEMO
2023-05-11,grain,246.21,USD,per_tonne,SYNTHETIC_DEMO
2023-05-12,thermal_coal,149.86,USD,per_tonne,SYNTHETIC_DEMO
2023-05-12,iron_ore,106.62,USD,per_tonne,SYNTHETIC_DEMO
2023-05-12,grain,245.43,USD,per_tonne,SYNTHETIC_DEMO
2023-05-13,thermal_coal,149.2,USD,per_tonne,SYNTHETIC_DEMO
2023-05-13,iron_ore,106.07,USD,per_tonne,SYNTHETIC_DEMO
2023-05-13,grain,245.08,USD,per_tonne,SYNTHETIC_DEMO
2023-05-14,thermal_coal,148.03,USD,per_tonne,SYNTHETIC_DEMO
2023-05-14,iron_ore,105.38,USD,per_tonne,SYNTHETIC_DEMO
2023-05-14,grain,244.41,USD,per_tonne,SYNTHETIC_DEMO
2023-05-15,thermal_coal,148.0,USD,per_tonne,SYNTHETIC_DEMO
2023-05-15,iron_ore,106.9,USD,per_tonne,SYNTHETIC_DEMO
2023-05-15,grain,243.66,USD,per_tonne,SYNTHETIC_DEMO
2023-05-16,thermal_coal,148.44,USD,per_tonne,SYNTHETIC_DEMO
2023-05-16,iron_ore,106.5,USD,per_tonne,SYNTHETIC_DEMO
2023-05-16,grain,244.79,USD,per_tonne,SYNTHETIC_DEMO
2023-05-17,thermal_coal,147.81,USD,per_tonne,SYNTHETIC_DEMO
2023-05-17,iron_ore,107.48,USD,per_tonne,SYNTHETIC_DEMO
2023-05-17,grain,245.59,USD,per_tonne,SYNTHETIC_DEMO
2023-05-18,thermal_coal,148.28,USD,per_tonne,SYNTHETIC_DEMO
2023-05-18,iron_ore,108.67,USD,per_tonne,SYNTHETIC_DEMO
2023-05-18,grain,243.7,USD,per_tonne,SYNTHETIC_DEMO
2023-05-19,thermal_coal,148.32,USD,per_tonne,SYNTHETIC_DEMO
2023-05-19,iron_ore,108.55,USD,per_tonne,SYNTHETIC_DEMO
2023-05-19,grain,244.21,USD,per_tonne,SYNTHETIC_DEMO
2023-05-20,thermal_coal,147.61,USD,per_tonne,SYNTHETIC_DEMO
2023-05-20,iron_ore,107.52,USD,per_tonne,SYNTHETIC_DEMO
2023-05-20,grain,243.65,USD,per_tonne,SYNTHETIC_DEMO
2023-05-21,thermal_coal,148.51,USD,per_tonne,SYNTHETIC_DEMO
2023-05-21,iron_ore,106.84,USD,per_tonne,SYNTHETIC_DEMO
2023-05-21,grain,241.63,USD,per_tonne,SYNTHETIC_DEMO
2023-05-22,thermal_coal,148.75,USD,per_tonne,SYNTHETIC_DEMO
2023-05-22,iron_ore,106.62,USD,per_tonne,SYNTHETIC_DEMO
2023-05-22,grain,242.26,USD,per_tonne,SYNTHETIC_DEMO
2023-05-23,thermal_coal,148.98,USD,per_tonne,SYNTHETIC_DEMO
2023-05-23,iron_ore,104.78,USD,per_tonne,SYNTHETIC_DEMO
2023-05-23,grain,243.82,USD,per_tonne,SYNTHETIC_DEMO
2023-05-24,thermal_coal,148.13,USD,per_tonne,SYNTHETIC_DEMO
2023-05-24,iron_ore,104.97,USD,per_tonne,SYNTHETIC_DEMO
2023-05-24,grain,242.45,USD,per_tonne,SYNTHETIC_DEMO
2023-05-25,thermal_coal,148.86,USD,per_tonne,SYNTHETIC_DEMO
2023-05-25,iron_ore,104.86,USD,per_tonne,SYNTHETIC_DEMO
2023-05-25,grain,241.15,USD,per_tonne,SYNTHETIC_DEMO
2023-05-26,thermal_coal,148.22,USD,per_tonne,SYNTHETIC_DEMO
2023-05-26,iron_ore,105.12,USD,per_tonne,SYNTHETIC_DEMO
2023-05-26,grain,245.93,USD,per_tonne,SYNTHETIC_DEMO
2023-05-27,thermal_coal,148.09,USD,per_tonne,SYNTHETIC_DEMO
2023-05-27,iron_ore,105.78,USD,per_tonne,SYNTHETIC_DEMO
2023-05-27,grain,243.11,USD,per_tonne,SYNTHETIC_DEMO
2023-05-28,thermal_coal,147.53,USD,per_tonne,SYNTHETIC_DEMO
2023-05-28,iron_ore,106.62,USD,per_tonne,SYNTHETIC_DEMO
2023-05-28,grain,239.12,USD,per_tonne,SYNTHETIC_DEMO
2023-05-29,thermal_coal,147.08,USD,per_tonne,SYNTHETIC_DEMO
2023-05-29,iron_ore,106.59,USD,per_tonne,SYNTHETIC_DEMO
2023-05-29,grain,240.31,USD,per_tonne,SYNTHETIC_DEMO
2023-05-30,thermal_coal,147.03,USD,per_tonne,SYNTHETIC_DEMO
2023-05-30,iron_ore,106.25,USD,per_tonne,SYNTHETIC_DEMO
2023-05-30,grain,241.01,USD,per_tonne,SYNTHETIC_DEMO
2023-05-31,thermal_coal,146.37,USD,per_tonne,SYNTHETIC_DEMO
2023-05-31,iron_ore,105.1,USD,per_tonne,SYNTHETIC_DEMO
2023-05-31,grain,240.08,USD,per_tonne,SYNTHETIC_DEMO
2023-06-01,thermal_coal,146.48,USD,per_tonne,SYNTHETIC_DEMO
2023-06-01,iron_ore,104.65,USD,per_tonne,SYNTHETIC_DEMO
2023-06-01,grain,244.46,USD,per_tonne,SYNTHETIC_DEMO
2023-06-02,thermal_coal,145.39,USD,per_tonne,SYNTHETIC_DEMO
2023-06-02,iron_ore,105.25,USD,per_tonne,SYNTHETIC_DEMO
2023-06-02,grain,244.27,USD,per_tonne,SYNTHETIC_DEMO
2023-06-03,thermal_coal,144.62,USD,per_tonne,SYNTHETIC_DEMO
2023-06-03,iron_ore,105.01,USD,per_tonne,SYNTHETIC_DEMO
2023-06-03,grain,239.23,USD,per_tonne,SYNTHETIC_DEMO
2023-06-04,thermal_coal,144.32,USD,per_tonne,SYNTHETIC_DEMO
2023-06-04,iron_ore,104.87,USD,per_tonne,SYNTHETIC_DEMO
2023-06-04,grain,241.02,USD,per_tonne,SYNTHETIC_DEMO
2023-06-05,thermal_coal,144.31,USD,per_tonne,SYNTHETIC_DEMO
2023-06-05,iron_ore,104.89,USD,per_tonne,SYNTHETIC_DEMO
2023-06-05,grain,238.41,USD,per_tonne,SYNTHETIC_DEMO
2023-06-06,thermal_coal,143.74,USD,per_tonne,SYNTHETIC_DEMO
2023-06-06,iron_ore,104.88,USD,per_tonne,SYNTHETIC_DEMO
2023-06-06,grain,241.6,USD,per_tonne,SYNTHETIC_DEMO
2023-06-07,thermal_coal,144.49,USD,per_tonne,SYNTHETIC_DEMO
2023-06-07,iron_ore,105.59,USD,per_tonne,SYNTHETIC_DEMO
2023-06-07,grain,239.42,USD,per_tonne,SYNTHETIC_DEMO
2023-06-08,thermal_coal,144.4,USD,per_tonne,SYNTHETIC_DEMO
2023-06-08,iron_ore,105.89,USD,per_tonne,SYNTHETIC_DEMO
2023-06-08,grain,239.42,USD,per_tonne,SYNTHETIC_DEMO
2023-06-09,thermal_coal,143.55,USD,per_tonne,SYNTHETIC_DEMO
2023-06-09,iron_ore,105.61,USD,per_tonne,SYNTHETIC_DEMO
2023-06-09,grain,242.05,USD,per_tonne,SYNTHETIC_DEMO
2023-06-10,thermal_coal,143.7,USD,per_tonne,SYNTHETIC_DEMO
2023-06-10,iron_ore,105.87,USD,per_tonne,SYNTHETIC_DEMO
2023-06-10,grain,235.62,USD,per_tonne,SYNTHETIC_DEMO
2023-06-11,thermal_coal,144.54,USD,per_tonne,SYNTHETIC_DEMO
2023-06-11,iron_ore,105.58,USD,per_tonne,SYNTHETIC_DEMO
2023-06-11,grain,242.35,USD,per_tonne,SYNTHETIC_DEMO
2023-06-12,thermal_coal,143.89,USD,per_tonne,SYNTHETIC_DEMO
2023-06-12,iron_ore,103.9,USD,per_tonne,SYNTHETIC_DEMO
2023-06-12,grain,240.48,USD,per_tonne,SYNTHETIC_DEMO
2023-06-13,thermal_coal,143.36,USD,per_tonne,SYNTHETIC_DEMO
2023-06-13,iron_ore,102.38,USD,per_tonne,SYNTHETIC_DEMO
2023-06-13,grain,239.03,USD,per_tonne,SYNTHETIC_DEMO
2023-06-14,thermal_coal,143.96,USD,per_tonne,SYNTHETIC_DEMO
2023-06-14,iron_ore,101.11,USD,per_tonne,SYNTHETIC_DEMO
2023-06-14,grain,242.16,USD,per_tonne,SYNTHETIC_DEMO
2023-06-15,thermal_coal,144.42,USD,per_tonne,SYNTHETIC_DEMO
2023-06-15,iron_ore,99.77,USD,per_tonne,SYNTHETIC_DEMO
2023-06-15,grain,241.25,USD,per_tonne,SYNTHETIC_DEMO
2023-06-16,thermal_coal,144.09,USD,per_tonne,SYNTHETIC_DEMO
2023-06-16,iron_ore,99.75,USD,per_tonne,SYNTHETIC_DEMO
2023-06-16,grain,238.67,USD,per_tonne,SYNTHETIC_DEMO
2023-06-17,thermal_coal,143.51,USD,per_tonne,SYNTHETIC_DEMO
2023-06-17,iron_ore,99.97,USD,per_tonne,SYNTHETIC_DEMO
2023-06-17,grain,235.87,USD,per_tonne,SYNTHETIC_DEMO
2023-06-18,thermal_coal,142.11,USD,per_tonne,SYNTHETIC_DEMO
2023-06-18,iron_ore,100.17,USD,per_tonne,SYNTHETIC_DEMO
2023-06-18,grain,235.79,USD,per_tonne,SYNTHETIC_DEMO
2023-06-19,thermal_coal,142.08,USD,per_tonne,SYNTHETIC_DEMO
2023-06-19,iron_ore,98.64,USD,per_tonne,SYNTHETIC_DEMO
2023-06-19,grain,234.32,USD,per_tonne,SYNTHETIC_DEMO
2023-06-20,thermal_coal,142.63,USD,per_tonne,SYNTHETIC_DEMO
2023-06-20,iron_ore,98.68,USD,per_tonne,SYNTHETIC_DEMO
2023-06-20,grain,239.45,USD,per_tonne,SYNTHETIC_DEMO
2023-06-21,thermal_coal,141.28,USD,per_tonne,SYNTHETIC_DEMO
2023-06-21,iron_ore,98.87,USD,per_tonne,SYNTHETIC_DEMO
2023-06-21,grain,237.14,USD,per_tonne,SYNTHETIC_DEMO
2023-06-22,thermal_coal,141.58,USD,per_tonne,SYNTHETIC_DEMO
2023-06-22,iron_ore,98.75,USD,per_tonne,SYNTHETIC_DEMO
2023-06-22,grain,237.37,USD,per_tonne,SYNTHETIC_DEMO
2023-06-23,thermal_coal,140.26,USD,per_tonne,SYNTHETIC_DEMO
2023-06-23,iron_ore,97.42,USD,per_tonne,SYNTHETIC_DEMO
2023-06-23,grain,235.86,USD,per_tonne,SYNTHETIC_DEMO
2023-06-24,thermal_coal,141.28,USD,per_tonne,SYNTHETIC_DEMO
2023-06-24,iron_ore,99.18,USD,per_tonne,SYNTHETIC_DEMO
2023-06-24,grain,236.24,USD,per_tonne,SYNTHETIC_DEMO
2023-06-25,thermal_coal,140.87,USD,per_tonne,SYNTHETIC_DEMO
2023-06-25,iron_ore,99.42,USD,per_tonne,SYNTHETIC_DEMO
2023-06-25,grain,235.48,USD,per_tonne,SYNTHETIC_DEMO
2023-06-26,thermal_coal,140.67,USD,per_tonne,SYNTHETIC_DEMO
2023-06-26,iron_ore,100.24,USD,per_tonne,SYNTHETIC_DEMO
2023-06-26,grain,237.2,USD,per_tonne,SYNTHETIC_DEMO
2023-06-27,thermal_coal,139.94,USD,per_tonne,SYNTHETIC_DEMO
2023-06-27,iron_ore,100.64,USD,per_tonne,SYNTHETIC_DEMO
2023-06-27,grain,235.51,USD,per_tonne,SYNTHETIC_DEMO
2023-06-28,thermal_coal,138.68,USD,per_tonne,SYNTHETIC_DEMO
2023-06-28,iron_ore,99.69,USD,per_tonne,SYNTHETIC_DEMO
2023-06-28,grain,235.02,USD,per_tonne,SYNTHETIC_DEMO
2023-06-29,thermal_coal,137.68,USD,per_tonne,SYNTHETIC_DEMO
2023-06-29,iron_ore,100.09,USD,per_tonne,SYNTHETIC_DEMO
2023-06-29,grain,237.02,USD,per_tonne,SYNTHETIC_DEMO
2023-06-30,thermal_coal,136.62,USD,per_tonne,SYNTHETIC_DEMO
2023-06-30,iron_ore,100.09,USD,per_tonne,SYNTHETIC_DEMO
2023-06-30,grain,235.37,USD,per_tonne,SYNTHETIC_DEMO
2023-07-01,thermal_coal,137.09,USD,per_tonne,SYNTHETIC_DEMO
2023-07-01,iron_ore,100.61,USD,per_tonne,SYNTHETIC_DEMO
2023-07-01,grain,235.12,USD,per_tonne,SYNTHETIC_DEMO
2023-07-02,thermal_coal,137.17,USD,per_tonne,SYNTHETIC_DEMO
2023-07-02,iron_ore,101.63,USD,per_tonne,SYNTHETIC_DEMO
2023-07-02,grain,237.79,USD,per_tonne,SYNTHETIC_DEMO
2023-07-03,thermal_coal,137.32,USD,per_tonne,SYNTHETIC_DEMO
2023-07-03,iron_ore,102.11,USD,per_tonne,SYNTHETIC_DEMO
2023-07-03,grain,238.28,USD,per_tonne,SYNTHETIC_DEMO
2023-07-04,thermal_coal,137.41,USD,per_tonne,SYNTHETIC_DEMO
2023-07-04,iron_ore,101.39,USD,per_tonne,SYNTHETIC_DEMO
2023-07-04,grain,238.32,USD,per_tonne,SYNTHETIC_DEMO
2023-07-05,thermal_coal,138.39,USD,per_tonne,SYNTHETIC_DEMO
2023-07-05,iron_ore,101.24,USD,per_tonne,SYNTHETIC_DEMO
2023-07-05,grain,236.16,USD,per_tonne,SYNTHETIC_DEMO
2023-07-06,thermal_coal,137.71,USD,per_tonne,SYNTHETIC_DEMO
2023-07-06,iron_ore,100.67,USD,per_tonne,SYNTHETIC_DEMO
2023-07-06,grain,238.02,USD,per_tonne,SYNTHETIC_DEMO
2023-07-07,thermal_coal,138.2,USD,per_tonne,SYNTHETIC_DEMO
2023-07-07,iron_ore,100.65,USD,per_tonne,SYNTHETIC_DEMO
2023-07-07,grain,237.9,USD,per_tonne,SYNTHETIC_DEMO
2023-07-08,thermal_coal,137.23,USD,per_tonne,SYNTHETIC_DEMO
2023-07-08,iron_ore,100.47,USD,per_tonne,SYNTHETIC_DEMO
2023-07-08,grain,237.63,USD,per_tonne,SYNTHETIC_DEMO
2023-07-09,thermal_coal,137.17,USD,per_tonne,SYNTHETIC_DEMO
2023-07-09,iron_ore,100.72,USD,per_tonne,SYNTHETIC_DEMO
2023-07-09,grain,235.18,USD,per_tonne,SYNTHETIC_DEMO
2023-07-10,thermal_coal,136.82,USD,per_tonne,SYNTHETIC_DEMO
2023-07-10,iron_ore,100.06,USD,per_tonne,SYNTHETIC_DEMO
2023-07-10,grain,235.77,USD,per_tonne,SYNTHETIC_DEMO
2023-07-11,thermal_coal,135.96,USD,per_tonne,SYNTHETIC_DEMO
2023-07-11,iron_ore,99.6,USD,per_tonne,SYNTHETIC_DEMO
2023-07-11,grain,234.5,USD,per_tonne,SYNTHETIC_DEMO
2023-07-12,thermal_coal,137.88,USD,per_tonne,SYNTHETIC_DEMO
2023-07-12,iron_ore,100.2,USD,per_tonne,SYNTHETIC_DEMO
2023-07-12,grain,237.87,USD,per_tonne,SYNTHETIC_DEMO
2023-07-13,thermal_coal,138.29,USD,per_tonne,SYNTHETIC_DEMO
2023-07-13,iron_ore,101.36,USD,per_tonne,SYNTHETIC_DEMO
2023-07-13,grain,234.43,USD,per_tonne,SYNTHETIC_DEMO
2023-07-14,thermal_coal,136.89,USD,per_tonne,SYNTHETIC_DEMO
2023-07-14,iron_ore,102.56,USD,per_tonne,SYNTHETIC_DEMO
2023-07-14,grain,237.39,USD,per_tonne,SYNTHETIC_DEMO
2023-07-15,thermal_coal,135.81,USD,per_tonne,SYNTHETIC_DEMO
2023-07-15,iron_ore,102.75,USD,per_tonne,SYNTHETIC_DEMO
2023-07-15,grain,234.33,USD,per_tonne,SYNTHETIC_DEMO
2023-07-16,thermal_coal,136.54,USD,per_tonne,SYNTHETIC_DEMO
2023-07-16,iron_ore,102.63,USD,per_tonne,SYNTHETIC_DEMO
2023-07-16,grain,233.71,USD,per_tonne,SYNTHETIC_DEMO
2023-07-17,thermal_coal,137.6,USD,per_tonne,SYNTHETIC_DEMO
2023-07-17,iron_ore,101.18,USD,per_tonne,SYNTHETIC_DEMO
2023-07-17,grain,237.94,USD,per_tonne,SYNTHETIC_DEMO
2023-07-18,thermal_coal,137.15,USD,per_tonne,SYNTHETIC_DEMO
2023-07-18,iron_ore,101.15,USD,per_tonne,SYNTHETIC_DEMO
2023-07-18,grain,235.0,USD,per_tonne,SYNTHETIC_DEMO
2023-07-19,thermal_coal,137.16,USD,per_tonne,SYNTHETIC_DEMO
2023-07-19,iron_ore,101.58,USD,per_tonne,SYNTHETIC_DEMO
2023-07-19,grain,232.35,USD,per_tonne,SYNTHETIC_DEMO
2023-07-20,thermal_coal,138.36,USD,per_tonne,SYNTHETIC_DEMO
2023-07-20,iron_ore,102.74,USD,per_tonne,SYNTHETIC_DEMO
2023-07-20,grain,234.16,USD,per_tonne,SYNTHETIC_DEMO
2023-07-21,thermal_coal,136.77,USD,per_tonne,SYNTHETIC_DEMO
2023-07-21,iron_ore,103.28,USD,per_tonne,SYNTHETIC_DEMO
2023-07-21,grain,234.4,USD,per_tonne,SYNTHETIC_DEMO
2023-07-22,thermal_coal,136.08,USD,per_tonne,SYNTHETIC_DEMO
2023-07-22,iron_ore,102.66,USD,per_tonne,SYNTHETIC_DEMO
2023-07-22,grain,229.94,USD,per_tonne,SYNTHETIC_DEMO
2023-07-23,thermal_coal,136.03,USD,per_tonne,SYNTHETIC_DEMO
2023-07-23,iron_ore,103.3,USD,per_tonne,SYNTHETIC_DEMO
2023-07-23,grain,237.56,USD,per_tonne,SYNTHETIC_DEMO
2023-07-24,thermal_coal,136.68,USD,per_tonne,SYNTHETIC_DEMO
2023-07-24,iron_ore,104.25,USD,per_tonne,SYNTHETIC_DEMO
2023-07-24,grain,230.8,USD,per_tonne,SYNTHETIC_DEMO
2023-07-25,thermal_coal,136.47,USD,per_tonne,SYNTHETIC_DEMO
2023-07-25,iron_ore,103.64,USD,per_tonne,SYNTHETIC_DEMO
2023-07-25,grain,231.75,USD,per_tonne,SYNTHETIC_DEMO
2023-07-26,thermal_coal,136.47,USD,per_tonne,SYNTHETIC_DEMO
2023-07-26,iron_ore,103.33,USD,per_tonne,SYNTHETIC_DEMO
2023-07-26,grain,234.59,USD,per_tonne,SYNTHETIC_DEMO
2023-07-27,thermal_coal,136.46,USD,per_tonne,SYNTHETIC_DEMO
2023-07-27,iron_ore,104.44,USD,per_tonne,SYNTHETIC_DEMO
2023-07-27,grain,233.02,USD,per_tonne,SYNTHETIC_DEMO
2023-07-28,thermal_coal,136.43,USD,per_tonne,SYNTHETIC_DEMO
2023-07-28,iron_ore,105.39,USD,per_tonne,SYNTHETIC_DEMO
2023-07-28,grain,237.8,USD,per_tonne,SYNTHETIC_DEMO
2023-07-29,thermal_coal,135.72,USD,per_tonne,SYNTHETIC_DEMO
2023-07-29,iron_ore,105.86,USD,per_tonne,SYNTHETIC_DEMO
2023-07-29,grain,235.0,USD,per_tonne,SYNTHETIC_DEMO
2023-07-30,thermal_coal,134.56,USD,per_tonne,SYNTHETIC_DEMO
2023-07-30,iron_ore,105.19,USD,per_tonne,SYNTHETIC_DEMO
2023-07-30,grain,234.42,USD,per_tonne,SYNTHETIC_DEMO
2023-07-31,thermal_coal,133.94,USD,per_tonne,SYNTHETIC_DEMO
2023-07-31,iron_ore,104.86,USD,per_tonne,SYNTHETIC_DEMO
2023-07-31,grain,233.53,USD,per_tonne,SYNTHETIC_DEMO
2023-08-01,thermal_coal,133.89,USD,per_tonne,SYNTHETIC_DEMO
2023-08-01,iron_ore,105.6,USD,per_tonne,SYNTHETIC_DEMO
2023-08-01,grain,234.4,USD,per_tonne,SYNTHETIC_DEMO
2023-08-02,thermal_coal,133.95,USD,per_tonne,SYNTHETIC_DEMO
2023-08-02,iron_ore,105.41,USD,per_tonne,SYNTHETIC_DEMO
2023-08-02,grain,234.23,USD,per_tonne,SYNTHETIC_DEMO
2023-08-03,thermal_coal,133.57,USD,per_tonne,SYNTHETIC_DEMO
2023-08-03,iron_ore,106.53,USD,per_tonne,SYNTHETIC_DEMO
2023-08-03,grain,236.86,USD,per_tonne,SYNTHETIC_DEMO
2023-08-04,thermal_coal,131.91,USD,per_tonne,SYNTHETIC_DEMO
2023-08-04,iron_ore,107.51,USD,per_tonne,SYNTHETIC_DEMO
2023-08-04,grain,236.34,USD,per_tonne,SYNTHETIC_DEMO
2023-08-05,thermal_coal,130.07,USD,per_tonne,SYNTHETIC_DEMO
2023-08-05,iron_ore,108.25,USD,per_tonne,SYNTHETIC_DEMO
2023-08-05,grain,233.55,USD,per_tonne,SYNTHETIC_DEMO
2023-08-06,thermal_coal,128.19,USD,per_tonne,SYNTHETIC_DEMO
2023-08-06,iron_ore,108.07,USD,per_tonne,SYNTHETIC_DEMO
2023-08-06,grain,236.25,USD,per_tonne,SYNTHETIC_DEMO
2023-08-07,thermal_coal,128.58,USD,per_tonne,SYNTHETIC_DEMO
2023-08-07,iron_ore,107.66,USD,per_tonne,SYNTHETIC_DEMO
2023-08-07,grain,235.69,USD,per_tonne,SYNTHETIC_DEMO
2023-08-08,thermal_coal,130.11,USD,per_tonne,SYNTHETIC_DEMO
2023-08-08,iron_ore,107.55,USD,per_tonne,SYNTHETIC_DEMO
2023-08-08,grain,234.91,USD,per_tonne,SYNTHETIC_DEMO
2023-08-09,thermal_coal,130.78,USD,per_tonne,SYNTHETIC_DEMO
2023-08-09,iron_ore,106.55,USD,per_tonne,SYNTHETIC_DEMO
2023-08-09,grain,236.41,USD,per_tonne,SYNTHETIC_DEMO
2023-08-10,thermal_coal,129.04,USD,per_tonne,SYNTHETIC_DEMO
2023-08-10,iron_ore,106.23,USD,per_tonne,SYNTHETIC_DEMO
2023-08-10,grain,236.32,USD,per_tonne,SYNTHETIC_DEMO
2023-08-11,thermal_coal,128.67,USD,per_tonne,SYNTHETIC_DEMO
2023-08-11,iron_ore,106.62,USD,per_tonne,SYNTHETIC_DEMO
2023-08-11,grain,237.28,USD,per_tonne,SYNTHETIC_DEMO
2023-08-12,thermal_coal,129.36,USD,per_tonne,SYNTHETIC_DEMO
2023-08-12,iron_ore,106.71,USD,per_tonne,SYNTHETIC_DEMO
2023-08-12,grain,233.99,USD,per_tonne,SYNTHETIC_DEMO
2023-08-13,thermal_coal,130.57,USD,per_tonne,SYNTHETIC_DEMO
2023-08-13,iron_ore,107.53,USD,per_tonne,SYNTHETIC_DEMO
2023-08-13,grain,233.79,USD,per_tonne,SYNTHETIC_DEMO
2023-08-14,thermal_coal,130.44,USD,per_tonne,SYNTHETIC_DEMO
2023-08-14,iron_ore,108.81,USD,per_tonne,SYNTHETIC_DEMO
2023-08-14,grain,241.61,USD,per_tonne,SYNTHETIC_DEMO
2023-08-15,thermal_coal,130.98,USD,per_tonne,SYNTHETIC_DEMO
2023-08-15,iron_ore,109.2,USD,per_tonne,SYNTHETIC_DEMO
2023-08-15,grain,237.82,USD,per_tonne,SYNTHETIC_DEMO
2023-08-16,thermal_coal,130.77,USD,per_tonne,SYNTHETIC_DEMO
2023-08-16,iron_ore,109.77,USD,per_tonne,SYNTHETIC_DEMO
2023-08-16,grain,236.74,USD,per_tonne,SYNTHETIC_DEMO
2023-08-17,thermal_coal,132.38,USD,per_tonne,SYNTHETIC_DEMO
2023-08-17,iron_ore,108.72,USD,per_tonne,SYNTHETIC_DEMO
2023-08-17,grain,234.92,USD,per_tonne,SYNTHETIC_DEMO
2023-08-18,thermal_coal,131.42,USD,per_tonne,SYNTHETIC_DEMO
2023-08-18,iron_ore,108.66,USD,per_tonne,SYNTHETIC_DEMO
2023-08-18,grain,237.81,USD,per_tonne,SYNTHETIC_DEMO
2023-08-19,thermal_coal,131.99,USD,per_tonne,SYNTHETIC_DEMO
2023-08-19,iron_ore,109.61,USD,per_tonne,SYNTHETIC_DEMO
2023-08-19,grain,235.87,USD,per_tonne,SYNTHETIC_DEMO
2023-08-20,thermal_coal,130.66,USD,per_tonne,SYNTHETIC_DEMO
2023-08-20,iron_ore,108.21,USD,per_tonne,SYNTHETIC_DEMO
2023-08-20,grain,234.64,USD,per_tonne,SYNTHETIC_DEMO
2023-08-21,thermal_coal,130.43,USD,per_tonne,SYNTHETIC_DEMO
2023-08-21,iron_ore,108.67,USD,per_tonne,SYNTHETIC_DEMO
2023-08-21,grain,233.41,USD,per_tonne,SYNTHETIC_DEMO
2023-08-22,thermal_coal,130.67,USD,per_tonne,SYNTHETIC_DEMO
2023-08-22,iron_ore,108.56,USD,per_tonne,SYNTHETIC_DEMO
2023-08-22,grain,236.37,USD,per_tonne,SYNTHETIC_DEMO
2023-08-23,thermal_coal,131.25,USD,per_tonne,SYNTHETIC_DEMO
2023-08-23,iron_ore,108.97,USD,per_tonne,SYNTHETIC_DEMO
2023-08-23,grain,236.8,USD,per_tonne,SYNTHETIC_DEMO
2023-08-24,thermal_coal,131.21,USD,per_tonne,SYNTHETIC_DEMO
2023-08-24,iron_ore,108.26,USD,per_tonne,SYNTHETIC_DEMO
2023-08-24,grain,234.88,USD,per_tonne,SYNTHETIC_DEMO
2023-08-25,thermal_coal,133.09,USD,per_tonne,SYNTHETIC_DEMO
2023-08-25,iron_ore,109.96,USD,per_tonne,SYNTHETIC_DEMO
2023-08-25,grain,239.63,USD,per_tonne,SYNTHETIC_DEMO
2023-08-26,thermal_coal,132.83,USD,per_tonne,SYNTHETIC_DEMO
2023-08-26,iron_ore,110.28,USD,per_tonne,SYNTHETIC_DEMO
2023-08-26,grain,234.23,USD,per_tonne,SYNTHETIC_DEMO
2023-08-27,thermal_coal,132.2,USD,per_tonne,SYNTHETIC_DEMO
2023-08-27,iron_ore,110.63,USD,per_tonne,SYNTHETIC_DEMO
2023-08-27,grain,238.08,USD,per_tonne,SYNTHETIC_DEMO
2023-08-28,thermal_coal,132.15,USD,per_tonne,SYNTHETIC_DEMO
2023-08-28,iron_ore,111.18,USD,per_tonne,SYNTHETIC_DEMO
2023-08-28,grain,234.42,USD,per_tonne,SYNTHETIC_DEMO
2023-08-29,thermal_coal,132.31,USD,per_tonne,SYNTHETIC_DEMO
2023-08-29,iron_ore,111.51,USD,per_tonne,SYNTHETIC_DEMO
2023-08-29,grain,237.07,USD,per_tonne,SYNTHETIC_DEMO
2023-08-30,thermal_coal,130.41,USD,per_tonne,SYNTHETIC_DEMO
2023-08-30,iron_ore,111.04,USD,per_tonne,SYNTHETIC_DEMO
2023-08-30,grain,237.16,USD,per_tonne,SYNTHETIC_DEMO
2023-08-31,thermal_coal,130.23,USD,per_tonne,SYNTHETIC_DEMO
2023-08-31,iron_ore,111.87,USD,per_tonne,SYNTHETIC_DEMO
2023-08-31,grain,238.91,USD,per_tonne,SYNTHETIC_DEMO
2023-09-01,thermal_coal,131.63,USD,per_tonne,SYNTHETIC_DEMO
2023-09-01,iron_ore,111.5,USD,per_tonne,SYNTHETIC_DEMO
2023-09-01,grain,237.83,USD,per_tonne,SYNTHETIC_DEMO
2023-09-02,thermal_coal,131.81,USD,per_tonne,SYNTHETIC_DEMO
2023-09-02,iron_ore,112.66,USD,per_tonne,SYNTHETIC_DEMO
2023-09-02,grain,240.8,USD,per_tonne,SYNTHETIC_DEMO
2023-09-03,thermal_coal,131.83,USD,per_tonne,SYNTHETIC_DEMO
2023-09-03,iron_ore,112.69,USD,per_tonne,SYNTHETIC_DEMO
2023-09-03,grain,239.11,USD,per_tonne,SYNTHETIC_DEMO
2023-09-04,thermal_coal,132.11,USD,per_tonne,SYNTHETIC_DEMO
2023-09-04,iron_ore,113.11,USD,per_tonne,SYNTHETIC_DEMO
2023-09-04,grain,238.01,USD,per_tonne,SYNTHETIC_DEMO
2023-09-05,thermal_coal,131.43,USD,per_tonne,SYNTHETIC_DEMO
2023-09-05,iron_ore,112.5,USD,per_tonne,SYNTHETIC_DEMO
2023-09-05,grain,239.9,USD,per_tonne,SYNTHETIC_DEMO
2023-09-06,thermal_coal,131.84,USD,per_tonne,SYNTHETIC_DEMO
2023-09-06,iron_ore,112.21,USD,per_tonne,SYNTHETIC_DEMO
2023-09-06,grain,239.66,USD,per_tonne,SYNTHETIC_DEMO
2023-09-07,thermal_coal,132.82,USD,per_tonne,SYNTHETIC_DEMO
2023-09-07,iron_ore,113.17,USD,per_tonne,SYNTHETIC_DEMO
2023-09-07,grain,237.42,USD,per_tonne,SYNTHETIC_DEMO
2023-09-08,thermal_coal,133.52,USD,per_tonne,SYNTHETIC_DEMO
2023-09-08,iron_ore,113.8,USD,per_tonne,SYNTHETIC_DEMO
2023-09-08,grain,241.37,USD,per_tonne,SYNTHETIC_DEMO
2023-09-09,thermal_coal,133.07,USD,per_tonne,SYNTHETIC_DEMO
2023-09-09,iron_ore,113.51,USD,per_tonne,SYNTHETIC_DEMO
2023-09-09,grain,237.09,USD,per_tonne,SYNTHETIC_DEMO
2023-09-10,thermal_coal,132.29,USD,per_tonne,SYNTHETIC_DEMO
2023-09-10,iron_ore,113.91,USD,per_tonne,SYNTHETIC_DEMO
2023-09-10,grain,239.36,USD,per_tonne,SYNTHETIC_DEMO
2023-09-11,thermal_coal,131.4,USD,per_tonne,SYNTHETIC_DEMO
2023-09-11,iron_ore,114.53,USD,per_tonne,SYNTHETIC_DEMO
2023-09-11,grain,237.61,USD,per_tonne,SYNTHETIC_DEMO
2023-09-12,thermal_coal,130.87,USD,per_tonne,SYNTHETIC_DEMO
2023-09-12,iron_ore,114.17,USD,per_tonne,SYNTHETIC_DEMO
2023-09-12,grain,241.02,USD,per_tonne,SYNTHETIC_DEMO
2023-09-13,thermal_coal,131.54,USD,per_tonne,SYNTHETIC_DEMO
2023-09-13,iron_ore,113.67,USD,per_tonne,SYNTHETIC_DEMO
2023-09-13,grain,244.97,USD,per_tonne,SYNTHETIC_DEMO
2023-09-14,thermal_coal,131.81,USD,per_tonne,SYNTHETIC_DEMO
2023-09-14,iron_ore,112.85,USD,per_tonne,SYNTHETIC_DEMO
2023-09-14,grain,239.4,USD,per_tonne,SYNTHETIC_DEMO
2023-09-15,thermal_coal,131.6,USD,per_tonne,SYNTHETIC_DEMO
2023-09-15,iron_ore,113.18,USD,per_tonne,SYNTHETIC_DEMO
2023-09-15,grain,243.17,USD,per_tonne,SYNTHETIC_DEMO
2023-09-16,thermal_coal,130.4,USD,per_tonne,SYNTHETIC_DEMO
2023-09-16,iron_ore,113.6,USD,per_tonne,SYNTHETIC_DEMO
2023-09-16,grain,239.43,USD,per_tonne,SYNTHETIC_DEMO
2023-09-17,thermal_coal,131.63,USD,per_tonne,SYNTHETIC_DEMO
2023-09-17,iron_ore,112.1,USD,per_tonne,SYNTHETIC_DEMO
2023-09-17,grain,240.03,USD,per_tonne,SYNTHETIC_DEMO
2023-09-18,thermal_coal,132.93,USD,per_tonne,SYNTHETIC_DEMO
2023-09-18,iron_ore,112.62,USD,per_tonne,SYNTHETIC_DEMO
2023-09-18,grain,243.34,USD,per_tonne,SYNTHETIC_DEMO
2023-09-19,thermal_coal,134.01,USD,per_tonne,SYNTHETIC_DEMO
2023-09-19,iron_ore,113.04,USD,per_tonne,SYNTHETIC_DEMO
2023-09-19,grain,237.83,USD,per_tonne,SYNTHETIC_DEMO
2023-09-20,thermal_coal,134.14,USD,per_tonne,SYNTHETIC_DEMO
2023-09-20,iron_ore,113.01,USD,per_tonne,SYNTHETIC_DEMO
2023-09-20,grain,241.15,USD,per_tonne,SYNTHETIC_DEMO
2023-09-21,thermal_coal,134.14,USD,per_tonne,SYNTHETIC_DEMO
2023-09-21,iron_ore,113.76,USD,per_tonne,SYNTHETIC_DEMO
2023-09-21,grain,238.83,USD,per_tonne,SYNTHETIC_DEMO
2023-09-22,thermal_coal,134.46,USD,per_tonne,SYNTHETIC_DEMO
2023-09-22,iron_ore,113.12,USD,per_tonne,SYNTHETIC_DEMO
2023-09-22,grain,241.2,USD,per_tonne,SYNTHETIC_DEMO
2023-09-23,thermal_coal,133.46,USD,per_tonne,SYNTHETIC_DEMO
2023-09-23,iron_ore,112.22,USD,per_tonne,SYNTHETIC_DEMO
2023-09-23,grain,243.77,USD,per_tonne,SYNTHETIC_DEMO
2023-09-24,thermal_coal,132.76,USD,per_tonne,SYNTHETIC_DEMO
2023-09-24,iron_ore,112.34,USD,per_tonne,SYNTHETIC_DEMO
2023-09-24,grain,243.06,USD,per_tonne,SYNTHETIC_DEMO
2023-09-25,thermal_coal,133.09,USD,per_tonne,SYNTHETIC_DEMO
2023-09-25,iron_ore,112.88,USD,per_tonne,SYNTHETIC_DEMO
2023-09-25,grain,241.96,USD,per_tonne,SYNTHETIC_DEMO
2023-09-26,thermal_coal,133.94,USD,per_tonne,SYNTHETIC_DEMO
2023-09-26,iron_ore,113.57,USD,per_tonne,SYNTHETIC_DEMO
2023-09-26,grain,247.13,USD,per_tonne,SYNTHETIC_DEMO
2023-09-27,thermal_coal,131.95,USD,per_tonne,SYNTHETIC_DEMO
2023-09-27,iron_ore,113.82,USD,per_tonne,SYNTHETIC_DEMO
2023-09-27,grain,247.68,USD,per_tonne,SYNTHETIC_DEMO
2023-09-28,thermal_coal,131.62,USD,per_tonne,SYNTHETIC_DEMO
2023-09-28,iron_ore,114.12,USD,per_tonne,SYNTHETIC_DEMO
2023-09-28,grain,246.27,USD,per_tonne,SYNTHETIC_DEMO
2023-09-29,thermal_coal,131.92,USD,per_tonne,SYNTHETIC_DEMO
2023-09-29,iron_ore,113.78,USD,per_tonne,SYNTHETIC_DEMO
2023-09-29,grain,239.44,USD,per_tonne,SYNTHETIC_DEMO
2023-09-30,thermal_coal,132.37,USD,per_tonne,SYNTHETIC_DEMO
2023-09-30,iron_ore,114.48,USD,per_tonne,SYNTHETIC_DEMO
2023-09-30,grain,244.1,USD,per_tonne,SYNTHETIC_DEMO
2023-10-01,thermal_coal,132.67,USD,per_tonne,SYNTHETIC_DEMO
2023-10-01,iron_ore,114.46,USD,per_tonne,SYNTHETIC_DEMO
2023-10-01,grain,242.38,USD,per_tonne,SYNTHETIC_DEMO
2023-10-02,thermal_coal,132.47,USD,per_tonne,SYNTHETIC_DEMO
2023-10-02,iron_ore,114.46,USD,per_tonne,SYNTHETIC_DEMO
2023-10-02,grain,244.1,USD,per_tonne,SYNTHETIC_DEMO
2023-10-03,thermal_coal,130.68,USD,per_tonne,SYNTHETIC_DEMO
2023-10-03,iron_ore,112.92,USD,per_tonne,SYNTHETIC_DEMO
2023-10-03,grain,247.79,USD,per_tonne,SYNTHETIC_DEMO
2023-10-04,thermal_coal,129.45,USD,per_tonne,SYNTHETIC_DEMO
2023-10-04,iron_ore,112.83,USD,per_tonne,SYNTHETIC_DEMO
2023-10-04,grain,242.91,USD,per_tonne,SYNTHETIC_DEMO
2023-10-05,thermal_coal,130.12,USD,per_tonne,SYNTHETIC_DEMO
2023-10-05,iron_ore,112.71,USD,per_tonne,SYNTHETIC_DEMO
2023-10-05,grain,250.55,USD,per_tonne,SYNTHETIC_DEMO
2023-10-06,thermal_coal,128.97,USD,per_tonne,SYNTHETIC_DEMO
2023-10-06,iron_ore,112.9,USD,per_tonne,SYNTHETIC_DEMO
2023-10-06,grain,248.72,USD,per_tonne,SYNTHETIC_DEMO
2023-10-07,thermal_coal,129.87,USD,per_tonne,SYNTHETIC_DEMO
2023-10-07,iron_ore,112.08,USD,per_tonne,SYNTHETIC_DEMO
2023-10-07,grain,243.88,USD,per_tonne,SYNTHETIC_DEMO
2023-10-08,thermal_coal,129.66,USD,per_tonne,SYNTHETIC_DEMO
2023-10-08,iron_ore,111.37,USD,per_tonne,SYNTHETIC_DEMO
2023-10-08,grain,244.01,USD,per_tonne,SYNTHETIC_DEMO
2023-10-09,thermal_coal,129.52,USD,per_tonne,SYNTHETIC_DEMO
2023-10-09,iron_ore,111.38,USD,per_tonne,SYNTHETIC_DEMO
2023-10-09,grain,244.85,USD,per_tonne,SYNTHETIC_DEMO
2023-10-10,thermal_coal,129.21,USD,per_tonne,SYNTHETIC_DEMO
2023-10-10,iron_ore,112.25,USD,per_tonne,SYNTHETIC_DEMO
2023-10-10,grain,245.34,USD,per_tonne,SYNTHETIC_DEMO
2023-10-11,thermal_coal,129.77,USD,per_tonne,SYNTHETIC_DEMO
2023-10-11,iron_ore,112.8,USD,per_tonne,SYNTHETIC_DEMO
2023-10-11,grain,250.01,USD,per_tonne,SYNTHETIC_DEMO
2023-10-12,thermal_coal,129.21,USD,per_tonne,SYNTHETIC_DEMO
2023-10-12,iron_ore,112.36,USD,per_tonne,SYNTHETIC_DEMO
2023-10-12,grain,250.81,USD,per_tonne,SYNTHETIC_DEMO
2023-10-13,thermal_coal,128.51,USD,per_tonne,SYNTHETIC_DEMO
2023-10-13,iron_ore,111.8,USD,per_tonne,SYNTHETIC_DEMO
2023-10-13,grain,247.83,USD,per_tonne,SYNTHETIC_DEMO
2023-10-14,thermal_coal,129.35,USD,per_tonne,SYNTHETIC_DEMO
2023-10-14,iron_ore,111.88,USD,per_tonne,SYNTHETIC_DEMO
2023-10-14,grain,246.45,USD,per_tonne,SYNTHETIC_DEMO
2023-10-15,thermal_coal,129.13,USD,per_tonne,SYNTHETIC_DEMO
2023-10-15,iron_ore,112.74,USD,per_tonne,SYNTHETIC_DEMO
2023-10-15,grain,249.14,USD,per_tonne,SYNTHETIC_DEMO
2023-10-16,thermal_coal,129.48,USD,per_tonne,SYNTHETIC_DEMO
2023-10-16,iron_ore,113.01,USD,per_tonne,SYNTHETIC_DEMO
2023-10-16,grain,249.28,USD,per_tonne,SYNTHETIC_DEMO
2023-10-17,thermal_coal,130.25,USD,per_tonne,SYNTHETIC_DEMO
2023-10-17,iron_ore,114.82,USD,per_tonne,SYNTHETIC_DEMO
2023-10-17,grain,249.7,USD,per_tonne,SYNTHETIC_DEMO
2023-10-18,thermal_coal,129.73,USD,per_tonne,SYNTHETIC_DEMO
2023-10-18,iron_ore,114.6,USD,per_tonne,SYNTHETIC_DEMO
2023-10-18,grain,247.48,USD,per_tonne,SYNTHETIC_DEMO
2023-10-19,thermal_coal,130.27,USD,per_tonne,SYNTHETIC_DEMO
2023-10-19,iron_ore,114.17,USD,per_tonne,SYNTHETIC_DEMO
2023-10-19,grain,250.26,USD,per_tonne,SYNTHETIC_DEMO
2023-10-20,thermal_coal,131.65,USD,per_tonne,SYNTHETIC_DEMO
2023-10-20,iron_ore,115.19,USD,per_tonne,SYNTHETIC_DEMO
2023-10-20,grain,250.64,USD,per_tonne,SYNTHETIC_DEMO
2023-10-21,thermal_coal,131.1,USD,per_tonne,SYNTHETIC_DEMO
2023-10-21,iron_ore,116.09,USD,per_tonne,SYNTHETIC_DEMO
2023-10-21,grain,247.65,USD,per_tonne,SYNTHETIC_DEMO
2023-10-22,thermal_coal,130.3,USD,per_tonne,SYNTHETIC_DEMO
2023-10-22,iron_ore,114.69,USD,per_tonne,SYNTHETIC_DEMO
2023-10-22,grain,249.6,USD,per_tonne,SYNTHETIC_DEMO
2023-10-23,thermal_coal,130.23,USD,per_tonne,SYNTHETIC_DEMO
2023-10-23,iron_ore,114.16,USD,per_tonne,SYNTHETIC_DEMO
2023-10-23,grain,250.48,USD,per_tonne,SYNTHETIC_DEMO
2023-10-24,thermal_coal,129.01,USD,per_tonne,SYNTHETIC_DEMO
2023-10-24,iron_ore,113.71,USD,per_tonne,SYNTHETIC_DEMO
2023-10-24,grain,250.12,USD,per_tonne,SYNTHETIC_DEMO
2023-10-25,thermal_coal,130.08,USD,per_tonne,SYNTHETIC_DEMO
2023-10-25,iron_ore,113.2,USD,per_tonne,SYNTHETIC_DEMO
2023-10-25,grain,252.26,USD,per_tonne,SYNTHETIC_DEMO
2023-10-26,thermal_coal,130.18,USD,per_tonne,SYNTHETIC_DEMO
2023-10-26,iron_ore,113.21,USD,per_tonne,SYNTHETIC_DEMO
2023-10-26,grain,252.02,USD,per_tonne,SYNTHETIC_DEMO
2023-10-27,thermal_coal,129.56,USD,per_tonne,SYNTHETIC_DEMO
2023-10-27,iron_ore,114.39,USD,per_tonne,SYNTHETIC_DEMO
2023-10-27,grain,252.63,USD,per_tonne,SYNTHETIC_DEMO
2023-10-28,thermal_coal,130.18,USD,per_tonne,SYNTHETIC_DEMO
2023-10-28,iron_ore,114.18,USD,per_tonne,SYNTHETIC_DEMO
2023-10-28,grain,254.77,USD,per_tonne,SYNTHETIC_DEMO
2023-10-29,thermal_coal,129.58,USD,per_tonne,SYNTHETIC_DEMO
2023-10-29,iron_ore,115.57,USD,per_tonne,SYNTHETIC_DEMO
2023-10-29,grain,254.79,USD,per_tonne,SYNTHETIC_DEMO
2023-10-30,thermal_coal,128.21,USD,per_tonne,SYNTHETIC_DEMO
2023-10-30,iron_ore,116.06,USD,per_tonne,SYNTHETIC_DEMO
2023-10-30,grain,251.2,USD,per_tonne,SYNTHETIC_DEMO
2023-10-31,thermal_coal,128.47,USD,per_tonne,SYNTHETIC_DEMO
2023-10-31,iron_ore,116.94,USD,per_tonne,SYNTHETIC_DEMO
2023-10-31,grain,251.44,USD,per_tonne,SYNTHETIC_DEMO
2023-11-01,thermal_coal,128.84,USD,per_tonne,SYNTHETIC_DEMO
2023-11-01,iron_ore,116.92,USD,per_tonne,SYNTHETIC_DEMO
2023-11-01,grain,249.88,USD,per_tonne,SYNTHETIC_DEMO
2023-11-02,thermal_coal,128.18,USD,per_tonne,SYNTHETIC_DEMO
2023-11-02,iron_ore,118.08,USD,per_tonne,SYNTHETIC_DEMO
2023-11-02,grain,249.26,USD,per_tonne,SYNTHETIC_DEMO
2023-11-03,thermal_coal,127.56,USD,per_tonne,SYNTHETIC_DEMO
2023-11-03,iron_ore,118.48,USD,per_tonne,SYNTHETIC_DEMO
2023-11-03,grain,253.9,USD,per_tonne,SYNTHETIC_DEMO
2023-11-04,thermal_coal,126.94,USD,per_tonne,SYNTHETIC_DEMO
2023-11-04,iron_ore,118.23,USD,per_tonne,SYNTHETIC_DEMO
2023-11-04,grain,253.6,USD,per_tonne,SYNTHETIC_DEMO
2023-11-05,thermal_coal,128.4,USD,per_tonne,SYNTHETIC_DEMO
2023-11-05,iron_ore,119.1,USD,per_tonne,SYNTHETIC_DEMO
2023-11-05,grain,250.48,USD,per_tonne,SYNTHETIC_DEMO
2023-11-06,thermal_coal,129.94,USD,per_tonne,SYNTHETIC_DEMO
2023-11-06,iron_ore,119.16,USD,per_tonne,SYNTHETIC_DEMO
2023-11-06,grain,251.44,USD,per_tonne,SYNTHETIC_DEMO
2023-11-07,thermal_coal,129.74,USD,per_tonne,SYNTHETIC_DEMO
2023-11-07,iron_ore,119.92,USD,per_tonne,SYNTHETIC_DEMO
2023-11-07,grain,247.26,USD,per_tonne,SYNTHETIC_DEMO
2023-11-08,thermal_coal,129.67,USD,per_tonne,SYNTHETIC_DEMO
2023-11-08,iron_ore,119.23,USD,per_tonne,SYNTHETIC_DEMO
2023-11-08,grain,254.65,USD,per_tonne,SYNTHETIC_DEMO
2023-11-09,thermal_coal,129.03,USD,per_tonne,SYNTHETIC_DEMO
2023-11-09,iron_ore,118.27,USD,per_tonne,SYNTHETIC_DEMO
2023-11-09,grain,252.56,USD,per_tonne,SYNTHETIC_DEMO
2023-11-10,thermal_coal,129.82,USD,per_tonne,SYNTHETIC_DEMO
2023-11-10,iron_ore,118.05,USD,per_tonne,SYNTHETIC_DEMO
2023-11-10,grain,256.65,USD,per_tonne,SYNTHETIC_DEMO
2023-11-11,thermal_coal,130.3,USD,per_tonne,SYNTHETIC_DEMO
2023-11-11,iron_ore,118.9,USD,per_tonne,SYNTHETIC_DEMO
2023-11-11,grain,257.38,USD,per_tonne,SYNTHETIC_DEMO
2023-11-12,thermal_coal,129.79,USD,per_tonne,SYNTHETIC_DEMO
2023-11-12,iron_ore,117.8,USD,per_tonne,SYNTHETIC_DEMO
2023-11-12,grain,254.8,USD,per_tonne,SYNTHETIC_DEMO
2023-11-13,thermal_coal,130.86,USD,per_tonne,SYNTHETIC_DEMO
2023-11-13,iron_ore,117.94,USD,per_tonne,SYNTHETIC_DEMO
2023-11-13,grain,256.52,USD,per_tonne,SYNTHETIC_DEMO
2023-11-14,thermal_coal,132.19,USD,per_tonne,SYNTHETIC_DEMO
2023-11-14,iron_ore,118.32,USD,per_tonne,SYNTHETIC_DEMO
2023-11-14,grain,252.64,USD,per_tonne,SYNTHETIC_DEMO
2023-11-15,thermal_coal,132.07,USD,per_tonne,SYNTHETIC_DEMO
2023-11-15,iron_ore,119.49,USD,per_tonne,SYNTHETIC_DEMO
2023-11-15,grain,254.85,USD,per_tonne,SYNTHETIC_DEMO
2023-11-16,thermal_coal,132.68,USD,per_tonne,SYNTHETIC_DEMO
2023-11-16,iron_ore,119.97,USD,per_tonne,SYNTHETIC_DEMO
2023-11-16,grain,257.59,USD,per_tonne,SYNTHETIC_DEMO
2023-11-17,thermal_coal,132.8,USD,per_tonne,SYNTHETIC_DEMO
2023-11-17,iron_ore,119.76,USD,per_tonne,SYNTHETIC_DEMO
2023-11-17,grain,255.96,USD,per_tonne,SYNTHETIC_DEMO
2023-11-18,thermal_coal,132.72,USD,per_tonne,SYNTHETIC_DEMO
2023-11-18,iron_ore,120.1,USD,per_tonne,SYNTHETIC_DEMO
2023-11-18,grain,258.06,USD,per_tonne,SYNTHETIC_DEMO
2023-11-19,thermal_coal,133.23,USD,per_tonne,SYNTHETIC_DEMO
2023-11-19,iron_ore,120.37,USD,per_tonne,SYNTHETIC_DEMO
2023-11-19,grain,258.55,USD,per_tonne,SYNTHETIC_DEMO
2023-11-20,thermal_coal,135.06,USD,per_tonne,SYNTHETIC_DEMO
2023-11-20,iron_ore,120.44,USD,per_tonne,SYNTHETIC_DEMO
2023-11-20,grain,258.14,USD,per_tonne,SYNTHETIC_DEMO
2023-11-21,thermal_coal,134.93,USD,per_tonne,SYNTHETIC_DEMO
2023-11-21,iron_ore,120.44,USD,per_tonne,SYNTHETIC_DEMO
2023-11-21,grain,253.91,USD,per_tonne,SYNTHETIC_DEMO
2023-11-22,thermal_coal,135.39,USD,per_tonne,SYNTHETIC_DEMO
2023-11-22,iron_ore,119.66,USD,per_tonne,SYNTHETIC_DEMO
2023-11-22,grain,257.61,USD,per_tonne,SYNTHETIC_DEMO
2023-11-23,thermal_coal,135.91,USD,per_tonne,SYNTHETIC_DEMO
2023-11-23,iron_ore,119.09,USD,per_tonne,SYNTHETIC_DEMO
2023-11-23,grain,254.23,USD,per_tonne,SYNTHETIC_DEMO
2023-11-24,thermal_coal,135.42,USD,per_tonne,SYNTHETIC_DEMO
2023-11-24,iron_ore,118.99,USD,per_tonne,SYNTHETIC_DEMO
2023-11-24,grain,254.4,USD,per_tonne,SYNTHETIC_DEMO
2023-11-25,thermal_coal,135.01,USD,per_tonne,SYNTHETIC_DEMO
2023-11-25,iron_ore,120.52,USD,per_tonne,SYNTHETIC_DEMO
2023-11-25,grain,253.49,USD,per_tonne,SYNTHETIC_DEMO
2023-11-26,thermal_coal,135.73,USD,per_tonne,SYNTHETIC_DEMO
2023-11-26,iron_ore,120.36,USD,per_tonne,SYNTHETIC_DEMO
2023-11-26,grain,259.78,USD,per_tonne,SYNTHETIC_DEMO
2023-11-27,thermal_coal,136.85,USD,per_tonne,SYNTHETIC_DEMO
2023-11-27,iron_ore,120.33,USD,per_tonne,SYNTHETIC_DEMO
2023-11-27,grain,261.72,USD,per_tonne,SYNTHETIC_DEMO
2023-11-28,thermal_coal,138.55,USD,per_tonne,SYNTHETIC_DEMO
2023-11-28,iron_ore,119.7,USD,per_tonne,SYNTHETIC_DEMO
2023-11-28,grain,254.13,USD,per_tonne,SYNTHETIC_DEMO
2023-11-29,thermal_coal,139.5,USD,per_tonne,SYNTHETIC_DEMO
2023-11-29,iron_ore,120.35,USD,per_tonne,SYNTHETIC_DEMO
2023-11-29,grain,256.73,USD,per_tonne,SYNTHETIC_DEMO
2023-11-30,thermal_coal,139.02,USD,per_tonne,SYNTHETIC_DEMO
2023-11-30,iron_ore,121.06,USD,per_tonne,SYNTHETIC_DEMO
2023-11-30,grain,258.49,USD,per_tonne,SYNTHETIC_DEMO
2023-12-01,thermal_coal,139.6,USD,per_tonne,SYNTHETIC_DEMO
2023-12-01,iron_ore,119.52,USD,per_tonne,SYNTHETIC_DEMO
2023-12-01,grain,258.3,USD,per_tonne,SYNTHETIC_DEMO
2023-12-02,thermal_coal,139.58,USD,per_tonne,SYNTHETIC_DEMO
2023-12-02,iron_ore,118.2,USD,per_tonne,SYNTHETIC_DEMO
2023-12-02,grain,259.73,USD,per_tonne,SYNTHETIC_DEMO
2023-12-03,thermal_coal,138.77,USD,per_tonne,SYNTHETIC_DEMO
2023-12-03,iron_ore,119.03,USD,per_tonne,SYNTHETIC_DEMO
2023-12-03,grain,258.21,USD,per_tonne,SYNTHETIC_DEMO
2023-12-04,thermal_coal,138.57,USD,per_tonne,SYNTHETIC_DEMO
2023-12-04,iron_ore,120.38,USD,per_tonne,SYNTHETIC_DEMO
2023-12-04,grain,258.52,USD,per_tonne,SYNTHETIC_DEMO
2023-12-05,thermal_coal,138.78,USD,per_tonne,SYNTHETIC_DEMO
2023-12-05,iron_ore,119.86,USD,per_tonne,SYNTHETIC_DEMO
2023-12-05,grain,263.47,USD,per_tonne,SYNTHETIC_DEMO
2023-12-06,thermal_coal,140.1,USD,per_tonne,SYNTHETIC_DEMO
2023-12-06,iron_ore,120.39,USD,per_tonne,SYNTHETIC_DEMO
2023-12-06,grain,260.81,USD,per_tonne,SYNTHETIC_DEMO
2023-12-07,thermal_coal,140.63,USD,per_tonne,SYNTHETIC_DEMO
2023-12-07,iron_ore,119.9,USD,per_tonne,SYNTHETIC_DEMO
2023-12-07,grain,259.69,USD,per_tonne,SYNTHETIC_DEMO
2023-12-08,thermal_coal,140.0,USD,per_tonne,SYNTHETIC_DEMO
2023-12-08,iron_ore,118.55,USD,per_tonne,SYNTHETIC_DEMO
2023-12-08,grain,263.81,USD,per_tonne,SYNTHETIC_DEMO
2023-12-09,thermal_coal,140.72,USD,per_tonne,SYNTHETIC_DEMO
2023-12-09,iron_ore,118.34,USD,per_tonne,SYNTHETIC_DEMO
2023-12-09,grain,259.43,USD,per_tonne,SYNTHETIC_DEMO
2023-12-10,thermal_coal,142.21,USD,per_tonne,SYNTHETIC_DEMO
2023-12-10,iron_ore,117.54,USD,per_tonne,SYNTHETIC_DEMO
2023-12-10,grain,265.07,USD,per_tonne,SYNTHETIC_DEMO
2023-12-11,thermal_coal,142.47,USD,per_tonne,SYNTHETIC_DEMO
2023-12-11,iron_ore,119.09,USD,per_tonne,SYNTHETIC_DEMO
2023-12-11,grain,260.84,USD,per_tonne,SYNTHETIC_DEMO
2023-12-12,thermal_coal,142.71,USD,per_tonne,SYNTHETIC_DEMO
2023-12-12,iron_ore,118.62,USD,per_tonne,SYNTHETIC_DEMO
2023-12-12,grain,260.0,USD,per_tonne,SYNTHETIC_DEMO
2023-12-13,thermal_coal,142.38,USD,per_tonne,SYNTHETIC_DEMO
2023-12-13,iron_ore,118.8,USD,per_tonne,SYNTHETIC_DEMO
2023-12-13,grain,262.38,USD,per_tonne,SYNTHETIC_DEMO
2023-12-14,thermal_coal,142.58,USD,per_tonne,SYNTHETIC_DEMO
2023-12-14,iron_ore,119.12,USD,per_tonne,SYNTHETIC_DEMO
2023-12-14,grain,263.19,USD,per_tonne,SYNTHETIC_DEMO
2023-12-15,thermal_coal,142.12,USD,per_tonne,SYNTHETIC_DEMO
2023-12-15,iron_ore,119.02,USD,per_tonne,SYNTHETIC_DEMO
2023-12-15,grain,262.53,USD,per_tonne,SYNTHETIC_DEMO
2023-12-16,thermal_coal,141.88,USD,per_tonne,SYNTHETIC_DEMO
2023-12-16,iron_ore,119.02,USD,per_tonne,SYNTHETIC_DEMO
2023-12-16,grain,261.12,USD,per_tonne,SYNTHETIC_DEMO
2023-12-17,thermal_coal,142.24,USD,per_tonne,SYNTHETIC_DEMO
2023-12-17,iron_ore,118.71,USD,per_tonne,SYNTHETIC_DEMO
2023-12-17,grain,263.56,USD,per_tonne,SYNTHETIC_DEMO
2023-12-18,thermal_coal,142.55,USD,per_tonne,SYNTHETIC_DEMO
2023-12-18,iron_ore,117.75,USD,per_tonne,SYNTHETIC_DEMO
2023-12-18,grain,266.68,USD,per_tonne,SYNTHETIC_DEMO
2023-12-19,thermal_coal,142.97,USD,per_tonne,SYNTHETIC_DEMO
2023-12-19,iron_ore,119.12,USD,per_tonne,SYNTHETIC_DEMO
2023-12-19,grain,260.47,USD,per_tonne,SYNTHETIC_DEMO
2023-12-20,thermal_coal,143.13,USD,per_tonne,SYNTHETIC_DEMO
2023-12-20,iron_ore,118.86,USD,per_tonne,SYNTHETIC_DEMO
2023-12-20,grain,261.65,USD,per_tonne,SYNTHETIC_DEMO
2023-12-21,thermal_coal,142.41,USD,per_tonne,SYNTHETIC_DEMO
2023-12-21,iron_ore,118.08,USD,per_tonne,SYNTHETIC_DEMO
2023-12-21,grain,259.37,USD,per_tonne,SYNTHETIC_DEMO
2023-12-22,thermal_coal,143.56,USD,per_tonne,SYNTHETIC_DEMO
2023-12-22,iron_ore,118.11,USD,per_tonne,SYNTHETIC_DEMO
2023-12-22,grain,263.05,USD,per_tonne,SYNTHETIC_DEMO
2023-12-23,thermal_coal,143.25,USD,per_tonne,SYNTHETIC_DEMO
2023-12-23,iron_ore,118.0,USD,per_tonne,SYNTHETIC_DEMO
2023-12-23,grain,264.52,USD,per_tonne,SYNTHETIC_DEMO
2023-12-24,thermal_coal,142.66,USD,per_tonne,SYNTHETIC_DEMO
2023-12-24,iron_ore,119.16,USD,per_tonne,SYNTHETIC_DEMO
2023-12-24,grain,266.15,USD,per_tonne,SYNTHETIC_DEMO
2023-12-25,thermal_coal,141.82,USD,per_tonne,SYNTHETIC_DEMO
2023-12-25,iron_ore,118.66,USD,per_tonne,SYNTHETIC_DEMO
2023-12-25,grain,261.0,USD,per_tonne,SYNTHETIC_DEMO
2023-12-26,thermal_coal,142.01,USD,per_tonne,SYNTHETIC_DEMO
2023-12-26,iron_ore,119.07,USD,per_tonne,SYNTHETIC_DEMO
2023-12-26,grain,265.78,USD,per_tonne,SYNTHETIC_DEMO
2023-12-27,thermal_coal,140.52,USD,per_tonne,SYNTHETIC_DEMO
2023-12-27,iron_ore,119.99,USD,per_tonne,SYNTHETIC_DEMO
2023-12-27,grain,263.22,USD,per_tonne,SYNTHETIC_DEMO
2023-12-28,thermal_coal,138.77,USD,per_tonne,SYNTHETIC_DEMO
2023-12-28,iron_ore,119.4,USD,per_tonne,SYNTHETIC_DEMO
2023-12-28,grain,263.99,USD,per_tonne,SYNTHETIC_DEMO
2023-12-29,thermal_coal,140.52,USD,per_tonne,SYNTHETIC_DEMO
2023-12-29,iron_ore,119.35,USD,per_tonne,SYNTHETIC_DEMO
2023-12-29,grain,263.08,USD,per_tonne,SYNTHETIC_DEMO
2023-12-30,thermal_coal,139.79,USD,per_tonne,SYNTHETIC_DEMO
2023-12-30,iron_ore,118.79,USD,per_tonne,SYNTHETIC_DEMO
2023-12-30,grain,264.85,USD,per_tonne,SYNTHETIC_DEMO
2023-12-31,thermal_coal,139.41,USD,per_tonne,SYNTHETIC_DEMO
2023-12-31,iron_ore,118.46,USD,per_tonne,SYNTHETIC_DEMO
2023-12-31,grain,263.65,USD,per_tonne,SYNTHETIC_DEMO
2024-01-01,thermal_coal,139.43,USD,per_tonne,SYNTHETIC_DEMO
2024-01-01,iron_ore,117.64,USD,per_tonne,SYNTHETIC_DEMO
2024-01-01,grain,263.7,USD,per_tonne,SYNTHETIC_DEMO
2024-01-02,thermal_coal,139.86,USD,per_tonne,SYNTHETIC_DEMO
2024-01-02,iron_ore,117.52,USD,per_tonne,SYNTHETIC_DEMO
2024-01-02,grain,263.2,USD,per_tonne,SYNTHETIC_DEMO
2024-01-03,thermal_coal,140.13,USD,per_tonne,SYNTHETIC_DEMO
2024-01-03,iron_ore,117.62,USD,per_tonne,SYNTHETIC_DEMO
2024-01-03,grain,262.57,USD,per_tonne,SYNTHETIC_DEMO
2024-01-04,thermal_coal,140.47,USD,per_tonne,SYNTHETIC_DEMO
2024-01-04,iron_ore,117.09,USD,per_tonne,SYNTHETIC_DEMO
2024-01-04,grain,263.69,USD,per_tonne,SYNTHETIC_DEMO
2024-01-05,thermal_coal,138.81,USD,per_tonne,SYNTHETIC_DEMO
2024-01-05,iron_ore,117.15,USD,per_tonne,SYNTHETIC_DEMO
2024-01-05,grain,258.67,USD,per_tonne,SYNTHETIC_DEMO
2024-01-06,thermal_coal,140.44,USD,per_tonne,SYNTHETIC_DEMO
2024-01-06,iron_ore,117.81,USD,per_tonne,SYNTHETIC_DEMO
2024-01-06,grain,261.8,USD,per_tonne,SYNTHETIC_DEMO
2024-01-07,thermal_coal,140.18,USD,per_tonne,SYNTHETIC_DEMO
2024-01-07,iron_ore,118.49,USD,per_tonne,SYNTHETIC_DEMO
2024-01-07,grain,261.25,USD,per_tonne,SYNTHETIC_DEMO
2024-01-08,thermal_coal,141.28,USD,per_tonne,SYNTHETIC_DEMO
2024-01-08,iron_ore,118.88,USD,per_tonne,SYNTHETIC_DEMO
2024-01-08,grain,265.96,USD,per_tonne,SYNTHETIC_DEMO
2024-01-09,thermal_coal,140.47,USD,per_tonne,SYNTHETIC_DEMO
2024-01-09,iron_ore,118.55,USD,per_tonne,SYNTHETIC_DEMO
2024-01-09,grain,267.54,USD,per_tonne,SYNTHETIC_DEMO
2024-01-10,thermal_coal,141.43,USD,per_tonne,SYNTHETIC_DEMO
2024-01-10,iron_ore,117.35,USD,per_tonne,SYNTHETIC_DEMO
2024-01-10,grain,266.8,USD,per_tonne,SYNTHETIC_DEMO
2024-01-11,thermal_coal,141.47,USD,per_tonne,SYNTHETIC_DEMO
2024-01-11,iron_ore,118.7,USD,per_tonne,SYNTHETIC_DEMO
2024-01-11,grain,264.09,USD,per_tonne,SYNTHETIC_DEMO
2024-01-12,thermal_coal,141.43,USD,per_tonne,SYNTHETIC_DEMO
2024-01-12,iron_ore,119.03,USD,per_tonne,SYNTHETIC_DEMO
2024-01-12,grain,266.84,USD,per_tonne,SYNTHETIC_DEMO
2024-01-13,thermal_coal,142.19,USD,per_tonne,SYNTHETIC_DEMO
2024-01-13,iron_ore,118.83,USD,per_tonne,SYNTHETIC_DEMO
2024-01-13,grain,262.96,USD,per_tonne,SYNTHETIC_DEMO
2024-01-14,thermal_coal,143.11,USD,per_tonne,SYNTHETIC_DEMO
2024-01-14,iron_ore,117.97,USD,per_tonne,SYNTHETIC_DEMO
2024-01-14,grain,268.05,USD,per_tonne,SYNTHETIC_DEMO
2024-01-15,thermal_coal,143.51,USD,per_tonne,SYNTHETIC_DEMO
2024-01-15,iron_ore,118.26,USD,per_tonne,SYNTHETIC_DEMO
2024-01-15,grain,263.74,USD,per_tonne,SYNTHETIC_DEMO
2024-01-16,thermal_coal,143.99,USD,per_tonne,SYNTHETIC_DEMO
2024-01-16,iron_ore,119.64,USD,per_tonne,SYNTHETIC_DEMO
2024-01-16,grain,263.97,USD,per_tonne,SYNTHETIC_DEMO
2024-01-17,thermal_coal,145.09,USD,per_tonne,SYNTHETIC_DEMO
2024-01-17,iron_ore,119.06,USD,per_tonne,SYNTHETIC_DEMO
2024-01-17,grain,266.87,USD,per_tonne,SYNTHETIC_DEMO
2024-01-18,thermal_coal,144.49,USD,per_tonne,SYNTHETIC_DEMO
2024-01-18,iron_ore,119.84,USD,per_tonne,SYNTHETIC_DEMO
2024-01-18,grain,263.66,USD,per_tonne,SYNTHETIC_DEMO
2024-01-19,thermal_coal,145.72,USD,per_tonne,SYNTHETIC_DEMO
2024-01-19,iron_ore,120.43,USD,per_tonne,SYNTHETIC_DEMO
2024-01-19,grain,262.38,USD,per_tonne,SYNTHETIC_DEMO
2024-01-20,thermal_coal,147.32,USD,per_tonne,SYNTHETIC_DEMO
2024-01-20,iron_ore,119.96,USD,per_tonne,SYNTHETIC_DEMO
2024-01-20,grain,263.76,USD,per_tonne,SYNTHETIC_DEMO
2024-01-21,thermal_coal,146.83,USD,per_tonne,SYNTHETIC_DEMO
2024-01-21,iron_ore,118.95,USD,per_tonne,SYNTHETIC_DEMO
2024-01-21,grain,265.37,USD,per_tonne,SYNTHETIC_DEMO
2024-01-22,thermal_coal,145.52,USD,per_tonne,SYNTHETIC_DEMO
2024-01-22,iron_ore,118.91,USD,per_tonne,SYNTHETIC_DEMO
2024-01-22,grain,264.31,USD,per_tonne,SYNTHETIC_DEMO
2024-01-23,thermal_coal,146.66,USD,per_tonne,SYNTHETIC_DEMO
2024-01-23,iron_ore,119.31,USD,per_tonne,SYNTHETIC_DEMO
2024-01-23,grain,264.96,USD,per_tonne,SYNTHETIC_DEMO
2024-01-24,thermal_coal,145.35,USD,per_tonne,SYNTHETIC_DEMO
2024-01-24,iron_ore,119.85,USD,per_tonne,SYNTHETIC_DEMO
2024-01-24,grain,261.04,USD,per_tonne,SYNTHETIC_DEMO
2024-01-25,thermal_coal,144.68,USD,per_tonne,SYNTHETIC_DEMO
2024-01-25,iron_ore,118.63,USD,per_tonne,SYNTHETIC_DEMO
2024-01-25,grain,265.42,USD,per_tonne,SYNTHETIC_DEMO
2024-01-26,thermal_coal,143.32,USD,per_tonne,SYNTHETIC_DEMO
2024-01-26,iron_ore,119.64,USD,per_tonne,SYNTHETIC_DEMO
2024-01-26,grain,263.65,USD,per_tonne,SYNTHETIC_DEMO
2024-01-27,thermal_coal,143.69,USD,per_tonne,SYNTHETIC_DEMO
2024-01-27,iron_ore,120.08,USD,per_tonne,SYNTHETIC_DEMO
2024-01-27,grain,261.64,USD,per_tonne,SYNTHETIC_DEMO
2024-01-28,thermal_coal,142.95,USD,per_tonne,SYNTHETIC_DEMO
2024-01-28,iron_ore,119.96,USD,per_tonne,SYNTHETIC_DEMO
2024-01-28,grain,265.64,USD,per_tonne,SYNTHETIC_DEMO
2024-01-29,thermal_coal,143.53,USD,per_tonne,SYNTHETIC_DEMO
2024-01-29,iron_ore,120.41,USD,per_tonne,SYNTHETIC_DEMO
2024-01-29,grain,264.72,USD,per_tonne,SYNTHETIC_DEMO
2024-01-30,thermal_coal,144.58,USD,per_tonne,SYNTHETIC_DEMO
2024-01-30,iron_ore,120.62,USD,per_tonne,SYNTHETIC_DEMO
2024-01-30,grain,264.05,USD,per_tonne,SYNTHETIC_DEMO
2024-01-31,thermal_coal,145.26,USD,per_tonne,SYNTHETIC_DEMO
2024-01-31,iron_ore,120.98,USD,per_tonne,SYNTHETIC_DEMO
2024-01-31,grain,263.28,USD,per_tonne,SYNTHETIC_DEMO
2024-02-01,thermal_coal,146.03,USD,per_tonne,SYNTHETIC_DEMO
2024-02-01,iron_ore,120.28,USD,per_tonne,SYNTHETIC_DEMO
2024-02-01,grain,264.09,USD,per_tonne,SYNTHETIC_DEMO
2024-02-02,thermal_coal,146.34,USD,per_tonne,SYNTHETIC_DEMO
2024-02-02,iron_ore,119.49,USD,per_tonne,SYNTHETIC_DEMO
2024-02-02,grain,266.7,USD,per_tonne,SYNTHETIC_DEMO
2024-02-03,thermal_coal,147.38,USD,per_tonne,SYNTHETIC_DEMO
2024-02-03,iron_ore,119.44,USD,per_tonne,SYNTHETIC_DEMO
2024-02-03,grain,266.67,USD,per_tonne,SYNTHETIC_DEMO
2024-02-04,thermal_coal,147.66,USD,per_tonne,SYNTHETIC_DEMO
2024-02-04,iron_ore,119.14,USD,per_tonne,SYNTHETIC_DEMO
2024-02-04,grain,261.25,USD,per_tonne,SYNTHETIC_DEMO
2024-02-05,thermal_coal,148.26,USD,per_tonne,SYNTHETIC_DEMO
2024-02-05,iron_ore,118.17,USD,per_tonne,SYNTHETIC_DEMO
2024-02-05,grain,265.24,USD,per_tonne,SYNTHETIC_DEMO
2024-02-06,thermal_coal,148.13,USD,per_tonne,SYNTHETIC_DEMO
2024-02-06,iron_ore,118.42,USD,per_tonne,SYNTHETIC_DEMO
2024-02-06,grain,263.99,USD,per_tonne,SYNTHETIC_DEMO
2024-02-07,thermal_coal,147.61,USD,per_tonne,SYNTHETIC_DEMO
2024-02-07,iron_ore,118.57,USD,per_tonne,SYNTHETIC_DEMO
2024-02-07,grain,262.76,USD,per_tonne,SYNTHETIC_DEMO
2024-02-08,thermal_coal,149.32,USD,per_tonne,SYNTHETIC_DEMO
2024-02-08,iron_ore,117.7,USD,per_tonne,SYNTHETIC_DEMO
2024-02-08,grain,263.13,USD,per_tonne,SYNTHETIC_DEMO
2024-02-09,thermal_coal,149.69,USD,per_tonne,SYNTHETIC_DEMO
2024-02-09,iron_ore,118.38,USD,per_tonne,SYNTHETIC_DEMO
2024-02-09,grain,265.89,USD,per_tonne,SYNTHETIC_DEMO
2024-02-10,thermal_coal,150.14,USD,per_tonne,SYNTHETIC_DEMO
2024-02-10,iron_ore,119.89,USD,per_tonne,SYNTHETIC_DEMO
2024-02-10,grain,264.16,USD,per_tonne,SYNTHETIC_DEMO
2024-02-11,thermal_coal,150.62,USD,per_tonne,SYNTHETIC_DEMO
2024-02-11,iron_ore,119.87,USD,per_tonne,SYNTHETIC_DEMO
2024-02-11,grain,265.06,USD,per_tonne,SYNTHETIC_DEMO
2024-02-12,thermal_coal,150.68,USD,per_tonne,SYNTHETIC_DEMO
2024-02-12,iron_ore,118.42,USD,per_tonne,SYNTHETIC_DEMO
2024-02-12,grain,262.85,USD,per_tonne,SYNTHETIC_DEMO
2024-02-13,thermal_coal,150.32,USD,per_tonne,SYNTHETIC_DEMO
2024-02-13,iron_ore,118.1,USD,per_tonne,SYNTHETIC_DEMO
2024-02-13,grain,262.27,USD,per_tonne,SYNTHETIC_DEMO
2024-02-14,thermal_coal,149.16,USD,per_tonne,SYNTHETIC_DEMO
2024-02-14,iron_ore,117.81,USD,per_tonne,SYNTHETIC_DEMO
2024-02-14,grain,261.59,USD,per_tonne,SYNTHETIC_DEMO
2024-02-15,thermal_coal,149.17,USD,per_tonne,SYNTHETIC_DEMO
2024-02-15,iron_ore,117.13,USD,per_tonne,SYNTHETIC_DEMO
2024-02-15,grain,264.2,USD,per_tonne,SYNTHETIC_DEMO
2024-02-16,thermal_coal,148.48,USD,per_tonne,SYNTHETIC_DEMO
2024-02-16,iron_ore,117.64,USD,per_tonne,SYNTHETIC_DEMO
2024-02-16,grain,263.94,USD,per_tonne,SYNTHETIC_DEMO
2024-02-17,thermal_coal,148.36,USD,per_tonne,SYNTHETIC_DEMO
2024-02-17,iron_ore,116.4,USD,per_tonne,SYNTHETIC_DEMO
2024-02-17,grain,261.78,USD,per_tonne,SYNTHETIC_DEMO
2024-02-18,thermal_coal,149.01,USD,per_tonne,SYNTHETIC_DEMO
2024-02-18,iron_ore,114.91,USD,per_tonne,SYNTHETIC_DEMO
2024-02-18,grain,264.39,USD,per_tonne,SYNTHETIC_DEMO
2024-02-19,thermal_coal,148.28,USD,per_tonne,SYNTHETIC_DEMO
2024-02-19,iron_ore,114.91,USD,per_tonne,SYNTHETIC_DEMO
2024-02-19,grain,264.11,USD,per_tonne,SYNTHETIC_DEMO
2024-02-20,thermal_coal,146.66,USD,per_tonne,SYNTHETIC_DEMO
2024-02-20,iron_ore,115.07,USD,per_tonne,SYNTHETIC_DEMO
2024-02-20,grain,261.75,USD,per_tonne,SYNTHETIC_DEMO
2024-02-21,thermal_coal,146.08,USD,per_tonne,SYNTHETIC_DEMO
2024-02-21,iron_ore,115.4,USD,per_tonne,SYNTHETIC_DEMO
2024-02-21,grain,263.61,USD,per_tonne,SYNTHETIC_DEMO
2024-02-22,thermal_coal,146.3,USD,per_tonne,SYNTHETIC_DEMO
2024-02-22,iron_ore,115.21,USD,per_tonne,SYNTHETIC_DEMO
2024-02-22,grain,266.36,USD,per_tonne,SYNTHETIC_DEMO
2024-02-23,thermal_coal,147.92,USD,per_tonne,SYNTHETIC_DEMO
2024-02-23,iron_ore,114.97,USD,per_tonne,SYNTHETIC_DEMO
2024-02-23,grain,263.79,USD,per_tonne,SYNTHETIC_DEMO
2024-02-24,thermal_coal,149.41,USD,per_tonne,SYNTHETIC_DEMO
2024-02-24,iron_ore,115.13,USD,per_tonne,SYNTHETIC_DEMO
2024-02-24,grain,262.99,USD,per_tonne,SYNTHETIC_DEMO
2024-02-25,thermal_coal,151.59,USD,per_tonne,SYNTHETIC_DEMO
2024-02-25,iron_ore,114.98,USD,per_tonne,SYNTHETIC_DEMO
2024-02-25,grain,266.05,USD,per_tonne,SYNTHETIC_DEMO
2024-02-26,thermal_coal,150.88,USD,per_tonne,SYNTHETIC_DEMO
2024-02-26,iron_ore,115.19,USD,per_tonne,SYNTHETIC_DEMO
2024-02-26,grain,264.71,USD,per_tonne,SYNTHETIC_DEMO
2024-02-27,thermal_coal,149.58,USD,per_tonne,SYNTHETIC_DEMO
2024-02-27,iron_ore,115.69,USD,per_tonne,SYNTHETIC_DEMO
2024-02-27,grain,260.57,USD,per_tonne,SYNTHETIC_DEMO
2024-02-28,thermal_coal,149.83,USD,per_tonne,SYNTHETIC_DEMO
2024-02-28,iron_ore,115.75,USD,per_tonne,SYNTHETIC_DEMO
2024-02-28,grain,260.76,USD,per_tonne,SYNTHETIC_DEMO
2024-02-29,thermal_coal,150.04,USD,per_tonne,SYNTHETIC_DEMO
2024-02-29,iron_ore,116.95,USD,per_tonne,SYNTHETIC_DEMO
2024-02-29,grain,259.1,USD,per_tonne,SYNTHETIC_DEMO
2024-03-01,thermal_coal,151.96,USD,per_tonne,SYNTHETIC_DEMO
2024-03-01,iron_ore,115.75,USD,per_tonne,SYNTHETIC_DEMO
2024-03-01,grain,262.99,USD,per_tonne,SYNTHETIC_DEMO
2024-03-02,thermal_coal,151.1,USD,per_tonne,SYNTHETIC_DEMO
2024-03-02,iron_ore,115.78,USD,per_tonne,SYNTHETIC_DEMO
2024-03-02,grain,262.19,USD,per_tonne,SYNTHETIC_DEMO
2024-03-03,thermal_coal,151.23,USD,per_tonne,SYNTHETIC_DEMO
2024-03-03,iron_ore,115.9,USD,per_tonne,SYNTHETIC_DEMO
2024-03-03,grain,262.39,USD,per_tonne,SYNTHETIC_DEMO
2024-03-04,thermal_coal,152.72,USD,per_tonne,SYNTHETIC_DEMO
2024-03-04,iron_ore,115.02,USD,per_tonne,SYNTHETIC_DEMO
2024-03-04,grain,257.72,USD,per_tonne,SYNTHETIC_DEMO
2024-03-05,thermal_coal,153.56,USD,per_tonne,SYNTHETIC_DEMO
2024-03-05,iron_ore,113.4,USD,per_tonne,SYNTHETIC_DEMO
2024-03-05,grain,260.58,USD,per_tonne,SYNTHETIC_DEMO
2024-03-06,thermal_coal,152.93,USD,per_tonne,SYNTHETIC_DEMO
2024-03-06,iron_ore,114.14,USD,per_tonne,SYNTHETIC_DEMO
2024-03-06,grain,263.68,USD,per_tonne,SYNTHETIC_DEMO
2024-03-07,thermal_coal,153.0,USD,per_tonne,SYNTHETIC_DEMO
2024-03-07,iron_ore,114.34,USD,per_tonne,SYNTHETIC_DEMO
2024-03-07,grain,256.38,USD,per_tonne,SYNTHETIC_DEMO
2024-03-08,thermal_coal,153.19,USD,per_tonne,SYNTHETIC_DEMO
2024-03-08,iron_ore,113.42,USD,per_tonne,SYNTHETIC_DEMO
2024-03-08,grain,260.58,USD,per_tonne,SYNTHETIC_DEMO
2024-03-09,thermal_coal,152.39,USD,per_tonne,SYNTHETIC_DEMO
2024-03-09,iron_ore,113.39,USD,per_tonne,SYNTHETIC_DEMO
2024-03-09,grain,260.24,USD,per_tonne,SYNTHETIC_DEMO
2024-03-10,thermal_coal,152.37,USD,per_tonne,SYNTHETIC_DEMO
2024-03-10,iron_ore,113.9,USD,per_tonne,SYNTHETIC_DEMO
2024-03-10,grain,257.37,USD,per_tonne,SYNTHETIC_DEMO
2024-03-11,thermal_coal,153.02,USD,per_tonne,SYNTHETIC_DEMO
2024-03-11,iron_ore,112.84,USD,per_tonne,SYNTHETIC_DEMO
2024-03-11,grain,258.1,USD,per_tonne,SYNTHETIC_DEMO
2024-03-12,thermal_coal,153.03,USD,per_tonne,SYNTHETIC_DEMO
2024-03-12,iron_ore,112.72,USD,per_tonne,SYNTHETIC_DEMO
2024-03-12,grain,259.17,USD,per_tonne,SYNTHETIC_DEMO
2024-03-13,thermal_coal,154.39,USD,per_tonne,SYNTHETIC_DEMO
2024-03-13,iron_ore,111.54,USD,per_tonne,SYNTHETIC_DEMO
2024-03-13,grain,259.97,USD,per_tonne,SYNTHETIC_DEMO
2024-03-14,thermal_coal,154.98,USD,per_tonne,SYNTHETIC_DEMO
2024-03-14,iron_ore,111.44,USD,per_tonne,SYNTHETIC_DEMO
2024-03-14,grain,262.14,USD,per_tonne,SYNTHETIC_DEMO
2024-03-15,thermal_coal,155.06,USD,per_tonne,SYNTHETIC_DEMO
2024-03-15,iron_ore,111.57,USD,per_tonne,SYNTHETIC_DEMO
2024-03-15,grain,258.45,USD,per_tonne,SYNTHETIC_DEMO
2024-03-16,thermal_coal,154.83,USD,per_tonne,SYNTHETIC_DEMO
2024-03-16,iron_ore,112.23,USD,per_tonne,SYNTHETIC_DEMO
2024-03-16,grain,259.7,USD,per_tonne,SYNTHETIC_DEMO
2024-03-17,thermal_coal,156.53,USD,per_tonne,SYNTHETIC_DEMO
2024-03-17,iron_ore,112.45,USD,per_tonne,SYNTHETIC_DEMO
2024-03-17,grain,255.2,USD,per_tonne,SYNTHETIC_DEMO
2024-03-18,thermal_coal,155.86,USD,per_tonne,SYNTHETIC_DEMO
2024-03-18,iron_ore,112.33,USD,per_tonne,SYNTHETIC_DEMO
2024-03-18,grain,258.57,USD,per_tonne,SYNTHETIC_DEMO
2024-03-19,thermal_coal,155.9,USD,per_tonne,SYNTHETIC_DEMO
2024-03-19,iron_ore,111.76,USD,per_tonne,SYNTHETIC_DEMO
2024-03-19,grain,259.7,USD,per_tonne,SYNTHETIC_DEMO
2024-03-20,thermal_coal,154.69,USD,per_tonne,SYNTHETIC_DEMO
2024-03-20,iron_ore,112.1,USD,per_tonne,SYNTHETIC_DEMO
2024-03-20,grain,255.47,USD,per_tonne,SYNTHETIC_DEMO
2024-03-21,thermal_coal,155.59,USD,per_tonne,SYNTHETIC_DEMO
2024-03-21,iron_ore,110.87,USD,per_tonne,SYNTHETIC_DEMO
2024-03-21,grain,257.28,USD,per_tonne,SYNTHETIC_DEMO
2024-03-22,thermal_coal,155.17,USD,per_tonne,SYNTHETIC_DEMO
2024-03-22,iron_ore,111.05,USD,per_tonne,SYNTHETIC_DEMO
2024-03-22,grain,251.06,USD,per_tonne,SYNTHETIC_DEMO
2024-03-23,thermal_coal,155.92,USD,per_tonne,SYNTHETIC_DEMO
2024-03-23,iron_ore,110.46,USD,per_tonne,SYNTHETIC_DEMO
2024-03-23,grain,258.91,USD,per_tonne,SYNTHETIC_DEMO
2024-03-24,thermal_coal,155.06,USD,per_tonne,SYNTHETIC_DEMO
2024-03-24,iron_ore,111.07,USD,per_tonne,SYNTHETIC_DEMO
2024-03-24,grain,258.29,USD,per_tonne,SYNTHETIC_DEMO
2024-03-25,thermal_coal,153.15,USD,per_tonne,SYNTHETIC_DEMO
2024-03-25,iron_ore,111.68,USD,per_tonne,SYNTHETIC_DEMO
2024-03-25,grain,255.36,USD,per_tonne,SYNTHETIC_DEMO
2024-03-26,thermal_coal,154.27,USD,per_tonne,SYNTHETIC_DEMO
2024-03-26,iron_ore,110.95,USD,per_tonne,SYNTHETIC_DEMO
2024-03-26,grain,256.66,USD,per_tonne,SYNTHETIC_DEMO
2024-03-27,thermal_coal,154.38,USD,per_tonne,SYNTHETIC_DEMO
2024-03-27,iron_ore,110.04,USD,per_tonne,SYNTHETIC_DEMO
2024-03-27,grain,254.15,USD,per_tonne,SYNTHETIC_DEMO
2024-03-28,thermal_coal,155.42,USD,per_tonne,SYNTHETIC_DEMO
2024-03-28,iron_ore,110.28,USD,per_tonne,SYNTHETIC_DEMO
2024-03-28,grain,258.8,USD,per_tonne,SYNTHETIC_DEMO
2024-03-29,thermal_coal,155.9,USD,per_tonne,SYNTHETIC_DEMO
2024-03-29,iron_ore,109.7,USD,per_tonne,SYNTHETIC_DEMO
2024-03-29,grain,257.46,USD,per_tonne,SYNTHETIC_DEMO
2024-03-30,thermal_coal,155.84,USD,per_tonne,SYNTHETIC_DEMO
2024-03-30,iron_ore,109.71,USD,per_tonne,SYNTHETIC_DEMO
2024-03-30,grain,258.17,USD,per_tonne,SYNTHETIC_DEMO
2024-03-31,thermal_coal,155.43,USD,per_tonne,SYNTHETIC_DEMO
2024-03-31,iron_ore,109.88,USD,per_tonne,SYNTHETIC_DEMO
2024-03-31,grain,252.16,USD,per_tonne,SYNTHETIC_DEMO
2024-04-01,thermal_coal,155.34,USD,per_tonne,SYNTHETIC_DEMO
2024-04-01,iron_ore,110.53,USD,per_tonne,SYNTHETIC_DEMO
2024-04-01,grain,253.06,USD,per_tonne,SYNTHETIC_DEMO
2024-04-02,thermal_coal,155.27,USD,per_tonne,SYNTHETIC_DEMO
2024-04-02,iron_ore,111.09,USD,per_tonne,SYNTHETIC_DEMO
2024-04-02,grain,254.68,USD,per_tonne,SYNTHETIC_DEMO
2024-04-03,thermal_coal,154.49,USD,per_tonne,SYNTHETIC_DEMO
2024-04-03,iron_ore,110.99,USD,per_tonne,SYNTHETIC_DEMO
2024-04-03,grain,257.61,USD,per_tonne,SYNTHETIC_DEMO
2024-04-04,thermal_coal,154.97,USD,per_tonne,SYNTHETIC_DEMO
2024-04-04,iron_ore,110.09,USD,per_tonne,SYNTHETIC_DEMO
2024-04-04,grain,253.62,USD,per_tonne,SYNTHETIC_DEMO
2024-04-05,thermal_coal,153.89,USD,per_tonne,SYNTHETIC_DEMO
2024-04-05,iron_ore,110.17,USD,per_tonne,SYNTHETIC_DEMO
2024-04-05,grain,255.11,USD,per_tonne,SYNTHETIC_DEMO
2024-04-06,thermal_coal,155.21,USD,per_tonne,SYNTHETIC_DEMO
2024-04-06,iron_ore,110.18,USD,per_tonne,SYNTHETIC_DEMO
2024-04-06,grain,253.64,USD,per_tonne,SYNTHETIC_DEMO
2024-04-07,thermal_coal,155.38,USD,per_tonne,SYNTHETIC_DEMO
2024-04-07,iron_ore,109.72,USD,per_tonne,SYNTHETIC_DEMO
2024-04-07,grain,251.49,USD,per_tonne,SYNTHETIC_DEMO
2024-04-08,thermal_coal,154.13,USD,per_tonne,SYNTHETIC_DEMO
2024-04-08,iron_ore,108.31,USD,per_tonne,SYNTHETIC_DEMO
2024-04-08,grain,255.56,USD,per_tonne,SYNTHETIC_DEMO
2024-04-09,thermal_coal,154.01,USD,per_tonne,SYNTHETIC_DEMO
2024-04-09,iron_ore,108.34,USD,per_tonne,SYNTHETIC_DEMO
2024-04-09,grain,255.23,USD,per_tonne,SYNTHETIC_DEMO
2024-04-10,thermal_coal,154.48,USD,per_tonne,SYNTHETIC_DEMO
2024-04-10,iron_ore,108.37,USD,per_tonne,SYNTHETIC_DEMO
2024-04-10,grain,253.74,USD,per_tonne,SYNTHETIC_DEMO
2024-04-11,thermal_coal,154.13,USD,per_tonne,SYNTHETIC_DEMO
2024-04-11,iron_ore,108.81,USD,per_tonne,SYNTHETIC_DEMO
2024-04-11,grain,255.23,USD,per_tonne,SYNTHETIC_DEMO
2024-04-12,thermal_coal,154.1,USD,per_tonne,SYNTHETIC_DEMO
2024-04-12,iron_ore,108.99,USD,per_tonne,SYNTHETIC_DEMO
2024-04-12,grain,251.68,USD,per_tonne,SYNTHETIC_DEMO
2024-04-13,thermal_coal,153.24,USD,per_tonne,SYNTHETIC_DEMO
2024-04-13,iron_ore,108.4,USD,per_tonne,SYNTHETIC_DEMO
2024-04-13,grain,254.21,USD,per_tonne,SYNTHETIC_DEMO
2024-04-14,thermal_coal,151.43,USD,per_tonne,SYNTHETIC_DEMO
2024-04-14,iron_ore,108.0,USD,per_tonne,SYNTHETIC_DEMO
2024-04-14,grain,252.85,USD,per_tonne,SYNTHETIC_DEMO
2024-04-15,thermal_coal,152.1,USD,per_tonne,SYNTHETIC_DEMO
2024-04-15,iron_ore,108.93,USD,per_tonne,SYNTHETIC_DEMO
2024-04-15,grain,253.41,USD,per_tonne,SYNTHETIC_DEMO
2024-04-16,thermal_coal,151.91,USD,per_tonne,SYNTHETIC_DEMO
2024-04-16,iron_ore,108.64,USD,per_tonne,SYNTHETIC_DEMO
2024-04-16,grain,251.35,USD,per_tonne,SYNTHETIC_DEMO
2024-04-17,thermal_coal,151.95,USD,per_tonne,SYNTHETIC_DEMO
2024-04-17,iron_ore,108.52,USD,per_tonne,SYNTHETIC_DEMO
2024-04-17,grain,253.22,USD,per_tonne,SYNTHETIC_DEMO
2024-04-18,thermal_coal,150.18,USD,per_tonne,SYNTHETIC_DEMO
2024-04-18,iron_ore,108.16,USD,per_tonne,SYNTHETIC_DEMO
2024-04-18,grain,249.2,USD,per_tonne,SYNTHETIC_DEMO
2024-04-19,thermal_coal,149.94,USD,per_tonne,SYNTHETIC_DEMO
2024-04-19,iron_ore,108.6,USD,per_tonne,SYNTHETIC_DEMO
2024-04-19,grain,250.36,USD,per_tonne,SYNTHETIC_DEMO
2024-04-20,thermal_coal,149.8,USD,per_tonne,SYNTHETIC_DEMO
2024-04-20,iron_ore,107.58,USD,per_tonne,SYNTHETIC_DEMO
2024-04-20,grain,251.58,USD,per_tonne,SYNTHETIC_DEMO
2024-04-21,thermal_coal,149.75,USD,per_tonne,SYNTHETIC_DEMO
2024-04-21,iron_ore,107.33,USD,per_tonne,SYNTHETIC_DEMO
2024-04-21,grain,250.33,USD,per_tonne,SYNTHETIC_DEMO
2024-04-22,thermal_coal,149.64,USD,per_tonne,SYNTHETIC_DEMO
2024-04-22,iron_ore,109.16,USD,per_tonne,SYNTHETIC_DEMO
2024-04-22,grain,246.5,USD,per_tonne,SYNTHETIC_DEMO
2024-04-23,thermal_coal,149.69,USD,per_tonne,SYNTHETIC_DEMO
2024-04-23,iron_ore,109.17,USD,per_tonne,SYNTHETIC_DEMO
2024-04-23,grain,251.04,USD,per_tonne,SYNTHETIC_DEMO
2024-04-24,thermal_coal,150.32,USD,per_tonne,SYNTHETIC_DEMO
2024-04-24,iron_ore,109.27,USD,per_tonne,SYNTHETIC_DEMO
2024-04-24,grain,249.24,USD,per_tonne,SYNTHETIC_DEMO
2024-04-25,thermal_coal,151.1,USD,per_tonne,SYNTHETIC_DEMO
2024-04-25,iron_ore,108.59,USD,per_tonne,SYNTHETIC_DEMO
2024-04-25,grain,251.69,USD,per_tonne,SYNTHETIC_DEMO
2024-04-26,thermal_coal,151.1,USD,per_tonne,SYNTHETIC_DEMO
2024-04-26,iron_ore,108.45,USD,per_tonne,SYNTHETIC_DEMO
2024-04-26,grain,251.93,USD,per_tonne,SYNTHETIC_DEMO
2024-04-27,thermal_coal,151.39,USD,per_tonne,SYNTHETIC_DEMO
2024-04-27,iron_ore,108.95,USD,per_tonne,SYNTHETIC_DEMO
2024-04-27,grain,248.2,USD,per_tonne,SYNTHETIC_DEMO
2024-04-28,thermal_coal,152.46,USD,per_tonne,SYNTHETIC_DEMO
2024-04-28,iron_ore,108.87,USD,per_tonne,SYNTHETIC_DEMO
2024-04-28,grain,249.98,USD,per_tonne,SYNTHETIC_DEMO
2024-04-29,thermal_coal,153.18,USD,per_tonne,SYNTHETIC_DEMO
2024-04-29,iron_ore,110.15,USD,per_tonne,SYNTHETIC_DEMO
2024-04-29,grain,248.15,USD,per_tonne,SYNTHETIC_DEMO
2024-04-30,thermal_coal,153.45,USD,per_tonne,SYNTHETIC_DEMO
2024-04-30,iron_ore,109.83,USD,per_tonne,SYNTHETIC_DEMO
2024-04-30,grain,244.79,USD,per_tonne,SYNTHETIC_DEMO
2024-05-01,thermal_coal,152.02,USD,per_tonne,SYNTHETIC_DEMO
2024-05-01,iron_ore,108.94,USD,per_tonne,SYNTHETIC_DEMO
2024-05-01,grain,246.46,USD,per_tonne,SYNTHETIC_DEMO
2024-05-02,thermal_coal,151.78,USD,per_tonne,SYNTHETIC_DEMO
2024-05-02,iron_ore,109.29,USD,per_tonne,SYNTHETIC_DEMO
2024-05-02,grain,248.43,USD,per_tonne,SYNTHETIC_DEMO
2024-05-03,thermal_coal,150.62,USD,per_tonne,SYNTHETIC_DEMO
2024-05-03,iron_ore,108.42,USD,per_tonne,SYNTHETIC_DEMO
2024-05-03,grain,246.07,USD,per_tonne,SYNTHETIC_DEMO
2024-05-04,thermal_coal,149.43,USD,per_tonne,SYNTHETIC_DEMO
2024-05-04,iron_ore,107.22,USD,per_tonne,SYNTHETIC_DEMO
2024-05-04,grain,248.79,USD,per_tonne,SYNTHETIC_DEMO
2024-05-05,thermal_coal,150.66,USD,per_tonne,SYNTHETIC_DEMO
2024-05-05,iron_ore,107.0,USD,per_tonne,SYNTHETIC_DEMO
2024-05-05,grain,248.58,USD,per_tonne,SYNTHETIC_DEMO
2024-05-06,thermal_coal,149.7,USD,per_tonne,SYNTHETIC_DEMO
2024-05-06,iron_ore,107.76,USD,per_tonne,SYNTHETIC_DEMO
2024-05-06,grain,248.87,USD,per_tonne,SYNTHETIC_DEMO
2024-05-07,thermal_coal,148.1,USD,per_tonne,SYNTHETIC_DEMO
2024-05-07,iron_ore,106.55,USD,per_tonne,SYNTHETIC_DEMO
2024-05-07,grain,247.39,USD,per_tonne,SYNTHETIC_DEMO
2024-05-08,thermal_coal,148.46,USD,per_tonne,SYNTHETIC_DEMO
2024-05-08,iron_ore,106.23,USD,per_tonne,SYNTHETIC_DEMO
2024-05-08,grain,248.13,USD,per_tonne,SYNTHETIC_DEMO
2024-05-09,thermal_coal,149.9,USD,per_tonne,SYNTHETIC_DEMO
2024-05-09,iron_ore,106.21,USD,per_tonne,SYNTHETIC_DEMO
2024-05-09,grain,243.65,USD,per_tonne,SYNTHETIC_DEMO
2024-05-10,thermal_coal,149.65,USD,per_tonne,SYNTHETIC_DEMO
2024-05-10,iron_ore,106.54,USD,per_tonne,SYNTHETIC_DEMO
2024-05-10,grain,246.26,USD,per_tonne,SYNTHETIC_DEMO
2024-05-11,thermal_coal,149.53,USD,per_tonne,SYNTHETIC_DEMO
2024-05-11,iron_ore,106.16,USD,per_tonne,SYNTHETIC_DEMO
2024-05-11,grain,246.53,USD,per_tonne,SYNTHETIC_DEMO
2024-05-12,thermal_coal,149.45,USD,per_tonne,SYNTHETIC_DEMO
2024-05-12,iron_ore,105.91,USD,per_tonne,SYNTHETIC_DEMO
2024-05-12,grain,246.04,USD,per_tonne,SYNTHETIC_DEMO
2024-05-13,thermal_coal,150.43,USD,per_tonne,SYNTHETIC_DEMO
2024-05-13,iron_ore,106.87,USD,per_tonne,SYNTHETIC_DEMO
2024-05-13,grain,243.13,USD,per_tonne,SYNTHETIC_DEMO
2024-05-14,thermal_coal,149.87,USD,per_tonne,SYNTHETIC_DEMO
2024-05-14,iron_ore,107.09,USD,per_tonne,SYNTHETIC_DEMO
2024-05-14,grain,242.66,USD,per_tonne,SYNTHETIC_DEMO
2024-05-15,thermal_coal,149.79,USD,per_tonne,SYNTHETIC_DEMO
2024-05-15,iron_ore,107.82,USD,per_tonne,SYNTHETIC_DEMO
2024-05-15,grain,244.07,USD,per_tonne,SYNTHETIC_DEMO
2024-05-16,thermal_coal,148.83,USD,per_tonne,SYNTHETIC_DEMO
2024-05-16,iron_ore,108.51,USD,per_tonne,SYNTHETIC_DEMO
2024-05-16,grain,247.41,USD,per_tonne,SYNTHETIC_DEMO
2024-05-17,thermal_coal,148.66,USD,per_tonne,SYNTHETIC_DEMO
2024-05-17,iron_ore,107.48,USD,per_tonne,SYNTHETIC_DEMO
2024-05-17,grain,245.69,USD,per_tonne,SYNTHETIC_DEMO
2024-05-18,thermal_coal,149.29,USD,per_tonne,SYNTHETIC_DEMO
2024-05-18,iron_ore,107.17,USD,per_tonne,SYNTHETIC_DEMO
2024-05-18,grain,239.81,USD,per_tonne,SYNTHETIC_DEMO
2024-05-19,thermal_coal,149.2,USD,per_tonne,SYNTHETIC_DEMO
2024-05-19,iron_ore,104.18,USD,per_tonne,SYNTHETIC_DEMO
2024-05-19,grain,240.87,USD,per_tonne,SYNTHETIC_DEMO
2024-05-20,thermal_coal,150.21,USD,per_tonne,SYNTHETIC_DEMO
2024-05-20,iron_ore,105.12,USD,per_tonne,SYNTHETIC_DEMO
2024-05-20,grain,243.5,USD,per_tonne,SYNTHETIC_DEMO
2024-05-21,thermal_coal,150.41,USD,per_tonne,SYNTHETIC_DEMO
2024-05-21,iron_ore,106.26,USD,per_tonne,SYNTHETIC_DEMO
2024-05-21,grain,243.07,USD,per_tonne,SYNTHETIC_DEMO
2024-05-22,thermal_coal,151.16,USD,per_tonne,SYNTHETIC_DEMO
2024-05-22,iron_ore,107.71,USD,per_tonne,SYNTHETIC_DEMO
2024-05-22,grain,239.06,USD,per_tonne,SYNTHETIC_DEMO
2024-05-23,thermal_coal,150.0,USD,per_tonne,SYNTHETIC_DEMO
2024-05-23,iron_ore,108.81,USD,per_tonne,SYNTHETIC_DEMO
2024-05-23,grain,240.15,USD,per_tonne,SYNTHETIC_DEMO
2024-05-24,thermal_coal,148.99,USD,per_tonne,SYNTHETIC_DEMO
2024-05-24,iron_ore,107.48,USD,per_tonne,SYNTHETIC_DEMO
2024-05-24,grain,242.18,USD,per_tonne,SYNTHETIC_DEMO
2024-05-25,thermal_coal,149.16,USD,per_tonne,SYNTHETIC_DEMO
2024-05-25,iron_ore,107.15,USD,per_tonne,SYNTHETIC_DEMO
2024-05-25,grain,240.0,USD,per_tonne,SYNTHETIC_DEMO
2024-05-26,thermal_coal,148.38,USD,per_tonne,SYNTHETIC_DEMO
2024-05-26,iron_ore,106.35,USD,per_tonne,SYNTHETIC_DEMO
2024-05-26,grain,240.34,USD,per_tonne,SYNTHETIC_DEMO
2024-05-27,thermal_coal,148.62,USD,per_tonne,SYNTHETIC_DEMO
2024-05-27,iron_ore,106.16,USD,per_tonne,SYNTHETIC_DEMO
2024-05-27,grain,244.65,USD,per_tonne,SYNTHETIC_DEMO
2024-05-28,thermal_coal,148.9,USD,per_tonne,SYNTHETIC_DEMO
2024-05-28,iron_ore,105.64,USD,per_tonne,SYNTHETIC_DEMO
2024-05-28,grain,240.76,USD,per_tonne,SYNTHETIC_DEMO
2024-05-29,thermal_coal,149.96,USD,per_tonne,SYNTHETIC_DEMO
2024-05-29,iron_ore,103.46,USD,per_tonne,SYNTHETIC_DEMO
2024-05-29,grain,239.47,USD,per_tonne,SYNTHETIC_DEMO
2024-05-30,thermal_coal,148.5,USD,per_tonne,SYNTHETIC_DEMO
2024-05-30,iron_ore,102.97,USD,per_tonne,SYNTHETIC_DEMO
2024-05-30,grain,242.9,USD,per_tonne,SYNTHETIC_DEMO
2024-05-31,thermal_coal,147.47,USD,per_tonne,SYNTHETIC_DEMO
2024-05-31,iron_ore,103.37,USD,per_tonne,SYNTHETIC_DEMO
2024-05-31,grain,240.71,USD,per_tonne,SYNTHETIC_DEMO
2024-06-01,thermal_coal,147.94,USD,per_tonne,SYNTHETIC_DEMO
2024-06-01,iron_ore,102.12,USD,per_tonne,SYNTHETIC_DEMO
2024-06-01,grain,239.53,USD,per_tonne,SYNTHETIC_DEMO
2024-06-02,thermal_coal,147.15,USD,per_tonne,SYNTHETIC_DEMO
2024-06-02,iron_ore,101.59,USD,per_tonne,SYNTHETIC_DEMO
2024-06-02,grain,242.54,USD,per_tonne,SYNTHETIC_DEMO
2024-06-03,thermal_coal,148.58,USD,per_tonne,SYNTHETIC_DEMO
2024-06-03,iron_ore,101.86,USD,per_tonne,SYNTHETIC_DEMO
2024-06-03,grain,240.38,USD,per_tonne,SYNTHETIC_DEMO
2024-06-04,thermal_coal,149.56,USD,per_tonne,SYNTHETIC_DEMO
2024-06-04,iron_ore,100.96,USD,per_tonne,SYNTHETIC_DEMO
2024-06-04,grain,236.84,USD,per_tonne,SYNTHETIC_DEMO
2024-06-05,thermal_coal,149.07,USD,per_tonne,SYNTHETIC_DEMO
2024-06-05,iron_ore,101.85,USD,per_tonne,SYNTHETIC_DEMO
2024-06-05,grain,240.51,USD,per_tonne,SYNTHETIC_DEMO
2024-06-06,thermal_coal,150.19,USD,per_tonne,SYNTHETIC_DEMO
2024-06-06,iron_ore,101.36,USD,per_tonne,SYNTHETIC_DEMO
2024-06-06,grain,238.58,USD,per_tonne,SYNTHETIC_DEMO
2024-06-07,thermal_coal,150.72,USD,per_tonne,SYNTHETIC_DEMO
2024-06-07,iron_ore,102.39,USD,per_tonne,SYNTHETIC_DEMO
2024-06-07,grain,238.0,USD,per_tonne,SYNTHETIC_DEMO
2024-06-08,thermal_coal,151.88,USD,per_tonne,SYNTHETIC_DEMO
2024-06-08,iron_ore,103.38,USD,per_tonne,SYNTHETIC_DEMO
2024-06-08,grain,238.19,USD,per_tonne,SYNTHETIC_DEMO
2024-06-09,thermal_coal,150.86,USD,per_tonne,SYNTHETIC_DEMO
2024-06-09,iron_ore,103.43,USD,per_tonne,SYNTHETIC_DEMO
2024-06-09,grain,239.23,USD,per_tonne,SYNTHETIC_DEMO
2024-06-10,thermal_coal,150.12,USD,per_tonne,SYNTHETIC_DEMO
2024-06-10,iron_ore,103.67,USD,per_tonne,SYNTHETIC_DEMO
2024-06-10,grain,238.36,USD,per_tonne,SYNTHETIC_DEMO
2024-06-11,thermal_coal,149.49,USD,per_tonne,SYNTHETIC_DEMO
2024-06-11,iron_ore,104.17,USD,per_tonne,SYNTHETIC_DEMO
2024-06-11,grain,241.25,USD,per_tonne,SYNTHETIC_DEMO
2024-06-12,thermal_coal,149.13,USD,per_tonne,SYNTHETIC_DEMO
2024-06-12,iron_ore,104.35,USD,per_tonne,SYNTHETIC_DEMO
2024-06-12,grain,236.63,USD,per_tonne,SYNTHETIC_DEMO
2024-06-13,thermal_coal,149.4,USD,per_tonne,SYNTHETIC_DEMO
2024-06-13,iron_ore,105.73,USD,per_tonne,SYNTHETIC_DEMO
2024-06-13,grain,240.31,USD,per_tonne,SYNTHETIC_DEMO
2024-06-14,thermal_coal,150.23,USD,per_tonne,SYNTHETIC_DEMO
2024-06-14,iron_ore,106.15,USD,per_tonne,SYNTHETIC_DEMO
2024-06-14,grain,236.59,USD,per_tonne,SYNTHETIC_DEMO
2024-06-15,thermal_coal,149.16,USD,per_tonne,SYNTHETIC_DEMO
2024-06-15,iron_ore,107.12,USD,per_tonne,SYNTHETIC_DEMO
2024-06-15,grain,233.72,USD,per_tonne,SYNTHETIC_DEMO
2024-06-16,thermal_coal,148.69,USD,per_tonne,SYNTHETIC_DEMO
2024-06-16,iron_ore,107.33,USD,per_tonne,SYNTHETIC_DEMO
2024-06-16,grain,237.37,USD,per_tonne,SYNTHETIC_DEMO
2024-06-17,thermal_coal,148.56,USD,per_tonne,SYNTHETIC_DEMO
2024-06-17,iron_ore,106.97,USD,per_tonne,SYNTHETIC_DEMO
2024-06-17,grain,241.24,USD,per_tonne,SYNTHETIC_DEMO
2024-06-18,thermal_coal,147.52,USD,per_tonne,SYNTHETIC_DEMO
2024-06-18,iron_ore,105.62,USD,per_tonne,SYNTHETIC_DEMO
2024-06-18,grain,237.6,USD,per_tonne,SYNTHETIC_DEMO
2024-06-19,thermal_coal,148.26,USD,per_tonne,SYNTHETIC_DEMO
2024-06-19,iron_ore,105.48,USD,per_tonne,SYNTHETIC_DEMO
2024-06-19,grain,238.92,USD,per_tonne,SYNTHETIC_DEMO
2024-06-20,thermal_coal,145.64,USD,per_tonne,SYNTHETIC_DEMO
2024-06-20,iron_ore,104.47,USD,per_tonne,SYNTHETIC_DEMO
2024-06-20,grain,238.16,USD,per_tonne,SYNTHETIC_DEMO
2024-06-21,thermal_coal,146.7,USD,per_tonne,SYNTHETIC_DEMO
2024-06-21,iron_ore,104.59,USD,per_tonne,SYNTHETIC_DEMO
2024-06-21,grain,237.73,USD,per_tonne,SYNTHETIC_DEMO
2024-06-22,thermal_coal,144.25,USD,per_tonne,SYNTHETIC_DEMO
2024-06-22,iron_ore,105.26,USD,per_tonne,SYNTHETIC_DEMO
2024-06-22,grain,235.7,USD,per_tonne,SYNTHETIC_DEMO
2024-06-23,thermal_coal,145.57,USD,per_tonne,SYNTHETIC_DEMO
2024-06-23,iron_ore,106.23,USD,per_tonne,SYNTHETIC_DEMO
2024-06-23,grain,237.18,USD,per_tonne,SYNTHETIC_DEMO
2024-06-24,thermal_coal,145.84,USD,per_tonne,SYNTHETIC_DEMO
2024-06-24,iron_ore,105.55,USD,per_tonne,SYNTHETIC_DEMO
2024-06-24,grain,239.69,USD,per_tonne,SYNTHETIC_DEMO
2024-06-25,thermal_coal,146.65,USD,per_tonne,SYNTHETIC_DEMO
2024-06-25,iron_ore,105.85,USD,per_tonne,SYNTHETIC_DEMO
2024-06-25,grain,232.35,USD,per_tonne,SYNTHETIC_DEMO
2024-06-26,thermal_coal,146.63,USD,per_tonne,SYNTHETIC_DEMO
2024-06-26,iron_ore,106.99,USD,per_tonne,SYNTHETIC_DEMO
2024-06-26,grain,234.73,USD,per_tonne,SYNTHETIC_DEMO
2024-06-27,thermal_coal,145.85,USD,per_tonne,SYNTHETIC_DEMO
2024-06-27,iron_ore,107.41,USD,per_tonne,SYNTHETIC_DEMO
2024-06-27,grain,237.82,USD,per_tonne,SYNTHETIC_DEMO
2024-06-28,thermal_coal,145.38,USD,per_tonne,SYNTHETIC_DEMO
2024-06-28,iron_ore,107.37,USD,per_tonne,SYNTHETIC_DEMO
2024-06-28,grain,237.65,USD,per_tonne,SYNTHETIC_DEMO
2024-06-29,thermal_coal,144.91,USD,per_tonne,SYNTHETIC_DEMO
2024-06-29,iron_ore,107.78,USD,per_tonne,SYNTHETIC_DEMO
2024-06-29,grain,239.96,USD,per_tonne,SYNTHETIC_DEMO
2024-06-30,thermal_coal,145.79,USD,per_tonne,SYNTHETIC_DEMO
2024-06-30,iron_ore,107.21,USD,per_tonne,SYNTHETIC_DEMO
2024-06-30,grain,235.56,USD,per_tonne,SYNTHETIC_DEMO
2024-07-01,thermal_coal,144.92,USD,per_tonne,SYNTHETIC_DEMO
2024-07-01,iron_ore,106.72,USD,per_tonne,SYNTHETIC_DEMO
2024-07-01,grain,240.74,USD,per_tonne,SYNTHETIC_DEMO
2024-07-02,thermal_coal,145.07,USD,per_tonne,SYNTHETIC_DEMO
2024-07-02,iron_ore,107.98,USD,per_tonne,SYNTHETIC_DEMO
2024-07-02,grain,234.24,USD,per_tonne,SYNTHETIC_DEMO
2024-07-03,thermal_coal,144.72,USD,per_tonne,SYNTHETIC_DEMO
2024-07-03,iron_ore,106.5,USD,per_tonne,SYNTHETIC_DEMO
2024-07-03,grain,234.73,USD,per_tonne,SYNTHETIC_DEMO
2024-07-04,thermal_coal,143.59,USD,per_tonne,SYNTHETIC_DEMO
2024-07-04,iron_ore,106.46,USD,per_tonne,SYNTHETIC_DEMO
2024-07-04,grain,232.49,USD,per_tonne,SYNTHETIC_DEMO
2024-07-05,thermal_coal,144.43,USD,per_tonne,SYNTHETIC_DEMO
2024-07-05,iron_ore,107.28,USD,per_tonne,SYNTHETIC_DEMO
2024-07-05,grain,233.17,USD,per_tonne,SYNTHETIC_DEMO
2024-07-06,thermal_coal,143.52,USD,per_tonne,SYNTHETIC_DEMO
2024-07-06,iron_ore,107.81,USD,per_tonne,SYNTHETIC_DEMO
2024-07-06,grain,234.33,USD,per_tonne,SYNTHETIC_DEMO
2024-07-07,thermal_coal,142.37,USD,per_tonne,SYNTHETIC_DEMO
2024-07-07,iron_ore,107.19,USD,per_tonne,SYNTHETIC_DEMO
2024-07-07,grain,235.58,USD,per_tonne,SYNTHETIC_DEMO
2024-07-08,thermal_coal,142.37,USD,per_tonne,SYNTHETIC_DEMO
2024-07-08,iron_ore,106.88,USD,per_tonne,SYNTHETIC_DEMO
2024-07-08,grain,234.88,USD,per_tonne,SYNTHETIC_DEMO
2024-07-09,thermal_coal,142.79,USD,per_tonne,SYNTHETIC_DEMO
2024-07-09,iron_ore,106.93,USD,per_tonne,SYNTHETIC_DEMO
2024-07-09,grain,233.47,USD,per_tonne,SYNTHETIC_DEMO
2024-07-10,thermal_coal,141.7,USD,per_tonne,SYNTHETIC_DEMO
2024-07-10,iron_ore,106.82,USD,per_tonne,SYNTHETIC_DEMO
2024-07-10,grain,235.08,USD,per_tonne,SYNTHETIC_DEMO
2024-07-11,thermal_coal,142.39,USD,per_tonne,SYNTHETIC_DEMO
2024-07-11,iron_ore,106.87,USD,per_tonne,SYNTHETIC_DEMO
2024-07-11,grain,234.84,USD,per_tonne,SYNTHETIC_DEMO
2024-07-12,thermal_coal,141.52,USD,per_tonne,SYNTHETIC_DEMO
2024-07-12,iron_ore,106.86,USD,per_tonne,SYNTHETIC_DEMO
2024-07-12,grain,239.69,USD,per_tonne,SYNTHETIC_DEMO
2024-07-13,thermal_coal,139.94,USD,per_tonne,SYNTHETIC_DEMO
2024-07-13,iron_ore,106.69,USD,per_tonne,SYNTHETIC_DEMO
2024-07-13,grain,234.22,USD,per_tonne,SYNTHETIC_DEMO
2024-07-14,thermal_coal,139.14,USD,per_tonne,SYNTHETIC_DEMO
2024-07-14,iron_ore,106.41,USD,per_tonne,SYNTHETIC_DEMO
2024-07-14,grain,236.06,USD,per_tonne,SYNTHETIC_DEMO
2024-07-15,thermal_coal,138.54,USD,per_tonne,SYNTHETIC_DEMO
2024-07-15,iron_ore,106.08,USD,per_tonne,SYNTHETIC_DEMO
2024-07-15,grain,234.96,USD,per_tonne,SYNTHETIC_DEMO
2024-07-16,thermal_coal,139.27,USD,per_tonne,SYNTHETIC_DEMO
2024-07-16,iron_ore,105.96,USD,per_tonne,SYNTHETIC_DEMO
2024-07-16,grain,239.49,USD,per_tonne,SYNTHETIC_DEMO
2024-07-17,thermal_coal,139.78,USD,per_tonne,SYNTHETIC_DEMO
2024-07-17,iron_ore,106.08,USD,per_tonne,SYNTHETIC_DEMO
2024-07-17,grain,235.66,USD,per_tonne,SYNTHETIC_DEMO
2024-07-18,thermal_coal,139.08,USD,per_tonne,SYNTHETIC_DEMO
2024-07-18,iron_ore,105.8,USD,per_tonne,SYNTHETIC_DEMO
2024-07-18,grain,237.9,USD,per_tonne,SYNTHETIC_DEMO
2024-07-19,thermal_coal,138.15,USD,per_tonne,SYNTHETIC_DEMO
2024-07-19,iron_ore,105.61,USD,per_tonne,SYNTHETIC_DEMO
2024-07-19,grain,237.73,USD,per_tonne,SYNTHETIC_DEMO
2024-07-20,thermal_coal,138.13,USD,per_tonne,SYNTHETIC_DEMO
2024-07-20,iron_ore,105.79,USD,per_tonne,SYNTHETIC_DEMO
2024-07-20,grain,231.49,USD,per_tonne,SYNTHETIC_DEMO
2024-07-21,thermal_coal,138.15,USD,per_tonne,SYNTHETIC_DEMO
2024-07-21,iron_ore,105.86,USD,per_tonne,SYNTHETIC_DEMO
2024-07-21,grain,234.87,USD,per_tonne,SYNTHETIC_DEMO
2024-07-22,thermal_coal,138.05,USD,per_tonne,SYNTHETIC_DEMO
2024-07-22,iron_ore,105.66,USD,per_tonne,SYNTHETIC_DEMO
2024-07-22,grain,234.53,USD,per_tonne,SYNTHETIC_DEMO
2024-07-23,thermal_coal,137.11,USD,per_tonne,SYNTHETIC_DEMO
2024-07-23,iron_ore,107.32,USD,per_tonne,SYNTHETIC_DEMO
2024-07-23,grain,231.52,USD,per_tonne,SYNTHETIC_DEMO
2024-07-24,thermal_coal,138.46,USD,per_tonne,SYNTHETIC_DEMO
2024-07-24,iron_ore,106.89,USD,per_tonne,SYNTHETIC_DEMO
2024-07-24,grain,231.9,USD,per_tonne,SYNTHETIC_DEMO
2024-07-25,thermal_coal,138.6,USD,per_tonne,SYNTHETIC_DEMO
2024-07-25,iron_ore,105.25,USD,per_tonne,SYNTHETIC_DEMO
2024-07-25,grain,236.07,USD,per_tonne,SYNTHETIC_DEMO
2024-07-26,thermal_coal,139.53,USD,per_tonne,SYNTHETIC_DEMO
2024-07-26,iron_ore,103.3,USD,per_tonne,SYNTHETIC_DEMO
2024-07-26,grain,237.84,USD,per_tonne,SYNTHETIC_DEMO
2024-07-27,thermal_coal,139.61,USD,per_tonne,SYNTHETIC_DEMO
2024-07-27,iron_ore,102.75,USD,per_tonne,SYNTHETIC_DEMO
2024-07-27,grain,234.79,USD,per_tonne,SYNTHETIC_DEMO
2024-07-28,thermal_coal,139.3,USD,per_tonne,SYNTHETIC_DEMO
2024-07-28,iron_ore,101.06,USD,per_tonne,SYNTHETIC_DEMO
2024-07-28,grain,232.73,USD,per_tonne,SYNTHETIC_DEMO
2024-07-29,thermal_coal,139.04,USD,per_tonne,SYNTHETIC_DEMO
2024-07-29,iron_ore,102.03,USD,per_tonne,SYNTHETIC_DEMO
2024-07-29,grain,236.34,USD,per_tonne,SYNTHETIC_DEMO
2024-07-30,thermal_coal,139.32,USD,per_tonne,SYNTHETIC_DEMO
2024-07-30,iron_ore,103.04,USD,per_tonne,SYNTHETIC_DEMO
2024-07-30,grain,234.99,USD,per_tonne,SYNTHETIC_DEMO
2024-07-31,thermal_coal,139.29,USD,per_tonne,SYNTHETIC_DEMO
2024-07-31,iron_ore,104.07,USD,per_tonne,SYNTHETIC_DEMO
2024-07-31,grain,234.68,USD,per_tonne,SYNTHETIC_DEMO
2024-08-01,thermal_coal,139.68,USD,per_tonne,SYNTHETIC_DEMO
2024-08-01,iron_ore,104.43,USD,per_tonne,SYNTHETIC_DEMO
2024-08-01,grain,234.5,USD,per_tonne,SYNTHETIC_DEMO
2024-08-02,thermal_coal,137.87,USD,per_tonne,SYNTHETIC_DEMO
2024-08-02,iron_ore,104.82,USD,per_tonne,SYNTHETIC_DEMO
2024-08-02,grain,230.76,USD,per_tonne,SYNTHETIC_DEMO
2024-08-03,thermal_coal,137.04,USD,per_tonne,SYNTHETIC_DEMO
2024-08-03,iron_ore,105.26,USD,per_tonne,SYNTHETIC_DEMO
2024-08-03,grain,236.38,USD,per_tonne,SYNTHETIC_DEMO
2024-08-04,thermal_coal,135.92,USD,per_tonne,SYNTHETIC_DEMO
2024-08-04,iron_ore,104.79,USD,per_tonne,SYNTHETIC_DEMO
2024-08-04,grain,238.51,USD,per_tonne,SYNTHETIC_DEMO
2024-08-05,thermal_coal,135.87,USD,per_tonne,SYNTHETIC_DEMO
2024-08-05,iron_ore,104.61,USD,per_tonne,SYNTHETIC_DEMO
2024-08-05,grain,234.28,USD,per_tonne,SYNTHETIC_DEMO
2024-08-06,thermal_coal,136.73,USD,per_tonne,SYNTHETIC_DEMO
2024-08-06,iron_ore,104.12,USD,per_tonne,SYNTHETIC_DEMO
2024-08-06,grain,240.83,USD,per_tonne,SYNTHETIC_DEMO
2024-08-07,thermal_coal,137.15,USD,per_tonne,SYNTHETIC_DEMO
2024-08-07,iron_ore,103.86,USD,per_tonne,SYNTHETIC_DEMO
2024-08-07,grain,235.31,USD,per_tonne,SYNTHETIC_DEMO
2024-08-08,thermal_coal,135.79,USD,per_tonne,SYNTHETIC_DEMO
2024-08-08,iron_ore,104.33,USD,per_tonne,SYNTHETIC_DEMO
2024-08-08,grain,230.3,USD,per_tonne,SYNTHETIC_DEMO
2024-08-09,thermal_coal,136.8,USD,per_tonne,SYNTHETIC_DEMO
2024-08-09,iron_ore,103.57,USD,per_tonne,SYNTHETIC_DEMO
2024-08-09,grain,238.39,USD,per_tonne,SYNTHETIC_DEMO
2024-08-10,thermal_coal,135.96,USD,per_tonne,SYNTHETIC_DEMO
2024-08-10,iron_ore,104.04,USD,per_tonne,SYNTHETIC_DEMO
2024-08-10,grain,236.65,USD,per_tonne,SYNTHETIC_DEMO
2024-08-11,thermal_coal,135.92,USD,per_tonne,SYNTHETIC_DEMO
2024-08-11,iron_ore,104.1,USD,per_tonne,SYNTHETIC_DEMO
2024-08-11,grain,236.96,USD,per_tonne,SYNTHETIC_DEMO
2024-08-12,thermal_coal,135.36,USD,per_tonne,SYNTHETIC_DEMO
2024-08-12,iron_ore,104.68,USD,per_tonne,SYNTHETIC_DEMO
2024-08-12,grain,235.28,USD,per_tonne,SYNTHETIC_DEMO
2024-08-13,thermal_coal,135.04,USD,per_tonne,SYNTHETIC_DEMO
2024-08-13,iron_ore,105.17,USD,per_tonne,SYNTHETIC_DEMO
2024-08-13,grain,234.25,USD,per_tonne,SYNTHETIC_DEMO
2024-08-14,thermal_coal,134.6,USD,per_tonne,SYNTHETIC_DEMO
2024-08-14,iron_ore,104.9,USD,per_tonne,SYNTHETIC_DEMO
2024-08-14,grain,237.16,USD,per_tonne,SYNTHETIC_DEMO
2024-08-15,thermal_coal,134.62,USD,per_tonne,SYNTHETIC_DEMO
2024-08-15,iron_ore,105.23,USD,per_tonne,SYNTHETIC_DEMO
2024-08-15,grain,234.61,USD,per_tonne,SYNTHETIC_DEMO
2024-08-16,thermal_coal,133.13,USD,per_tonne,SYNTHETIC_DEMO
2024-08-16,iron_ore,105.22,USD,per_tonne,SYNTHETIC_DEMO
2024-08-16,grain,235.86,USD,per_tonne,SYNTHETIC_DEMO
2024-08-17,thermal_coal,131.68,USD,per_tonne,SYNTHETIC_DEMO
2024-08-17,iron_ore,105.83,USD,per_tonne,SYNTHETIC_DEMO
2024-08-17,grain,233.2,USD,per_tonne,SYNTHETIC_DEMO
2024-08-18,thermal_coal,132.27,USD,per_tonne,SYNTHETIC_DEMO
2024-08-18,iron_ore,106.17,USD,per_tonne,SYNTHETIC_DEMO
2024-08-18,grain,238.58,USD,per_tonne,SYNTHETIC_DEMO
2024-08-19,thermal_coal,133.25,USD,per_tonne,SYNTHETIC_DEMO
2024-08-19,iron_ore,104.95,USD,per_tonne,SYNTHETIC_DEMO
2024-08-19,grain,234.01,USD,per_tonne,SYNTHETIC_DEMO
2024-08-20,thermal_coal,132.5,USD,per_tonne,SYNTHETIC_DEMO
2024-08-20,iron_ore,105.28,USD,per_tonne,SYNTHETIC_DEMO
2024-08-20,grain,239.16,USD,per_tonne,SYNTHETIC_DEMO
2024-08-21,thermal_coal,132.49,USD,per_tonne,SYNTHETIC_DEMO
2024-08-21,iron_ore,105.25,USD,per_tonne,SYNTHETIC_DEMO
2024-08-21,grain,236.58,USD,per_tonne,SYNTHETIC_DEMO
2024-08-22,thermal_coal,133.17,USD,per_tonne,SYNTHETIC_DEMO
2024-08-22,iron_ore,104.75,USD,per_tonne,SYNTHETIC_DEMO
2024-08-22,grain,237.19,USD,per_tonne,SYNTHETIC_DEMO
2024-08-23,thermal_coal,132.46,USD,per_tonne,SYNTHETIC_DEMO
2024-08-23,iron_ore,105.86,USD,per_tonne,SYNTHETIC_DEMO
2024-08-23,grain,237.74,USD,per_tonne,SYNTHETIC_DEMO
2024-08-24,thermal_coal,133.45,USD,per_tonne,SYNTHETIC_DEMO
2024-08-24,iron_ore,107.02,USD,per_tonne,SYNTHETIC_DEMO
2024-08-24,grain,238.81,USD,per_tonne,SYNTHETIC_DEMO
2024-08-25,thermal_coal,134.07,USD,per_tonne,SYNTHETIC_DEMO
2024-08-25,iron_ore,106.92,USD,per_tonne,SYNTHETIC_DEMO
2024-08-25,grain,239.04,USD,per_tonne,SYNTHETIC_DEMO
2024-08-26,thermal_coal,133.53,USD,per_tonne,SYNTHETIC_DEMO
2024-08-26,iron_ore,107.2,USD,per_tonne,SYNTHETIC_DEMO
2024-08-26,grain,237.51,USD,per_tonne,SYNTHETIC_DEMO
2024-08-27,thermal_coal,133.34,USD,per_tonne,SYNTHETIC_DEMO
2024-08-27,iron_ore,108.11,USD,per_tonne,SYNTHETIC_DEMO
2024-08-27,grain,238.92,USD,per_tonne,SYNTHETIC_DEMO
2024-08-28,thermal_coal,134.22,USD,per_tonne,SYNTHETIC_DEMO
2024-08-28,iron_ore,109.76,USD,per_tonne,SYNTHETIC_DEMO
2024-08-28,grain,235.65,USD,per_tonne,SYNTHETIC_DEMO
2024-08-29,thermal_coal,132.77,USD,per_tonne,SYNTHETIC_DEMO
2024-08-29,iron_ore,109.94,USD,per_tonne,SYNTHETIC_DEMO
2024-08-29,grain,236.07,USD,per_tonne,SYNTHETIC_DEMO
2024-08-30,thermal_coal,131.65,USD,per_tonne,SYNTHETIC_DEMO
2024-08-30,iron_ore,109.89,USD,per_tonne,SYNTHETIC_DEMO
2024-08-30,grain,238.17,USD,per_tonne,SYNTHETIC_DEMO
2024-08-31,thermal_coal,132.46,USD,per_tonne,SYNTHETIC_DEMO
2024-08-31,iron_ore,109.68,USD,per_tonne,SYNTHETIC_DEMO
2024-08-31,grain,237.09,USD,per_tonne,SYNTHETIC_DEMO
2024-09-01,thermal_coal,131.21,USD,per_tonne,SYNTHETIC_DEMO
2024-09-01,iron_ore,108.84,USD,per_tonne,SYNTHETIC_DEMO
2024-09-01,grain,235.19,USD,per_tonne,SYNTHETIC_DEMO
2024-09-02,thermal_coal,131.05,USD,per_tonne,SYNTHETIC_DEMO
2024-09-02,iron_ore,108.6,USD,per_tonne,SYNTHETIC_DEMO
2024-09-02,grain,240.14,USD,per_tonne,SYNTHETIC_DEMO
2024-09-03,thermal_coal,131.21,USD,per_tonne,SYNTHETIC_DEMO
2024-09-03,iron_ore,108.96,USD,per_tonne,SYNTHETIC_DEMO
2024-09-03,grain,238.9,USD,per_tonne,SYNTHETIC_DEMO
2024-09-04,thermal_coal,130.54,USD,per_tonne,SYNTHETIC_DEMO
2024-09-04,iron_ore,109.62,USD,per_tonne,SYNTHETIC_DEMO
2024-09-04,grain,235.25,USD,per_tonne,SYNTHETIC_DEMO
2024-09-05,thermal_coal,129.38,USD,per_tonne,SYNTHETIC_DEMO
2024-09-05,iron_ore,109.73,USD,per_tonne,SYNTHETIC_DEMO
2024-09-05,grain,237.75,USD,per_tonne,SYNTHETIC_DEMO
2024-09-06,thermal_coal,130.28,USD,per_tonne,SYNTHETIC_DEMO
2024-09-06,iron_ore,110.82,USD,per_tonne,SYNTHETIC_DEMO
2024-09-06,grain,241.23,USD,per_tonne,SYNTHETIC_DEMO
2024-09-07,thermal_coal,129.05,USD,per_tonne,SYNTHETIC_DEMO
2024-09-07,iron_ore,111.04,USD,per_tonne,SYNTHETIC_DEMO
2024-09-07,grain,237.57,USD,per_tonne,SYNTHETIC_DEMO
2024-09-08,thermal_coal,128.99,USD,per_tonne,SYNTHETIC_DEMO
2024-09-08,iron_ore,110.76,USD,per_tonne,SYNTHETIC_DEMO
2024-09-08,grain,239.54,USD,per_tonne,SYNTHETIC_DEMO
2024-09-09,thermal_coal,129.16,USD,per_tonne,SYNTHETIC_DEMO
2024-09-09,iron_ore,110.05,USD,per_tonne,SYNTHETIC_DEMO
2024-09-09,grain,238.55,USD,per_tonne,SYNTHETIC_DEMO
2024-09-10,thermal_coal,130.82,USD,per_tonne,SYNTHETIC_DEMO
2024-09-10,iron_ore,110.04,USD,per_tonne,SYNTHETIC_DEMO
2024-09-10,grain,240.56,USD,per_tonne,SYNTHETIC_DEMO
2024-09-11,thermal_coal,130.38,USD,per_tonne,SYNTHETIC_DEMO
2024-09-11,iron_ore,109.16,USD,per_tonne,SYNTHETIC_DEMO
2024-09-11,grain,239.32,USD,per_tonne,SYNTHETIC_DEMO
2024-09-12,thermal_coal,130.77,USD,per_tonne,SYNTHETIC_DEMO
2024-09-12,iron_ore,110.09,USD,per_tonne,SYNTHETIC_DEMO
2024-09-12,grain,241.79,USD,per_tonne,SYNTHETIC_DEMO
2024-09-13,thermal_coal,131.26,USD,per_tonne,SYNTHETIC_DEMO
2024-09-13,iron_ore,110.24,USD,per_tonne,SYNTHETIC_DEMO
2024-09-13,grain,244.67,USD,per_tonne,SYNTHETIC_DEMO
2024-09-14,thermal_coal,131.18,USD,per_tonne,SYNTHETIC_DEMO
2024-09-14,iron_ore,111.63,USD,per_tonne,SYNTHETIC_DEMO
2024-09-14,grain,239.66,USD,per_tonne,SYNTHETIC_DEMO
2024-09-15,thermal_coal,131.3,USD,per_tonne,SYNTHETIC_DEMO
2024-09-15,iron_ore,111.06,USD,per_tonne,SYNTHETIC_DEMO
2024-09-15,grain,243.98,USD,per_tonne,SYNTHETIC_DEMO
2024-09-16,thermal_coal,131.19,USD,per_tonne,SYNTHETIC_DEMO
2024-09-16,iron_ore,111.6,USD,per_tonne,SYNTHETIC_DEMO
2024-09-16,grain,243.66,USD,per_tonne,SYNTHETIC_DEMO
2024-09-17,thermal_coal,131.15,USD,per_tonne,SYNTHETIC_DEMO
2024-09-17,iron_ore,111.56,USD,per_tonne,SYNTHETIC_DEMO
2024-09-17,grain,241.08,USD,per_tonne,SYNTHETIC_DEMO
2024-09-18,thermal_coal,132.27,USD,per_tonne,SYNTHETIC_DEMO
2024-09-18,iron_ore,113.14,USD,per_tonne,SYNTHETIC_DEMO
2024-09-18,grain,242.44,USD,per_tonne,SYNTHETIC_DEMO
2024-09-19,thermal_coal,130.34,USD,per_tonne,SYNTHETIC_DEMO
2024-09-19,iron_ore,113.49,USD,per_tonne,SYNTHETIC_DEMO
2024-09-19,grain,241.97,USD,per_tonne,SYNTHETIC_DEMO
2024-09-20,thermal_coal,129.4,USD,per_tonne,SYNTHETIC_DEMO
2024-09-20,iron_ore,114.03,USD,per_tonne,SYNTHETIC_DEMO
2024-09-20,grain,239.17,USD,per_tonne,SYNTHETIC_DEMO
2024-09-21,thermal_coal,129.42,USD,per_tonne,SYNTHETIC_DEMO
2024-09-21,iron_ore,114.88,USD,per_tonne,SYNTHETIC_DEMO
2024-09-21,grain,243.15,USD,per_tonne,SYNTHETIC_DEMO
2024-09-22,thermal_coal,128.85,USD,per_tonne,SYNTHETIC_DEMO
2024-09-22,iron_ore,115.99,USD,per_tonne,SYNTHETIC_DEMO
2024-09-22,grain,245.11,USD,per_tonne,SYNTHETIC_DEMO
2024-09-23,thermal_coal,128.75,USD,per_tonne,SYNTHETIC_DEMO
2024-09-23,iron_ore,115.12,USD,per_tonne,SYNTHETIC_DEMO
2024-09-23,grain,240.24,USD,per_tonne,SYNTHETIC_DEMO
2024-09-24,thermal_coal,128.07,USD,per_tonne,SYNTHETIC_DEMO
2024-09-24,iron_ore,115.47,USD,per_tonne,SYNTHETIC_DEMO
2024-09-24,grain,248.56,USD,per_tonne,SYNTHETIC_DEMO
2024-09-25,thermal_coal,127.81,USD,per_tonne,SYNTHETIC_DEMO
2024-09-25,iron_ore,115.54,USD,per_tonne,SYNTHETIC_DEMO
2024-09-25,grain,243.37,USD,per_tonne,SYNTHETIC_DEMO
2024-09-26,thermal_coal,127.53,USD,per_tonne,SYNTHETIC_DEMO
2024-09-26,iron_ore,116.06,USD,per_tonne,SYNTHETIC_DEMO
2024-09-26,grain,245.47,USD,per_tonne,SYNTHETIC_DEMO
2024-09-27,thermal_coal,127.75,USD,per_tonne,SYNTHETIC_DEMO
2024-09-27,iron_ore,115.52,USD,per_tonne,SYNTHETIC_DEMO
2024-09-27,grain,239.72,USD,per_tonne,SYNTHETIC_DEMO
2024-09-28,thermal_coal,127.15,USD,per_tonne,SYNTHETIC_DEMO
2024-09-28,iron_ore,115.31,USD,per_tonne,SYNTHETIC_DEMO
2024-09-28,grain,245.44,USD,per_tonne,SYNTHETIC_DEMO
2024-09-29,thermal_coal,126.71,USD,per_tonne,SYNTHETIC_DEMO
2024-09-29,iron_ore,114.46,USD,per_tonne,SYNTHETIC_DEMO
2024-09-29,grain,247.78,USD,per_tonne,SYNTHETIC_DEMO
2024-09-30,thermal_coal,126.81,USD,per_tonne,SYNTHETIC_DEMO
2024-09-30,iron_ore,114.63,USD,per_tonne,SYNTHETIC_DEMO
2024-09-30,grain,244.04,USD,per_tonne,SYNTHETIC_DEMO
2024-10-01,thermal_coal,127.12,USD,per_tonne,SYNTHETIC_DEMO
2024-10-01,iron_ore,113.87,USD,per_tonne,SYNTHETIC_DEMO
2024-10-01,grain,244.25,USD,per_tonne,SYNTHETIC_DEMO
2024-10-02,thermal_coal,127.62,USD,per_tonne,SYNTHETIC_DEMO
2024-10-02,iron_ore,113.7,USD,per_tonne,SYNTHETIC_DEMO
2024-10-02,grain,245.57,USD,per_tonne,SYNTHETIC_DEMO
2024-10-03,thermal_coal,127.75,USD,per_tonne,SYNTHETIC_DEMO
2024-10-03,iron_ore,113.55,USD,per_tonne,SYNTHETIC_DEMO
2024-10-03,grain,242.41,USD,per_tonne,SYNTHETIC_DEMO
2024-10-04,thermal_coal,127.72,USD,per_tonne,SYNTHETIC_DEMO
2024-10-04,iron_ore,113.76,USD,per_tonne,SYNTHETIC_DEMO
2024-10-04,grain,245.96,USD,per_tonne,SYNTHETIC_DEMO
2024-10-05,thermal_coal,127.91,USD,per_tonne,SYNTHETIC_DEMO
2024-10-05,iron_ore,113.59,USD,per_tonne,SYNTHETIC_DEMO
2024-10-05,grain,242.54,USD,per_tonne,SYNTHETIC_DEMO
2024-10-06,thermal_coal,127.22,USD,per_tonne,SYNTHETIC_DEMO
2024-10-06,iron_ore,114.43,USD,per_tonne,SYNTHETIC_DEMO
2024-10-06,grain,243.37,USD,per_tonne,SYNTHETIC_DEMO
2024-10-07,thermal_coal,127.73,USD,per_tonne,SYNTHETIC_DEMO
2024-10-07,iron_ore,113.98,USD,per_tonne,SYNTHETIC_DEMO
2024-10-07,grain,245.22,USD,per_tonne,SYNTHETIC_DEMO
2024-10-08,thermal_coal,127.41,USD,per_tonne,SYNTHETIC_DEMO
2024-10-08,iron_ore,114.35,USD,per_tonne,SYNTHETIC_DEMO
2024-10-08,grain,249.72,USD,per_tonne,SYNTHETIC_DEMO
2024-10-09,thermal_coal,128.23,USD,per_tonne,SYNTHETIC_DEMO
2024-10-09,iron_ore,113.62,USD,per_tonne,SYNTHETIC_DEMO
2024-10-09,grain,245.46,USD,per_tonne,SYNTHETIC_DEMO
2024-10-10,thermal_coal,128.42,USD,per_tonne,SYNTHETIC_DEMO
2024-10-10,iron_ore,115.18,USD,per_tonne,SYNTHETIC_DEMO
2024-10-10,grain,249.89,USD,per_tonne,SYNTHETIC_DEMO
2024-10-11,thermal_coal,127.44,USD,per_tonne,SYNTHETIC_DEMO
2024-10-11,iron_ore,116.09,USD,per_tonne,SYNTHETIC_DEMO
2024-10-11,grain,244.34,USD,per_tonne,SYNTHETIC_DEMO
2024-10-12,thermal_coal,126.14,USD,per_tonne,SYNTHETIC_DEMO
2024-10-12,iron_ore,115.93,USD,per_tonne,SYNTHETIC_DEMO
2024-10-12,grain,247.52,USD,per_tonne,SYNTHETIC_DEMO
2024-10-13,thermal_coal,126.22,USD,per_tonne,SYNTHETIC_DEMO
2024-10-13,iron_ore,115.05,USD,per_tonne,SYNTHETIC_DEMO
2024-10-13,grain,247.07,USD,per_tonne,SYNTHETIC_DEMO
2024-10-14,thermal_coal,126.02,USD,per_tonne,SYNTHETIC_DEMO
2024-10-14,iron_ore,115.44,USD,per_tonne,SYNTHETIC_DEMO
2024-10-14,grain,248.64,USD,per_tonne,SYNTHETIC_DEMO
2024-10-15,thermal_coal,127.54,USD,per_tonne,SYNTHETIC_DEMO
2024-10-15,iron_ore,114.36,USD,per_tonne,SYNTHETIC_DEMO
2024-10-15,grain,249.08,USD,per_tonne,SYNTHETIC_DEMO
2024-10-16,thermal_coal,128.42,USD,per_tonne,SYNTHETIC_DEMO
2024-10-16,iron_ore,115.05,USD,per_tonne,SYNTHETIC_DEMO
2024-10-16,grain,250.53,USD,per_tonne,SYNTHETIC_DEMO
2024-10-17,thermal_coal,127.33,USD,per_tonne,SYNTHETIC_DEMO
2024-10-17,iron_ore,114.81,USD,per_tonne,SYNTHETIC_DEMO
2024-10-17,grain,248.2,USD,per_tonne,SYNTHETIC_DEMO
2024-10-18,thermal_coal,127.72,USD,per_tonne,SYNTHETIC_DEMO
2024-10-18,iron_ore,115.0,USD,per_tonne,SYNTHETIC_DEMO
2024-10-18,grain,249.59,USD,per_tonne,SYNTHETIC_DEMO
2024-10-19,thermal_coal,127.15,USD,per_tonne,SYNTHETIC_DEMO
2024-10-19,iron_ore,114.9,USD,per_tonne,SYNTHETIC_DEMO
2024-10-19,grain,250.17,USD,per_tonne,SYNTHETIC_DEMO
2024-10-20,thermal_coal,127.88,USD,per_tonne,SYNTHETIC_DEMO
2024-10-20,iron_ore,115.22,USD,per_tonne,SYNTHETIC_DEMO
2024-10-20,grain,249.69,USD,per_tonne,SYNTHETIC_DEMO
2024-10-21,thermal_coal,128.92,USD,per_tonne,SYNTHETIC_DEMO
2024-10-21,iron_ore,115.44,USD,per_tonne,SYNTHETIC_DEMO
2024-10-21,grain,251.46,USD,per_tonne,SYNTHETIC_DEMO
2024-10-22,thermal_coal,127.56,USD,per_tonne,SYNTHETIC_DEMO
2024-10-22,iron_ore,115.94,USD,per_tonne,SYNTHETIC_DEMO
2024-10-22,grain,249.4,USD,per_tonne,SYNTHETIC_DEMO
2024-10-23,thermal_coal,127.98,USD,per_tonne,SYNTHETIC_DEMO
2024-10-23,iron_ore,116.38,USD,per_tonne,SYNTHETIC_DEMO
2024-10-23,grain,249.78,USD,per_tonne,SYNTHETIC_DEMO
2024-10-24,thermal_coal,126.93,USD,per_tonne,SYNTHETIC_DEMO
2024-10-24,iron_ore,115.28,USD,per_tonne,SYNTHETIC_DEMO
2024-10-24,grain,249.53,USD,per_tonne,SYNTHETIC_DEMO
2024-10-25,thermal_coal,125.8,USD,per_tonne,SYNTHETIC_DEMO
2024-10-25,iron_ore,115.55,USD,per_tonne,SYNTHETIC_DEMO
2024-10-25,grain,252.81,USD,per_tonne,SYNTHETIC_DEMO
2024-10-26,thermal_coal,126.71,USD,per_tonne,SYNTHETIC_DEMO
2024-10-26,iron_ore,115.48,USD,per_tonne,SYNTHETIC_DEMO
2024-10-26,grain,254.15,USD,per_tonne,SYNTHETIC_DEMO
2024-10-27,thermal_coal,126.9,USD,per_tonne,SYNTHETIC_DEMO
2024-10-27,iron_ore,115.6,USD,per_tonne,SYNTHETIC_DEMO
2024-10-27,grain,247.71,USD,per_tonne,SYNTHETIC_DEMO
2024-10-28,thermal_coal,127.05,USD,per_tonne,SYNTHETIC_DEMO
2024-10-28,iron_ore,115.56,USD,per_tonne,SYNTHETIC_DEMO
2024-10-28,grain,254.53,USD,per_tonne,SYNTHETIC_DEMO
2024-10-29,thermal_coal,128.57,USD,per_tonne,SYNTHETIC_DEMO
2024-10-29,iron_ore,115.1,USD,per_tonne,SYNTHETIC_DEMO
2024-10-29,grain,254.76,USD,per_tonne,SYNTHETIC_DEMO
2024-10-30,thermal_coal,128.57,USD,per_tonne,SYNTHETIC_DEMO
2024-10-30,iron_ore,114.14,USD,per_tonne,SYNTHETIC_DEMO
2024-10-30,grain,250.68,USD,per_tonne,SYNTHETIC_DEMO
2024-10-31,thermal_coal,128.16,USD,per_tonne,SYNTHETIC_DEMO
2024-10-31,iron_ore,115.07,USD,per_tonne,SYNTHETIC_DEMO
2024-10-31,grain,253.05,USD,per_tonne,SYNTHETIC_DEMO
2024-11-01,thermal_coal,128.0,USD,per_tonne,SYNTHETIC_DEMO
2024-11-01,iron_ore,114.62,USD,per_tonne,SYNTHETIC_DEMO
2024-11-01,grain,251.24,USD,per_tonne,SYNTHETIC_DEMO
2024-11-02,thermal_coal,128.58,USD,per_tonne,SYNTHETIC_DEMO
2024-11-02,iron_ore,114.56,USD,per_tonne,SYNTHETIC_DEMO
2024-11-02,grain,253.91,USD,per_tonne,SYNTHETIC_DEMO
2024-11-03,thermal_coal,127.98,USD,per_tonne,SYNTHETIC_DEMO
2024-11-03,iron_ore,115.11,USD,per_tonne,SYNTHETIC_DEMO
2024-11-03,grain,252.16,USD,per_tonne,SYNTHETIC_DEMO
2024-11-04,thermal_coal,128.05,USD,per_tonne,SYNTHETIC_DEMO
2024-11-04,iron_ore,114.69,USD,per_tonne,SYNTHETIC_DEMO
2024-11-04,grain,254.61,USD,per_tonne,SYNTHETIC_DEMO
2024-11-05,thermal_coal,129.1,USD,per_tonne,SYNTHETIC_DEMO
2024-11-05,iron_ore,114.61,USD,per_tonne,SYNTHETIC_DEMO
2024-11-05,grain,252.52,USD,per_tonne,SYNTHETIC_DEMO
2024-11-06,thermal_coal,128.07,USD,per_tonne,SYNTHETIC_DEMO
2024-11-06,iron_ore,115.7,USD,per_tonne,SYNTHETIC_DEMO
2024-11-06,grain,252.43,USD,per_tonne,SYNTHETIC_DEMO
2024-11-07,thermal_coal,127.05,USD,per_tonne,SYNTHETIC_DEMO
2024-11-07,iron_ore,115.02,USD,per_tonne,SYNTHETIC_DEMO
2024-11-07,grain,256.16,USD,per_tonne,SYNTHETIC_DEMO
2024-11-08,thermal_coal,127.12,USD,per_tonne,SYNTHETIC_DEMO
2024-11-08,iron_ore,115.49,USD,per_tonne,SYNTHETIC_DEMO
2024-11-08,grain,252.64,USD,per_tonne,SYNTHETIC_DEMO
2024-11-09,thermal_coal,128.01,USD,per_tonne,SYNTHETIC_DEMO
2024-11-09,iron_ore,116.05,USD,per_tonne,SYNTHETIC_DEMO
2024-11-09,grain,252.88,USD,per_tonne,SYNTHETIC_DEMO
2024-11-10,thermal_coal,129.51,USD,per_tonne,SYNTHETIC_DEMO
2024-11-10,iron_ore,115.97,USD,per_tonne,SYNTHETIC_DEMO
2024-11-10,grain,253.89,USD,per_tonne,SYNTHETIC_DEMO
2024-11-11,thermal_coal,129.15,USD,per_tonne,SYNTHETIC_DEMO
2024-11-11,iron_ore,115.61,USD,per_tonne,SYNTHETIC_DEMO
2024-11-11,grain,253.92,USD,per_tonne,SYNTHETIC_DEMO
2024-11-12,thermal_coal,129.06,USD,per_tonne,SYNTHETIC_DEMO
2024-11-12,iron_ore,116.66,USD,per_tonne,SYNTHETIC_DEMO
2024-11-12,grain,256.77,USD,per_tonne,SYNTHETIC_DEMO
2024-11-13,thermal_coal,129.55,USD,per_tonne,SYNTHETIC_DEMO
2024-11-13,iron_ore,116.44,USD,per_tonne,SYNTHETIC_DEMO
2024-11-13,grain,254.3,USD,per_tonne,SYNTHETIC_DEMO
2024-11-14,thermal_coal,130.13,USD,per_tonne,SYNTHETIC_DEMO
2024-11-14,iron_ore,115.16,USD,per_tonne,SYNTHETIC_DEMO
2024-11-14,grain,259.91,USD,per_tonne,SYNTHETIC_DEMO
2024-11-15,thermal_coal,129.85,USD,per_tonne,SYNTHETIC_DEMO
2024-11-15,iron_ore,114.89,USD,per_tonne,SYNTHETIC_DEMO
2024-11-15,grain,254.44,USD,per_tonne,SYNTHETIC_DEMO
2024-11-16,thermal_coal,130.63,USD,per_tonne,SYNTHETIC_DEMO
2024-11-16,iron_ore,115.29,USD,per_tonne,SYNTHETIC_DEMO
2024-11-16,grain,256.53,USD,per_tonne,SYNTHETIC_DEMO
2024-11-17,thermal_coal,130.46,USD,per_tonne,SYNTHETIC_DEMO
2024-11-17,iron_ore,115.48,USD,per_tonne,SYNTHETIC_DEMO
2024-11-17,grain,255.99,USD,per_tonne,SYNTHETIC_DEMO
2024-11-18,thermal_coal,130.64,USD,per_tonne,SYNTHETIC_DEMO
2024-11-18,iron_ore,115.28,USD,per_tonne,SYNTHETIC_DEMO
2024-11-18,grain,253.6,USD,per_tonne,SYNTHETIC_DEMO
2024-11-19,thermal_coal,130.49,USD,per_tonne,SYNTHETIC_DEMO
2024-11-19,iron_ore,114.43,USD,per_tonne,SYNTHETIC_DEMO
2024-11-19,grain,256.93,USD,per_tonne,SYNTHETIC_DEMO
2024-11-20,thermal_coal,131.2,USD,per_tonne,SYNTHETIC_DEMO
2024-11-20,iron_ore,114.84,USD,per_tonne,SYNTHETIC_DEMO
2024-11-20,grain,254.99,USD,per_tonne,SYNTHETIC_DEMO
2024-11-21,thermal_coal,132.44,USD,per_tonne,SYNTHETIC_DEMO
2024-11-21,iron_ore,114.97,USD,per_tonne,SYNTHETIC_DEMO
2024-11-21,grain,253.16,USD,per_tonne,SYNTHETIC_DEMO
2024-11-22,thermal_coal,132.62,USD,per_tonne,SYNTHETIC_DEMO
2024-11-22,iron_ore,115.71,USD,per_tonne,SYNTHETIC_DEMO
2024-11-22,grain,258.26,USD,per_tonne,SYNTHETIC_DEMO
2024-11-23,thermal_coal,132.3,USD,per_tonne,SYNTHETIC_DEMO
2024-11-23,iron_ore,114.49,USD,per_tonne,SYNTHETIC_DEMO
2024-11-23,grain,253.4,USD,per_tonne,SYNTHETIC_DEMO
2024-11-24,thermal_coal,133.55,USD,per_tonne,SYNTHETIC_DEMO
2024-11-24,iron_ore,115.36,USD,per_tonne,SYNTHETIC_DEMO
2024-11-24,grain,257.58,USD,per_tonne,SYNTHETIC_DEMO
2024-11-25,thermal_coal,132.52,USD,per_tonne,SYNTHETIC_DEMO
2024-11-25,iron_ore,114.98,USD,per_tonne,SYNTHETIC_DEMO
2024-11-25,grain,260.24,USD,per_tonne,SYNTHETIC_DEMO
2024-11-26,thermal_coal,133.75,USD,per_tonne,SYNTHETIC_DEMO
2024-11-26,iron_ore,114.64,USD,per_tonne,SYNTHETIC_DEMO
2024-11-26,grain,258.87,USD,per_tonne,SYNTHETIC_DEMO
2024-11-27,thermal_coal,134.67,USD,per_tonne,SYNTHETIC_DEMO
2024-11-27,iron_ore,114.97,USD,per_tonne,SYNTHETIC_DEMO
2024-11-27,grain,253.71,USD,per_tonne,SYNTHETIC_DEMO
2024-11-28,thermal_coal,134.61,USD,per_tonne,SYNTHETIC_DEMO
2024-11-28,iron_ore,114.12,USD,per_tonne,SYNTHETIC_DEMO
2024-11-28,grain,259.34,USD,per_tonne,SYNTHETIC_DEMO
2024-11-29,thermal_coal,133.72,USD,per_tonne,SYNTHETIC_DEMO
2024-11-29,iron_ore,113.23,USD,per_tonne,SYNTHETIC_DEMO
2024-11-29,grain,256.42,USD,per_tonne,SYNTHETIC_DEMO
2024-11-30,thermal_coal,133.18,USD,per_tonne,SYNTHETIC_DEMO
2024-11-30,iron_ore,111.95,USD,per_tonne,SYNTHETIC_DEMO
2024-11-30,grain,259.7,USD,per_tonne,SYNTHETIC_DEMO
2024-12-01,thermal_coal,133.91,USD,per_tonne,SYNTHETIC_DEMO
2024-12-01,iron_ore,112.68,USD,per_tonne,SYNTHETIC_DEMO
2024-12-01,grain,260.52,USD,per_tonne,SYNTHETIC_DEMO
2024-12-02,thermal_coal,133.79,USD,per_tonne,SYNTHETIC_DEMO
2024-12-02,iron_ore,114.06,USD,per_tonne,SYNTHETIC_DEMO
2024-12-02,grain,257.91,USD,per_tonne,SYNTHETIC_DEMO
2024-12-03,thermal_coal,134.37,USD,per_tonne,SYNTHETIC_DEMO
2024-12-03,iron_ore,113.45,USD,per_tonne,SYNTHETIC_DEMO
2024-12-03,grain,260.47,USD,per_tonne,SYNTHETIC_DEMO
2024-12-04,thermal_coal,133.94,USD,per_tonne,SYNTHETIC_DEMO
2024-12-04,iron_ore,114.52,USD,per_tonne,SYNTHETIC_DEMO
2024-12-04,grain,261.18,USD,per_tonne,SYNTHETIC_DEMO
2024-12-05,thermal_coal,133.33,USD,per_tonne,SYNTHETIC_DEMO
2024-12-05,iron_ore,114.05,USD,per_tonne,SYNTHETIC_DEMO
2024-12-05,grain,260.18,USD,per_tonne,SYNTHETIC_DEMO
2024-12-06,thermal_coal,133.02,USD,per_tonne,SYNTHETIC_DEMO
2024-12-06,iron_ore,113.11,USD,per_tonne,SYNTHETIC_DEMO
2024-12-06,grain,263.78,USD,per_tonne,SYNTHETIC_DEMO
2024-12-07,thermal_coal,132.92,USD,per_tonne,SYNTHETIC_DEMO
2024-12-07,iron_ore,113.29,USD,per_tonne,SYNTHETIC_DEMO
2024-12-07,grain,260.95,USD,per_tonne,SYNTHETIC_DEMO
2024-12-08,thermal_coal,133.66,USD,per_tonne,SYNTHETIC_DEMO
2024-12-08,iron_ore,113.47,USD,per_tonne,SYNTHETIC_DEMO
2024-12-08,grain,259.32,USD,per_tonne,SYNTHETIC_DEMO
2024-12-09,thermal_coal,135.15,USD,per_tonne,SYNTHETIC_DEMO
2024-12-09,iron_ore,114.25,USD,per_tonne,SYNTHETIC_DEMO
2024-12-09,grain,258.6,USD,per_tonne,SYNTHETIC_DEMO
2024-12-10,thermal_coal,134.51,USD,per_tonne,SYNTHETIC_DEMO
2024-12-10,iron_ore,114.73,USD,per_tonne,SYNTHETIC_DEMO
2024-12-10,grain,262.13,USD,per_tonne,SYNTHETIC_DEMO
2024-12-11,thermal_coal,134.56,USD,per_tonne,SYNTHETIC_DEMO
2024-12-11,iron_ore,114.42,USD,per_tonne,SYNTHETIC_DEMO
2024-12-11,grain,261.54,USD,per_tonne,SYNTHETIC_DEMO
2024-12-12,thermal_coal,136.53,USD,per_tonne,SYNTHETIC_DEMO
2024-12-12,iron_ore,114.33,USD,per_tonne,SYNTHETIC_DEMO
2024-12-12,grain,262.68,USD,per_tonne,SYNTHETIC_DEMO
2024-12-13,thermal_coal,136.74,USD,per_tonne,SYNTHETIC_DEMO
2024-12-13,iron_ore,114.62,USD,per_tonne,SYNTHETIC_DEMO
2024-12-13,grain,263.77,USD,per_tonne,SYNTHETIC_DEMO
2024-12-14,thermal_coal,136.99,USD,per_tonne,SYNTHETIC_DEMO
2024-12-14,iron_ore,114.52,USD,per_tonne,SYNTHETIC_DEMO
2024-12-14,grain,263.17,USD,per_tonne,SYNTHETIC_DEMO
2024-12-15,thermal_coal,136.18,USD,per_tonne,SYNTHETIC_DEMO
2024-12-15,iron_ore,114.28,USD,per_tonne,SYNTHETIC_DEMO
2024-12-15,grain,260.37,USD,per_tonne,SYNTHETIC_DEMO
2024-12-16,thermal_coal,135.97,USD,per_tonne,SYNTHETIC_DEMO
2024-12-16,iron_ore,114.49,USD,per_tonne,SYNTHETIC_DEMO
2024-12-16,grain,262.0,USD,per_tonne,SYNTHETIC_DEMO
2024-12-17,thermal_coal,137.18,USD,per_tonne,SYNTHETIC_DEMO
2024-12-17,iron_ore,114.6,USD,per_tonne,SYNTHETIC_DEMO
2024-12-17,grain,261.02,USD,per_tonne,SYNTHETIC_DEMO
2024-12-18,thermal_coal,136.8,USD,per_tonne,SYNTHETIC_DEMO
2024-12-18,iron_ore,115.1,USD,per_tonne,SYNTHETIC_DEMO
2024-12-18,grain,266.36,USD,per_tonne,SYNTHETIC_DEMO
2024-12-19,thermal_coal,138.64,USD,per_tonne,SYNTHETIC_DEMO
2024-12-19,iron_ore,115.34,USD,per_tonne,SYNTHETIC_DEMO
2024-12-19,grain,264.18,USD,per_tonne,SYNTHETIC_DEMO
2024-12-20,thermal_coal,139.59,USD,per_tonne,SYNTHETIC_DEMO
2024-12-20,iron_ore,115.22,USD,per_tonne,SYNTHETIC_DEMO
2024-12-20,grain,262.94,USD,per_tonne,SYNTHETIC_DEMO
2024-12-21,thermal_coal,139.76,USD,per_tonne,SYNTHETIC_DEMO
2024-12-21,iron_ore,115.93,USD,per_tonne,SYNTHETIC_DEMO
2024-12-21,grain,262.36,USD,per_tonne,SYNTHETIC_DEMO
2024-12-22,thermal_coal,140.39,USD,per_tonne,SYNTHETIC_DEMO
2024-12-22,iron_ore,115.48,USD,per_tonne,SYNTHETIC_DEMO
2024-12-22,grain,257.86,USD,per_tonne,SYNTHETIC_DEMO
2024-12-23,thermal_coal,141.31,USD,per_tonne,SYNTHETIC_DEMO
2024-12-23,iron_ore,116.44,USD,per_tonne,SYNTHETIC_DEMO
2024-12-23,grain,265.53,USD,per_tonne,SYNTHETIC_DEMO
2024-12-24,thermal_coal,143.11,USD,per_tonne,SYNTHETIC_DEMO
2024-12-24,iron_ore,116.02,USD,per_tonne,SYNTHETIC_DEMO
2024-12-24,grain,263.19,USD,per_tonne,SYNTHETIC_DEMO
2024-12-25,thermal_coal,143.27,USD,per_tonne,SYNTHETIC_DEMO
2024-12-25,iron_ore,115.8,USD,per_tonne,SYNTHETIC_DEMO
2024-12-25,grain,263.63,USD,per_tonne,SYNTHETIC_DEMO
2024-12-26,thermal_coal,142.89,USD,per_tonne,SYNTHETIC_DEMO
2024-12-26,iron_ore,114.79,USD,per_tonne,SYNTHETIC_DEMO
2024-12-26,grain,263.73,USD,per_tonne,SYNTHETIC_DEMO
2024-12-27,thermal_coal,142.48,USD,per_tonne,SYNTHETIC_DEMO
2024-12-27,iron_ore,115.85,USD,per_tonne,SYNTHETIC_DEMO
2024-12-27,grain,261.98,USD,per_tonne,SYNTHETIC_DEMO
2024-12-28,thermal_coal,142.54,USD,per_tonne,SYNTHETIC_DEMO
2024-12-28,iron_ore,116.47,USD,per_tonne,SYNTHETIC_DEMO
2024-12-28,grain,264.91,USD,per_tonne,SYNTHETIC_DEMO
2024-12-29,thermal_coal,141.01,USD,per_tonne,SYNTHETIC_DEMO
2024-12-29,iron_ore,116.17,USD,per_tonne,SYNTHETIC_DEMO
2024-12-29,grain,267.59,USD,per_tonne,SYNTHETIC_DEMO
2024-12-30,thermal_coal,140.37,USD,per_tonne,SYNTHETIC_DEMO
2024-12-30,iron_ore,116.88,USD,per_tonne,SYNTHETIC_DEMO
2024-12-30,grain,268.1,USD,per_tonne,SYNTHETIC_DEMO
2024-12-31,thermal_coal,140.97,USD,per_tonne,SYNTHETIC_DEMO
2024-12-31,iron_ore,116.72,USD,per_tonne,SYNTHETIC_DEMO
2024-12-31,grain,259.73,USD,per_tonne,SYNTHETIC_DEMO
