date,index_name,value,source
2019-01-01,BDI,1650.0,SYNTHETIC_DEMO
2019-01-01,BCI,2382.3,SYNTHETIC_DEMO
2019-01-01,BPI,1521.3,SYNTHETIC_DEMO
2019-01-01,BSI,1210.8,SYNTHETIC_DEMO
2019-01-01,BHSI,693.2,SYNTHETIC_DEMO
2019-01-02,BDI,1672.4,SYNTHETIC_DEMO
2019-01-02,BCI,2384.3,SYNTHETIC_DEMO
2019-01-02,BPI,1530.2,SYNTHETIC_DEMO
2019-01-02,BSI,1208.3,SYNTHETIC_DEMO
2019-01-02,BHSI,709.5,SYNTHETIC_DEMO
2019-01-03,BDI,1707.8,SYNTHETIC_DEMO
2019-01-03,BCI,2398.2,SYNTHETIC_DEMO
2019-01-03,BPI,1650.6,SYNTHETIC_DEMO
2019-01-03,BSI,1208.1,SYNTHETIC_DEMO
2019-01-03,BHSI,716.3,SYNTHETIC_DEMO
2019-01-04,BDI,1706.0,SYNTHETIC_DEMO
2019-01-04,BCI,2437.1,SYNTHETIC_DEMO
2019-01-04,BPI,1549.4,SYNTHETIC_DEMO
2019-01-04,BSI,1221.2,SYNTHETIC_DEMO
2019-01-04,BHSI,711.4,SYNTHETIC_DEMO
2019-01-05,BDI,1733.0,SYNTHETIC_DEMO
2019-01-05,BCI,2399.9,SYNTHETIC_DEMO
2019-01-05,BPI,1573.1,SYNTHETIC_DEMO
2019-01-05,BSI,1276.4,SYNTHETIC_DEMO
2019-01-05,BHSI,744.6,SYNTHETIC_DEMO
2019-01-06,BDI,1710.3,SYNTHETIC_DEMO
2019-01-06,BCI,2553.4,SYNTHETIC_DEMO
2019-01-06,BPI,1560.6,SYNTHETIC_DEMO
2019-01-06,BSI,1219.1,SYNTHETIC_DEMO
2019-01-06,BHSI,730.5,SYNTHETIC_DEMO
2019-01-07,BDI,1740.0,SYNTHETIC_DEMO
2019-01-07,BCI,2420.2,SYNTHETIC_DEMO
2019-01-07,BPI,1635.1,SYNTHETIC_DEMO
2019-01-07,BSI,1235.0,SYNTHETIC_DEMO
2019-01-07,BHSI,754.3,SYNTHETIC_DEMO
2019-01-08,BDI,1762.2,SYNTHETIC_DEMO
2019-01-08,BCI,2468.9,SYNTHETIC_DEMO
2019-01-08,BPI,1637.6,SYNTHETIC_DEMO
2019-01-08,BSI,1252.9,SYNTHETIC_DEMO
2019-01-08,BHSI,729.5,SYNTHETIC_DEMO
2019-01-09,BDI,1733.9,SYNTHETIC_DEMO
2019-01-09,BCI,2477.9,SYNTHETIC_DEMO
2019-01-09,BPI,1598.6,SYNTHETIC_DEMO
2019-01-09,BSI,1230.7,SYNTHETIC_DEMO
2019-01-09,BHSI,720.4,SYNTHETIC_DEMO
2019-01-10,BDI,1719.5,SYNTHETIC_DEMO
2019-01-10,BCI,2483.6,SYNTHETIC_DEMO
2019-01-10,BPI,1583.6,SYNTHETIC_DEMO
2019-01-10,BSI,1232.5,SYNTHETIC_DEMO
2019-01-10,BHSI,725.7,SYNTHETIC_DEMO
2019-01-11,BDI,1713.0,SYNTHETIC_DEMO
2019-01-11,BCI,2382.5,SYNTHETIC_DEMO
2019-01-11,BPI,1574.0,SYNTHETIC_DEMO
2019-01-11,BSI,1233.3,SYNTHETIC_DEMO
2019-01-11,BHSI,732.8,SYNTHETIC_DEMO
2019-01-12,BDI,1735.4,SYNTHETIC_DEMO
2019-01-12,BCI,2469.9,SYNTHETIC_DEMO
2019-01-12,BPI,1571.8,SYNTHETIC_DEMO
2019-01-12,BSI,1254.1,SYNTHETIC_DEMO
2019-01-12,BHSI,720.1,SYNTHETIC_DEMO
2019-01-13,BDI,1735.0,SYNTHETIC_DEMO
2019-01-13,BCI,2441.6,SYNTHETIC_DEMO
2019-01-13,BPI,1593.2,SYNTHETIC_DEMO
2019-01-13,BSI,1252.6,SYNTHETIC_DEMO
2019-01-13,BHSI,753.7,SYNTHETIC_DEMO
2019-01-14,BDI,1731.3,SYNTHETIC_DEMO
2019-01-14,BCI,2391.1,SYNTHETIC_DEMO
2019-01-14,BPI,1607.3,SYNTHETIC_DEMO
2019-01-14,BSI,1252.4,SYNTHETIC_DEMO
2019-01-14,BHSI,723.9,SYNTHETIC_DEMO
2019-01-15,BDI,1695.1,SYNTHETIC_DEMO
2019-01-15,BCI,2363.5,SYNTHETIC_DEMO
2019-01-15,BPI,1549.8,SYNTHETIC_DEMO
2019-01-15,BSI,1222.1,SYNTHETIC_DEMO
2019-01-15,BHSI,716.7,SYNTHETIC_DEMO
2019-01-16,BDI,1716.8,SYNTHETIC_DEMO
2019-01-16,BCI,2412.8,SYNTHETIC_DEMO
2019-01-16,BPI,1562.8,SYNTHETIC_DEMO
2019-01-16,BSI,1238.5,SYNTHETIC_DEMO
2019-01-16,BHSI,735.4,SYNTHETIC_DEMO
2019-01-17,BDI,1711.4,SYNTHETIC_DEMO
2019-01-17,BCI,2434.7,SYNTHETIC_DEMO
2019-01-17,BPI,1573.1,SYNTHETIC_DEMO
2019-01-17,BSI,1230.0,SYNTHETIC_DEMO
2019-01-17,BHSI,713.0,SYNTHETIC_DEMO
2019-01-18,BDI,1696.6,SYNTHETIC_DEMO
2019-01-18,BCI,2383.0,SYNTHETIC_DEMO
2019-01-18,BPI,1527.9,SYNTHETIC_DEMO
2019-01-18,BSI,1212.6,SYNTHETIC_DEMO
2019-01-18,BHSI,698.3,SYNTHETIC_DEMO
2019-01-19,BDI,1675.3,SYNTHETIC_DEMO
2019-01-19,BCI,2364.8,SYNTHETIC_DEMO
2019-01-19,BPI,1464.7,SYNTHETIC_DEMO
2019-01-19,BSI,1254.1,SYNTHETIC_DEMO
2019-01-19,BHSI,725.7,SYNTHETIC_DEMO
2019-01-20,BDI,1688.1,SYNTHETIC_DEMO
2019-01-20,BCI,2337.6,SYNTHETIC_DEMO
2019-01-20,BPI,1543.6,SYNTHETIC_DEMO
2019-01-20,BSI,1210.3,SYNTHETIC_DEMO
2019-01-20,BHSI,714.8,SYNTHETIC_DEMO
2019-01-21,BDI,1728.4,SYNTHETIC_DEMO
2019-01-21,BCI,2449.0,SYNTHETIC_DEMO
2019-01-21,BPI,1602.7,SYNTHETIC_DEMO
2019-01-21,BSI,1245.0,SYNTHETIC_DEMO
2019-01-21,BHSI,737.4,SYNTHETIC_DEMO
2019-01-22,BDI,1682.8,SYNTHETIC_DEMO
2019-01-22,BCI,2324.7,SYNTHETIC_DEMO
2019-01-22,BPI,1471.7,SYNTHETIC_DEMO
2019-01-22,BSI,1211.3,SYNTHETIC_DEMO
2019-01-22,BHSI,708.7,SYNTHETIC_DEMO
2019-01-23,BDI,1669.1,SYNTHETIC_DEMO
2019-01-23,BCI,2411.3,SYNTHETIC_DEMO
2019-01-23,BPI,1524.5,SYNTHETIC_DEMO
2019-01-23,BSI,1233.5,SYNTHETIC_DEMO
2019-01-23,BHSI,727.9,SYNTHETIC_DEMO
2019-01-24,BDI,1656.8,SYNTHETIC_DEMO
2019-01-24,BCI,2385.5,SYNTHETIC_DEMO
2019-01-24,BPI,1573.0,SYNTHETIC_DEMO
2019-01-24,BSI,1195.5,SYNTHETIC_DEMO
2019-01-24,BHSI,680.3,SYNTHETIC_DEMO
2019-01-25,BDI,1718.5,SYNTHETIC_DEMO
2019-01-25,BCI,2422.5,SYNTHETIC_DEMO
2019-01-25,BPI,1551.2,SYNTHETIC_DEMO
2019-01-25,BSI,1262.2,SYNTHETIC_DEMO
2019-01-25,BHSI,713.6,SYNTHETIC_DEMO
2019-01-26,BDI,1732.5,SYNTHETIC_DEMO
2019-01-26,BCI,2568.4,SYNTHETIC_DEMO
2019-01-26,BPI,1563.9,SYNTHETIC_DEMO
2019-01-26,BSI,1245.9,SYNTHETIC_DEMO
2019-01-26,BHSI,734.7,SYNTHETIC_DEMO
2019-01-27,BDI,1742.8,SYNTHETIC_DEMO
2019-01-27,BCI,2470.2,SYNTHETIC_DEMO
2019-01-27,BPI,1649.5,SYNTHETIC_DEMO
2019-01-27,BSI,1237.4,SYNTHETIC_DEMO
2019-01-27,BHSI,716.0,SYNTHETIC_DEMO
2019-01-28,BDI,1737.7,SYNTHETIC_DEMO
2019-01-28,BCI,2516.0,SYNTHETIC_DEMO
2019-01-28,BPI,1564.3,SYNTHETIC_DEMO
2019-01-28,BSI,1269.9,SYNTHETIC_DEMO
2019-01-28,BHSI,723.3,SYNTHETIC_DEMO
2019-01-29,BDI,1765.4,SYNTHETIC_DEMO
2019-01-29,BCI,2566.0,SYNTHETIC_DEMO
2019-01-29,BPI,1616.6,SYNTHETIC_DEMO
2019-01-29,BSI,1255.9,SYNTHETIC_DEMO
2019-01-29,BHSI,742.8,SYNTHETIC_DEMO
2019-01-30,BDI,1706.0,SYNTHETIC_DEMO
2019-01-30,BCI,2419.5,SYNTHETIC_DEMO
2019-01-30,BPI,1570.1,SYNTHETIC_DEMO
2019-01-30,BSI,1255.7,SYNTHETIC_DEMO
2019-01-30,BHSI,704.5,SYNTHETIC_DEMO
2019-01-31,BDI,1665.8,SYNTHETIC_DEMO
2019-01-31,BCI,2313.5,SYNTHETIC_DEMO
2019-01-31,BPI,1531.3,SYNTHETIC_DEMO
2019-01-31,BSI,1192.2,SYNTHETIC_DEMO
2019-01-31,BHSI,695.4,SYNTHETIC_DEMO
2019-02-01,BDI,1646.9,SYNTHETIC_DEMO
2019-02-01,BCI,2330.3,SYNTHETIC_DEMO
2019-02-01,BPI,1520.3,SYNTHETIC_DEMO
2019-02-01,BSI,1185.3,SYNTHETIC_DEMO
2019-02-01,BHSI,672.8,SYNTHETIC_DEMO
2019-02-02,BDI,1673.9,SYNTHETIC_DEMO
2019-02-02,BCI,2348.2,SYNTHETIC_DEMO
2019-02-02,BPI,1551.7,SYNTHETIC_DEMO
2019-02-02,BSI,1204.1,SYNTHETIC_DEMO
2019-02-02,BHSI,704.7,SYNTHETIC_DEMO
2019-02-03,BDI,1716.2,SYNTHETIC_DEMO
2019-02-03,BCI,2461.2,SYNTHETIC_DEMO
2019-02-03,BPI,1567.2,SYNTHETIC_DEMO
2019-02-03,BSI,1222.3,SYNTHETIC_DEMO
2019-02-03,BHSI,726.0,SYNTHETIC_DEMO
2019-02-04,BDI,1728.6,SYNTHETIC_DEMO
2019-02-04,BCI,2457.5,SYNTHETIC_DEMO
2019-02-04,BPI,1598.9,SYNTHETIC_DEMO
2019-02-04,BSI,1281.0,SYNTHETIC_DEMO
2019-02-04,BHSI,725.0,SYNTHETIC_DEMO
2019-02-05,BDI,1686.4,SYNTHETIC_DEMO
2019-02-05,BCI,2364.0,SYNTHETIC_DEMO
2019-02-05,BPI,1567.7,SYNTHETIC_DEMO
2019-02-05,BSI,1211.2,SYNTHETIC_DEMO
2019-02-05,BHSI,719.7,SYNTHETIC_DEMO
2019-02-06,BDI,1699.1,SYNTHETIC_DEMO
2019-02-06,BCI,2466.4,SYNTHETIC_DEMO
2019-02-06,BPI,1549.1,SYNTHETIC_DEMO
2019-02-06,BSI,1195.9,SYNTHETIC_DEMO
2019-02-06,BHSI,728.8,SYNTHETIC_DEMO
2019-02-07,BDI,1684.7,SYNTHETIC_DEMO
2019-02-07,BCI,2440.4,SYNTHETIC_DEMO
2019-02-07,BPI,1583.7,SYNTHETIC_DEMO
2019-02-07,BSI,1226.3,SYNTHETIC_DEMO
2019-02-07,BHSI,694.2,SYNTHETIC_DEMO
2019-02-08,BDI,1715.6,SYNTHETIC_DEMO
2019-02-08,BCI,2417.3,SYNTHETIC_DEMO
2019-02-08,BPI,1596.8,SYNTHETIC_DEMO
2019-02-08,BSI,1206.8,SYNTHETIC_DEMO
2019-02-08,BHSI,729.0,SYNTHETIC_DEMO
2019-02-09,BDI,1753.6,SYNTHETIC_DEMO
2019-02-09,BCI,2461.7,SYNTHETIC_DEMO
2019-02-09,BPI,1567.3,SYNTHETIC_DEMO
2019-02-09,BSI,1258.2,SYNTHETIC_DEMO
2019-02-09,BHSI,744.6,SYNTHETIC_DEMO
2019-02-10,BDI,1797.8,SYNTHETIC_DEMO
2019-02-10,BCI,2501.3,SYNTHETIC_DEMO
2019-02-10,BPI,1666.0,SYNTHETIC_DEMO
2019-02-10,BSI,1277.6,SYNTHETIC_DEMO
2019-02-10,BHSI,774.4,SYNTHETIC_DEMO
2019-02-11,BDI,1809.2,SYNTHETIC_DEMO
2019-02-11,BCI,2539.5,SYNTHETIC_DEMO
2019-02-11,BPI,1637.0,SYNTHETIC_DEMO
2019-02-11,BSI,1303.1,SYNTHETIC_DEMO
2019-02-11,BHSI,756.1,SYNTHETIC_DEMO
2019-02-12,BDI,1803.4,SYNTHETIC_DEMO
2019-02-12,BCI,2526.1,SYNTHETIC_DEMO
2019-02-12,BPI,1644.8,SYNTHETIC_DEMO
2019-02-12,BSI,1329.5,SYNTHETIC_DEMO
2019-02-12,BHSI,761.4,SYNTHETIC_DEMO
2019-02-13,BDI,1743.4,SYNTHETIC_DEMO
2019-02-13,BCI,2469.3,SYNTHETIC_DEMO
2019-02-13,BPI,1565.3,SYNTHETIC_DEMO
2019-02-13,BSI,1262.6,SYNTHETIC_DEMO
2019-02-13,BHSI,733.1,SYNTHETIC_DEMO
2019-02-14,BDI,1725.2,SYNTHETIC_DEMO
2019-02-14,BCI,2371.7,SYNTHETIC_DEMO
2019-02-14,BPI,1626.0,SYNTHETIC_DEMO
2019-02-14,BSI,1217.2,SYNTHETIC_DEMO
2019-02-14,BHSI,726.1,SYNTHETIC_DEMO
2019-02-15,BDI,1682.9,SYNTHETIC_DEMO
2019-02-15,BCI,2353.1,SYNTHETIC_DEMO
2019-02-15,BPI,1553.0,SYNTHETIC_DEMO
2019-02-15,BSI,1187.8,SYNTHETIC_DEMO
2019-02-15,BHSI,696.9,SYNTHETIC_DEMO
2019-02-16,BDI,1617.9,SYNTHETIC_DEMO
2019-02-16,BCI,2228.1,SYNTHETIC_DEMO
2019-02-16,BPI,1517.9,SYNTHETIC_DEMO
2019-02-16,BSI,1176.3,SYNTHETIC_DEMO
2019-02-16,BHSI,669.3,SYNTHETIC_DEMO
2019-02-17,BDI,1639.1,SYNTHETIC_DEMO
2019-02-17,BCI,2346.2,SYNTHETIC_DEMO
2019-02-17,BPI,1475.0,SYNTHETIC_DEMO
2019-02-17,BSI,1196.4,SYNTHETIC_DEMO
2019-02-17,BHSI,687.5,SYNTHETIC_DEMO
2019-02-18,BDI,1636.6,SYNTHETIC_DEMO
2019-02-18,BCI,2347.6,SYNTHETIC_DEMO
2019-02-18,BPI,1502.9,SYNTHETIC_DEMO
2019-02-18,BSI,1167.6,SYNTHETIC_DEMO
2019-02-18,BHSI,703.9,SYNTHETIC_DEMO
2019-02-19,BDI,1669.2,SYNTHETIC_DEMO
2019-02-19,BCI,2401.3,SYNTHETIC_DEMO
2019-02-19,BPI,1547.6,SYNTHETIC_DEMO
2019-02-19,BSI,1216.0,SYNTHETIC_DEMO
2019-02-19,BHSI,697.5,SYNTHETIC_DEMO
2019-02-20,BDI,1680.0,SYNTHETIC_DEMO
2019-02-20,BCI,2407.4,SYNTHETIC_DEMO
2019-02-20,BPI,1542.2,SYNTHETIC_DEMO
2019-02-20,BSI,1186.1,SYNTHETIC_DEMO
2019-02-20,BHSI,710.2,SYNTHETIC_DEMO
2019-02-21,BDI,1646.2,SYNTHETIC_DEMO
2019-02-21,BCI,2308.7,SYNTHETIC_DEMO
2019-02-21,BPI,1517.3,SYNTHETIC_DEMO
2019-02-21,BSI,1196.8,SYNTHETIC_DEMO
2019-02-21,BHSI,698.0,SYNTHETIC_DEMO
2019-02-22,BDI,1684.4,SYNTHETIC_DEMO
2019-02-22,BCI,2361.7,SYNTHETIC_DEMO
2019-02-22,BPI,1518.2,SYNTHETIC_DEMO
2019-02-22,BSI,1234.0,SYNTHETIC_DEMO
2019-02-22,BHSI,713.4,SYNTHETIC_DEMO
2019-02-23,BDI,1694.5,SYNTHETIC_DEMO
2019-02-23,BCI,2431.6,SYNTHETIC_DEMO
2019-02-23,BPI,1551.5,SYNTHETIC_DEMO
2019-02-23,BSI,1238.4,SYNTHETIC_DEMO
2019-02-23,BHSI,714.1,SYNTHETIC_DEMO
2019-02-24,BDI,1736.9,SYNTHETIC_DEMO
2019-02-24,BCI,2383.3,SYNTHETIC_DEMO
2019-02-24,BPI,1596.4,SYNTHETIC_DEMO
2019-02-24,BSI,1262.7,SYNTHETIC_DEMO
2019-02-24,BHSI,717.3,SYNTHETIC_DEMO
2019-02-25,BDI,1749.3,SYNTHETIC_DEMO
2019-02-25,BCI,2504.7,SYNTHETIC_DEMO
2019-02-25,BPI,1603.5,SYNTHETIC_DEMO
2019-02-25,BSI,1226.2,SYNTHETIC_DEMO
2019-02-25,BHSI,768.8,SYNTHETIC_DEMO
2019-02-26,BDI,1765.2,SYNTHETIC_DEMO
2019-02-26,BCI,2515.5,SYNTHETIC_DEMO
2019-02-26,BPI,1607.1,SYNTHETIC_DEMO
2019-02-26,BSI,1261.9,SYNTHETIC_DEMO
2019-02-26,BHSI,739.1,SYNTHETIC_DEMO
2019-02-27,BDI,1760.8,SYNTHETIC_DEMO
2019-02-27,BCI,2523.8,SYNTHETIC_DEMO
2019-02-27,BPI,1623.8,SYNTHETIC_DEMO
2019-02-27,BSI,1262.3,SYNTHETIC_DEMO
2019-02-27,BHSI,744.4,SYNTHETIC_DEMO
2019-02-28,BDI,1727.7,SYNTHETIC_DEMO
2019-02-28,BCI,2385.3,SYNTHETIC_DEMO
2019-02-28,BPI,1645.3,SYNTHETIC_DEMO
2019-02-28,BSI,1237.8,SYNTHETIC_DEMO
2019-02-28,BHSI,725.6,SYNTHETIC_DEMO
2019-03-01,BDI,1794.4,SYNTHETIC_DEMO
2019-03-01,BCI,2534.7,SYNTHETIC_DEMO
2019-03-01,BPI,1625.2,SYNTHETIC_DEMO
2019-03-01,BSI,1271.2,SYNTHETIC_DEMO
2019-03-01,BHSI,770.8,SYNTHETIC_DEMO
2019-03-02,BDI,1816.7,SYNTHETIC_DEMO
2019-03-02,BCI,2529.0,SYNTHETIC_DEMO
2019-03-02,BPI,1639.0,SYNTHETIC_DEMO
2019-03-02,BSI,1352.5,SYNTHETIC_DEMO
2019-03-02,BHSI,756.2,SYNTHETIC_DEMO
2019-03-03,BDI,1773.8,SYNTHETIC_DEMO
2019-03-03,BCI,2559.9,SYNTHETIC_DEMO
2019-03-03,BPI,1667.3,SYNTHETIC_DEMO
2019-03-03,BSI,1259.3,SYNTHETIC_DEMO
2019-03-03,BHSI,741.6,SYNTHETIC_DEMO
2019-03-04,BDI,1785.7,SYNTHETIC_DEMO
2019-03-04,BCI,2598.2,SYNTHETIC_DEMO
2019-03-04,BPI,1636.6,SYNTHETIC_DEMO
2019-03-04,BSI,1264.3,SYNTHETIC_DEMO
2019-03-04,BHSI,757.8,SYNTHETIC_DEMO
2019-03-05,BDI,1753.5,SYNTHETIC_DEMO
2019-03-05,BCI,2488.4,SYNTHETIC_DEMO
2019-03-05,BPI,1634.0,SYNTHETIC_DEMO
2019-03-05,BSI,1251.1,SYNTHETIC_DEMO
2019-03-05,BHSI,738.0,SYNTHETIC_DEMO
2019-03-06,BDI,1714.4,SYNTHETIC_DEMO
2019-03-06,BCI,2550.8,SYNTHETIC_DEMO
2019-03-06,BPI,1576.2,SYNTHETIC_DEMO
2019-03-06,BSI,1257.1,SYNTHETIC_DEMO
2019-03-06,BHSI,721.8,SYNTHETIC_DEMO
2019-03-07,BDI,1713.4,SYNTHETIC_DEMO
2019-03-07,BCI,2393.8,SYNTHETIC_DEMO
2019-03-07,BPI,1526.0,SYNTHETIC_DEMO
2019-03-07,BSI,1230.4,SYNTHETIC_DEMO
2019-03-07,BHSI,721.4,SYNTHETIC_DEMO
2019-03-08,BDI,1716.5,SYNTHETIC_DEMO
2019-03-08,BCI,2452.2,SYNTHETIC_DEMO
2019-03-08,BPI,1596.1,SYNTHETIC_DEMO
2019-03-08,BSI,1262.8,SYNTHETIC_DEMO
2019-03-08,BHSI,734.0,SYNTHETIC_DEMO
2019-03-09,BDI,1699.6,SYNTHETIC_DEMO
2019-03-09,BCI,2423.7,SYNTHETIC_DEMO
2019-03-09,BPI,1537.6,SYNTHETIC_DEMO
2019-03-09,BSI,1213.6,SYNTHETIC_DEMO
2019-03-09,BHSI,721.1,SYNTHETIC_DEMO
2019-03-10,BDI,1708.4,SYNTHETIC_DEMO
2019-03-10,BCI,2422.8,SYNTHETIC_DEMO
2019-03-10,BPI,1586.9,SYNTHETIC_DEMO
2019-03-10,BSI,1229.9,SYNTHETIC_DEMO
2019-03-10,BHSI,719.7,SYNTHETIC_DEMO
2019-03-11,BDI,1707.2,SYNTHETIC_DEMO
2019-03-11,BCI,2403.2,SYNTHETIC_DEMO
2019-03-11,BPI,1551.6,SYNTHETIC_DEMO
2019-03-11,BSI,1237.7,SYNTHETIC_DEMO
2019-03-11,BHSI,713.2,SYNTHETIC_DEMO
2019-03-12,BDI,1684.8,SYNTHETIC_DEMO
2019-03-12,BCI,2374.0,SYNTHETIC_DEMO
2019-03-12,BPI,1532.6,SYNTHETIC_DEMO
2019-03-12,BSI,1195.2,SYNTHETIC_DEMO
2019-03-12,BHSI,727.4,SYNTHETIC_DEMO
2019-03-13,BDI,1673.1,SYNTHETIC_DEMO
2019-03-13,BCI,2416.4,SYNTHETIC_DEMO
2019-03-13,BPI,1524.3,SYNTHETIC_DEMO
2019-03-13,BSI,1185.5,SYNTHETIC_DEMO
2019-03-13,BHSI,711.0,SYNTHETIC_DEMO
2019-03-14,BDI,1623.6,SYNTHETIC_DEMO
2019-03-14,BCI,2292.7,SYNTHETIC_DEMO
2019-03-14,BPI,1518.9,SYNTHETIC_DEMO
2019-03-14,BSI,1190.9,SYNTHETIC_DEMO
2019-03-14,BHSI,679.1,SYNTHETIC_DEMO
2019-03-15,BDI,1645.5,SYNTHETIC_DEMO
2019-03-15,BCI,2240.2,SYNTHETIC_DEMO
2019-03-15,BPI,1544.4,SYNTHETIC_DEMO
2019-03-15,BSI,1153.8,SYNTHETIC_DEMO
2019-03-15,BHSI,708.1,SYNTHETIC_DEMO
2019-03-16,BDI,1677.5,SYNTHETIC_DEMO
2019-03-16,BCI,2418.7,SYNTHETIC_DEMO
2019-03-16,BPI,1586.2,SYNTHETIC_DEMO
2019-03-16,BSI,1194.2,SYNTHETIC_DEMO
2019-03-16,BHSI,679.3,SYNTHETIC_DEMO
2019-03-17,BDI,1678.5,SYNTHETIC_DEMO
2019-03-17,BCI,2439.9,SYNTHETIC_DEMO
2019-03-17,BPI,1527.4,SYNTHETIC_DEMO
2019-03-17,BSI,1222.3,SYNTHETIC_DEMO
2019-03-17,BHSI,702.6,SYNTHETIC_DEMO
2019-03-18,BDI,1617.9,SYNTHETIC_DEMO
2019-03-18,BCI,2203.3,SYNTHETIC_DEMO
2019-03-18,BPI,1494.6,SYNTHETIC_DEMO
2019-03-18,BSI,1180.8,SYNTHETIC_DEMO
2019-03-18,BHSI,665.3,SYNTHETIC_DEMO
2019-03-19,BDI,1638.6,SYNTHETIC_DEMO
2019-03-19,BCI,2351.0,SYNTHETIC_DEMO
2019-03-19,BPI,1491.7,SYNTHETIC_DEMO
2019-03-19,BSI,1183.3,SYNTHETIC_DEMO
2019-03-19,BHSI,665.5,SYNTHETIC_DEMO
2019-03-20,BDI,1606.4,SYNTHETIC_DEMO
2019-03-20,BCI,2327.3,SYNTHETIC_DEMO
2019-03-20,BPI,1448.5,SYNTHETIC_DEMO
2019-03-20,BSI,1151.4,SYNTHETIC_DEMO
2019-03-20,BHSI,678.1,SYNTHETIC_DEMO
2019-03-21,BDI,1608.0,SYNTHETIC_DEMO
2019-03-21,BCI,2270.7,SYNTHETIC_DEMO
2019-03-21,BPI,1492.8,SYNTHETIC_DEMO
2019-03-21,BSI,1199.4,SYNTHETIC_DEMO
2019-03-21,BHSI,706.4,SYNTHETIC_DEMO
2019-03-22,BDI,1616.8,SYNTHETIC_DEMO
2019-03-22,BCI,2217.6,SYNTHETIC_DEMO
2019-03-22,BPI,1497.1,SYNTHETIC_DEMO
2019-03-22,BSI,1173.8,SYNTHETIC_DEMO
2019-03-22,BHSI,681.1,SYNTHETIC_DEMO
2019-03-23,BDI,1622.2,SYNTHETIC_DEMO
2019-03-23,BCI,2270.5,SYNTHETIC_DEMO
2019-03-23,BPI,1473.4,SYNTHETIC_DEMO
2019-03-23,BSI,1196.1,SYNTHETIC_DEMO
2019-03-23,BHSI,695.1,SYNTHETIC_DEMO
2019-03-24,BDI,1606.5,SYNTHETIC_DEMO
2019-03-24,BCI,2295.5,SYNTHETIC_DEMO
2019-03-24,BPI,1473.9,SYNTHETIC_DEMO
2019-03-24,BSI,1164.3,SYNTHETIC_DEMO
2019-03-24,BHSI,665.6,SYNTHETIC_DEMO
2019-03-25,BDI,1631.2,SYNTHETIC_DEMO
2019-03-25,BCI,2297.3,SYNTHETIC_DEMO
2019-03-25,BPI,1504.6,SYNTHETIC_DEMO
2019-03-25,BSI,1166.7,SYNTHETIC_DEMO
2019-03-25,BHSI,672.5,SYNTHETIC_DEMO
2019-03-26,BDI,1630.9,SYNTHETIC_DEMO
2019-03-26,BCI,2382.3,SYNTHETIC_DEMO
2019-03-26,BPI,1501.9,SYNTHETIC_DEMO
2019-03-26,BSI,1201.2,SYNTHETIC_DEMO
2019-03-26,BHSI,696.6,SYNTHETIC_DEMO
2019-03-27,BDI,1601.0,SYNTHETIC_DEMO
2019-03-27,BCI,2213.7,SYNTHETIC_DEMO
2019-03-27,BPI,1492.1,SYNTHETIC_DEMO
2019-03-27,BSI,1129.9,SYNTHETIC_DEMO
2019-03-27,BHSI,670.8,SYNTHETIC_DEMO
2019-03-28,BDI,1589.0,SYNTHETIC_DEMO
2019-03-28,BCI,2254.5,SYNTHETIC_DEMO
2019-03-28,BPI,1448.0,SYNTHETIC_DEMO
2019-03-28,BSI,1134.8,SYNTHETIC_DEMO
2019-03-28,BHSI,663.8,SYNTHETIC_DEMO
2019-03-29,BDI,1552.5,SYNTHETIC_DEMO
2019-03-29,BCI,2156.4,SYNTHETIC_DEMO
2019-03-29,BPI,1422.5,SYNTHETIC_DEMO
2019-03-29,BSI,1126.1,SYNTHETIC_DEMO
2019-03-29,BHSI,652.7,SYNTHETIC_DEMO
2019-03-30,BDI,1568.1,SYNTHETIC_DEMO
2019-03-30,BCI,2238.1,SYNTHETIC_DEMO
2019-03-30,BPI,1492.1,SYNTHETIC_DEMO
2019-03-30,BSI,1143.8,SYNTHETIC_DEMO
2019-03-30,BHSI,656.4,SYNTHETIC_DEMO
2019-03-31,BDI,1531.3,SYNTHETIC_DEMO
2019-03-31,BCI,2150.7,SYNTHETIC_DEMO
2019-03-31,BPI,1402.2,SYNTHETIC_DEMO
2019-03-31,BSI,1082.1,SYNTHETIC_DEMO
2019-03-31,BHSI,645.8,SYNTHETIC_DEMO
2019-04-01,BDI,1560.8,SYNTHETIC_DEMO
2019-04-01,BCI,2269.0,SYNTHETIC_DEMO
2019-04-01,BPI,1404.0,SYNTHETIC_DEMO
2019-04-01,BSI,1108.5,SYNTHETIC_DEMO
2019-04-01,BHSI,669.9,SYNTHETIC_DEMO
2019-04-02,BDI,1502.6,SYNTHETIC_DEMO
2019-04-02,BCI,2181.9,SYNTHETIC_DEMO
2019-04-02,BPI,1365.1,SYNTHETIC_DEMO
2019-04-02,BSI,1070.5,SYNTHETIC_DEMO
2019-04-02,BHSI,642.6,SYNTHETIC_DEMO
2019-04-03,BDI,1507.0,SYNTHETIC_DEMO
2019-04-03,BCI,2212.8,SYNTHETIC_DEMO
2019-04-03,BPI,1371.8,SYNTHETIC_DEMO
2019-04-03,BSI,1084.9,SYNTHETIC_DEMO
2019-04-03,BHSI,643.3,SYNTHETIC_DEMO
2019-04-04,BDI,1502.2,SYNTHETIC_DEMO
2019-04-04,BCI,2110.8,SYNTHETIC_DEMO
2019-04-04,BPI,1375.3,SYNTHETIC_DEMO
2019-04-04,BSI,1055.2,SYNTHETIC_DEMO
2019-04-04,BHSI,632.2,SYNTHETIC_DEMO
2019-04-05,BDI,1516.9,SYNTHETIC_DEMO
2019-04-05,BCI,2177.0,SYNTHETIC_DEMO
2019-04-05,BPI,1362.2,SYNTHETIC_DEMO
2019-04-05,BSI,1077.5,SYNTHETIC_DEMO
2019-04-05,BHSI,652.1,SYNTHETIC_DEMO
2019-04-06,BDI,1550.7,SYNTHETIC_DEMO
2019-04-06,BCI,2155.6,SYNTHETIC_DEMO
2019-04-06,BPI,1463.7,SYNTHETIC_DEMO
2019-04-06,BSI,1090.7,SYNTHETIC_DEMO
2019-04-06,BHSI,674.3,SYNTHETIC_DEMO
2019-04-07,BDI,1550.6,SYNTHETIC_DEMO
2019-04-07,BCI,2242.6,SYNTHETIC_DEMO
2019-04-07,BPI,1452.9,SYNTHETIC_DEMO
2019-04-07,BSI,1100.0,SYNTHETIC_DEMO
2019-04-07,BHSI,662.5,SYNTHETIC_DEMO
2019-04-08,BDI,1513.8,SYNTHETIC_DEMO
2019-04-08,BCI,2118.0,SYNTHETIC_DEMO
2019-04-08,BPI,1417.7,SYNTHETIC_DEMO
2019-04-08,BSI,1089.9,SYNTHETIC_DEMO
2019-04-08,BHSI,655.1,SYNTHETIC_DEMO
2019-04-09,BDI,1530.7,SYNTHETIC_DEMO
2019-04-09,BCI,2161.4,SYNTHETIC_DEMO
2019-04-09,BPI,1428.0,SYNTHETIC_DEMO
2019-04-09,BSI,1095.7,SYNTHETIC_DEMO
2019-04-09,BHSI,632.5,SYNTHETIC_DEMO
2019-04-10,BDI,1564.8,SYNTHETIC_DEMO
2019-04-10,BCI,2272.7,SYNTHETIC_DEMO
2019-04-10,BPI,1438.1,SYNTHETIC_DEMO
2019-04-10,BSI,1160.3,SYNTHETIC_DEMO
2019-04-10,BHSI,668.1,SYNTHETIC_DEMO
2019-04-11,BDI,1590.1,SYNTHETIC_DEMO
2019-04-11,BCI,2261.3,SYNTHETIC_DEMO
2019-04-11,BPI,1503.6,SYNTHETIC_DEMO
2019-04-11,BSI,1146.8,SYNTHETIC_DEMO
2019-04-11,BHSI,664.7,SYNTHETIC_DEMO
2019-04-12,BDI,1565.3,SYNTHETIC_DEMO
2019-04-12,BCI,2203.7,SYNTHETIC_DEMO
2019-04-12,BPI,1420.9,SYNTHETIC_DEMO
2019-04-12,BSI,1133.1,SYNTHETIC_DEMO
2019-04-12,BHSI,630.8,SYNTHETIC_DEMO
2019-04-13,BDI,1588.3,SYNTHETIC_DEMO
2019-04-13,BCI,2256.2,SYNTHETIC_DEMO
2019-04-13,BPI,1479.3,SYNTHETIC_DEMO
2019-04-13,BSI,1152.0,SYNTHETIC_DEMO
2019-04-13,BHSI,680.5,SYNTHETIC_DEMO
2019-04-14,BDI,1622.2,SYNTHETIC_DEMO
2019-04-14,BCI,2375.1,SYNTHETIC_DEMO
2019-04-14,BPI,1500.4,SYNTHETIC_DEMO
2019-04-14,BSI,1159.2,SYNTHETIC_DEMO
2019-04-14,BHSI,678.0,SYNTHETIC_DEMO
2019-04-15,BDI,1641.6,SYNTHETIC_DEMO
2019-04-15,BCI,2343.2,SYNTHETIC_DEMO
2019-04-15,BPI,1481.4,SYNTHETIC_DEMO
2019-04-15,BSI,1202.6,SYNTHETIC_DEMO
2019-04-15,BHSI,705.7,SYNTHETIC_DEMO
2019-04-16,BDI,1682.2,SYNTHETIC_DEMO
2019-04-16,BCI,2287.6,SYNTHETIC_DEMO
2019-04-16,BPI,1530.9,SYNTHETIC_DEMO
2019-04-16,BSI,1204.4,SYNTHETIC_DEMO
2019-04-16,BHSI,713.0,SYNTHETIC_DEMO
2019-04-17,BDI,1752.3,SYNTHETIC_DEMO
2019-04-17,BCI,2477.0,SYNTHETIC_DEMO
2019-04-17,BPI,1618.2,SYNTHETIC_DEMO
2019-04-17,BSI,1311.5,SYNTHETIC_DEMO
2019-04-17,BHSI,746.2,SYNTHETIC_DEMO
2019-04-18,BDI,1695.6,SYNTHETIC_DEMO
2019-04-18,BCI,2451.7,SYNTHETIC_DEMO
2019-04-18,BPI,1585.1,SYNTHETIC_DEMO
2019-04-18,BSI,1211.1,SYNTHETIC_DEMO
2019-04-18,BHSI,705.3,SYNTHETIC_DEMO
2019-04-19,BDI,1721.7,SYNTHETIC_DEMO
2019-04-19,BCI,2429.0,SYNTHETIC_DEMO
2019-04-19,BPI,1626.1,SYNTHETIC_DEMO
2019-04-19,BSI,1251.7,SYNTHETIC_DEMO
2019-04-19,BHSI,706.1,SYNTHETIC_DEMO
2019-04-20,BDI,1732.4,SYNTHETIC_DEMO
2019-04-20,BCI,2489.4,SYNTHETIC_DEMO
2019-04-20,BPI,1598.4,SYNTHETIC_DEMO
2019-04-20,BSI,1249.2,SYNTHETIC_DEMO
2019-04-20,BHSI,742.0,SYNTHETIC_DEMO
2019-04-21,BDI,1692.1,SYNTHETIC_DEMO
2019-04-21,BCI,2431.6,SYNTHETIC_DEMO
2019-04-21,BPI,1523.8,SYNTHETIC_DEMO
2019-04-21,BSI,1201.2,SYNTHETIC_DEMO
2019-04-21,BHSI,711.4,SYNTHETIC_DEMO
2019-04-22,BDI,1751.0,SYNTHETIC_DEMO
2019-04-22,BCI,2516.2,SYNTHETIC_DEMO
2019-04-22,BPI,1646.2,SYNTHETIC_DEMO
2019-04-22,BSI,1229.3,SYNTHETIC_DEMO
2019-04-22,BHSI,740.7,SYNTHETIC_DEMO
2019-04-23,BDI,1756.6,SYNTHETIC_DEMO
2019-04-23,BCI,2426.5,SYNTHETIC_DEMO
2019-04-23,BPI,1595.4,SYNTHETIC_DEMO
2019-04-23,BSI,1268.3,SYNTHETIC_DEMO
2019-04-23,BHSI,746.3,SYNTHETIC_DEMO
2019-04-24,BDI,1837.6,SYNTHETIC_DEMO
2019-04-24,BCI,2615.7,SYNTHETIC_DEMO
2019-04-24,BPI,1686.4,SYNTHETIC_DEMO
2019-04-24,BSI,1351.4,SYNTHETIC_DEMO
2019-04-24,BHSI,767.4,SYNTHETIC_DEMO
2019-04-25,BDI,1823.8,SYNTHETIC_DEMO
2019-04-25,BCI,2697.9,SYNTHETIC_DEMO
2019-04-25,BPI,1692.0,SYNTHETIC_DEMO
2019-04-25,BSI,1328.7,SYNTHETIC_DEMO
2019-04-25,BHSI,757.5,SYNTHETIC_DEMO
2019-04-26,BDI,1816.0,SYNTHETIC_DEMO
2019-04-26,BCI,2581.1,SYNTHETIC_DEMO
2019-04-26,BPI,1682.8,SYNTHETIC_DEMO
2019-04-26,BSI,1329.5,SYNTHETIC_DEMO
2019-04-26,BHSI,763.4,SYNTHETIC_DEMO
2019-04-27,BDI,1816.3,SYNTHETIC_DEMO
2019-04-27,BCI,2642.6,SYNTHETIC_DEMO
2019-04-27,BPI,1657.2,SYNTHETIC_DEMO
2019-04-27,BSI,1305.4,SYNTHETIC_DEMO
2019-04-27,BHSI,757.4,SYNTHETIC_DEMO
2019-04-28,BDI,1811.4,SYNTHETIC_DEMO
2019-04-28,BCI,2642.7,SYNTHETIC_DEMO
2019-04-28,BPI,1671.4,SYNTHETIC_DEMO
2019-04-28,BSI,1303.7,SYNTHETIC_DEMO
2019-04-28,BHSI,742.1,SYNTHETIC_DEMO
2019-04-29,BDI,1869.2,SYNTHETIC_DEMO
2019-04-29,BCI,2636.4,SYNTHETIC_DEMO
2019-04-29,BPI,1716.0,SYNTHETIC_DEMO
2019-04-29,BSI,1356.8,SYNTHETIC_DEMO
2019-04-29,BHSI,770.0,SYNTHETIC_DEMO
2019-04-30,BDI,1806.3,SYNTHETIC_DEMO
2019-04-30,BCI,2633.0,SYNTHETIC_DEMO
2019-04-30,BPI,1708.5,SYNTHETIC_DEMO
2019-04-30,BSI,1313.6,SYNTHETIC_DEMO
2019-04-30,BHSI,751.6,SYNTHETIC_DEMO
2019-05-01,BDI,1871.0,SYNTHETIC_DEMO
2019-05-01,BCI,2684.8,SYNTHETIC_DEMO
2019-05-01,BPI,1756.3,SYNTHETIC_DEMO
2019-05-01,BSI,1331.1,SYNTHETIC_DEMO
2019-05-01,BHSI,800.7,SYNTHETIC_DEMO
2019-05-02,BDI,1863.1,SYNTHETIC_DEMO
2019-05-02,BCI,2669.6,SYNTHETIC_DEMO
2019-05-02,BPI,1689.9,SYNTHETIC_DEMO
2019-05-02,BSI,1317.6,SYNTHETIC_DEMO
2019-05-02,BHSI,770.1,SYNTHETIC_DEMO
2019-05-03,BDI,1896.8,SYNTHETIC_DEMO
2019-05-03,BCI,2680.0,SYNTHETIC_DEMO
2019-05-03,BPI,1709.2,SYNTHETIC_DEMO
2019-05-03,BSI,1349.8,SYNTHETIC_DEMO
2019-05-03,BHSI,818.5,SYNTHETIC_DEMO
2019-05-04,BDI,1813.4,SYNTHETIC_DEMO
2019-05-04,BCI,2574.2,SYNTHETIC_DEMO
2019-05-04,BPI,1681.2,SYNTHETIC_DEMO
2019-05-04,BSI,1275.9,SYNTHETIC_DEMO
2019-05-04,BHSI,749.5,SYNTHETIC_DEMO
2019-05-05,BDI,1770.8,SYNTHETIC_DEMO
2019-05-05,BCI,2548.3,SYNTHETIC_DEMO
2019-05-05,BPI,1655.2,SYNTHETIC_DEMO
2019-05-05,BSI,1274.3,SYNTHETIC_DEMO
2019-05-05,BHSI,738.7,SYNTHETIC_DEMO
2019-05-06,BDI,1778.6,SYNTHETIC_DEMO
2019-05-06,BCI,2450.5,SYNTHETIC_DEMO
2019-05-06,BPI,1624.7,SYNTHETIC_DEMO
2019-05-06,BSI,1284.6,SYNTHETIC_DEMO
2019-05-06,BHSI,720.7,SYNTHETIC_DEMO
2019-05-07,BDI,1738.0,SYNTHETIC_DEMO
2019-05-07,BCI,2552.9,SYNTHETIC_DEMO
2019-05-07,BPI,1607.8,SYNTHETIC_DEMO
2019-05-07,BSI,1244.8,SYNTHETIC_DEMO
2019-05-07,BHSI,749.7,SYNTHETIC_DEMO
2019-05-08,BDI,1752.9,SYNTHETIC_DEMO
2019-05-08,BCI,2448.8,SYNTHETIC_DEMO
2019-05-08,BPI,1621.7,SYNTHETIC_DEMO
2019-05-08,BSI,1285.0,SYNTHETIC_DEMO
2019-05-08,BHSI,705.7,SYNTHETIC_DEMO
2019-05-09,BDI,1709.2,SYNTHETIC_DEMO
2019-05-09,BCI,2495.9,SYNTHETIC_DEMO
2019-05-09,BPI,1529.1,SYNTHETIC_DEMO
2019-05-09,BSI,1226.5,SYNTHETIC_DEMO
2019-05-09,BHSI,709.2,SYNTHETIC_DEMO
2019-05-10,BDI,1669.7,SYNTHETIC_DEMO
2019-05-10,BCI,2442.2,SYNTHETIC_DEMO
2019-05-10,BPI,1570.7,SYNTHETIC_DEMO
2019-05-10,BSI,1173.6,SYNTHETIC_DEMO
2019-05-10,BHSI,692.6,SYNTHETIC_DEMO
2019-05-11,BDI,1678.6,SYNTHETIC_DEMO
2019-05-11,BCI,2337.4,SYNTHETIC_DEMO
2019-05-11,BPI,1557.6,SYNTHETIC_DEMO
2019-05-11,BSI,1205.5,SYNTHETIC_DEMO
2019-05-11,BHSI,713.3,SYNTHETIC_DEMO
2019-05-12,BDI,1691.9,SYNTHETIC_DEMO
2019-05-12,BCI,2458.9,SYNTHETIC_DEMO
2019-05-12,BPI,1573.0,SYNTHETIC_DEMO
2019-05-12,BSI,1192.0,SYNTHETIC_DEMO
2019-05-12,BHSI,714.5,SYNTHETIC_DEMO
2019-05-13,BDI,1678.4,SYNTHETIC_DEMO
2019-05-13,BCI,2419.1,SYNTHETIC_DEMO
2019-05-13,BPI,1540.5,SYNTHETIC_DEMO
2019-05-13,BSI,1199.6,SYNTHETIC_DEMO
2019-05-13,BHSI,717.7,SYNTHETIC_DEMO
2019-05-14,BDI,1683.9,SYNTHETIC_DEMO
2019-05-14,BCI,2339.3,SYNTHETIC_DEMO
2019-05-14,BPI,1487.9,SYNTHETIC_DEMO
2019-05-14,BSI,1218.4,SYNTHETIC_DEMO
2019-05-14,BHSI,716.0,SYNTHETIC_DEMO
2019-05-15,BDI,1702.3,SYNTHETIC_DEMO
2019-05-15,BCI,2478.1,SYNTHETIC_DEMO
2019-05-15,BPI,1583.0,SYNTHETIC_DEMO
2019-05-15,BSI,1232.3,SYNTHETIC_DEMO
2019-05-15,BHSI,729.8,SYNTHETIC_DEMO
2019-05-16,BDI,1651.0,SYNTHETIC_DEMO
2019-05-16,BCI,2355.8,SYNTHETIC_DEMO
2019-05-16,BPI,1528.0,SYNTHETIC_DEMO
2019-05-16,BSI,1181.9,SYNTHETIC_DEMO
2019-05-16,BHSI,683.9,SYNTHETIC_DEMO
2019-05-17,BDI,1662.1,SYNTHETIC_DEMO
2019-05-17,BCI,2385.0,SYNTHETIC_DEMO
2019-05-17,BPI,1502.8,SYNTHETIC_DEMO
2019-05-17,BSI,1193.5,SYNTHETIC_DEMO
2019-05-17,BHSI,712.3,SYNTHETIC_DEMO
2019-05-18,BDI,1720.0,SYNTHETIC_DEMO
2019-05-18,BCI,2485.1,SYNTHETIC_DEMO
2019-05-18,BPI,1590.3,SYNTHETIC_DEMO
2019-05-18,BSI,1224.6,SYNTHETIC_DEMO
2019-05-18,BHSI,733.4,SYNTHETIC_DEMO
2019-05-19,BDI,1776.8,SYNTHETIC_DEMO
2019-05-19,BCI,2494.9,SYNTHETIC_DEMO
2019-05-19,BPI,1633.1,SYNTHETIC_DEMO
2019-05-19,BSI,1276.3,SYNTHETIC_DEMO
2019-05-19,BHSI,739.3,SYNTHETIC_DEMO
2019-05-20,BDI,1811.8,SYNTHETIC_DEMO
2019-05-20,BCI,2595.5,SYNTHETIC_DEMO
2019-05-20,BPI,1642.3,SYNTHETIC_DEMO
2019-05-20,BSI,1314.5,SYNTHETIC_DEMO
2019-05-20,BHSI,750.7,SYNTHETIC_DEMO
2019-05-21,BDI,1772.9,SYNTHETIC_DEMO
2019-05-21,BCI,2512.1,SYNTHETIC_DEMO
2019-05-21,BPI,1624.3,SYNTHETIC_DEMO
2019-05-21,BSI,1284.9,SYNTHETIC_DEMO
2019-05-21,BHSI,743.2,SYNTHETIC_DEMO
2019-05-22,BDI,1744.8,SYNTHETIC_DEMO
2019-05-22,BCI,2467.2,SYNTHETIC_DEMO
2019-05-22,BPI,1621.1,SYNTHETIC_DEMO
2019-05-22,BSI,1245.5,SYNTHETIC_DEMO
2019-05-22,BHSI,734.0,SYNTHETIC_DEMO
2019-05-23,BDI,1753.6,SYNTHETIC_DEMO
2019-05-23,BCI,2505.5,SYNTHETIC_DEMO
2019-05-23,BPI,1610.2,SYNTHETIC_DEMO
2019-05-23,BSI,1261.5,SYNTHETIC_DEMO
2019-05-23,BHSI,732.5,SYNTHETIC_DEMO
2019-05-24,BDI,1757.5,SYNTHETIC_DEMO
2019-05-24,BCI,2488.0,SYNTHETIC_DEMO
2019-05-24,BPI,1622.5,SYNTHETIC_DEMO
2019-05-24,BSI,1282.3,SYNTHETIC_DEMO
2019-05-24,BHSI,717.0,SYNTHETIC_DEMO
2019-05-25,BDI,1746.3,SYNTHETIC_DEMO
2019-05-25,BCI,2513.1,SYNTHETIC_DEMO
2019-05-25,BPI,1604.3,SYNTHETIC_DEMO
2019-05-25,BSI,1271.2,SYNTHETIC_DEMO
2019-05-25,BHSI,740.5,SYNTHETIC_DEMO
2019-05-26,BDI,1748.8,SYNTHETIC_DEMO
2019-05-26,BCI,2470.3,SYNTHETIC_DEMO
2019-05-26,BPI,1642.7,SYNTHETIC_DEMO
2019-05-26,BSI,1255.5,SYNTHETIC_DEMO
2019-05-26,BHSI,732.4,SYNTHETIC_DEMO
2019-05-27,BDI,1753.2,SYNTHETIC_DEMO
2019-05-27,BCI,2477.7,SYNTHETIC_DEMO
2019-05-27,BPI,1575.8,SYNTHETIC_DEMO
2019-05-27,BSI,1260.5,SYNTHETIC_DEMO
2019-05-27,BHSI,722.6,SYNTHETIC_DEMO
2019-05-28,BDI,1792.1,SYNTHETIC_DEMO
2019-05-28,BCI,2519.6,SYNTHETIC_DEMO
2019-05-28,BPI,1617.9,SYNTHETIC_DEMO
2019-05-28,BSI,1296.8,SYNTHETIC_DEMO
2019-05-28,BHSI,733.7,SYNTHETIC_DEMO
2019-05-29,BDI,1781.1,SYNTHETIC_DEMO
2019-05-29,BCI,2474.8,SYNTHETIC_DEMO
2019-05-29,BPI,1683.6,SYNTHETIC_DEMO
2019-05-29,BSI,1287.2,SYNTHETIC_DEMO
2019-05-29,BHSI,754.5,SYNTHETIC_DEMO
2019-05-30,BDI,1770.3,SYNTHETIC_DEMO
2019-05-30,BCI,2580.3,SYNTHETIC_DEMO
2019-05-30,BPI,1622.2,SYNTHETIC_DEMO
2019-05-30,BSI,1288.0,SYNTHETIC_DEMO
2019-05-30,BHSI,745.4,SYNTHETIC_DEMO
2019-05-31,BDI,1857.5,SYNTHETIC_DEMO
2019-05-31,BCI,2654.7,SYNTHETIC_DEMO
2019-05-31,BPI,1675.2,SYNTHETIC_DEMO
2019-05-31,BSI,1356.5,SYNTHETIC_DEMO
2019-05-31,BHSI,766.8,SYNTHETIC_DEMO
2019-06-01,BDI,1833.5,SYNTHETIC_DEMO
2019-06-01,BCI,2703.9,SYNTHETIC_DEMO
2019-06-01,BPI,1698.2,SYNTHETIC_DEMO
2019-06-01,BSI,1323.2,SYNTHETIC_DEMO
2019-06-01,BHSI,765.3,SYNTHETIC_DEMO
2019-06-02,BDI,1768.4,SYNTHETIC_DEMO
2019-06-02,BCI,2531.3,SYNTHETIC_DEMO
2019-06-02,BPI,1602.2,SYNTHETIC_DEMO
2019-06-02,BSI,1300.8,SYNTHETIC_DEMO
2019-06-02,BHSI,746.5,SYNTHETIC_DEMO
2019-06-03,BDI,1766.1,SYNTHETIC_DEMO
2019-06-03,BCI,2452.5,SYNTHETIC_DEMO
2019-06-03,BPI,1630.9,SYNTHETIC_DEMO
2019-06-03,BSI,1276.4,SYNTHETIC_DEMO
2019-06-03,BHSI,739.2,SYNTHETIC_DEMO
2019-06-04,BDI,1757.7,SYNTHETIC_DEMO
2019-06-04,BCI,2527.3,SYNTHETIC_DEMO
2019-06-04,BPI,1588.9,SYNTHETIC_DEMO
2019-06-04,BSI,1245.1,SYNTHETIC_DEMO
2019-06-04,BHSI,749.1,SYNTHETIC_DEMO
2019-06-05,BDI,1811.4,SYNTHETIC_DEMO
2019-06-05,BCI,2572.4,SYNTHETIC_DEMO
2019-06-05,BPI,1736.1,SYNTHETIC_DEMO
2019-06-05,BSI,1310.1,SYNTHETIC_DEMO
2019-06-05,BHSI,752.9,SYNTHETIC_DEMO
2019-06-06,BDI,1825.6,SYNTHETIC_DEMO
2019-06-06,BCI,2628.4,SYNTHETIC_DEMO
2019-06-06,BPI,1683.6,SYNTHETIC_DEMO
2019-06-06,BSI,1320.7,SYNTHETIC_DEMO
2019-06-06,BHSI,782.1,SYNTHETIC_DEMO
2019-06-07,BDI,1874.1,SYNTHETIC_DEMO
2019-06-07,BCI,2630.6,SYNTHETIC_DEMO
2019-06-07,BPI,1731.1,SYNTHETIC_DEMO
2019-06-07,BSI,1350.5,SYNTHETIC_DEMO
2019-06-07,BHSI,782.5,SYNTHETIC_DEMO
2019-06-08,BDI,1855.5,SYNTHETIC_DEMO
2019-06-08,BCI,2583.0,SYNTHETIC_DEMO
2019-06-08,BPI,1697.9,SYNTHETIC_DEMO
2019-06-08,BSI,1346.2,SYNTHETIC_DEMO
2019-06-08,BHSI,793.8,SYNTHETIC_DEMO
2019-06-09,BDI,1849.6,SYNTHETIC_DEMO
2019-06-09,BCI,2642.1,SYNTHETIC_DEMO
2019-06-09,BPI,1674.9,SYNTHETIC_DEMO
2019-06-09,BSI,1314.4,SYNTHETIC_DEMO
2019-06-09,BHSI,770.8,SYNTHETIC_DEMO
2019-06-10,BDI,1882.5,SYNTHETIC_DEMO
2019-06-10,BCI,2627.3,SYNTHETIC_DEMO
2019-06-10,BPI,1755.9,SYNTHETIC_DEMO
2019-06-10,BSI,1348.9,SYNTHETIC_DEMO
2019-06-10,BHSI,791.0,SYNTHETIC_DEMO
2019-06-11,BDI,1910.7,SYNTHETIC_DEMO
2019-06-11,BCI,2666.9,SYNTHETIC_DEMO
2019-06-11,BPI,1769.0,SYNTHETIC_DEMO
2019-06-11,BSI,1362.9,SYNTHETIC_DEMO
2019-06-11,BHSI,790.7,SYNTHETIC_DEMO
2019-06-12,BDI,1866.3,SYNTHETIC_DEMO
2019-06-12,BCI,2653.5,SYNTHETIC_DEMO
2019-06-12,BPI,1747.5,SYNTHETIC_DEMO
2019-06-12,BSI,1360.2,SYNTHETIC_DEMO
2019-06-12,BHSI,808.8,SYNTHETIC_DEMO
2019-06-13,BDI,1856.5,SYNTHETIC_DEMO
2019-06-13,BCI,2632.0,SYNTHETIC_DEMO
2019-06-13,BPI,1750.1,SYNTHETIC_DEMO
2019-06-13,BSI,1319.4,SYNTHETIC_DEMO
2019-06-13,BHSI,778.7,SYNTHETIC_DEMO
2019-06-14,BDI,1876.7,SYNTHETIC_DEMO
2019-06-14,BCI,2668.6,SYNTHETIC_DEMO
2019-06-14,BPI,1726.9,SYNTHETIC_DEMO
2019-06-14,BSI,1355.1,SYNTHETIC_DEMO
2019-06-14,BHSI,776.6,SYNTHETIC_DEMO
2019-06-15,BDI,1836.8,SYNTHETIC_DEMO
2019-06-15,BCI,2630.3,SYNTHETIC_DEMO
2019-06-15,BPI,1719.3,SYNTHETIC_DEMO
2019-06-15,BSI,1318.7,SYNTHETIC_DEMO
2019-06-15,BHSI,767.4,SYNTHETIC_DEMO
2019-06-16,BDI,1848.2,SYNTHETIC_DEMO
2019-06-16,BCI,2611.6,SYNTHETIC_DEMO
2019-06-16,BPI,1654.2,SYNTHETIC_DEMO
2019-06-16,BSI,1322.5,SYNTHETIC_DEMO
2019-06-16,BHSI,785.9,SYNTHETIC_DEMO
2019-06-17,BDI,1778.6,SYNTHETIC_DEMO
2019-06-17,BCI,2481.1,SYNTHETIC_DEMO
2019-06-17,BPI,1601.4,SYNTHETIC_DEMO
2019-06-17,BSI,1304.6,SYNTHETIC_DEMO
2019-06-17,BHSI,734.0,SYNTHETIC_DEMO
2019-06-18,BDI,1747.8,SYNTHETIC_DEMO
2019-06-18,BCI,2566.9,SYNTHETIC_DEMO
2019-06-18,BPI,1616.8,SYNTHETIC_DEMO
2019-06-18,BSI,1300.7,SYNTHETIC_DEMO
2019-06-18,BHSI,735.8,SYNTHETIC_DEMO
2019-06-19,BDI,1779.9,SYNTHETIC_DEMO
2019-06-19,BCI,2484.7,SYNTHETIC_DEMO
2019-06-19,BPI,1614.9,SYNTHETIC_DEMO
2019-06-19,BSI,1273.0,SYNTHETIC_DEMO
2019-06-19,BHSI,757.3,SYNTHETIC_DEMO
2019-06-20,BDI,1774.6,SYNTHETIC_DEMO
2019-06-20,BCI,2573.0,SYNTHETIC_DEMO
2019-06-20,BPI,1658.2,SYNTHETIC_DEMO
2019-06-20,BSI,1260.4,SYNTHETIC_DEMO
2019-06-20,BHSI,733.9,SYNTHETIC_DEMO
2019-06-21,BDI,1770.3,SYNTHETIC_DEMO
2019-06-21,BCI,2416.9,SYNTHETIC_DEMO
2019-06-21,BPI,1657.6,SYNTHETIC_DEMO
2019-06-21,BSI,1285.7,SYNTHETIC_DEMO
2019-06-21,BHSI,739.7,SYNTHETIC_DEMO
2019-06-22,BDI,1782.9,SYNTHETIC_DEMO
2019-06-22,BCI,2540.2,SYNTHETIC_DEMO
2019-06-22,BPI,1647.4,SYNTHETIC_DEMO
2019-06-22,BSI,1258.8,SYNTHETIC_DEMO
2019-06-22,BHSI,744.0,SYNTHETIC_DEMO
2019-06-23,BDI,1806.7,SYNTHETIC_DEMO
2019-06-23,BCI,2524.5,SYNTHETIC_DEMO
2019-06-23,BPI,1677.2,SYNTHETIC_DEMO
2019-06-23,BSI,1311.6,SYNTHETIC_DEMO
2019-06-23,BHSI,745.4,SYNTHETIC_DEMO
2019-06-24,BDI,1802.1,SYNTHETIC_DEMO
2019-06-24,BCI,2532.8,SYNTHETIC_DEMO
2019-06-24,BPI,1647.4,SYNTHETIC_DEMO
2019-06-24,BSI,1333.2,SYNTHETIC_DEMO
2019-06-24,BHSI,734.1,SYNTHETIC_DEMO
2019-06-25,BDI,1856.2,SYNTHETIC_DEMO
2019-06-25,BCI,2635.3,SYNTHETIC_DEMO
2019-06-25,BPI,1688.0,SYNTHETIC_DEMO
2019-06-25,BSI,1339.7,SYNTHETIC_DEMO
2019-06-25,BHSI,793.7,SYNTHETIC_DEMO
2019-06-26,BDI,1869.7,SYNTHETIC_DEMO
2019-06-26,BCI,2700.4,SYNTHETIC_DEMO
2019-06-26,BPI,1712.5,SYNTHETIC_DEMO
2019-06-26,BSI,1363.4,SYNTHETIC_DEMO
2019-06-26,BHSI,793.9,SYNTHETIC_DEMO
2019-06-27,BDI,1847.2,SYNTHETIC_DEMO
2019-06-27,BCI,2640.4,SYNTHETIC_DEMO
2019-06-27,BPI,1665.1,SYNTHETIC_DEMO
2019-06-27,BSI,1366.4,SYNTHETIC_DEMO
2019-06-27,BHSI,790.6,SYNTHETIC_DEMO
2019-06-28,BDI,1817.7,SYNTHETIC_DEMO
2019-06-28,BCI,2549.1,SYNTHETIC_DEMO
2019-06-28,BPI,1667.3,SYNTHETIC_DEMO
2019-06-28,BSI,1316.6,SYNTHETIC_DEMO
2019-06-28,BHSI,760.8,SYNTHETIC_DEMO
2019-06-29,BDI,1857.3,SYNTHETIC_DEMO
2019-06-29,BCI,2682.7,SYNTHETIC_DEMO
2019-06-29,BPI,1671.1,SYNTHETIC_DEMO
2019-06-29,BSI,1336.9,SYNTHETIC_DEMO
2019-06-29,BHSI,784.9,SYNTHETIC_DEMO
2019-06-30,BDI,1859.8,SYNTHETIC_DEMO
2019-06-30,BCI,2645.4,SYNTHETIC_DEMO
2019-06-30,BPI,1684.6,SYNTHETIC_DEMO
2019-06-30,BSI,1334.9,SYNTHETIC_DEMO
2019-06-30,BHSI,784.7,SYNTHETIC_DEMO
2019-07-01,BDI,1924.7,SYNTHETIC_DEMO
2019-07-01,BCI,2832.5,SYNTHETIC_DEMO
2019-07-01,BPI,1725.8,SYNTHETIC_DEMO
2019-07-01,BSI,1376.2,SYNTHETIC_DEMO
2019-07-01,BHSI,810.0,SYNTHETIC_DEMO
2019-07-02,BDI,1926.8,SYNTHETIC_DEMO
2019-07-02,BCI,2783.1,SYNTHETIC_DEMO
2019-07-02,BPI,1811.5,SYNTHETIC_DEMO
2019-07-02,BSI,1373.3,SYNTHETIC_DEMO
2019-07-02,BHSI,769.1,SYNTHETIC_DEMO
2019-07-03,BDI,1931.9,SYNTHETIC_DEMO
2019-07-03,BCI,2756.3,SYNTHETIC_DEMO
2019-07-03,BPI,1794.3,SYNTHETIC_DEMO
2019-07-03,BSI,1378.5,SYNTHETIC_DEMO
2019-07-03,BHSI,813.2,SYNTHETIC_DEMO
2019-07-04,BDI,1920.8,SYNTHETIC_DEMO
2019-07-04,BCI,2740.0,SYNTHETIC_DEMO
2019-07-04,BPI,1795.9,SYNTHETIC_DEMO
2019-07-04,BSI,1376.0,SYNTHETIC_DEMO
2019-07-04,BHSI,804.8,SYNTHETIC_DEMO
2019-07-05,BDI,1998.9,SYNTHETIC_DEMO
2019-07-05,BCI,2882.7,SYNTHETIC_DEMO
2019-07-05,BPI,1860.4,SYNTHETIC_DEMO
2019-07-05,BSI,1441.2,SYNTHETIC_DEMO
2019-07-05,BHSI,823.0,SYNTHETIC_DEMO
2019-07-06,BDI,2015.4,SYNTHETIC_DEMO
2019-07-06,BCI,2838.3,SYNTHETIC_DEMO
2019-07-06,BPI,1887.7,SYNTHETIC_DEMO
2019-07-06,BSI,1439.7,SYNTHETIC_DEMO
2019-07-06,BHSI,826.9,SYNTHETIC_DEMO
2019-07-07,BDI,2009.5,SYNTHETIC_DEMO
2019-07-07,BCI,2905.1,SYNTHETIC_DEMO
2019-07-07,BPI,1813.7,SYNTHETIC_DEMO
2019-07-07,BSI,1436.0,SYNTHETIC_DEMO
2019-07-07,BHSI,847.8,SYNTHETIC_DEMO
2019-07-08,BDI,1998.3,SYNTHETIC_DEMO
2019-07-08,BCI,2824.4,SYNTHETIC_DEMO
2019-07-08,BPI,1838.6,SYNTHETIC_DEMO
2019-07-08,BSI,1421.9,SYNTHETIC_DEMO
2019-07-08,BHSI,840.4,SYNTHETIC_DEMO
2019-07-09,BDI,2000.3,SYNTHETIC_DEMO
2019-07-09,BCI,2807.9,SYNTHETIC_DEMO
2019-07-09,BPI,1815.8,SYNTHETIC_DEMO
2019-07-09,BSI,1458.3,SYNTHETIC_DEMO
2019-07-09,BHSI,843.7,SYNTHETIC_DEMO
2019-07-10,BDI,2034.5,SYNTHETIC_DEMO
2019-07-10,BCI,2862.8,SYNTHETIC_DEMO
2019-07-10,BPI,1858.1,SYNTHETIC_DEMO
2019-07-10,BSI,1450.0,SYNTHETIC_DEMO
2019-07-10,BHSI,867.9,SYNTHETIC_DEMO
2019-07-11,BDI,2077.6,SYNTHETIC_DEMO
2019-07-11,BCI,2909.0,SYNTHETIC_DEMO
2019-07-11,BPI,1926.2,SYNTHETIC_DEMO
2019-07-11,BSI,1497.3,SYNTHETIC_DEMO
2019-07-11,BHSI,889.0,SYNTHETIC_DEMO
2019-07-12,BDI,2050.0,SYNTHETIC_DEMO
2019-07-12,BCI,2843.6,SYNTHETIC_DEMO
2019-07-12,BPI,1906.6,SYNTHETIC_DEMO
2019-07-12,BSI,1470.6,SYNTHETIC_DEMO
2019-07-12,BHSI,850.8,SYNTHETIC_DEMO
2019-07-13,BDI,2079.5,SYNTHETIC_DEMO
2019-07-13,BCI,2957.9,SYNTHETIC_DEMO
2019-07-13,BPI,1913.2,SYNTHETIC_DEMO
2019-07-13,BSI,1527.5,SYNTHETIC_DEMO
2019-07-13,BHSI,870.0,SYNTHETIC_DEMO
2019-07-14,BDI,2148.5,SYNTHETIC_DEMO
2019-07-14,BCI,3010.7,SYNTHETIC_DEMO
2019-07-14,BPI,1983.3,SYNTHETIC_DEMO
2019-07-14,BSI,1551.7,SYNTHETIC_DEMO
2019-07-14,BHSI,910.4,SYNTHETIC_DEMO
2019-07-15,BDI,2137.8,SYNTHETIC_DEMO
2019-07-15,BCI,3100.7,SYNTHETIC_DEMO
2019-07-15,BPI,1927.1,SYNTHETIC_DEMO
2019-07-15,BSI,1543.6,SYNTHETIC_DEMO
2019-07-15,BHSI,918.2,SYNTHETIC_DEMO
2019-07-16,BDI,2191.9,SYNTHETIC_DEMO
2019-07-16,BCI,3047.0,SYNTHETIC_DEMO
2019-07-16,BPI,2002.8,SYNTHETIC_DEMO
2019-07-16,BSI,1591.9,SYNTHETIC_DEMO
2019-07-16,BHSI,936.5,SYNTHETIC_DEMO
2019-07-17,BDI,2175.3,SYNTHETIC_DEMO
2019-07-17,BCI,3076.4,SYNTHETIC_DEMO
2019-07-17,BPI,1999.5,SYNTHETIC_DEMO
2019-07-17,BSI,1604.0,SYNTHETIC_DEMO
2019-07-17,BHSI,910.3,SYNTHETIC_DEMO
2019-07-18,BDI,2160.7,SYNTHETIC_DEMO
2019-07-18,BCI,3131.8,SYNTHETIC_DEMO
2019-07-18,BPI,1949.2,SYNTHETIC_DEMO
2019-07-18,BSI,1554.4,SYNTHETIC_DEMO
2019-07-18,BHSI,907.3,SYNTHETIC_DEMO
2019-07-19,BDI,2146.3,SYNTHETIC_DEMO
2019-07-19,BCI,3120.9,SYNTHETIC_DEMO
2019-07-19,BPI,1941.5,SYNTHETIC_DEMO
2019-07-19,BSI,1519.9,SYNTHETIC_DEMO
2019-07-19,BHSI,909.7,SYNTHETIC_DEMO
2019-07-20,BDI,2134.1,SYNTHETIC_DEMO
2019-07-20,BCI,2942.3,SYNTHETIC_DEMO
2019-07-20,BPI,1987.2,SYNTHETIC_DEMO
2019-07-20,BSI,1522.3,SYNTHETIC_DEMO
2019-07-20,BHSI,888.3,SYNTHETIC_DEMO
2019-07-21,BDI,2095.0,SYNTHETIC_DEMO
2019-07-21,BCI,3024.0,SYNTHETIC_DEMO
2019-07-21,BPI,1925.3,SYNTHETIC_DEMO
2019-07-21,BSI,1498.5,SYNTHETIC_DEMO
2019-07-21,BHSI,897.8,SYNTHETIC_DEMO
2019-07-22,BDI,2134.5,SYNTHETIC_DEMO
2019-07-22,BCI,2984.4,SYNTHETIC_DEMO
2019-07-22,BPI,1968.1,SYNTHETIC_DEMO
2019-07-22,BSI,1522.0,SYNTHETIC_DEMO
2019-07-22,BHSI,907.2,SYNTHETIC_DEMO
2019-07-23,BDI,2147.1,SYNTHETIC_DEMO
2019-07-23,BCI,3036.0,SYNTHETIC_DEMO
2019-07-23,BPI,2029.3,SYNTHETIC_DEMO
2019-07-23,BSI,1529.1,SYNTHETIC_DEMO
2019-07-23,BHSI,893.9,SYNTHETIC_DEMO
2019-07-24,BDI,2139.6,SYNTHETIC_DEMO
2019-07-24,BCI,3104.0,SYNTHETIC_DEMO
2019-07-24,BPI,1972.8,SYNTHETIC_DEMO
2019-07-24,BSI,1557.3,SYNTHETIC_DEMO
2019-07-24,BHSI,904.3,SYNTHETIC_DEMO
2019-07-25,BDI,2140.8,SYNTHETIC_DEMO
2019-07-25,BCI,3037.1,SYNTHETIC_DEMO
2019-07-25,BPI,1975.2,SYNTHETIC_DEMO
2019-07-25,BSI,1556.4,SYNTHETIC_DEMO
2019-07-25,BHSI,915.6,SYNTHETIC_DEMO
2019-07-26,BDI,2108.0,SYNTHETIC_DEMO
2019-07-26,BCI,3023.4,SYNTHETIC_DEMO
2019-07-26,BPI,1932.3,SYNTHETIC_DEMO
2019-07-26,BSI,1534.5,SYNTHETIC_DEMO
2019-07-26,BHSI,894.6,SYNTHETIC_DEMO
2019-07-27,BDI,2061.9,SYNTHETIC_DEMO
2019-07-27,BCI,2875.7,SYNTHETIC_DEMO
2019-07-27,BPI,1941.0,SYNTHETIC_DEMO
2019-07-27,BSI,1463.2,SYNTHETIC_DEMO
2019-07-27,BHSI,864.8,SYNTHETIC_DEMO
2019-07-28,BDI,2034.1,SYNTHETIC_DEMO
2019-07-28,BCI,2819.5,SYNTHETIC_DEMO
2019-07-28,BPI,1848.3,SYNTHETIC_DEMO
2019-07-28,BSI,1469.1,SYNTHETIC_DEMO
2019-07-28,BHSI,848.1,SYNTHETIC_DEMO
2019-07-29,BDI,1961.6,SYNTHETIC_DEMO
2019-07-29,BCI,2770.2,SYNTHETIC_DEMO
2019-07-29,BPI,1808.5,SYNTHETIC_DEMO
2019-07-29,BSI,1417.9,SYNTHETIC_DEMO
2019-07-29,BHSI,813.7,SYNTHETIC_DEMO
2019-07-30,BDI,1953.5,SYNTHETIC_DEMO
2019-07-30,BCI,2756.1,SYNTHETIC_DEMO
2019-07-30,BPI,1775.9,SYNTHETIC_DEMO
2019-07-30,BSI,1391.9,SYNTHETIC_DEMO
2019-07-30,BHSI,837.2,SYNTHETIC_DEMO
2019-07-31,BDI,1930.0,SYNTHETIC_DEMO
2019-07-31,BCI,2711.2,SYNTHETIC_DEMO
2019-07-31,BPI,1784.9,SYNTHETIC_DEMO
2019-07-31,BSI,1382.0,SYNTHETIC_DEMO
2019-07-31,BHSI,781.7,SYNTHETIC_DEMO
2019-08-01,BDI,1942.0,SYNTHETIC_DEMO
2019-08-01,BCI,2747.0,SYNTHETIC_DEMO
2019-08-01,BPI,1746.1,SYNTHETIC_DEMO
2019-08-01,BSI,1383.9,SYNTHETIC_DEMO
2019-08-01,BHSI,791.2,SYNTHETIC_DEMO
2019-08-02,BDI,1946.8,SYNTHETIC_DEMO
2019-08-02,BCI,2836.0,SYNTHETIC_DEMO
2019-08-02,BPI,1768.5,SYNTHETIC_DEMO
2019-08-02,BSI,1387.5,SYNTHETIC_DEMO
2019-08-02,BHSI,831.8,SYNTHETIC_DEMO
2019-08-03,BDI,1946.5,SYNTHETIC_DEMO
2019-08-03,BCI,2694.1,SYNTHETIC_DEMO
2019-08-03,BPI,1805.2,SYNTHETIC_DEMO
2019-08-03,BSI,1367.6,SYNTHETIC_DEMO
2019-08-03,BHSI,810.0,SYNTHETIC_DEMO
2019-08-04,BDI,1997.2,SYNTHETIC_DEMO
2019-08-04,BCI,2732.0,SYNTHETIC_DEMO
2019-08-04,BPI,1881.2,SYNTHETIC_DEMO
2019-08-04,BSI,1410.4,SYNTHETIC_DEMO
2019-08-04,BHSI,821.0,SYNTHETIC_DEMO
2019-08-05,BDI,2000.6,SYNTHETIC_DEMO
2019-08-05,BCI,2883.6,SYNTHETIC_DEMO
2019-08-05,BPI,1859.0,SYNTHETIC_DEMO
2019-08-05,BSI,1441.9,SYNTHETIC_DEMO
2019-08-05,BHSI,845.6,SYNTHETIC_DEMO
2019-08-06,BDI,2015.7,SYNTHETIC_DEMO
2019-08-06,BCI,2884.1,SYNTHETIC_DEMO
2019-08-06,BPI,1888.3,SYNTHETIC_DEMO
2019-08-06,BSI,1443.4,SYNTHETIC_DEMO
2019-08-06,BHSI,848.0,SYNTHETIC_DEMO
2019-08-07,BDI,2001.5,SYNTHETIC_DEMO
2019-08-07,BCI,2917.8,SYNTHETIC_DEMO
2019-08-07,BPI,1810.9,SYNTHETIC_DEMO
2019-08-07,BSI,1472.3,SYNTHETIC_DEMO
2019-08-07,BHSI,836.2,SYNTHETIC_DEMO
2019-08-08,BDI,1998.6,SYNTHETIC_DEMO
2019-08-08,BCI,2752.3,SYNTHETIC_DEMO
2019-08-08,BPI,1832.3,SYNTHETIC_DEMO
2019-08-08,BSI,1465.5,SYNTHETIC_DEMO
2019-08-08,BHSI,832.2,SYNTHETIC_DEMO
2019-08-09,BDI,2020.8,SYNTHETIC_DEMO
2019-08-09,BCI,2865.3,SYNTHETIC_DEMO
2019-08-09,BPI,1864.1,SYNTHETIC_DEMO
2019-08-09,BSI,1475.3,SYNTHETIC_DEMO
2019-08-09,BHSI,851.6,SYNTHETIC_DEMO
2019-08-10,BDI,2035.6,SYNTHETIC_DEMO
2019-08-10,BCI,2904.7,SYNTHETIC_DEMO
2019-08-10,BPI,1850.4,SYNTHETIC_DEMO
2019-08-10,BSI,1500.6,SYNTHETIC_DEMO
2019-08-10,BHSI,871.1,SYNTHETIC_DEMO
2019-08-11,BDI,2044.4,SYNTHETIC_DEMO
2019-08-11,BCI,2925.1,SYNTHETIC_DEMO
2019-08-11,BPI,1889.0,SYNTHETIC_DEMO
2019-08-11,BSI,1482.9,SYNTHETIC_DEMO
2019-08-11,BHSI,854.7,SYNTHETIC_DEMO
2019-08-12,BDI,2042.0,SYNTHETIC_DEMO
2019-08-12,BCI,2937.6,SYNTHETIC_DEMO
2019-08-12,BPI,1860.8,SYNTHETIC_DEMO
2019-08-12,BSI,1448.9,SYNTHETIC_DEMO
2019-08-12,BHSI,849.4,SYNTHETIC_DEMO
2019-08-13,BDI,2078.5,SYNTHETIC_DEMO
2019-08-13,BCI,2882.2,SYNTHETIC_DEMO
2019-08-13,BPI,1893.6,SYNTHETIC_DEMO
2019-08-13,BSI,1488.6,SYNTHETIC_DEMO
2019-08-13,BHSI,885.6,SYNTHETIC_DEMO
2019-08-14,BDI,2115.3,SYNTHETIC_DEMO
2019-08-14,BCI,3005.7,SYNTHETIC_DEMO
2019-08-14,BPI,1968.2,SYNTHETIC_DEMO
2019-08-14,BSI,1536.1,SYNTHETIC_DEMO
2019-08-14,BHSI,863.0,SYNTHETIC_DEMO
2019-08-15,BDI,2155.1,SYNTHETIC_DEMO
2019-08-15,BCI,3050.0,SYNTHETIC_DEMO
2019-08-15,BPI,1997.4,SYNTHETIC_DEMO
2019-08-15,BSI,1564.4,SYNTHETIC_DEMO
2019-08-15,BHSI,905.5,SYNTHETIC_DEMO
2019-08-16,BDI,2109.7,SYNTHETIC_DEMO
2019-08-16,BCI,3035.0,SYNTHETIC_DEMO
2019-08-16,BPI,1948.4,SYNTHETIC_DEMO
2019-08-16,BSI,1516.1,SYNTHETIC_DEMO
2019-08-16,BHSI,886.7,SYNTHETIC_DEMO
2019-08-17,BDI,2102.9,SYNTHETIC_DEMO
2019-08-17,BCI,2969.6,SYNTHETIC_DEMO
2019-08-17,BPI,1939.0,SYNTHETIC_DEMO
2019-08-17,BSI,1533.1,SYNTHETIC_DEMO
2019-08-17,BHSI,899.2,SYNTHETIC_DEMO
2019-08-18,BDI,2095.3,SYNTHETIC_DEMO
2019-08-18,BCI,3026.2,SYNTHETIC_DEMO
2019-08-18,BPI,1945.1,SYNTHETIC_DEMO
2019-08-18,BSI,1481.7,SYNTHETIC_DEMO
2019-08-18,BHSI,900.3,SYNTHETIC_DEMO
2019-08-19,BDI,2110.7,SYNTHETIC_DEMO
2019-08-19,BCI,2925.3,SYNTHETIC_DEMO
2019-08-19,BPI,1938.6,SYNTHETIC_DEMO
2019-08-19,BSI,1518.6,SYNTHETIC_DEMO
2019-08-19,BHSI,894.2,SYNTHETIC_DEMO
2019-08-20,BDI,2053.9,SYNTHETIC_DEMO
2019-08-20,BCI,2960.1,SYNTHETIC_DEMO
2019-08-20,BPI,1903.8,SYNTHETIC_DEMO
2019-08-20,BSI,1457.4,SYNTHETIC_DEMO
2019-08-20,BHSI,882.8,SYNTHETIC_DEMO
2019-08-21,BDI,2042.5,SYNTHETIC_DEMO
2019-08-21,BCI,2854.6,SYNTHETIC_DEMO
2019-08-21,BPI,1862.6,SYNTHETIC_DEMO
2019-08-21,BSI,1475.2,SYNTHETIC_DEMO
2019-08-21,BHSI,877.2,SYNTHETIC_DEMO
2019-08-22,BDI,2054.3,SYNTHETIC_DEMO
2019-08-22,BCI,2955.6,SYNTHETIC_DEMO
2019-08-22,BPI,1919.9,SYNTHETIC_DEMO
2019-08-22,BSI,1465.4,SYNTHETIC_DEMO
2019-08-22,BHSI,857.5,SYNTHETIC_DEMO
2019-08-23,BDI,2076.5,SYNTHETIC_DEMO
2019-08-23,BCI,2900.6,SYNTHETIC_DEMO
2019-08-23,BPI,1927.1,SYNTHETIC_DEMO
2019-08-23,BSI,1489.5,SYNTHETIC_DEMO
2019-08-23,BHSI,873.0,SYNTHETIC_DEMO
2019-08-24,BDI,2062.0,SYNTHETIC_DEMO
2019-08-24,BCI,2938.5,SYNTHETIC_DEMO
2019-08-24,BPI,1917.1,SYNTHETIC_DEMO
2019-08-24,BSI,1503.5,SYNTHETIC_DEMO
2019-08-24,BHSI,852.0,SYNTHETIC_DEMO
2019-08-25,BDI,2059.3,SYNTHETIC_DEMO
2019-08-25,BCI,2917.2,SYNTHETIC_DEMO
2019-08-25,BPI,1878.2,SYNTHETIC_DEMO
2019-08-25,BSI,1480.6,SYNTHETIC_DEMO
2019-08-25,BHSI,851.0,SYNTHETIC_DEMO
2019-08-26,BDI,2111.6,SYNTHETIC_DEMO
2019-08-26,BCI,2983.5,SYNTHETIC_DEMO
2019-08-26,BPI,1961.3,SYNTHETIC_DEMO
2019-08-26,BSI,1466.1,SYNTHETIC_DEMO
2019-08-26,BHSI,880.3,SYNTHETIC_DEMO
2019-08-27,BDI,2095.0,SYNTHETIC_DEMO
2019-08-27,BCI,2968.1,SYNTHETIC_DEMO
2019-08-27,BPI,1959.3,SYNTHETIC_DEMO
2019-08-27,BSI,1488.1,SYNTHETIC_DEMO
2019-08-27,BHSI,882.9,SYNTHETIC_DEMO
2019-08-28,BDI,2101.6,SYNTHETIC_DEMO
2019-08-28,BCI,3025.3,SYNTHETIC_DEMO
2019-08-28,BPI,1898.1,SYNTHETIC_DEMO
2019-08-28,BSI,1519.2,SYNTHETIC_DEMO
2019-08-28,BHSI,886.0,SYNTHETIC_DEMO
2019-08-29,BDI,2107.6,SYNTHETIC_DEMO
2019-08-29,BCI,2938.4,SYNTHETIC_DEMO
2019-08-29,BPI,1928.6,SYNTHETIC_DEMO
2019-08-29,BSI,1557.5,SYNTHETIC_DEMO
2019-08-29,BHSI,874.1,SYNTHETIC_DEMO
2019-08-30,BDI,2102.5,SYNTHETIC_DEMO
2019-08-30,BCI,3006.4,SYNTHETIC_DEMO
2019-08-30,BPI,1925.2,SYNTHETIC_DEMO
2019-08-30,BSI,1517.0,SYNTHETIC_DEMO
2019-08-30,BHSI,878.2,SYNTHETIC_DEMO
2019-08-31,BDI,2151.8,SYNTHETIC_DEMO
2019-08-31,BCI,3045.9,SYNTHETIC_DEMO
2019-08-31,BPI,1979.9,SYNTHETIC_DEMO
2019-08-31,BSI,1536.7,SYNTHETIC_DEMO
2019-08-31,BHSI,905.4,SYNTHETIC_DEMO
2019-09-01,BDI,2122.0,SYNTHETIC_DEMO
2019-09-01,BCI,3041.8,SYNTHETIC_DEMO
2019-09-01,BPI,1945.1,SYNTHETIC_DEMO
2019-09-01,BSI,1516.6,SYNTHETIC_DEMO
2019-09-01,BHSI,886.7,SYNTHETIC_DEMO
2019-09-02,BDI,2116.6,SYNTHETIC_DEMO
2019-09-02,BCI,2971.9,SYNTHETIC_DEMO
2019-09-02,BPI,1975.3,SYNTHETIC_DEMO
2019-09-02,BSI,1514.0,SYNTHETIC_DEMO
2019-09-02,BHSI,884.1,SYNTHETIC_DEMO
2019-09-03,BDI,2145.5,SYNTHETIC_DEMO
2019-09-03,BCI,3048.2,SYNTHETIC_DEMO
2019-09-03,BPI,1965.2,SYNTHETIC_DEMO
2019-09-03,BSI,1560.3,SYNTHETIC_DEMO
2019-09-03,BHSI,908.8,SYNTHETIC_DEMO
2019-09-04,BDI,2115.8,SYNTHETIC_DEMO
2019-09-04,BCI,3112.0,SYNTHETIC_DEMO
2019-09-04,BPI,1983.5,SYNTHETIC_DEMO
2019-09-04,BSI,1505.6,SYNTHETIC_DEMO
2019-09-04,BHSI,882.6,SYNTHETIC_DEMO
2019-09-05,BDI,2026.6,SYNTHETIC_DEMO
2019-09-05,BCI,2924.4,SYNTHETIC_DEMO
2019-09-05,BPI,1852.7,SYNTHETIC_DEMO
2019-09-05,BSI,1449.7,SYNTHETIC_DEMO
2019-09-05,BHSI,843.7,SYNTHETIC_DEMO
2019-09-06,BDI,1966.5,SYNTHETIC_DEMO
2019-09-06,BCI,2834.8,SYNTHETIC_DEMO
2019-09-06,BPI,1819.9,SYNTHETIC_DEMO
2019-09-06,BSI,1422.5,SYNTHETIC_DEMO
2019-09-06,BHSI,830.9,SYNTHETIC_DEMO
2019-09-07,BDI,1970.8,SYNTHETIC_DEMO
2019-09-07,BCI,2755.1,SYNTHETIC_DEMO
2019-09-07,BPI,1836.0,SYNTHETIC_DEMO
2019-09-07,BSI,1436.9,SYNTHETIC_DEMO
2019-09-07,BHSI,831.1,SYNTHETIC_DEMO
2019-09-08,BDI,1962.4,SYNTHETIC_DEMO
2019-09-08,BCI,2733.4,SYNTHETIC_DEMO
2019-09-08,BPI,1844.5,SYNTHETIC_DEMO
2019-09-08,BSI,1417.6,SYNTHETIC_DEMO
2019-09-08,BHSI,827.3,SYNTHETIC_DEMO
2019-09-09,BDI,1998.1,SYNTHETIC_DEMO
2019-09-09,BCI,2906.4,SYNTHETIC_DEMO
2019-09-09,BPI,1817.7,SYNTHETIC_DEMO
2019-09-09,BSI,1435.6,SYNTHETIC_DEMO
2019-09-09,BHSI,853.2,SYNTHETIC_DEMO
2019-09-10,BDI,2018.9,SYNTHETIC_DEMO
2019-09-10,BCI,2828.5,SYNTHETIC_DEMO
2019-09-10,BPI,1852.7,SYNTHETIC_DEMO
2019-09-10,BSI,1430.7,SYNTHETIC_DEMO
2019-09-10,BHSI,817.0,SYNTHETIC_DEMO
2019-09-11,BDI,2061.4,SYNTHETIC_DEMO
2019-09-11,BCI,2805.2,SYNTHETIC_DEMO
2019-09-11,BPI,1886.9,SYNTHETIC_DEMO
2019-09-11,BSI,1460.4,SYNTHETIC_DEMO
2019-09-11,BHSI,885.9,SYNTHETIC_DEMO
2019-09-12,BDI,1997.6,SYNTHETIC_DEMO
2019-09-12,BCI,2852.4,SYNTHETIC_DEMO
2019-09-12,BPI,1849.3,SYNTHETIC_DEMO
2019-09-12,BSI,1458.7,SYNTHETIC_DEMO
2019-09-12,BHSI,851.4,SYNTHETIC_DEMO
2019-09-13,BDI,1971.7,SYNTHETIC_DEMO
2019-09-13,BCI,2771.7,SYNTHETIC_DEMO
2019-09-13,BPI,1781.2,SYNTHETIC_DEMO
2019-09-13,BSI,1409.3,SYNTHETIC_DEMO
2019-09-13,BHSI,824.5,SYNTHETIC_DEMO
2019-09-14,BDI,1926.6,SYNTHETIC_DEMO
2019-09-14,BCI,2728.6,SYNTHETIC_DEMO
2019-09-14,BPI,1765.4,SYNTHETIC_DEMO
2019-09-14,BSI,1416.2,SYNTHETIC_DEMO
2019-09-14,BHSI,806.0,SYNTHETIC_DEMO
2019-09-15,BDI,1918.5,SYNTHETIC_DEMO
2019-09-15,BCI,2699.2,SYNTHETIC_DEMO
2019-09-15,BPI,1774.2,SYNTHETIC_DEMO
2019-09-15,BSI,1378.9,SYNTHETIC_DEMO
2019-09-15,BHSI,789.4,SYNTHETIC_DEMO
2019-09-16,BDI,1921.4,SYNTHETIC_DEMO
2019-09-16,BCI,2653.3,SYNTHETIC_DEMO
2019-09-16,BPI,1768.7,SYNTHETIC_DEMO
2019-09-16,BSI,1401.3,SYNTHETIC_DEMO
2019-09-16,BHSI,803.8,SYNTHETIC_DEMO
2019-09-17,BDI,1963.4,SYNTHETIC_DEMO
2019-09-17,BCI,2756.1,SYNTHETIC_DEMO
2019-09-17,BPI,1823.9,SYNTHETIC_DEMO
2019-09-17,BSI,1382.8,SYNTHETIC_DEMO
2019-09-17,BHSI,829.5,SYNTHETIC_DEMO
2019-09-18,BDI,2000.3,SYNTHETIC_DEMO
2019-09-18,BCI,2857.1,SYNTHETIC_DEMO
2019-09-18,BPI,1834.0,SYNTHETIC_DEMO
2019-09-18,BSI,1430.0,SYNTHETIC_DEMO
2019-09-18,BHSI,842.3,SYNTHETIC_DEMO
2019-09-19,BDI,1940.3,SYNTHETIC_DEMO
2019-09-19,BCI,2734.0,SYNTHETIC_DEMO
2019-09-19,BPI,1818.6,SYNTHETIC_DEMO
2019-09-19,BSI,1381.5,SYNTHETIC_DEMO
2019-09-19,BHSI,824.8,SYNTHETIC_DEMO
2019-09-20,BDI,1920.7,SYNTHETIC_DEMO
2019-09-20,BCI,2692.1,SYNTHETIC_DEMO
2019-09-20,BPI,1745.1,SYNTHETIC_DEMO
2019-09-20,BSI,1407.8,SYNTHETIC_DEMO
2019-09-20,BHSI,794.3,SYNTHETIC_DEMO
2019-09-21,BDI,1958.3,SYNTHETIC_DEMO
2019-09-21,BCI,2787.5,SYNTHETIC_DEMO
2019-09-21,BPI,1838.6,SYNTHETIC_DEMO
2019-09-21,BSI,1426.7,SYNTHETIC_DEMO
2019-09-21,BHSI,815.4,SYNTHETIC_DEMO
2019-09-22,BDI,1950.8,SYNTHETIC_DEMO
2019-09-22,BCI,2770.8,SYNTHETIC_DEMO
2019-09-22,BPI,1848.5,SYNTHETIC_DEMO
2019-09-22,BSI,1382.1,SYNTHETIC_DEMO
2019-09-22,BHSI,821.1,SYNTHETIC_DEMO
2019-09-23,BDI,1881.5,SYNTHETIC_DEMO
2019-09-23,BCI,2693.1,SYNTHETIC_DEMO
2019-09-23,BPI,1724.2,SYNTHETIC_DEMO
2019-09-23,BSI,1359.0,SYNTHETIC_DEMO
2019-09-23,BHSI,816.4,SYNTHETIC_DEMO
2019-09-24,BDI,1926.5,SYNTHETIC_DEMO
2019-09-24,BCI,2716.4,SYNTHETIC_DEMO
2019-09-24,BPI,1743.1,SYNTHETIC_DEMO
2019-09-24,BSI,1366.0,SYNTHETIC_DEMO
2019-09-24,BHSI,815.3,SYNTHETIC_DEMO
2019-09-25,BDI,1923.1,SYNTHETIC_DEMO
2019-09-25,BCI,2760.7,SYNTHETIC_DEMO
2019-09-25,BPI,1743.2,SYNTHETIC_DEMO
2019-09-25,BSI,1390.4,SYNTHETIC_DEMO
2019-09-25,BHSI,803.5,SYNTHETIC_DEMO
2019-09-26,BDI,1892.4,SYNTHETIC_DEMO
2019-09-26,BCI,2718.0,SYNTHETIC_DEMO
2019-09-26,BPI,1710.8,SYNTHETIC_DEMO
2019-09-26,BSI,1401.4,SYNTHETIC_DEMO
2019-09-26,BHSI,805.5,SYNTHETIC_DEMO
2019-09-27,BDI,1903.1,SYNTHETIC_DEMO
2019-09-27,BCI,2737.3,SYNTHETIC_DEMO
2019-09-27,BPI,1743.8,SYNTHETIC_DEMO
2019-09-27,BSI,1402.5,SYNTHETIC_DEMO
2019-09-27,BHSI,809.4,SYNTHETIC_DEMO
2019-09-28,BDI,1888.5,SYNTHETIC_DEMO
2019-09-28,BCI,2687.0,SYNTHETIC_DEMO
2019-09-28,BPI,1778.1,SYNTHETIC_DEMO
2019-09-28,BSI,1339.4,SYNTHETIC_DEMO
2019-09-28,BHSI,802.8,SYNTHETIC_DEMO
2019-09-29,BDI,1859.7,SYNTHETIC_DEMO
2019-09-29,BCI,2614.4,SYNTHETIC_DEMO
2019-09-29,BPI,1707.7,SYNTHETIC_DEMO
2019-09-29,BSI,1320.9,SYNTHETIC_DEMO
2019-09-29,BHSI,775.0,SYNTHETIC_DEMO
2019-09-30,BDI,1821.9,SYNTHETIC_DEMO
2019-09-30,BCI,2587.7,SYNTHETIC_DEMO
2019-09-30,BPI,1662.5,SYNTHETIC_DEMO
2019-09-30,BSI,1304.4,SYNTHETIC_DEMO
2019-09-30,BHSI,771.6,SYNTHETIC_DEMO
2019-10-01,BDI,1816.9,SYNTHETIC_DEMO
2019-10-01,BCI,2560.0,SYNTHETIC_DEMO
2019-10-01,BPI,1684.1,SYNTHETIC_DEMO
2019-10-01,BSI,1360.0,SYNTHETIC_DEMO
2019-10-01,BHSI,762.3,SYNTHETIC_DEMO
2019-10-02,BDI,1779.4,SYNTHETIC_DEMO
2019-10-02,BCI,2508.5,SYNTHETIC_DEMO
2019-10-02,BPI,1645.2,SYNTHETIC_DEMO
2019-10-02,BSI,1282.6,SYNTHETIC_DEMO
2019-10-02,BHSI,756.6,SYNTHETIC_DEMO
2019-10-03,BDI,1777.7,SYNTHETIC_DEMO
2019-10-03,BCI,2523.7,SYNTHETIC_DEMO
2019-10-03,BPI,1624.6,SYNTHETIC_DEMO
2019-10-03,BSI,1264.0,SYNTHETIC_DEMO
2019-10-03,BHSI,749.3,SYNTHETIC_DEMO
2019-10-04,BDI,1719.5,SYNTHETIC_DEMO
2019-10-04,BCI,2409.7,SYNTHETIC_DEMO
2019-10-04,BPI,1576.0,SYNTHETIC_DEMO
2019-10-04,BSI,1222.5,SYNTHETIC_DEMO
2019-10-04,BHSI,741.1,SYNTHETIC_DEMO
2019-10-05,BDI,1670.3,SYNTHETIC_DEMO
2019-10-05,BCI,2361.1,SYNTHETIC_DEMO
2019-10-05,BPI,1543.1,SYNTHETIC_DEMO
2019-10-05,BSI,1216.9,SYNTHETIC_DEMO
2019-10-05,BHSI,688.5,SYNTHETIC_DEMO
2019-10-06,BDI,1704.8,SYNTHETIC_DEMO
2019-10-06,BCI,2433.5,SYNTHETIC_DEMO
2019-10-06,BPI,1581.2,SYNTHETIC_DEMO
2019-10-06,BSI,1240.2,SYNTHETIC_DEMO
2019-10-06,BHSI,711.9,SYNTHETIC_DEMO
2019-10-07,BDI,1666.9,SYNTHETIC_DEMO
2019-10-07,BCI,2437.8,SYNTHETIC_DEMO
2019-10-07,BPI,1519.9,SYNTHETIC_DEMO
2019-10-07,BSI,1179.3,SYNTHETIC_DEMO
2019-10-07,BHSI,692.0,SYNTHETIC_DEMO
2019-10-08,BDI,1690.4,SYNTHETIC_DEMO
2019-10-08,BCI,2415.3,SYNTHETIC_DEMO
2019-10-08,BPI,1589.0,SYNTHETIC_DEMO
2019-10-08,BSI,1214.5,SYNTHETIC_DEMO
2019-10-08,BHSI,705.7,SYNTHETIC_DEMO
2019-10-09,BDI,1673.8,SYNTHETIC_DEMO
2019-10-09,BCI,2376.0,SYNTHETIC_DEMO
2019-10-09,BPI,1571.5,SYNTHETIC_DEMO
2019-10-09,BSI,1176.6,SYNTHETIC_DEMO
2019-10-09,BHSI,717.3,SYNTHETIC_DEMO
2019-10-10,BDI,1719.5,SYNTHETIC_DEMO
2019-10-10,BCI,2481.6,SYNTHETIC_DEMO
2019-10-10,BPI,1595.1,SYNTHETIC_DEMO
2019-10-10,BSI,1229.4,SYNTHETIC_DEMO
2019-10-10,BHSI,709.5,SYNTHETIC_DEMO
2019-10-11,BDI,1741.9,SYNTHETIC_DEMO
2019-10-11,BCI,2503.2,SYNTHETIC_DEMO
2019-10-11,BPI,1579.3,SYNTHETIC_DEMO
2019-10-11,BSI,1222.9,SYNTHETIC_DEMO
2019-10-11,BHSI,737.7,SYNTHETIC_DEMO
2019-10-12,BDI,1707.7,SYNTHETIC_DEMO
2019-10-12,BCI,2461.7,SYNTHETIC_DEMO
2019-10-12,BPI,1518.3,SYNTHETIC_DEMO
2019-10-12,BSI,1218.1,SYNTHETIC_DEMO
2019-10-12,BHSI,718.1,SYNTHETIC_DEMO
2019-10-13,BDI,1715.2,SYNTHETIC_DEMO
2019-10-13,BCI,2500.6,SYNTHETIC_DEMO
2019-10-13,BPI,1521.7,SYNTHETIC_DEMO
2019-10-13,BSI,1240.9,SYNTHETIC_DEMO
2019-10-13,BHSI,684.5,SYNTHETIC_DEMO
2019-10-14,BDI,1704.0,SYNTHETIC_DEMO
2019-10-14,BCI,2414.2,SYNTHETIC_DEMO
2019-10-14,BPI,1583.1,SYNTHETIC_DEMO
2019-10-14,BSI,1247.0,SYNTHETIC_DEMO
2019-10-14,BHSI,713.0,SYNTHETIC_DEMO
2019-10-15,BDI,1701.4,SYNTHETIC_DEMO
2019-10-15,BCI,2432.8,SYNTHETIC_DEMO
2019-10-15,BPI,1581.0,SYNTHETIC_DEMO
2019-10-15,BSI,1238.6,SYNTHETIC_DEMO
2019-10-15,BHSI,702.5,SYNTHETIC_DEMO
2019-10-16,BDI,1694.6,SYNTHETIC_DEMO
2019-10-16,BCI,2435.0,SYNTHETIC_DEMO
2019-10-16,BPI,1591.0,SYNTHETIC_DEMO
2019-10-16,BSI,1227.3,SYNTHETIC_DEMO
2019-10-16,BHSI,689.3,SYNTHETIC_DEMO
2019-10-17,BDI,1743.3,SYNTHETIC_DEMO
2019-10-17,BCI,2516.0,SYNTHETIC_DEMO
2019-10-17,BPI,1569.9,SYNTHETIC_DEMO
2019-10-17,BSI,1283.5,SYNTHETIC_DEMO
2019-10-17,BHSI,737.2,SYNTHETIC_DEMO
2019-10-18,BDI,1715.9,SYNTHETIC_DEMO
2019-10-18,BCI,2345.6,SYNTHETIC_DEMO
2019-10-18,BPI,1564.2,SYNTHETIC_DEMO
2019-10-18,BSI,1230.0,SYNTHETIC_DEMO
2019-10-18,BHSI,724.9,SYNTHETIC_DEMO
2019-10-19,BDI,1721.1,SYNTHETIC_DEMO
2019-10-19,BCI,2411.6,SYNTHETIC_DEMO
2019-10-19,BPI,1566.1,SYNTHETIC_DEMO
2019-10-19,BSI,1252.0,SYNTHETIC_DEMO
2019-10-19,BHSI,741.0,SYNTHETIC_DEMO
2019-10-20,BDI,1697.3,SYNTHETIC_DEMO
2019-10-20,BCI,2479.0,SYNTHETIC_DEMO
2019-10-20,BPI,1565.4,SYNTHETIC_DEMO
2019-10-20,BSI,1233.2,SYNTHETIC_DEMO
2019-10-20,BHSI,704.4,SYNTHETIC_DEMO
2019-10-21,BDI,1692.4,SYNTHETIC_DEMO
2019-10-21,BCI,2458.0,SYNTHETIC_DEMO
2019-10-21,BPI,1574.1,SYNTHETIC_DEMO
2019-10-21,BSI,1236.1,SYNTHETIC_DEMO
2019-10-21,BHSI,699.1,SYNTHETIC_DEMO
2019-10-22,BDI,1713.8,SYNTHETIC_DEMO
2019-10-22,BCI,2429.5,SYNTHETIC_DEMO
2019-10-22,BPI,1592.2,SYNTHETIC_DEMO
2019-10-22,BSI,1214.7,SYNTHETIC_DEMO
2019-10-22,BHSI,725.7,SYNTHETIC_DEMO
2019-10-23,BDI,1688.0,SYNTHETIC_DEMO
2019-10-23,BCI,2389.3,SYNTHETIC_DEMO
2019-10-23,BPI,1557.3,SYNTHETIC_DEMO
2019-10-23,BSI,1204.4,SYNTHETIC_DEMO
2019-10-23,BHSI,711.5,SYNTHETIC_DEMO
2019-10-24,BDI,1698.7,SYNTHETIC_DEMO
2019-10-24,BCI,2490.2,SYNTHETIC_DEMO
2019-10-24,BPI,1493.2,SYNTHETIC_DEMO
2019-10-24,BSI,1223.1,SYNTHETIC_DEMO
2019-10-24,BHSI,719.2,SYNTHETIC_DEMO
2019-10-25,BDI,1697.6,SYNTHETIC_DEMO
2019-10-25,BCI,2476.2,SYNTHETIC_DEMO
2019-10-25,BPI,1574.1,SYNTHETIC_DEMO
2019-10-25,BSI,1239.1,SYNTHETIC_DEMO
2019-10-25,BHSI,708.7,SYNTHETIC_DEMO
2019-10-26,BDI,1691.8,SYNTHETIC_DEMO
2019-10-26,BCI,2426.0,SYNTHETIC_DEMO
2019-10-26,BPI,1558.7,SYNTHETIC_DEMO
2019-10-26,BSI,1220.8,SYNTHETIC_DEMO
2019-10-26,BHSI,703.7,SYNTHETIC_DEMO
2019-10-27,BDI,1694.9,SYNTHETIC_DEMO
2019-10-27,BCI,2360.7,SYNTHETIC_DEMO
2019-10-27,BPI,1579.3,SYNTHETIC_DEMO
2019-10-27,BSI,1188.4,SYNTHETIC_DEMO
2019-10-27,BHSI,703.3,SYNTHETIC_DEMO
2019-10-28,BDI,1734.8,SYNTHETIC_DEMO
2019-10-28,BCI,2480.7,SYNTHETIC_DEMO
2019-10-28,BPI,1616.2,SYNTHETIC_DEMO
2019-10-28,BSI,1266.9,SYNTHETIC_DEMO
2019-10-28,BHSI,730.3,SYNTHETIC_DEMO
2019-10-29,BDI,1672.7,SYNTHETIC_DEMO
2019-10-29,BCI,2366.3,SYNTHETIC_DEMO
2019-10-29,BPI,1476.6,SYNTHETIC_DEMO
2019-10-29,BSI,1192.0,SYNTHETIC_DEMO
2019-10-29,BHSI,712.6,SYNTHETIC_DEMO
2019-10-30,BDI,1715.3,SYNTHETIC_DEMO
2019-10-30,BCI,2392.0,SYNTHETIC_DEMO
2019-10-30,BPI,1582.5,SYNTHETIC_DEMO
2019-10-30,BSI,1238.9,SYNTHETIC_DEMO
2019-10-30,BHSI,721.6,SYNTHETIC_DEMO
2019-10-31,BDI,1751.3,SYNTHETIC_DEMO
2019-10-31,BCI,2471.7,SYNTHETIC_DEMO
2019-10-31,BPI,1558.6,SYNTHETIC_DEMO
2019-10-31,BSI,1272.4,SYNTHETIC_DEMO
2019-10-31,BHSI,739.3,SYNTHETIC_DEMO
2019-11-01,BDI,1721.2,SYNTHETIC_DEMO
2019-11-01,BCI,2454.1,SYNTHETIC_DEMO
2019-11-01,BPI,1646.8,SYNTHETIC_DEMO
2019-11-01,BSI,1210.5,SYNTHETIC_DEMO
2019-11-01,BHSI,705.2,SYNTHETIC_DEMO
2019-11-02,BDI,1688.7,SYNTHETIC_DEMO
2019-11-02,BCI,2463.3,SYNTHETIC_DEMO
2019-11-02,BPI,1523.8,SYNTHETIC_DEMO
2019-11-02,BSI,1174.5,SYNTHETIC_DEMO
2019-11-02,BHSI,708.6,SYNTHETIC_DEMO
2019-11-03,BDI,1710.5,SYNTHETIC_DEMO
2019-11-03,BCI,2443.7,SYNTHETIC_DEMO
2019-11-03,BPI,1595.7,SYNTHETIC_DEMO
2019-11-03,BSI,1228.3,SYNTHETIC_DEMO
2019-11-03,BHSI,715.7,SYNTHETIC_DEMO
2019-11-04,BDI,1772.2,SYNTHETIC_DEMO
2019-11-04,BCI,2554.7,SYNTHETIC_DEMO
2019-11-04,BPI,1633.5,SYNTHETIC_DEMO
2019-11-04,BSI,1292.2,SYNTHETIC_DEMO
2019-11-04,BHSI,737.1,SYNTHETIC_DEMO
2019-11-05,BDI,1757.5,SYNTHETIC_DEMO
2019-11-05,BCI,2504.9,SYNTHETIC_DEMO
2019-11-05,BPI,1632.7,SYNTHETIC_DEMO
2019-11-05,BSI,1266.4,SYNTHETIC_DEMO
2019-11-05,BHSI,747.5,SYNTHETIC_DEMO
2019-11-06,BDI,1721.5,SYNTHETIC_DEMO
2019-11-06,BCI,2469.8,SYNTHETIC_DEMO
2019-11-06,BPI,1556.3,SYNTHETIC_DEMO
2019-11-06,BSI,1234.0,SYNTHETIC_DEMO
2019-11-06,BHSI,733.2,SYNTHETIC_DEMO
2019-11-07,BDI,1730.7,SYNTHETIC_DEMO
2019-11-07,BCI,2457.3,SYNTHETIC_DEMO
2019-11-07,BPI,1595.2,SYNTHETIC_DEMO
2019-11-07,BSI,1258.8,SYNTHETIC_DEMO
2019-11-07,BHSI,728.3,SYNTHETIC_DEMO
2019-11-08,BDI,1648.3,SYNTHETIC_DEMO
2019-11-08,BCI,2351.4,SYNTHETIC_DEMO
2019-11-08,BPI,1546.3,SYNTHETIC_DEMO
2019-11-08,BSI,1213.1,SYNTHETIC_DEMO
2019-11-08,BHSI,707.4,SYNTHETIC_DEMO
2019-11-09,BDI,1635.3,SYNTHETIC_DEMO
2019-11-09,BCI,2282.4,SYNTHETIC_DEMO
2019-11-09,BPI,1491.3,SYNTHETIC_DEMO
2019-11-09,BSI,1182.0,SYNTHETIC_DEMO
2019-11-09,BHSI,695.0,SYNTHETIC_DEMO
2019-11-10,BDI,1676.0,SYNTHETIC_DEMO
2019-11-10,BCI,2375.0,SYNTHETIC_DEMO
2019-11-10,BPI,1525.4,SYNTHETIC_DEMO
2019-11-10,BSI,1235.0,SYNTHETIC_DEMO
2019-11-10,BHSI,702.5,SYNTHETIC_DEMO
2019-11-11,BDI,1615.7,SYNTHETIC_DEMO
2019-11-11,BCI,2244.5,SYNTHETIC_DEMO
2019-11-11,BPI,1486.2,SYNTHETIC_DEMO
2019-11-11,BSI,1144.0,SYNTHETIC_DEMO
2019-11-11,BHSI,680.1,SYNTHETIC_DEMO
2019-11-12,BDI,1656.0,SYNTHETIC_DEMO
2019-11-12,BCI,2389.9,SYNTHETIC_DEMO
2019-11-12,BPI,1555.7,SYNTHETIC_DEMO
2019-11-12,BSI,1156.0,SYNTHETIC_DEMO
2019-11-12,BHSI,675.3,SYNTHETIC_DEMO
2019-11-13,BDI,1628.2,SYNTHETIC_DEMO
2019-11-13,BCI,2355.2,SYNTHETIC_DEMO
2019-11-13,BPI,1514.7,SYNTHETIC_DEMO
2019-11-13,BSI,1150.3,SYNTHETIC_DEMO
2019-11-13,BHSI,690.3,SYNTHETIC_DEMO
2019-11-14,BDI,1630.6,SYNTHETIC_DEMO
2019-11-14,BCI,2334.5,SYNTHETIC_DEMO
2019-11-14,BPI,1521.4,SYNTHETIC_DEMO
2019-11-14,BSI,1187.7,SYNTHETIC_DEMO
2019-11-14,BHSI,693.1,SYNTHETIC_DEMO
2019-11-15,BDI,1635.0,SYNTHETIC_DEMO
2019-11-15,BCI,2293.3,SYNTHETIC_DEMO
2019-11-15,BPI,1516.3,SYNTHETIC_DEMO
2019-11-15,BSI,1163.5,SYNTHETIC_DEMO
2019-11-15,BHSI,700.9,SYNTHETIC_DEMO
2019-11-16,BDI,1601.2,SYNTHETIC_DEMO
2019-11-16,BCI,2268.9,SYNTHETIC_DEMO
2019-11-16,BPI,1462.2,SYNTHETIC_DEMO
2019-11-16,BSI,1157.8,SYNTHETIC_DEMO
2019-11-16,BHSI,667.4,SYNTHETIC_DEMO
2019-11-17,BDI,1646.1,SYNTHETIC_DEMO
2019-11-17,BCI,2442.4,SYNTHETIC_DEMO
2019-11-17,BPI,1497.8,SYNTHETIC_DEMO
2019-11-17,BSI,1184.5,SYNTHETIC_DEMO
2019-11-17,BHSI,695.6,SYNTHETIC_DEMO
2019-11-18,BDI,1679.5,SYNTHETIC_DEMO
2019-11-18,BCI,2444.3,SYNTHETIC_DEMO
2019-11-18,BPI,1533.4,SYNTHETIC_DEMO
2019-11-18,BSI,1214.8,SYNTHETIC_DEMO
2019-11-18,BHSI,708.1,SYNTHETIC_DEMO
2019-11-19,BDI,1675.8,SYNTHETIC_DEMO
2019-11-19,BCI,2375.9,SYNTHETIC_DEMO
2019-11-19,BPI,1520.8,SYNTHETIC_DEMO
2019-11-19,BSI,1227.4,SYNTHETIC_DEMO
2019-11-19,BHSI,693.3,SYNTHETIC_DEMO
2019-11-20,BDI,1653.6,SYNTHETIC_DEMO
2019-11-20,BCI,2319.1,SYNTHETIC_DEMO
2019-11-20,BPI,1523.9,SYNTHETIC_DEMO
2019-11-20,BSI,1187.8,SYNTHETIC_DEMO
2019-11-20,BHSI,698.1,SYNTHETIC_DEMO
2019-11-21,BDI,1628.7,SYNTHETIC_DEMO
2019-11-21,BCI,2319.4,SYNTHETIC_DEMO
2019-11-21,BPI,1482.8,SYNTHETIC_DEMO
2019-11-21,BSI,1195.8,SYNTHETIC_DEMO
2019-11-21,BHSI,680.9,SYNTHETIC_DEMO
2019-11-22,BDI,1689.5,SYNTHETIC_DEMO
2019-11-22,BCI,2405.5,SYNTHETIC_DEMO
2019-11-22,BPI,1543.1,SYNTHETIC_DEMO
2019-11-22,BSI,1189.1,SYNTHETIC_DEMO
2019-11-22,BHSI,729.9,SYNTHETIC_DEMO
2019-11-23,BDI,1713.7,SYNTHETIC_DEMO
2019-11-23,BCI,2365.6,SYNTHETIC_DEMO
2019-11-23,BPI,1593.5,SYNTHETIC_DEMO
2019-11-23,BSI,1236.7,SYNTHETIC_DEMO
2019-11-23,BHSI,722.7,SYNTHETIC_DEMO
2019-11-24,BDI,1703.9,SYNTHETIC_DEMO
2019-11-24,BCI,2392.2,SYNTHETIC_DEMO
2019-11-24,BPI,1548.2,SYNTHETIC_DEMO
2019-11-24,BSI,1264.5,SYNTHETIC_DEMO
2019-11-24,BHSI,733.4,SYNTHETIC_DEMO
2019-11-25,BDI,1632.9,SYNTHETIC_DEMO
2019-11-25,BCI,2313.2,SYNTHETIC_DEMO
2019-11-25,BPI,1556.8,SYNTHETIC_DEMO
2019-11-25,BSI,1196.5,SYNTHETIC_DEMO
2019-11-25,BHSI,680.2,SYNTHETIC_DEMO
2019-11-26,BDI,1638.2,SYNTHETIC_DEMO
2019-11-26,BCI,2324.2,SYNTHETIC_DEMO
2019-11-26,BPI,1513.1,SYNTHETIC_DEMO
2019-11-26,BSI,1192.3,SYNTHETIC_DEMO
2019-11-26,BHSI,679.8,SYNTHETIC_DEMO
2019-11-27,BDI,1598.5,SYNTHETIC_DEMO
2019-11-27,BCI,2320.3,SYNTHETIC_DEMO
2019-11-27,BPI,1468.8,SYNTHETIC_DEMO
2019-11-27,BSI,1145.5,SYNTHETIC_DEMO
2019-11-27,BHSI,687.2,SYNTHETIC_DEMO
2019-11-28,BDI,1566.2,SYNTHETIC_DEMO
2019-11-28,BCI,2171.3,SYNTHETIC_DEMO
2019-11-28,BPI,1404.3,SYNTHETIC_DEMO
2019-11-28,BSI,1137.3,SYNTHETIC_DEMO
2019-11-28,BHSI,669.8,SYNTHETIC_DEMO
2019-11-29,BDI,1567.0,SYNTHETIC_DEMO
2019-11-29,BCI,2205.2,SYNTHETIC_DEMO
2019-11-29,BPI,1458.1,SYNTHETIC_DEMO
2019-11-29,BSI,1146.6,SYNTHETIC_DEMO
2019-11-29,BHSI,658.6,SYNTHETIC_DEMO
2019-11-30,BDI,1561.8,SYNTHETIC_DEMO
2019-11-30,BCI,2241.3,SYNTHETIC_DEMO
2019-11-30,BPI,1495.9,SYNTHETIC_DEMO
2019-11-30,BSI,1122.7,SYNTHETIC_DEMO
2019-11-30,BHSI,661.1,SYNTHETIC_DEMO
2019-12-01,BDI,1587.5,SYNTHETIC_DEMO
2019-12-01,BCI,2291.8,SYNTHETIC_DEMO
2019-12-01,BPI,1441.5,SYNTHETIC_DEMO
2019-12-01,BSI,1169.7,SYNTHETIC_DEMO
2019-12-01,BHSI,677.0,SYNTHETIC_DEMO
2019-12-02,BDI,1536.6,SYNTHETIC_DEMO
2019-12-02,BCI,2220.8,SYNTHETIC_DEMO
2019-12-02,BPI,1444.8,SYNTHETIC_DEMO
2019-12-02,BSI,1106.7,SYNTHETIC_DEMO
2019-12-02,BHSI,656.6,SYNTHETIC_DEMO
2019-12-03,BDI,1611.0,SYNTHETIC_DEMO
2019-12-03,BCI,2234.4,SYNTHETIC_DEMO
2019-12-03,BPI,1500.6,SYNTHETIC_DEMO
2019-12-03,BSI,1173.9,SYNTHETIC_DEMO
2019-12-03,BHSI,688.1,SYNTHETIC_DEMO
2019-12-04,BDI,1629.6,SYNTHETIC_DEMO
2019-12-04,BCI,2340.2,SYNTHETIC_DEMO
2019-12-04,BPI,1469.1,SYNTHETIC_DEMO
2019-12-04,BSI,1196.8,SYNTHETIC_DEMO
2019-12-04,BHSI,671.9,SYNTHETIC_DEMO
2019-12-05,BDI,1658.6,SYNTHETIC_DEMO
2019-12-05,BCI,2350.8,SYNTHETIC_DEMO
2019-12-05,BPI,1546.2,SYNTHETIC_DEMO
2019-12-05,BSI,1174.9,SYNTHETIC_DEMO
2019-12-05,BHSI,697.1,SYNTHETIC_DEMO
2019-12-06,BDI,1717.4,SYNTHETIC_DEMO
2019-12-06,BCI,2455.5,SYNTHETIC_DEMO
2019-12-06,BPI,1627.8,SYNTHETIC_DEMO
2019-12-06,BSI,1266.5,SYNTHETIC_DEMO
2019-12-06,BHSI,718.9,SYNTHETIC_DEMO
2019-12-07,BDI,1726.2,SYNTHETIC_DEMO
2019-12-07,BCI,2471.3,SYNTHETIC_DEMO
2019-12-07,BPI,1654.0,SYNTHETIC_DEMO
2019-12-07,BSI,1241.2,SYNTHETIC_DEMO
2019-12-07,BHSI,717.4,SYNTHETIC_DEMO
2019-12-08,BDI,1710.6,SYNTHETIC_DEMO
2019-12-08,BCI,2356.2,SYNTHETIC_DEMO
2019-12-08,BPI,1584.9,SYNTHETIC_DEMO
2019-12-08,BSI,1198.8,SYNTHETIC_DEMO
2019-12-08,BHSI,742.7,SYNTHETIC_DEMO
2019-12-09,BDI,1675.3,SYNTHETIC_DEMO
2019-12-09,BCI,2375.7,SYNTHETIC_DEMO
2019-12-09,BPI,1532.4,SYNTHETIC_DEMO
2019-12-09,BSI,1223.9,SYNTHETIC_DEMO
2019-12-09,BHSI,696.3,SYNTHETIC_DEMO
2019-12-10,BDI,1670.8,SYNTHETIC_DEMO
2019-12-10,BCI,2336.8,SYNTHETIC_DEMO
2019-12-10,BPI,1535.1,SYNTHETIC_DEMO
2019-12-10,BSI,1179.5,SYNTHETIC_DEMO
2019-12-10,BHSI,723.1,SYNTHETIC_DEMO
2019-12-11,BDI,1688.2,SYNTHETIC_DEMO
2019-12-11,BCI,2420.9,SYNTHETIC_DEMO
2019-12-11,BPI,1562.0,SYNTHETIC_DEMO
2019-12-11,BSI,1242.7,SYNTHETIC_DEMO
2019-12-11,BHSI,720.2,SYNTHETIC_DEMO
2019-12-12,BDI,1697.9,SYNTHETIC_DEMO
2019-12-12,BCI,2378.9,SYNTHETIC_DEMO
2019-12-12,BPI,1585.4,SYNTHETIC_DEMO
2019-12-12,BSI,1191.7,SYNTHETIC_DEMO
2019-12-12,BHSI,725.0,SYNTHETIC_DEMO
2019-12-13,BDI,1683.6,SYNTHETIC_DEMO
2019-12-13,BCI,2452.8,SYNTHETIC_DEMO
2019-12-13,BPI,1550.4,SYNTHETIC_DEMO
2019-12-13,BSI,1183.0,SYNTHETIC_DEMO
2019-12-13,BHSI,698.9,SYNTHETIC_DEMO
2019-12-14,BDI,1675.4,SYNTHETIC_DEMO
2019-12-14,BCI,2321.4,SYNTHETIC_DEMO
2019-12-14,BPI,1499.9,SYNTHETIC_DEMO
2019-12-14,BSI,1187.6,SYNTHETIC_DEMO
2019-12-14,BHSI,701.0,SYNTHETIC_DEMO
2019-12-15,BDI,1715.0,SYNTHETIC_DEMO
2019-12-15,BCI,2431.3,SYNTHETIC_DEMO
2019-12-15,BPI,1576.2,SYNTHETIC_DEMO
2019-12-15,BSI,1220.0,SYNTHETIC_DEMO
2019-12-15,BHSI,728.1,SYNTHETIC_DEMO
2019-12-16,BDI,1691.2,SYNTHETIC_DEMO
2019-12-16,BCI,2397.1,SYNTHETIC_DEMO
2019-12-16,BPI,1560.3,SYNTHETIC_DEMO
2019-12-16,BSI,1215.8,SYNTHETIC_DEMO
2019-12-16,BHSI,711.6,SYNTHETIC_DEMO
2019-12-17,BDI,1728.1,SYNTHETIC_DEMO
2019-12-17,BCI,2466.8,SYNTHETIC_DEMO
2019-12-17,BPI,1578.5,SYNTHETIC_DEMO
2019-12-17,BSI,1204.6,SYNTHETIC_DEMO
2019-12-17,BHSI,719.8,SYNTHETIC_DEMO
2019-12-18,BDI,1753.7,SYNTHETIC_DEMO
2019-12-18,BCI,2414.5,SYNTHETIC_DEMO
2019-12-18,BPI,1617.6,SYNTHETIC_DEMO
2019-12-18,BSI,1266.2,SYNTHETIC_DEMO
2019-12-18,BHSI,732.4,SYNTHETIC_DEMO
2019-12-19,BDI,1722.9,SYNTHETIC_DEMO
2019-12-19,BCI,2497.5,SYNTHETIC_DEMO
2019-12-19,BPI,1569.4,SYNTHETIC_DEMO
2019-12-19,BSI,1231.5,SYNTHETIC_DEMO
2019-12-19,BHSI,727.7,SYNTHETIC_DEMO
2019-12-20,BDI,1767.2,SYNTHETIC_DEMO
2019-12-20,BCI,2520.1,SYNTHETIC_DEMO
2019-12-20,BPI,1599.4,SYNTHETIC_DEMO
2019-12-20,BSI,1250.1,SYNTHETIC_DEMO
2019-12-20,BHSI,722.2,SYNTHETIC_DEMO
2019-12-21,BDI,1802.8,SYNTHETIC_DEMO
2019-12-21,BCI,2435.8,SYNTHETIC_DEMO
2019-12-21,BPI,1645.5,SYNTHETIC_DEMO
2019-12-21,BSI,1300.7,SYNTHETIC_DEMO
2019-12-21,BHSI,759.7,SYNTHETIC_DEMO
2019-12-22,BDI,1795.4,SYNTHETIC_DEMO
2019-12-22,BCI,2566.1,SYNTHETIC_DEMO
2019-12-22,BPI,1687.2,SYNTHETIC_DEMO
2019-12-22,BSI,1319.5,SYNTHETIC_DEMO
2019-12-22,BHSI,755.3,SYNTHETIC_DEMO
2019-12-23,BDI,1852.6,SYNTHETIC_DEMO
2019-12-23,BCI,2667.8,SYNTHETIC_DEMO
2019-12-23,BPI,1724.3,SYNTHETIC_DEMO
2019-12-23,BSI,1357.9,SYNTHETIC_DEMO
2019-12-23,BHSI,781.0,SYNTHETIC_DEMO
2019-12-24,BDI,1796.9,SYNTHETIC_DEMO
2019-12-24,BCI,2533.1,SYNTHETIC_DEMO
2019-12-24,BPI,1687.7,SYNTHETIC_DEMO
2019-12-24,BSI,1299.7,SYNTHETIC_DEMO
2019-12-24,BHSI,738.6,SYNTHETIC_DEMO
2019-12-25,BDI,1799.2,SYNTHETIC_DEMO
2019-12-25,BCI,2509.0,SYNTHETIC_DEMO
2019-12-25,BPI,1638.3,SYNTHETIC_DEMO
2019-12-25,BSI,1288.2,SYNTHETIC_DEMO
2019-12-25,BHSI,764.1,SYNTHETIC_DEMO
2019-12-26,BDI,1767.0,SYNTHETIC_DEMO
2019-12-26,BCI,2550.5,SYNTHETIC_DEMO
2019-12-26,BPI,1621.5,SYNTHETIC_DEMO
2019-12-26,BSI,1248.8,SYNTHETIC_DEMO
2019-12-26,BHSI,732.0,SYNTHETIC_DEMO
2019-12-27,BDI,1721.1,SYNTHETIC_DEMO
2019-12-27,BCI,2445.7,SYNTHETIC_DEMO
2019-12-27,BPI,1565.2,SYNTHETIC_DEMO
2019-12-27,BSI,1218.2,SYNTHETIC_DEMO
2019-12-27,BHSI,718.6,SYNTHETIC_DEMO
2019-12-28,BDI,1734.2,SYNTHETIC_DEMO
2019-12-28,BCI,2386.5,SYNTHETIC_DEMO
2019-12-28,BPI,1602.9,SYNTHETIC_DEMO
2019-12-28,BSI,1276.8,SYNTHETIC_DEMO
2019-12-28,BHSI,741.0,SYNTHETIC_DEMO
2019-12-29,BDI,1688.6,SYNTHETIC_DEMO
2019-12-29,BCI,2342.9,SYNTHETIC_DEMO
2019-12-29,BPI,1503.5,SYNTHETIC_DEMO
2019-12-29,BSI,1223.4,SYNTHETIC_DEMO
2019-12-29,BHSI,695.5,SYNTHETIC_DEMO
2019-12-30,BDI,1674.5,SYNTHETIC_DEMO
2019-12-30,BCI,2392.1,SYNTHETIC_DEMO
2019-12-30,BPI,1537.6,SYNTHETIC_DEMO
2019-12-30,BSI,1204.4,SYNTHETIC_DEMO
2019-12-30,BHSI,705.4,SYNTHETIC_DEMO
2019-12-31,BDI,1668.8,SYNTHETIC_DEMO
2019-12-31,BCI,2338.4,SYNTHETIC_DEMO
2019-12-31,BPI,1511.9,SYNTHETIC_DEMO
2019-12-31,BSI,1206.6,SYNTHETIC_DEMO
2019-12-31,BHSI,696.1,SYNTHETIC_DEMO
2020-01-01,BDI,1695.0,SYNTHETIC_DEMO
2020-01-01,BCI,2430.1,SYNTHETIC_DEMO
2020-01-01,BPI,1563.7,SYNTHETIC_DEMO
2020-01-01,BSI,1196.0,SYNTHETIC_DEMO
2020-01-01,BHSI,724.6,SYNTHETIC_DEMO
2020-01-02,BDI,1647.6,SYNTHETIC_DEMO
2020-01-02,BCI,2376.8,SYNTHETIC_DEMO
2020-01-02,BPI,1533.9,SYNTHETIC_DEMO
2020-01-02,BSI,1194.2,SYNTHETIC_DEMO
2020-01-02,BHSI,702.0,SYNTHETIC_DEMO
2020-01-03,BDI,1607.9,SYNTHETIC_DEMO
2020-01-03,BCI,2338.6,SYNTHETIC_DEMO
2020-01-03,BPI,1449.8,SYNTHETIC_DEMO
2020-01-03,BSI,1149.6,SYNTHETIC_DEMO
2020-01-03,BHSI,688.9,SYNTHETIC_DEMO
2020-01-04,BDI,1659.1,SYNTHETIC_DEMO
2020-01-04,BCI,2296.9,SYNTHETIC_DEMO
2020-01-04,BPI,1495.0,SYNTHETIC_DEMO
2020-01-04,BSI,1172.0,SYNTHETIC_DEMO
2020-01-04,BHSI,695.7,SYNTHETIC_DEMO
2020-01-05,BDI,1698.8,SYNTHETIC_DEMO
2020-01-05,BCI,2415.9,SYNTHETIC_DEMO
2020-01-05,BPI,1589.3,SYNTHETIC_DEMO
2020-01-05,BSI,1216.1,SYNTHETIC_DEMO
2020-01-05,BHSI,711.9,SYNTHETIC_DEMO
2020-01-06,BDI,1652.4,SYNTHETIC_DEMO
2020-01-06,BCI,2338.5,SYNTHETIC_DEMO
2020-01-06,BPI,1522.3,SYNTHETIC_DEMO
2020-01-06,BSI,1193.7,SYNTHETIC_DEMO
2020-01-06,BHSI,693.5,SYNTHETIC_DEMO
2020-01-07,BDI,1659.2,SYNTHETIC_DEMO
2020-01-07,BCI,2336.3,SYNTHETIC_DEMO
2020-01-07,BPI,1532.5,SYNTHETIC_DEMO
2020-01-07,BSI,1194.2,SYNTHETIC_DEMO
2020-01-07,BHSI,699.4,SYNTHETIC_DEMO
2020-01-08,BDI,1727.1,SYNTHETIC_DEMO
2020-01-08,BCI,2548.2,SYNTHETIC_DEMO
2020-01-08,BPI,1603.7,SYNTHETIC_DEMO
2020-01-08,BSI,1260.6,SYNTHETIC_DEMO
2020-01-08,BHSI,710.0,SYNTHETIC_DEMO
2020-01-09,BDI,1750.9,SYNTHETIC_DEMO
2020-01-09,BCI,2458.8,SYNTHETIC_DEMO
2020-01-09,BPI,1614.5,SYNTHETIC_DEMO
2020-01-09,BSI,1244.9,SYNTHETIC_DEMO
2020-01-09,BHSI,751.9,SYNTHETIC_DEMO
2020-01-10,BDI,1769.8,SYNTHETIC_DEMO
2020-01-10,BCI,2490.9,SYNTHETIC_DEMO
2020-01-10,BPI,1601.1,SYNTHETIC_DEMO
2020-01-10,BSI,1278.6,SYNTHETIC_DEMO
2020-01-10,BHSI,730.7,SYNTHETIC_DEMO
2020-01-11,BDI,1763.3,SYNTHETIC_DEMO
2020-01-11,BCI,2480.6,SYNTHETIC_DEMO
2020-01-11,BPI,1622.6,SYNTHETIC_DEMO
2020-01-11,BSI,1260.0,SYNTHETIC_DEMO
2020-01-11,BHSI,748.9,SYNTHETIC_DEMO
2020-01-12,BDI,1779.8,SYNTHETIC_DEMO
2020-01-12,BCI,2486.1,SYNTHETIC_DEMO
2020-01-12,BPI,1626.8,SYNTHETIC_DEMO
2020-01-12,BSI,1277.5,SYNTHETIC_DEMO
2020-01-12,BHSI,743.7,SYNTHETIC_DEMO
2020-01-13,BDI,1789.7,SYNTHETIC_DEMO
2020-01-13,BCI,2569.3,SYNTHETIC_DEMO
2020-01-13,BPI,1649.6,SYNTHETIC_DEMO
2020-01-13,BSI,1312.9,SYNTHETIC_DEMO
2020-01-13,BHSI,757.9,SYNTHETIC_DEMO
2020-01-14,BDI,1777.0,SYNTHETIC_DEMO
2020-01-14,BCI,2598.1,SYNTHETIC_DEMO
2020-01-14,BPI,1628.8,SYNTHETIC_DEMO
2020-01-14,BSI,1291.5,SYNTHETIC_DEMO
2020-01-14,BHSI,749.5,SYNTHETIC_DEMO
2020-01-15,BDI,1794.3,SYNTHETIC_DEMO
2020-01-15,BCI,2546.1,SYNTHETIC_DEMO
2020-01-15,BPI,1666.4,SYNTHETIC_DEMO
2020-01-15,BSI,1302.0,SYNTHETIC_DEMO
2020-01-15,BHSI,761.6,SYNTHETIC_DEMO
2020-01-16,BDI,1788.1,SYNTHETIC_DEMO
2020-01-16,BCI,2452.8,SYNTHETIC_DEMO
2020-01-16,BPI,1659.4,SYNTHETIC_DEMO
2020-01-16,BSI,1319.1,SYNTHETIC_DEMO
2020-01-16,BHSI,755.3,SYNTHETIC_DEMO
2020-01-17,BDI,1798.3,SYNTHETIC_DEMO
2020-01-17,BCI,2556.6,SYNTHETIC_DEMO
2020-01-17,BPI,1676.4,SYNTHETIC_DEMO
2020-01-17,BSI,1271.8,SYNTHETIC_DEMO
2020-01-17,BHSI,762.0,SYNTHETIC_DEMO
2020-01-18,BDI,1821.2,SYNTHETIC_DEMO
2020-01-18,BCI,2554.9,SYNTHETIC_DEMO
2020-01-18,BPI,1692.2,SYNTHETIC_DEMO
2020-01-18,BSI,1315.0,SYNTHETIC_DEMO
2020-01-18,BHSI,784.2,SYNTHETIC_DEMO
2020-01-19,BDI,1853.5,SYNTHETIC_DEMO
2020-01-19,BCI,2528.9,SYNTHETIC_DEMO
2020-01-19,BPI,1725.6,SYNTHETIC_DEMO
2020-01-19,BSI,1318.9,SYNTHETIC_DEMO
2020-01-19,BHSI,776.6,SYNTHETIC_DEMO
2020-01-20,BDI,1882.0,SYNTHETIC_DEMO
2020-01-20,BCI,2647.2,SYNTHETIC_DEMO
2020-01-20,BPI,1748.5,SYNTHETIC_DEMO
2020-01-20,BSI,1314.3,SYNTHETIC_DEMO
2020-01-20,BHSI,814.9,SYNTHETIC_DEMO
2020-01-21,BDI,1862.5,SYNTHETIC_DEMO
2020-01-21,BCI,2740.0,SYNTHETIC_DEMO
2020-01-21,BPI,1728.2,SYNTHETIC_DEMO
2020-01-21,BSI,1337.5,SYNTHETIC_DEMO
2020-01-21,BHSI,787.5,SYNTHETIC_DEMO
2020-01-22,BDI,1847.1,SYNTHETIC_DEMO
2020-01-22,BCI,2682.6,SYNTHETIC_DEMO
2020-01-22,BPI,1705.9,SYNTHETIC_DEMO
2020-01-22,BSI,1342.7,SYNTHETIC_DEMO
2020-01-22,BHSI,780.3,SYNTHETIC_DEMO
2020-01-23,BDI,1777.1,SYNTHETIC_DEMO
2020-01-23,BCI,2501.8,SYNTHETIC_DEMO
2020-01-23,BPI,1602.9,SYNTHETIC_DEMO
2020-01-23,BSI,1251.0,SYNTHETIC_DEMO
2020-01-23,BHSI,749.3,SYNTHETIC_DEMO
2020-01-24,BDI,1778.3,SYNTHETIC_DEMO
2020-01-24,BCI,2538.7,SYNTHETIC_DEMO
2020-01-24,BPI,1615.7,SYNTHETIC_DEMO
2020-01-24,BSI,1282.6,SYNTHETIC_DEMO
2020-01-24,BHSI,744.3,SYNTHETIC_DEMO
2020-01-25,BDI,1837.7,SYNTHETIC_DEMO
2020-01-25,BCI,2637.1,SYNTHETIC_DEMO
2020-01-25,BPI,1696.7,SYNTHETIC_DEMO
2020-01-25,BSI,1335.2,SYNTHETIC_DEMO
2020-01-25,BHSI,748.7,SYNTHETIC_DEMO
2020-01-26,BDI,1863.3,SYNTHETIC_DEMO
2020-01-26,BCI,2651.8,SYNTHETIC_DEMO
2020-01-26,BPI,1705.0,SYNTHETIC_DEMO
2020-01-26,BSI,1335.1,SYNTHETIC_DEMO
2020-01-26,BHSI,803.3,SYNTHETIC_DEMO
2020-01-27,BDI,1806.6,SYNTHETIC_DEMO
2020-01-27,BCI,2508.3,SYNTHETIC_DEMO
2020-01-27,BPI,1667.6,SYNTHETIC_DEMO
2020-01-27,BSI,1274.2,SYNTHETIC_DEMO
2020-01-27,BHSI,760.6,SYNTHETIC_DEMO
2020-01-28,BDI,1817.3,SYNTHETIC_DEMO
2020-01-28,BCI,2585.3,SYNTHETIC_DEMO
2020-01-28,BPI,1692.7,SYNTHETIC_DEMO
2020-01-28,BSI,1335.1,SYNTHETIC_DEMO
2020-01-28,BHSI,741.0,SYNTHETIC_DEMO
2020-01-29,BDI,1856.8,SYNTHETIC_DEMO
2020-01-29,BCI,2637.5,SYNTHETIC_DEMO
2020-01-29,BPI,1685.0,SYNTHETIC_DEMO
2020-01-29,BSI,1303.4,SYNTHETIC_DEMO
2020-01-29,BHSI,762.6,SYNTHETIC_DEMO
2020-01-30,BDI,1887.9,SYNTHETIC_DEMO
2020-01-30,BCI,2593.9,SYNTHETIC_DEMO
2020-01-30,BPI,1759.2,SYNTHETIC_DEMO
2020-01-30,BSI,1359.5,SYNTHETIC_DEMO
2020-01-30,BHSI,808.4,SYNTHETIC_DEMO
2020-01-31,BDI,1912.2,SYNTHETIC_DEMO
2020-01-31,BCI,2722.3,SYNTHETIC_DEMO
2020-01-31,BPI,1754.3,SYNTHETIC_DEMO
2020-01-31,BSI,1350.7,SYNTHETIC_DEMO
2020-01-31,BHSI,812.2,SYNTHETIC_DEMO
2020-02-01,BDI,1933.7,SYNTHETIC_DEMO
2020-02-01,BCI,2784.2,SYNTHETIC_DEMO
2020-02-01,BPI,1772.9,SYNTHETIC_DEMO
2020-02-01,BSI,1411.9,SYNTHETIC_DEMO
2020-02-01,BHSI,810.9,SYNTHETIC_DEMO
2020-02-02,BDI,1895.8,SYNTHETIC_DEMO
2020-02-02,BCI,2731.1,SYNTHETIC_DEMO
2020-02-02,BPI,1792.3,SYNTHETIC_DEMO
2020-02-02,BSI,1382.0,SYNTHETIC_DEMO
2020-02-02,BHSI,804.9,SYNTHETIC_DEMO
2020-02-03,BDI,1900.6,SYNTHETIC_DEMO
2020-02-03,BCI,2725.0,SYNTHETIC_DEMO
2020-02-03,BPI,1692.5,SYNTHETIC_DEMO
2020-02-03,BSI,1369.6,SYNTHETIC_DEMO
2020-02-03,BHSI,797.6,SYNTHETIC_DEMO
2020-02-04,BDI,1957.9,SYNTHETIC_DEMO
2020-02-04,BCI,2762.2,SYNTHETIC_DEMO
2020-02-04,BPI,1819.9,SYNTHETIC_DEMO
2020-02-04,BSI,1396.5,SYNTHETIC_DEMO
2020-02-04,BHSI,826.8,SYNTHETIC_DEMO
2020-02-05,BDI,1932.7,SYNTHETIC_DEMO
2020-02-05,BCI,2636.6,SYNTHETIC_DEMO
2020-02-05,BPI,1817.6,SYNTHETIC_DEMO
2020-02-05,BSI,1415.3,SYNTHETIC_DEMO
2020-02-05,BHSI,809.1,SYNTHETIC_DEMO
2020-02-06,BDI,1953.4,SYNTHETIC_DEMO
2020-02-06,BCI,2725.2,SYNTHETIC_DEMO
2020-02-06,BPI,1817.2,SYNTHETIC_DEMO
2020-02-06,BSI,1408.7,SYNTHETIC_DEMO
2020-02-06,BHSI,814.7,SYNTHETIC_DEMO
2020-02-07,BDI,1959.6,SYNTHETIC_DEMO
2020-02-07,BCI,2762.1,SYNTHETIC_DEMO
2020-02-07,BPI,1790.6,SYNTHETIC_DEMO
2020-02-07,BSI,1387.7,SYNTHETIC_DEMO
2020-02-07,BHSI,838.1,SYNTHETIC_DEMO
2020-02-08,BDI,1890.6,SYNTHETIC_DEMO
2020-02-08,BCI,2722.4,SYNTHETIC_DEMO
2020-02-08,BPI,1716.9,SYNTHETIC_DEMO
2020-02-08,BSI,1365.8,SYNTHETIC_DEMO
2020-02-08,BHSI,793.9,SYNTHETIC_DEMO
2020-02-09,BDI,1877.3,SYNTHETIC_DEMO
2020-02-09,BCI,2646.7,SYNTHETIC_DEMO
2020-02-09,BPI,1716.9,SYNTHETIC_DEMO
2020-02-09,BSI,1335.1,SYNTHETIC_DEMO
2020-02-09,BHSI,768.7,SYNTHETIC_DEMO
2020-02-10,BDI,1883.9,SYNTHETIC_DEMO
2020-02-10,BCI,2652.2,SYNTHETIC_DEMO
2020-02-10,BPI,1732.3,SYNTHETIC_DEMO
2020-02-10,BSI,1334.6,SYNTHETIC_DEMO
2020-02-10,BHSI,794.2,SYNTHETIC_DEMO
2020-02-11,BDI,1883.3,SYNTHETIC_DEMO
2020-02-11,BCI,2702.2,SYNTHETIC_DEMO
2020-02-11,BPI,1686.1,SYNTHETIC_DEMO
2020-02-11,BSI,1335.9,SYNTHETIC_DEMO
2020-02-11,BHSI,793.3,SYNTHETIC_DEMO
2020-02-12,BDI,1928.9,SYNTHETIC_DEMO
2020-02-12,BCI,2716.1,SYNTHETIC_DEMO
2020-02-12,BPI,1807.3,SYNTHETIC_DEMO
2020-02-12,BSI,1407.5,SYNTHETIC_DEMO
2020-02-12,BHSI,815.5,SYNTHETIC_DEMO
2020-02-13,BDI,1906.1,SYNTHETIC_DEMO
2020-02-13,BCI,2693.5,SYNTHETIC_DEMO
2020-02-13,BPI,1730.6,SYNTHETIC_DEMO
2020-02-13,BSI,1355.5,SYNTHETIC_DEMO
2020-02-13,BHSI,786.4,SYNTHETIC_DEMO
2020-02-14,BDI,1933.5,SYNTHETIC_DEMO
2020-02-14,BCI,2673.7,SYNTHETIC_DEMO
2020-02-14,BPI,1750.9,SYNTHETIC_DEMO
2020-02-14,BSI,1365.2,SYNTHETIC_DEMO
2020-02-14,BHSI,823.2,SYNTHETIC_DEMO
2020-02-15,BDI,1946.8,SYNTHETIC_DEMO
2020-02-15,BCI,2726.7,SYNTHETIC_DEMO
2020-02-15,BPI,1788.8,SYNTHETIC_DEMO
2020-02-15,BSI,1390.9,SYNTHETIC_DEMO
2020-02-15,BHSI,824.7,SYNTHETIC_DEMO
2020-02-16,BDI,1937.7,SYNTHETIC_DEMO
2020-02-16,BCI,2750.0,SYNTHETIC_DEMO
2020-02-16,BPI,1805.6,SYNTHETIC_DEMO
2020-02-16,BSI,1439.6,SYNTHETIC_DEMO
2020-02-16,BHSI,834.6,SYNTHETIC_DEMO
2020-02-17,BDI,1934.5,SYNTHETIC_DEMO
2020-02-17,BCI,2806.0,SYNTHETIC_DEMO
2020-02-17,BPI,1784.6,SYNTHETIC_DEMO
2020-02-17,BSI,1396.8,SYNTHETIC_DEMO
2020-02-17,BHSI,807.8,SYNTHETIC_DEMO
2020-02-18,BDI,1957.2,SYNTHETIC_DEMO
2020-02-18,BCI,2766.7,SYNTHETIC_DEMO
2020-02-18,BPI,1843.1,SYNTHETIC_DEMO
2020-02-18,BSI,1429.6,SYNTHETIC_DEMO
2020-02-18,BHSI,821.0,SYNTHETIC_DEMO
2020-02-19,BDI,1938.3,SYNTHETIC_DEMO
2020-02-19,BCI,2743.2,SYNTHETIC_DEMO
2020-02-19,BPI,1814.0,SYNTHETIC_DEMO
2020-02-19,BSI,1418.0,SYNTHETIC_DEMO
2020-02-19,BHSI,805.3,SYNTHETIC_DEMO
2020-02-20,BDI,1911.4,SYNTHETIC_DEMO
2020-02-20,BCI,2697.7,SYNTHETIC_DEMO
2020-02-20,BPI,1773.1,SYNTHETIC_DEMO
2020-02-20,BSI,1402.5,SYNTHETIC_DEMO
2020-02-20,BHSI,809.6,SYNTHETIC_DEMO
2020-02-21,BDI,1913.9,SYNTHETIC_DEMO
2020-02-21,BCI,2723.9,SYNTHETIC_DEMO
2020-02-21,BPI,1752.6,SYNTHETIC_DEMO
2020-02-21,BSI,1391.6,SYNTHETIC_DEMO
2020-02-21,BHSI,805.2,SYNTHETIC_DEMO
2020-02-22,BDI,1890.1,SYNTHETIC_DEMO
2020-02-22,BCI,2677.3,SYNTHETIC_DEMO
2020-02-22,BPI,1716.6,SYNTHETIC_DEMO
2020-02-22,BSI,1369.9,SYNTHETIC_DEMO
2020-02-22,BHSI,797.1,SYNTHETIC_DEMO
2020-02-23,BDI,1881.4,SYNTHETIC_DEMO
2020-02-23,BCI,2642.1,SYNTHETIC_DEMO
2020-02-23,BPI,1728.9,SYNTHETIC_DEMO
2020-02-23,BSI,1343.3,SYNTHETIC_DEMO
2020-02-23,BHSI,792.0,SYNTHETIC_DEMO
2020-02-24,BDI,1906.0,SYNTHETIC_DEMO
2020-02-24,BCI,2761.7,SYNTHETIC_DEMO
2020-02-24,BPI,1762.2,SYNTHETIC_DEMO
2020-02-24,BSI,1372.5,SYNTHETIC_DEMO
2020-02-24,BHSI,784.3,SYNTHETIC_DEMO
2020-02-25,BDI,1905.8,SYNTHETIC_DEMO
2020-02-25,BCI,2706.6,SYNTHETIC_DEMO
2020-02-25,BPI,1765.1,SYNTHETIC_DEMO
2020-02-25,BSI,1367.5,SYNTHETIC_DEMO
2020-02-25,BHSI,803.1,SYNTHETIC_DEMO
2020-02-26,BDI,1900.6,SYNTHETIC_DEMO
2020-02-26,BCI,2710.4,SYNTHETIC_DEMO
2020-02-26,BPI,1743.4,SYNTHETIC_DEMO
2020-02-26,BSI,1361.0,SYNTHETIC_DEMO
2020-02-26,BHSI,781.4,SYNTHETIC_DEMO
2020-02-27,BDI,1910.6,SYNTHETIC_DEMO
2020-02-27,BCI,2713.9,SYNTHETIC_DEMO
2020-02-27,BPI,1753.5,SYNTHETIC_DEMO
2020-02-27,BSI,1379.7,SYNTHETIC_DEMO
2020-02-27,BHSI,804.1,SYNTHETIC_DEMO
2020-02-28,BDI,1918.9,SYNTHETIC_DEMO
2020-02-28,BCI,2778.0,SYNTHETIC_DEMO
2020-02-28,BPI,1751.9,SYNTHETIC_DEMO
2020-02-28,BSI,1390.8,SYNTHETIC_DEMO
2020-02-28,BHSI,809.7,SYNTHETIC_DEMO
2020-02-29,BDI,1955.0,SYNTHETIC_DEMO
2020-02-29,BCI,2739.7,SYNTHETIC_DEMO
2020-02-29,BPI,1813.4,SYNTHETIC_DEMO
2020-02-29,BSI,1402.9,SYNTHETIC_DEMO
2020-02-29,BHSI,827.6,SYNTHETIC_DEMO
2020-03-01,BDI,1926.8,SYNTHETIC_DEMO
2020-03-01,BCI,2762.9,SYNTHETIC_DEMO
2020-03-01,BPI,1783.6,SYNTHETIC_DEMO
2020-03-01,BSI,1365.4,SYNTHETIC_DEMO
2020-03-01,BHSI,822.4,SYNTHETIC_DEMO
2020-03-02,BDI,1923.4,SYNTHETIC_DEMO
2020-03-02,BCI,2760.4,SYNTHETIC_DEMO
2020-03-02,BPI,1772.9,SYNTHETIC_DEMO
2020-03-02,BSI,1387.7,SYNTHETIC_DEMO
2020-03-02,BHSI,803.0,SYNTHETIC_DEMO
2020-03-03,BDI,1929.3,SYNTHETIC_DEMO
2020-03-03,BCI,2799.1,SYNTHETIC_DEMO
2020-03-03,BPI,1801.3,SYNTHETIC_DEMO
2020-03-03,BSI,1392.2,SYNTHETIC_DEMO
2020-03-03,BHSI,811.5,SYNTHETIC_DEMO
2020-03-04,BDI,1901.8,SYNTHETIC_DEMO
2020-03-04,BCI,2728.8,SYNTHETIC_DEMO
2020-03-04,BPI,1827.0,SYNTHETIC_DEMO
2020-03-04,BSI,1366.4,SYNTHETIC_DEMO
2020-03-04,BHSI,826.0,SYNTHETIC_DEMO
2020-03-05,BDI,1929.8,SYNTHETIC_DEMO
2020-03-05,BCI,2727.1,SYNTHETIC_DEMO
2020-03-05,BPI,1766.4,SYNTHETIC_DEMO
2020-03-05,BSI,1401.1,SYNTHETIC_DEMO
2020-03-05,BHSI,810.8,SYNTHETIC_DEMO
2020-03-06,BDI,1962.3,SYNTHETIC_DEMO
2020-03-06,BCI,2866.7,SYNTHETIC_DEMO
2020-03-06,BPI,1829.4,SYNTHETIC_DEMO
2020-03-06,BSI,1439.3,SYNTHETIC_DEMO
2020-03-06,BHSI,826.9,SYNTHETIC_DEMO
2020-03-07,BDI,1865.8,SYNTHETIC_DEMO
2020-03-07,BCI,2686.7,SYNTHETIC_DEMO
2020-03-07,BPI,1660.7,SYNTHETIC_DEMO
2020-03-07,BSI,1336.9,SYNTHETIC_DEMO
2020-03-07,BHSI,766.9,SYNTHETIC_DEMO
2020-03-08,BDI,1888.6,SYNTHETIC_DEMO
2020-03-08,BCI,2752.6,SYNTHETIC_DEMO
2020-03-08,BPI,1711.4,SYNTHETIC_DEMO
2020-03-08,BSI,1371.7,SYNTHETIC_DEMO
2020-03-08,BHSI,781.8,SYNTHETIC_DEMO
2020-03-09,BDI,1882.6,SYNTHETIC_DEMO
2020-03-09,BCI,2714.3,SYNTHETIC_DEMO
2020-03-09,BPI,1710.4,SYNTHETIC_DEMO
2020-03-09,BSI,1377.0,SYNTHETIC_DEMO
2020-03-09,BHSI,793.6,SYNTHETIC_DEMO
2020-03-10,BDI,1860.9,SYNTHETIC_DEMO
2020-03-10,BCI,2626.4,SYNTHETIC_DEMO
2020-03-10,BPI,1707.1,SYNTHETIC_DEMO
2020-03-10,BSI,1346.3,SYNTHETIC_DEMO
2020-03-10,BHSI,759.1,SYNTHETIC_DEMO
2020-03-11,BDI,1927.3,SYNTHETIC_DEMO
2020-03-11,BCI,2757.9,SYNTHETIC_DEMO
2020-03-11,BPI,1784.6,SYNTHETIC_DEMO
2020-03-11,BSI,1406.7,SYNTHETIC_DEMO
2020-03-11,BHSI,805.8,SYNTHETIC_DEMO
2020-03-12,BDI,1868.2,SYNTHETIC_DEMO
2020-03-12,BCI,2629.7,SYNTHETIC_DEMO
2020-03-12,BPI,1720.4,SYNTHETIC_DEMO
2020-03-12,BSI,1326.1,SYNTHETIC_DEMO
2020-03-12,BHSI,806.9,SYNTHETIC_DEMO
2020-03-13,BDI,1838.1,SYNTHETIC_DEMO
2020-03-13,BCI,2589.7,SYNTHETIC_DEMO
2020-03-13,BPI,1645.8,SYNTHETIC_DEMO
2020-03-13,BSI,1322.1,SYNTHETIC_DEMO
2020-03-13,BHSI,768.5,SYNTHETIC_DEMO
2020-03-14,BDI,1827.4,SYNTHETIC_DEMO
2020-03-14,BCI,2536.8,SYNTHETIC_DEMO
2020-03-14,BPI,1703.4,SYNTHETIC_DEMO
2020-03-14,BSI,1314.3,SYNTHETIC_DEMO
2020-03-14,BHSI,763.6,SYNTHETIC_DEMO
2020-03-15,BDI,1849.0,SYNTHETIC_DEMO
2020-03-15,BCI,2567.8,SYNTHETIC_DEMO
2020-03-15,BPI,1708.0,SYNTHETIC_DEMO
2020-03-15,BSI,1318.2,SYNTHETIC_DEMO
2020-03-15,BHSI,786.5,SYNTHETIC_DEMO
2020-03-16,BDI,1859.5,SYNTHETIC_DEMO
2020-03-16,BCI,2678.4,SYNTHETIC_DEMO
2020-03-16,BPI,1689.5,SYNTHETIC_DEMO
2020-03-16,BSI,1343.7,SYNTHETIC_DEMO
2020-03-16,BHSI,775.6,SYNTHETIC_DEMO
2020-03-17,BDI,1848.3,SYNTHETIC_DEMO
2020-03-17,BCI,2689.6,SYNTHETIC_DEMO
2020-03-17,BPI,1702.1,SYNTHETIC_DEMO
2020-03-17,BSI,1346.1,SYNTHETIC_DEMO
2020-03-17,BHSI,787.4,SYNTHETIC_DEMO
2020-03-18,BDI,1873.8,SYNTHETIC_DEMO
2020-03-18,BCI,2665.0,SYNTHETIC_DEMO
2020-03-18,BPI,1726.1,SYNTHETIC_DEMO
2020-03-18,BSI,1350.5,SYNTHETIC_DEMO
2020-03-18,BHSI,826.0,SYNTHETIC_DEMO
2020-03-19,BDI,1913.0,SYNTHETIC_DEMO
2020-03-19,BCI,2767.7,SYNTHETIC_DEMO
2020-03-19,BPI,1724.0,SYNTHETIC_DEMO
2020-03-19,BSI,1362.3,SYNTHETIC_DEMO
2020-03-19,BHSI,794.5,SYNTHETIC_DEMO
2020-03-20,BDI,1878.2,SYNTHETIC_DEMO
2020-03-20,BCI,2635.7,SYNTHETIC_DEMO
2020-03-20,BPI,1719.2,SYNTHETIC_DEMO
2020-03-20,BSI,1375.9,SYNTHETIC_DEMO
2020-03-20,BHSI,782.8,SYNTHETIC_DEMO
2020-03-21,BDI,1852.0,SYNTHETIC_DEMO
2020-03-21,BCI,2602.5,SYNTHETIC_DEMO
2020-03-21,BPI,1711.3,SYNTHETIC_DEMO
2020-03-21,BSI,1331.9,SYNTHETIC_DEMO
2020-03-21,BHSI,780.8,SYNTHETIC_DEMO
2020-03-22,BDI,1897.2,SYNTHETIC_DEMO
2020-03-22,BCI,2757.0,SYNTHETIC_DEMO
2020-03-22,BPI,1719.2,SYNTHETIC_DEMO
2020-03-22,BSI,1344.9,SYNTHETIC_DEMO
2020-03-22,BHSI,801.5,SYNTHETIC_DEMO
2020-03-23,BDI,1867.6,SYNTHETIC_DEMO
2020-03-23,BCI,2642.3,SYNTHETIC_DEMO
2020-03-23,BPI,1723.1,SYNTHETIC_DEMO
2020-03-23,BSI,1339.4,SYNTHETIC_DEMO
2020-03-23,BHSI,771.6,SYNTHETIC_DEMO
2020-03-24,BDI,1876.6,SYNTHETIC_DEMO
2020-03-24,BCI,2723.6,SYNTHETIC_DEMO
2020-03-24,BPI,1725.0,SYNTHETIC_DEMO
2020-03-24,BSI,1334.2,SYNTHETIC_DEMO
2020-03-24,BHSI,792.3,SYNTHETIC_DEMO
2020-03-25,BDI,1825.8,SYNTHETIC_DEMO
2020-03-25,BCI,2675.2,SYNTHETIC_DEMO
2020-03-25,BPI,1688.6,SYNTHETIC_DEMO
2020-03-25,BSI,1317.8,SYNTHETIC_DEMO
2020-03-25,BHSI,782.0,SYNTHETIC_DEMO
2020-03-26,BDI,1867.0,SYNTHETIC_DEMO
2020-03-26,BCI,2671.8,SYNTHETIC_DEMO
2020-03-26,BPI,1715.4,SYNTHETIC_DEMO
2020-03-26,BSI,1341.4,SYNTHETIC_DEMO
2020-03-26,BHSI,781.5,SYNTHETIC_DEMO
2020-03-27,BDI,1882.0,SYNTHETIC_DEMO
2020-03-27,BCI,2652.9,SYNTHETIC_DEMO
2020-03-27,BPI,1700.6,SYNTHETIC_DEMO
2020-03-27,BSI,1354.4,SYNTHETIC_DEMO
2020-03-27,BHSI,811.9,SYNTHETIC_DEMO
2020-03-28,BDI,1852.6,SYNTHETIC_DEMO
2020-03-28,BCI,2638.3,SYNTHETIC_DEMO
2020-03-28,BPI,1665.5,SYNTHETIC_DEMO
2020-03-28,BSI,1311.9,SYNTHETIC_DEMO
2020-03-28,BHSI,800.7,SYNTHETIC_DEMO
2020-03-29,BDI,1855.9,SYNTHETIC_DEMO
2020-03-29,BCI,2624.7,SYNTHETIC_DEMO
2020-03-29,BPI,1741.1,SYNTHETIC_DEMO
2020-03-29,BSI,1333.7,SYNTHETIC_DEMO
2020-03-29,BHSI,776.4,SYNTHETIC_DEMO
2020-03-30,BDI,1812.6,SYNTHETIC_DEMO
2020-03-30,BCI,2629.5,SYNTHETIC_DEMO
2020-03-30,BPI,1691.8,SYNTHETIC_DEMO
2020-03-30,BSI,1306.2,SYNTHETIC_DEMO
2020-03-30,BHSI,753.0,SYNTHETIC_DEMO
2020-03-31,BDI,1788.1,SYNTHETIC_DEMO
2020-03-31,BCI,2588.1,SYNTHETIC_DEMO
2020-03-31,BPI,1623.0,SYNTHETIC_DEMO
2020-03-31,BSI,1275.5,SYNTHETIC_DEMO
2020-03-31,BHSI,758.8,SYNTHETIC_DEMO
2020-04-01,BDI,1731.2,SYNTHETIC_DEMO
2020-04-01,BCI,2494.9,SYNTHETIC_DEMO
2020-04-01,BPI,1620.6,SYNTHETIC_DEMO
2020-04-01,BSI,1257.9,SYNTHETIC_DEMO
2020-04-01,BHSI,725.3,SYNTHETIC_DEMO
2020-04-02,BDI,1707.8,SYNTHETIC_DEMO
2020-04-02,BCI,2452.7,SYNTHETIC_DEMO
2020-04-02,BPI,1577.6,SYNTHETIC_DEMO
2020-04-02,BSI,1238.7,SYNTHETIC_DEMO
2020-04-02,BHSI,731.7,SYNTHETIC_DEMO
2020-04-03,BDI,1733.9,SYNTHETIC_DEMO
2020-04-03,BCI,2432.2,SYNTHETIC_DEMO
2020-04-03,BPI,1630.1,SYNTHETIC_DEMO
2020-04-03,BSI,1243.2,SYNTHETIC_DEMO
2020-04-03,BHSI,729.4,SYNTHETIC_DEMO
2020-04-04,BDI,1752.9,SYNTHETIC_DEMO
2020-04-04,BCI,2591.2,SYNTHETIC_DEMO
2020-04-04,BPI,1650.7,SYNTHETIC_DEMO
2020-04-04,BSI,1283.5,SYNTHETIC_DEMO
2020-04-04,BHSI,736.8,SYNTHETIC_DEMO
2020-04-05,BDI,1766.4,SYNTHETIC_DEMO
2020-04-05,BCI,2527.0,SYNTHETIC_DEMO
2020-04-05,BPI,1634.1,SYNTHETIC_DEMO
2020-04-05,BSI,1266.9,SYNTHETIC_DEMO
2020-04-05,BHSI,752.0,SYNTHETIC_DEMO
2020-04-06,BDI,1756.5,SYNTHETIC_DEMO
2020-04-06,BCI,2500.3,SYNTHETIC_DEMO
2020-04-06,BPI,1587.9,SYNTHETIC_DEMO
2020-04-06,BSI,1245.5,SYNTHETIC_DEMO
2020-04-06,BHSI,731.6,SYNTHETIC_DEMO
2020-04-07,BDI,1775.3,SYNTHETIC_DEMO
2020-04-07,BCI,2559.2,SYNTHETIC_DEMO
2020-04-07,BPI,1688.3,SYNTHETIC_DEMO
2020-04-07,BSI,1280.3,SYNTHETIC_DEMO
2020-04-07,BHSI,742.1,SYNTHETIC_DEMO
2020-04-08,BDI,1722.5,SYNTHETIC_DEMO
2020-04-08,BCI,2439.9,SYNTHETIC_DEMO
2020-04-08,BPI,1558.0,SYNTHETIC_DEMO
2020-04-08,BSI,1237.0,SYNTHETIC_DEMO
2020-04-08,BHSI,721.7,SYNTHETIC_DEMO
2020-04-09,BDI,1696.4,SYNTHETIC_DEMO
2020-04-09,BCI,2434.5,SYNTHETIC_DEMO
2020-04-09,BPI,1548.2,SYNTHETIC_DEMO
2020-04-09,BSI,1242.6,SYNTHETIC_DEMO
2020-04-09,BHSI,706.4,SYNTHETIC_DEMO
2020-04-10,BDI,1680.1,SYNTHETIC_DEMO
2020-04-10,BCI,2340.6,SYNTHETIC_DEMO
2020-04-10,BPI,1563.6,SYNTHETIC_DEMO
2020-04-10,BSI,1212.7,SYNTHETIC_DEMO
2020-04-10,BHSI,701.6,SYNTHETIC_DEMO
2020-04-11,BDI,1652.7,SYNTHETIC_DEMO
2020-04-11,BCI,2310.9,SYNTHETIC_DEMO
2020-04-11,BPI,1508.5,SYNTHETIC_DEMO
2020-04-11,BSI,1216.8,SYNTHETIC_DEMO
2020-04-11,BHSI,707.1,SYNTHETIC_DEMO
2020-04-12,BDI,1675.7,SYNTHETIC_DEMO
2020-04-12,BCI,2333.3,SYNTHETIC_DEMO
2020-04-12,BPI,1567.6,SYNTHETIC_DEMO
2020-04-12,BSI,1206.1,SYNTHETIC_DEMO
2020-04-12,BHSI,706.1,SYNTHETIC_DEMO
2020-04-13,BDI,1645.5,SYNTHETIC_DEMO
2020-04-13,BCI,2368.1,SYNTHETIC_DEMO
2020-04-13,BPI,1508.8,SYNTHETIC_DEMO
2020-04-13,BSI,1173.3,SYNTHETIC_DEMO
2020-04-13,BHSI,709.1,SYNTHETIC_DEMO
2020-04-14,BDI,1579.3,SYNTHETIC_DEMO
2020-04-14,BCI,2372.7,SYNTHETIC_DEMO
2020-04-14,BPI,1437.1,SYNTHETIC_DEMO
2020-04-14,BSI,1132.0,SYNTHETIC_DEMO
2020-04-14,BHSI,651.6,SYNTHETIC_DEMO
2020-04-15,BDI,1609.6,SYNTHETIC_DEMO
2020-04-15,BCI,2323.2,SYNTHETIC_DEMO
2020-04-15,BPI,1523.3,SYNTHETIC_DEMO
2020-04-15,BSI,1186.3,SYNTHETIC_DEMO
2020-04-15,BHSI,650.4,SYNTHETIC_DEMO
2020-04-16,BDI,1625.5,SYNTHETIC_DEMO
2020-04-16,BCI,2329.3,SYNTHETIC_DEMO
2020-04-16,BPI,1483.0,SYNTHETIC_DEMO
2020-04-16,BSI,1176.8,SYNTHETIC_DEMO
2020-04-16,BHSI,674.6,SYNTHETIC_DEMO
2020-04-17,BDI,1618.7,SYNTHETIC_DEMO
2020-04-17,BCI,2364.7,SYNTHETIC_DEMO
2020-04-17,BPI,1456.7,SYNTHETIC_DEMO
2020-04-17,BSI,1157.3,SYNTHETIC_DEMO
2020-04-17,BHSI,676.0,SYNTHETIC_DEMO
2020-04-18,BDI,1645.3,SYNTHETIC_DEMO
2020-04-18,BCI,2276.6,SYNTHETIC_DEMO
2020-04-18,BPI,1522.9,SYNTHETIC_DEMO
2020-04-18,BSI,1178.6,SYNTHETIC_DEMO
2020-04-18,BHSI,692.2,SYNTHETIC_DEMO
2020-04-19,BDI,1650.7,SYNTHETIC_DEMO
2020-04-19,BCI,2337.9,SYNTHETIC_DEMO
2020-04-19,BPI,1506.5,SYNTHETIC_DEMO
2020-04-19,BSI,1171.2,SYNTHETIC_DEMO
2020-04-19,BHSI,683.5,SYNTHETIC_DEMO
2020-04-20,BDI,1689.8,SYNTHETIC_DEMO
2020-04-20,BCI,2423.2,SYNTHETIC_DEMO
2020-04-20,BPI,1560.0,SYNTHETIC_DEMO
2020-04-20,BSI,1203.1,SYNTHETIC_DEMO
2020-04-20,BHSI,708.1,SYNTHETIC_DEMO
2020-04-21,BDI,1691.6,SYNTHETIC_DEMO
2020-04-21,BCI,2451.9,SYNTHETIC_DEMO
2020-04-21,BPI,1564.2,SYNTHETIC_DEMO
2020-04-21,BSI,1220.5,SYNTHETIC_DEMO
2020-04-21,BHSI,722.5,SYNTHETIC_DEMO
2020-04-22,BDI,1677.9,SYNTHETIC_DEMO
2020-04-22,BCI,2350.1,SYNTHETIC_DEMO
2020-04-22,BPI,1577.7,SYNTHETIC_DEMO
2020-04-22,BSI,1185.6,SYNTHETIC_DEMO
2020-04-22,BHSI,710.6,SYNTHETIC_DEMO
2020-04-23,BDI,1707.6,SYNTHETIC_DEMO
2020-04-23,BCI,2409.7,SYNTHETIC_DEMO
2020-04-23,BPI,1561.8,SYNTHETIC_DEMO
2020-04-23,BSI,1274.0,SYNTHETIC_DEMO
2020-04-23,BHSI,722.2,SYNTHETIC_DEMO
2020-04-24,BDI,1688.2,SYNTHETIC_DEMO
2020-04-24,BCI,2403.1,SYNTHETIC_DEMO
2020-04-24,BPI,1533.7,SYNTHETIC_DEMO
2020-04-24,BSI,1221.5,SYNTHETIC_DEMO
2020-04-24,BHSI,672.6,SYNTHETIC_DEMO
2020-04-25,BDI,1669.9,SYNTHETIC_DEMO
2020-04-25,BCI,2460.6,SYNTHETIC_DEMO
2020-04-25,BPI,1521.0,SYNTHETIC_DEMO
2020-04-25,BSI,1218.5,SYNTHETIC_DEMO
2020-04-25,BHSI,695.3,SYNTHETIC_DEMO
2020-04-26,BDI,1629.8,SYNTHETIC_DEMO
2020-04-26,BCI,2328.2,SYNTHETIC_DEMO
2020-04-26,BPI,1466.0,SYNTHETIC_DEMO
2020-04-26,BSI,1180.9,SYNTHETIC_DEMO
2020-04-26,BHSI,706.8,SYNTHETIC_DEMO
2020-04-27,BDI,1608.3,SYNTHETIC_DEMO
2020-04-27,BCI,2296.4,SYNTHETIC_DEMO
2020-04-27,BPI,1503.8,SYNTHETIC_DEMO
2020-04-27,BSI,1156.3,SYNTHETIC_DEMO
2020-04-27,BHSI,680.3,SYNTHETIC_DEMO
2020-04-28,BDI,1571.9,SYNTHETIC_DEMO
2020-04-28,BCI,2178.5,SYNTHETIC_DEMO
2020-04-28,BPI,1419.9,SYNTHETIC_DEMO
2020-04-28,BSI,1164.7,SYNTHETIC_DEMO
2020-04-28,BHSI,650.3,SYNTHETIC_DEMO
2020-04-29,BDI,1606.9,SYNTHETIC_DEMO
2020-04-29,BCI,2274.6,SYNTHETIC_DEMO
2020-04-29,BPI,1461.8,SYNTHETIC_DEMO
2020-04-29,BSI,1145.9,SYNTHETIC_DEMO
2020-04-29,BHSI,668.0,SYNTHETIC_DEMO
2020-04-30,BDI,1606.4,SYNTHETIC_DEMO
2020-04-30,BCI,2261.4,SYNTHETIC_DEMO
2020-04-30,BPI,1455.0,SYNTHETIC_DEMO
2020-04-30,BSI,1160.9,SYNTHETIC_DEMO
2020-04-30,BHSI,683.0,SYNTHETIC_DEMO
2020-05-01,BDI,1618.5,SYNTHETIC_DEMO
2020-05-01,BCI,2303.9,SYNTHETIC_DEMO
2020-05-01,BPI,1474.9,SYNTHETIC_DEMO
2020-05-01,BSI,1165.1,SYNTHETIC_DEMO
2020-05-01,BHSI,672.4,SYNTHETIC_DEMO
2020-05-02,BDI,1648.4,SYNTHETIC_DEMO
2020-05-02,BCI,2337.4,SYNTHETIC_DEMO
2020-05-02,BPI,1532.7,SYNTHETIC_DEMO
2020-05-02,BSI,1213.8,SYNTHETIC_DEMO
2020-05-02,BHSI,706.5,SYNTHETIC_DEMO
2020-05-03,BDI,1656.9,SYNTHETIC_DEMO
2020-05-03,BCI,2392.2,SYNTHETIC_DEMO
2020-05-03,BPI,1537.7,SYNTHETIC_DEMO
2020-05-03,BSI,1219.8,SYNTHETIC_DEMO
2020-05-03,BHSI,687.6,SYNTHETIC_DEMO
2020-05-04,BDI,1664.4,SYNTHETIC_DEMO
2020-05-04,BCI,2356.3,SYNTHETIC_DEMO
2020-05-04,BPI,1579.8,SYNTHETIC_DEMO
2020-05-04,BSI,1215.9,SYNTHETIC_DEMO
2020-05-04,BHSI,698.8,SYNTHETIC_DEMO
2020-05-05,BDI,1674.3,SYNTHETIC_DEMO
2020-05-05,BCI,2384.5,SYNTHETIC_DEMO
2020-05-05,BPI,1523.6,SYNTHETIC_DEMO
2020-05-05,BSI,1213.8,SYNTHETIC_DEMO
2020-05-05,BHSI,720.3,SYNTHETIC_DEMO
2020-05-06,BDI,1684.9,SYNTHETIC_DEMO
2020-05-06,BCI,2410.0,SYNTHETIC_DEMO
2020-05-06,BPI,1496.6,SYNTHETIC_DEMO
2020-05-06,BSI,1238.5,SYNTHETIC_DEMO
2020-05-06,BHSI,717.8,SYNTHETIC_DEMO
2020-05-07,BDI,1628.6,SYNTHETIC_DEMO
2020-05-07,BCI,2330.8,SYNTHETIC_DEMO
2020-05-07,BPI,1492.6,SYNTHETIC_DEMO
2020-05-07,BSI,1170.3,SYNTHETIC_DEMO
2020-05-07,BHSI,697.0,SYNTHETIC_DEMO
2020-05-08,BDI,1592.2,SYNTHETIC_DEMO
2020-05-08,BCI,2225.6,SYNTHETIC_DEMO
2020-05-08,BPI,1423.5,SYNTHETIC_DEMO
2020-05-08,BSI,1173.4,SYNTHETIC_DEMO
2020-05-08,BHSI,672.0,SYNTHETIC_DEMO
2020-05-09,BDI,1593.9,SYNTHETIC_DEMO
2020-05-09,BCI,2271.2,SYNTHETIC_DEMO
2020-05-09,BPI,1482.1,SYNTHETIC_DEMO
2020-05-09,BSI,1171.9,SYNTHETIC_DEMO
2020-05-09,BHSI,666.9,SYNTHETIC_DEMO
2020-05-10,BDI,1626.9,SYNTHETIC_DEMO
2020-05-10,BCI,2339.1,SYNTHETIC_DEMO
2020-05-10,BPI,1489.4,SYNTHETIC_DEMO
2020-05-10,BSI,1175.5,SYNTHETIC_DEMO
2020-05-10,BHSI,692.8,SYNTHETIC_DEMO
2020-05-11,BDI,1652.6,SYNTHETIC_DEMO
2020-05-11,BCI,2231.6,SYNTHETIC_DEMO
2020-05-11,BPI,1501.7,SYNTHETIC_DEMO
2020-05-11,BSI,1198.5,SYNTHETIC_DEMO
2020-05-11,BHSI,715.0,SYNTHETIC_DEMO
2020-05-12,BDI,1667.9,SYNTHETIC_DEMO
2020-05-12,BCI,2348.9,SYNTHETIC_DEMO
2020-05-12,BPI,1555.4,SYNTHETIC_DEMO
2020-05-12,BSI,1191.5,SYNTHETIC_DEMO
2020-05-12,BHSI,699.1,SYNTHETIC_DEMO
2020-05-13,BDI,1721.5,SYNTHETIC_DEMO
2020-05-13,BCI,2322.5,SYNTHETIC_DEMO
2020-05-13,BPI,1606.0,SYNTHETIC_DEMO
2020-05-13,BSI,1233.7,SYNTHETIC_DEMO
2020-05-13,BHSI,717.9,SYNTHETIC_DEMO
2020-05-14,BDI,1798.3,SYNTHETIC_DEMO
2020-05-14,BCI,2429.0,SYNTHETIC_DEMO
2020-05-14,BPI,1682.0,SYNTHETIC_DEMO
2020-05-14,BSI,1303.6,SYNTHETIC_DEMO
2020-05-14,BHSI,754.4,SYNTHETIC_DEMO
2020-05-15,BDI,1789.9,SYNTHETIC_DEMO
2020-05-15,BCI,2584.2,SYNTHETIC_DEMO
2020-05-15,BPI,1662.6,SYNTHETIC_DEMO
2020-05-15,BSI,1299.3,SYNTHETIC_DEMO
2020-05-15,BHSI,739.9,SYNTHETIC_DEMO
2020-05-16,BDI,1866.8,SYNTHETIC_DEMO
2020-05-16,BCI,2660.7,SYNTHETIC_DEMO
2020-05-16,BPI,1685.7,SYNTHETIC_DEMO
2020-05-16,BSI,1347.7,SYNTHETIC_DEMO
2020-05-16,BHSI,771.4,SYNTHETIC_DEMO
2020-05-17,BDI,1863.5,SYNTHETIC_DEMO
2020-05-17,BCI,2664.2,SYNTHETIC_DEMO
2020-05-17,BPI,1681.4,SYNTHETIC_DEMO
2020-05-17,BSI,1321.5,SYNTHETIC_DEMO
2020-05-17,BHSI,777.3,SYNTHETIC_DEMO
2020-05-18,BDI,1930.2,SYNTHETIC_DEMO
2020-05-18,BCI,2785.7,SYNTHETIC_DEMO
2020-05-18,BPI,1796.6,SYNTHETIC_DEMO
2020-05-18,BSI,1400.7,SYNTHETIC_DEMO
2020-05-18,BHSI,814.4,SYNTHETIC_DEMO
2020-05-19,BDI,1902.6,SYNTHETIC_DEMO
2020-05-19,BCI,2678.7,SYNTHETIC_DEMO
2020-05-19,BPI,1743.6,SYNTHETIC_DEMO
2020-05-19,BSI,1378.7,SYNTHETIC_DEMO
2020-05-19,BHSI,790.0,SYNTHETIC_DEMO
2020-05-20,BDI,1864.3,SYNTHETIC_DEMO
2020-05-20,BCI,2668.8,SYNTHETIC_DEMO
2020-05-20,BPI,1749.8,SYNTHETIC_DEMO
2020-05-20,BSI,1343.5,SYNTHETIC_DEMO
2020-05-20,BHSI,774.6,SYNTHETIC_DEMO
2020-05-21,BDI,1822.8,SYNTHETIC_DEMO
2020-05-21,BCI,2591.1,SYNTHETIC_DEMO
2020-05-21,BPI,1672.6,SYNTHETIC_DEMO
2020-05-21,BSI,1305.1,SYNTHETIC_DEMO
2020-05-21,BHSI,764.4,SYNTHETIC_DEMO
2020-05-22,BDI,1832.1,SYNTHETIC_DEMO
2020-05-22,BCI,2556.6,SYNTHETIC_DEMO
2020-05-22,BPI,1702.7,SYNTHETIC_DEMO
2020-05-22,BSI,1316.6,SYNTHETIC_DEMO
2020-05-22,BHSI,780.2,SYNTHETIC_DEMO
2020-05-23,BDI,1823.4,SYNTHETIC_DEMO
2020-05-23,BCI,2529.5,SYNTHETIC_DEMO
2020-05-23,BPI,1660.3,SYNTHETIC_DEMO
2020-05-23,BSI,1355.3,SYNTHETIC_DEMO
2020-05-23,BHSI,783.1,SYNTHETIC_DEMO
2020-05-24,BDI,1829.2,SYNTHETIC_DEMO
2020-05-24,BCI,2643.8,SYNTHETIC_DEMO
2020-05-24,BPI,1687.0,SYNTHETIC_DEMO
2020-05-24,BSI,1310.1,SYNTHETIC_DEMO
2020-05-24,BHSI,757.4,SYNTHETIC_DEMO
2020-05-25,BDI,1819.9,SYNTHETIC_DEMO
2020-05-25,BCI,2553.5,SYNTHETIC_DEMO
2020-05-25,BPI,1667.4,SYNTHETIC_DEMO
2020-05-25,BSI,1305.3,SYNTHETIC_DEMO
2020-05-25,BHSI,781.8,SYNTHETIC_DEMO
2020-05-26,BDI,1792.6,SYNTHETIC_DEMO
2020-05-26,BCI,2573.3,SYNTHETIC_DEMO
2020-05-26,BPI,1630.5,SYNTHETIC_DEMO
2020-05-26,BSI,1282.8,SYNTHETIC_DEMO
2020-05-26,BHSI,747.1,SYNTHETIC_DEMO
2020-05-27,BDI,1793.8,SYNTHETIC_DEMO
2020-05-27,BCI,2609.8,SYNTHETIC_DEMO
2020-05-27,BPI,1655.6,SYNTHETIC_DEMO
2020-05-27,BSI,1306.1,SYNTHETIC_DEMO
2020-05-27,BHSI,775.5,SYNTHETIC_DEMO
2020-05-28,BDI,1773.5,SYNTHETIC_DEMO
2020-05-28,BCI,2482.1,SYNTHETIC_DEMO
2020-05-28,BPI,1681.4,SYNTHETIC_DEMO
2020-05-28,BSI,1290.6,SYNTHETIC_DEMO
2020-05-28,BHSI,757.2,SYNTHETIC_DEMO
2020-05-29,BDI,1851.0,SYNTHETIC_DEMO
2020-05-29,BCI,2620.5,SYNTHETIC_DEMO
2020-05-29,BPI,1729.5,SYNTHETIC_DEMO
2020-05-29,BSI,1331.3,SYNTHETIC_DEMO
2020-05-29,BHSI,773.3,SYNTHETIC_DEMO
2020-05-30,BDI,1877.8,SYNTHETIC_DEMO
2020-05-30,BCI,2679.8,SYNTHETIC_DEMO
2020-05-30,BPI,1779.6,SYNTHETIC_DEMO
2020-05-30,BSI,1353.1,SYNTHETIC_DEMO
2020-05-30,BHSI,778.9,SYNTHETIC_DEMO
2020-05-31,BDI,1908.0,SYNTHETIC_DEMO
2020-05-31,BCI,2715.6,SYNTHETIC_DEMO
2020-05-31,BPI,1715.4,SYNTHETIC_DEMO
2020-05-31,BSI,1346.9,SYNTHETIC_DEMO
2020-05-31,BHSI,791.6,SYNTHETIC_DEMO
2020-06-01,BDI,1901.6,SYNTHETIC_DEMO
2020-06-01,BCI,2723.6,SYNTHETIC_DEMO
2020-06-01,BPI,1778.1,SYNTHETIC_DEMO
2020-06-01,BSI,1373.8,SYNTHETIC_DEMO
2020-06-01,BHSI,787.1,SYNTHETIC_DEMO
2020-06-02,BDI,1868.2,SYNTHETIC_DEMO
2020-06-02,BCI,2677.6,SYNTHETIC_DEMO
2020-06-02,BPI,1701.1,SYNTHETIC_DEMO
2020-06-02,BSI,1339.0,SYNTHETIC_DEMO
2020-06-02,BHSI,806.9,SYNTHETIC_DEMO
2020-06-03,BDI,1911.8,SYNTHETIC_DEMO
2020-06-03,BCI,2709.1,SYNTHETIC_DEMO
2020-06-03,BPI,1751.3,SYNTHETIC_DEMO
2020-06-03,BSI,1385.5,SYNTHETIC_DEMO
2020-06-03,BHSI,801.4,SYNTHETIC_DEMO
2020-06-04,BDI,1890.5,SYNTHETIC_DEMO
2020-06-04,BCI,2677.4,SYNTHETIC_DEMO
2020-06-04,BPI,1724.7,SYNTHETIC_DEMO
2020-06-04,BSI,1321.6,SYNTHETIC_DEMO
2020-06-04,BHSI,777.3,SYNTHETIC_DEMO
2020-06-05,BDI,1893.9,SYNTHETIC_DEMO
2020-06-05,BCI,2721.5,SYNTHETIC_DEMO
2020-06-05,BPI,1766.6,SYNTHETIC_DEMO
2020-06-05,BSI,1349.3,SYNTHETIC_DEMO
2020-06-05,BHSI,777.6,SYNTHETIC_DEMO
2020-06-06,BDI,1924.4,SYNTHETIC_DEMO
2020-06-06,BCI,2725.5,SYNTHETIC_DEMO
2020-06-06,BPI,1780.0,SYNTHETIC_DEMO
2020-06-06,BSI,1393.5,SYNTHETIC_DEMO
2020-06-06,BHSI,810.3,SYNTHETIC_DEMO
2020-06-07,BDI,1928.1,SYNTHETIC_DEMO
2020-06-07,BCI,2795.1,SYNTHETIC_DEMO
2020-06-07,BPI,1764.5,SYNTHETIC_DEMO
2020-06-07,BSI,1384.2,SYNTHETIC_DEMO
2020-06-07,BHSI,804.0,SYNTHETIC_DEMO
2020-06-08,BDI,1885.6,SYNTHETIC_DEMO
2020-06-08,BCI,2618.6,SYNTHETIC_DEMO
2020-06-08,BPI,1699.7,SYNTHETIC_DEMO
2020-06-08,BSI,1367.2,SYNTHETIC_DEMO
2020-06-08,BHSI,808.0,SYNTHETIC_DEMO
2020-06-09,BDI,1833.6,SYNTHETIC_DEMO
2020-06-09,BCI,2652.3,SYNTHETIC_DEMO
2020-06-09,BPI,1701.4,SYNTHETIC_DEMO
2020-06-09,BSI,1297.3,SYNTHETIC_DEMO
2020-06-09,BHSI,765.9,SYNTHETIC_DEMO
2020-06-10,BDI,1834.3,SYNTHETIC_DEMO
2020-06-10,BCI,2599.5,SYNTHETIC_DEMO
2020-06-10,BPI,1706.9,SYNTHETIC_DEMO
2020-06-10,BSI,1311.7,SYNTHETIC_DEMO
2020-06-10,BHSI,767.8,SYNTHETIC_DEMO
2020-06-11,BDI,1840.3,SYNTHETIC_DEMO
2020-06-11,BCI,2630.8,SYNTHETIC_DEMO
2020-06-11,BPI,1684.5,SYNTHETIC_DEMO
2020-06-11,BSI,1323.5,SYNTHETIC_DEMO
2020-06-11,BHSI,772.6,SYNTHETIC_DEMO
2020-06-12,BDI,1858.6,SYNTHETIC_DEMO
2020-06-12,BCI,2711.1,SYNTHETIC_DEMO
2020-06-12,BPI,1730.7,SYNTHETIC_DEMO
2020-06-12,BSI,1370.8,SYNTHETIC_DEMO
2020-06-12,BHSI,789.0,SYNTHETIC_DEMO
2020-06-13,BDI,1898.6,SYNTHETIC_DEMO
2020-06-13,BCI,2724.1,SYNTHETIC_DEMO
2020-06-13,BPI,1780.3,SYNTHETIC_DEMO
2020-06-13,BSI,1360.3,SYNTHETIC_DEMO
2020-06-13,BHSI,800.7,SYNTHETIC_DEMO
2020-06-14,BDI,1842.2,SYNTHETIC_DEMO
2020-06-14,BCI,2628.6,SYNTHETIC_DEMO
2020-06-14,BPI,1711.3,SYNTHETIC_DEMO
2020-06-14,BSI,1338.4,SYNTHETIC_DEMO
2020-06-14,BHSI,783.7,SYNTHETIC_DEMO
2020-06-15,BDI,1870.1,SYNTHETIC_DEMO
2020-06-15,BCI,2674.4,SYNTHETIC_DEMO
2020-06-15,BPI,1712.5,SYNTHETIC_DEMO
2020-06-15,BSI,1357.4,SYNTHETIC_DEMO
2020-06-15,BHSI,804.5,SYNTHETIC_DEMO
2020-06-16,BDI,1863.8,SYNTHETIC_DEMO
2020-06-16,BCI,2607.3,SYNTHETIC_DEMO
2020-06-16,BPI,1731.0,SYNTHETIC_DEMO
2020-06-16,BSI,1315.7,SYNTHETIC_DEMO
2020-06-16,BHSI,775.9,SYNTHETIC_DEMO
2020-06-17,BDI,1888.9,SYNTHETIC_DEMO
2020-06-17,BCI,2772.8,SYNTHETIC_DEMO
2020-06-17,BPI,1753.6,SYNTHETIC_DEMO
2020-06-17,BSI,1377.8,SYNTHETIC_DEMO
2020-06-17,BHSI,791.8,SYNTHETIC_DEMO
2020-06-18,BDI,1885.9,SYNTHETIC_DEMO
2020-06-18,BCI,2659.0,SYNTHETIC_DEMO
2020-06-18,BPI,1716.6,SYNTHETIC_DEMO
2020-06-18,BSI,1392.1,SYNTHETIC_DEMO
2020-06-18,BHSI,796.5,SYNTHETIC_DEMO
2020-06-19,BDI,1869.4,SYNTHETIC_DEMO
2020-06-19,BCI,2672.6,SYNTHETIC_DEMO
2020-06-19,BPI,1751.5,SYNTHETIC_DEMO
2020-06-19,BSI,1316.5,SYNTHETIC_DEMO
2020-06-19,BHSI,797.3,SYNTHETIC_DEMO
2020-06-20,BDI,1881.0,SYNTHETIC_DEMO
2020-06-20,BCI,2680.1,SYNTHETIC_DEMO
2020-06-20,BPI,1710.2,SYNTHETIC_DEMO
2020-06-20,BSI,1346.0,SYNTHETIC_DEMO
2020-06-20,BHSI,803.2,SYNTHETIC_DEMO
2020-06-21,BDI,1848.7,SYNTHETIC_DEMO
2020-06-21,BCI,2647.1,SYNTHETIC_DEMO
2020-06-21,BPI,1692.4,SYNTHETIC_DEMO
2020-06-21,BSI,1310.9,SYNTHETIC_DEMO
2020-06-21,BHSI,791.3,SYNTHETIC_DEMO
2020-06-22,BDI,1910.8,SYNTHETIC_DEMO
2020-06-22,BCI,2741.7,SYNTHETIC_DEMO
2020-06-22,BPI,1752.1,SYNTHETIC_DEMO
2020-06-22,BSI,1388.1,SYNTHETIC_DEMO
2020-06-22,BHSI,790.5,SYNTHETIC_DEMO
2020-06-23,BDI,1905.2,SYNTHETIC_DEMO
2020-06-23,BCI,2695.7,SYNTHETIC_DEMO
2020-06-23,BPI,1721.4,SYNTHETIC_DEMO
2020-06-23,BSI,1405.2,SYNTHETIC_DEMO
2020-06-23,BHSI,803.3,SYNTHETIC_DEMO
2020-06-24,BDI,1894.7,SYNTHETIC_DEMO
2020-06-24,BCI,2638.8,SYNTHETIC_DEMO
2020-06-24,BPI,1756.8,SYNTHETIC_DEMO
2020-06-24,BSI,1380.4,SYNTHETIC_DEMO
2020-06-24,BHSI,767.0,SYNTHETIC_DEMO
2020-06-25,BDI,1951.7,SYNTHETIC_DEMO
2020-06-25,BCI,2812.8,SYNTHETIC_DEMO
2020-06-25,BPI,1836.4,SYNTHETIC_DEMO
2020-06-25,BSI,1380.2,SYNTHETIC_DEMO
2020-06-25,BHSI,820.1,SYNTHETIC_DEMO
2020-06-26,BDI,1958.0,SYNTHETIC_DEMO
2020-06-26,BCI,2686.6,SYNTHETIC_DEMO
2020-06-26,BPI,1738.1,SYNTHETIC_DEMO
2020-06-26,BSI,1425.7,SYNTHETIC_DEMO
2020-06-26,BHSI,835.7,SYNTHETIC_DEMO
2020-06-27,BDI,1929.5,SYNTHETIC_DEMO
2020-06-27,BCI,2753.8,SYNTHETIC_DEMO
2020-06-27,BPI,1794.4,SYNTHETIC_DEMO
2020-06-27,BSI,1419.5,SYNTHETIC_DEMO
2020-06-27,BHSI,791.1,SYNTHETIC_DEMO
2020-06-28,BDI,1970.5,SYNTHETIC_DEMO
2020-06-28,BCI,2689.4,SYNTHETIC_DEMO
2020-06-28,BPI,1856.5,SYNTHETIC_DEMO
2020-06-28,BSI,1392.0,SYNTHETIC_DEMO
2020-06-28,BHSI,834.4,SYNTHETIC_DEMO
2020-06-29,BDI,1971.9,SYNTHETIC_DEMO
2020-06-29,BCI,2744.8,SYNTHETIC_DEMO
2020-06-29,BPI,1779.7,SYNTHETIC_DEMO
2020-06-29,BSI,1428.0,SYNTHETIC_DEMO
2020-06-29,BHSI,824.5,SYNTHETIC_DEMO
2020-06-30,BDI,1968.3,SYNTHETIC_DEMO
2020-06-30,BCI,2906.2,SYNTHETIC_DEMO
2020-06-30,BPI,1819.6,SYNTHETIC_DEMO
2020-06-30,BSI,1412.4,SYNTHETIC_DEMO
2020-06-30,BHSI,832.4,SYNTHETIC_DEMO
2020-07-01,BDI,1940.4,SYNTHETIC_DEMO
2020-07-01,BCI,2673.6,SYNTHETIC_DEMO
2020-07-01,BPI,1774.9,SYNTHETIC_DEMO
2020-07-01,BSI,1346.7,SYNTHETIC_DEMO
2020-07-01,BHSI,815.7,SYNTHETIC_DEMO
2020-07-02,BDI,1953.2,SYNTHETIC_DEMO
2020-07-02,BCI,2776.3,SYNTHETIC_DEMO
2020-07-02,BPI,1785.8,SYNTHETIC_DEMO
2020-07-02,BSI,1419.0,SYNTHETIC_DEMO
2020-07-02,BHSI,821.8,SYNTHETIC_DEMO
2020-07-03,BDI,1956.8,SYNTHETIC_DEMO
2020-07-03,BCI,2748.1,SYNTHETIC_DEMO
2020-07-03,BPI,1776.9,SYNTHETIC_DEMO
2020-07-03,BSI,1428.6,SYNTHETIC_DEMO
2020-07-03,BHSI,817.1,SYNTHETIC_DEMO
2020-07-04,BDI,1980.8,SYNTHETIC_DEMO
2020-07-04,BCI,2860.6,SYNTHETIC_DEMO
2020-07-04,BPI,1856.7,SYNTHETIC_DEMO
2020-07-04,BSI,1407.6,SYNTHETIC_DEMO
2020-07-04,BHSI,835.8,SYNTHETIC_DEMO
2020-07-05,BDI,1963.3,SYNTHETIC_DEMO
2020-07-05,BCI,2777.2,SYNTHETIC_DEMO
2020-07-05,BPI,1827.8,SYNTHETIC_DEMO
2020-07-05,BSI,1439.9,SYNTHETIC_DEMO
2020-07-05,BHSI,831.5,SYNTHETIC_DEMO
2020-07-06,BDI,2002.6,SYNTHETIC_DEMO
2020-07-06,BCI,2939.7,SYNTHETIC_DEMO
2020-07-06,BPI,1820.9,SYNTHETIC_DEMO
2020-07-06,BSI,1456.7,SYNTHETIC_DEMO
2020-07-06,BHSI,838.9,SYNTHETIC_DEMO
2020-07-07,BDI,1994.2,SYNTHETIC_DEMO
2020-07-07,BCI,2786.5,SYNTHETIC_DEMO
2020-07-07,BPI,1811.2,SYNTHETIC_DEMO
2020-07-07,BSI,1489.9,SYNTHETIC_DEMO
2020-07-07,BHSI,820.0,SYNTHETIC_DEMO
2020-07-08,BDI,2056.5,SYNTHETIC_DEMO
2020-07-08,BCI,2860.8,SYNTHETIC_DEMO
2020-07-08,BPI,1840.1,SYNTHETIC_DEMO
2020-07-08,BSI,1476.0,SYNTHETIC_DEMO
2020-07-08,BHSI,869.9,SYNTHETIC_DEMO
2020-07-09,BDI,2042.2,SYNTHETIC_DEMO
2020-07-09,BCI,2892.2,SYNTHETIC_DEMO
2020-07-09,BPI,1896.5,SYNTHETIC_DEMO
2020-07-09,BSI,1449.0,SYNTHETIC_DEMO
2020-07-09,BHSI,880.4,SYNTHETIC_DEMO
2020-07-10,BDI,2032.5,SYNTHETIC_DEMO
2020-07-10,BCI,2819.3,SYNTHETIC_DEMO
2020-07-10,BPI,1884.2,SYNTHETIC_DEMO
2020-07-10,BSI,1460.7,SYNTHETIC_DEMO
2020-07-10,BHSI,850.2,SYNTHETIC_DEMO
2020-07-11,BDI,2035.1,SYNTHETIC_DEMO
2020-07-11,BCI,2858.7,SYNTHETIC_DEMO
2020-07-11,BPI,1887.6,SYNTHETIC_DEMO
2020-07-11,BSI,1460.9,SYNTHETIC_DEMO
2020-07-11,BHSI,848.7,SYNTHETIC_DEMO
2020-07-12,BDI,2102.3,SYNTHETIC_DEMO
2020-07-12,BCI,2961.8,SYNTHETIC_DEMO
2020-07-12,BPI,1897.1,SYNTHETIC_DEMO
2020-07-12,BSI,1493.3,SYNTHETIC_DEMO
2020-07-12,BHSI,891.7,SYNTHETIC_DEMO
2020-07-13,BDI,2175.9,SYNTHETIC_DEMO
2020-07-13,BCI,3154.0,SYNTHETIC_DEMO
2020-07-13,BPI,2025.0,SYNTHETIC_DEMO
2020-07-13,BSI,1553.1,SYNTHETIC_DEMO
2020-07-13,BHSI,903.3,SYNTHETIC_DEMO
2020-07-14,BDI,2182.7,SYNTHETIC_DEMO
2020-07-14,BCI,3052.0,SYNTHETIC_DEMO
2020-07-14,BPI,1998.8,SYNTHETIC_DEMO
2020-07-14,BSI,1582.9,SYNTHETIC_DEMO
2020-07-14,BHSI,914.7,SYNTHETIC_DEMO
2020-07-15,BDI,2165.5,SYNTHETIC_DEMO
2020-07-15,BCI,3131.7,SYNTHETIC_DEMO
2020-07-15,BPI,1955.9,SYNTHETIC_DEMO
2020-07-15,BSI,1553.9,SYNTHETIC_DEMO
2020-07-15,BHSI,904.9,SYNTHETIC_DEMO
2020-07-16,BDI,2112.8,SYNTHETIC_DEMO
2020-07-16,BCI,3026.7,SYNTHETIC_DEMO
2020-07-16,BPI,1916.9,SYNTHETIC_DEMO
2020-07-16,BSI,1480.0,SYNTHETIC_DEMO
2020-07-16,BHSI,887.0,SYNTHETIC_DEMO
2020-07-17,BDI,2113.7,SYNTHETIC_DEMO
2020-07-17,BCI,2961.9,SYNTHETIC_DEMO
2020-07-17,BPI,1952.1,SYNTHETIC_DEMO
2020-07-17,BSI,1507.3,SYNTHETIC_DEMO
2020-07-17,BHSI,882.4,SYNTHETIC_DEMO
2020-07-18,BDI,2143.4,SYNTHETIC_DEMO
2020-07-18,BCI,3033.4,SYNTHETIC_DEMO
2020-07-18,BPI,1996.9,SYNTHETIC_DEMO
2020-07-18,BSI,1556.9,SYNTHETIC_DEMO
2020-07-18,BHSI,902.0,SYNTHETIC_DEMO
2020-07-19,BDI,2151.0,SYNTHETIC_DEMO
2020-07-19,BCI,3036.8,SYNTHETIC_DEMO
2020-07-19,BPI,1954.3,SYNTHETIC_DEMO
2020-07-19,BSI,1528.4,SYNTHETIC_DEMO
2020-07-19,BHSI,909.6,SYNTHETIC_DEMO
2020-07-20,BDI,2103.0,SYNTHETIC_DEMO
2020-07-20,BCI,2996.3,SYNTHETIC_DEMO
2020-07-20,BPI,1887.5,SYNTHETIC_DEMO
2020-07-20,BSI,1525.4,SYNTHETIC_DEMO
2020-07-20,BHSI,888.6,SYNTHETIC_DEMO
2020-07-21,BDI,2086.7,SYNTHETIC_DEMO
2020-07-21,BCI,2913.7,SYNTHETIC_DEMO
2020-07-21,BPI,1905.2,SYNTHETIC_DEMO
2020-07-21,BSI,1481.2,SYNTHETIC_DEMO
2020-07-21,BHSI,885.1,SYNTHETIC_DEMO
2020-07-22,BDI,2132.8,SYNTHETIC_DEMO
2020-07-22,BCI,3014.7,SYNTHETIC_DEMO
2020-07-22,BPI,1967.9,SYNTHETIC_DEMO
2020-07-22,BSI,1549.3,SYNTHETIC_DEMO
2020-07-22,BHSI,908.1,SYNTHETIC_DEMO
2020-07-23,BDI,2133.4,SYNTHETIC_DEMO
2020-07-23,BCI,3070.6,SYNTHETIC_DEMO
2020-07-23,BPI,1941.0,SYNTHETIC_DEMO
2020-07-23,BSI,1546.3,SYNTHETIC_DEMO
2020-07-23,BHSI,910.3,SYNTHETIC_DEMO
2020-07-24,BDI,2168.2,SYNTHETIC_DEMO
2020-07-24,BCI,3052.3,SYNTHETIC_DEMO
2020-07-24,BPI,1926.0,SYNTHETIC_DEMO
2020-07-24,BSI,1543.3,SYNTHETIC_DEMO
2020-07-24,BHSI,908.3,SYNTHETIC_DEMO
2020-07-25,BDI,2163.4,SYNTHETIC_DEMO
2020-07-25,BCI,3068.4,SYNTHETIC_DEMO
2020-07-25,BPI,2034.9,SYNTHETIC_DEMO
2020-07-25,BSI,1538.9,SYNTHETIC_DEMO
2020-07-25,BHSI,893.6,SYNTHETIC_DEMO
2020-07-26,BDI,2142.3,SYNTHETIC_DEMO
2020-07-26,BCI,3099.5,SYNTHETIC_DEMO
2020-07-26,BPI,1995.8,SYNTHETIC_DEMO
2020-07-26,BSI,1568.5,SYNTHETIC_DEMO
2020-07-26,BHSI,897.3,SYNTHETIC_DEMO
2020-07-27,BDI,2099.6,SYNTHETIC_DEMO
2020-07-27,BCI,2997.5,SYNTHETIC_DEMO
2020-07-27,BPI,1969.8,SYNTHETIC_DEMO
2020-07-27,BSI,1489.4,SYNTHETIC_DEMO
2020-07-27,BHSI,875.2,SYNTHETIC_DEMO
2020-07-28,BDI,2106.4,SYNTHETIC_DEMO
2020-07-28,BCI,2993.0,SYNTHETIC_DEMO
2020-07-28,BPI,1952.3,SYNTHETIC_DEMO
2020-07-28,BSI,1493.9,SYNTHETIC_DEMO
2020-07-28,BHSI,872.3,SYNTHETIC_DEMO
2020-07-29,BDI,2139.7,SYNTHETIC_DEMO
2020-07-29,BCI,2990.0,SYNTHETIC_DEMO
2020-07-29,BPI,1985.8,SYNTHETIC_DEMO
2020-07-29,BSI,1544.5,SYNTHETIC_DEMO
2020-07-29,BHSI,910.7,SYNTHETIC_DEMO
2020-07-30,BDI,2153.3,SYNTHETIC_DEMO
2020-07-30,BCI,3092.4,SYNTHETIC_DEMO
2020-07-30,BPI,1974.6,SYNTHETIC_DEMO
2020-07-30,BSI,1566.0,SYNTHETIC_DEMO
2020-07-30,BHSI,908.0,SYNTHETIC_DEMO
2020-07-31,BDI,2174.7,SYNTHETIC_DEMO
2020-07-31,BCI,3122.2,SYNTHETIC_DEMO
2020-07-31,BPI,2001.1,SYNTHETIC_DEMO
2020-07-31,BSI,1556.3,SYNTHETIC_DEMO
2020-07-31,BHSI,901.2,SYNTHETIC_DEMO
2020-08-01,BDI,2131.9,SYNTHETIC_DEMO
2020-08-01,BCI,3066.2,SYNTHETIC_DEMO
2020-08-01,BPI,1981.1,SYNTHETIC_DEMO
2020-08-01,BSI,1533.7,SYNTHETIC_DEMO
2020-08-01,BHSI,918.5,SYNTHETIC_DEMO
2020-08-02,BDI,2121.8,SYNTHETIC_DEMO
2020-08-02,BCI,3048.6,SYNTHETIC_DEMO
2020-08-02,BPI,1984.6,SYNTHETIC_DEMO
2020-08-02,BSI,1526.9,SYNTHETIC_DEMO
2020-08-02,BHSI,904.8,SYNTHETIC_DEMO
2020-08-03,BDI,2176.1,SYNTHETIC_DEMO
2020-08-03,BCI,3150.1,SYNTHETIC_DEMO
2020-08-03,BPI,1991.0,SYNTHETIC_DEMO
2020-08-03,BSI,1561.5,SYNTHETIC_DEMO
2020-08-03,BHSI,921.2,SYNTHETIC_DEMO
2020-08-04,BDI,2163.6,SYNTHETIC_DEMO
2020-08-04,BCI,3075.9,SYNTHETIC_DEMO
2020-08-04,BPI,1988.6,SYNTHETIC_DEMO
2020-08-04,BSI,1561.1,SYNTHETIC_DEMO
2020-08-04,BHSI,911.6,SYNTHETIC_DEMO
2020-08-05,BDI,2135.8,SYNTHETIC_DEMO
2020-08-05,BCI,3056.9,SYNTHETIC_DEMO
2020-08-05,BPI,1907.6,SYNTHETIC_DEMO
2020-08-05,BSI,1570.8,SYNTHETIC_DEMO
2020-08-05,BHSI,896.4,SYNTHETIC_DEMO
2020-08-06,BDI,2077.6,SYNTHETIC_DEMO
2020-08-06,BCI,2955.4,SYNTHETIC_DEMO
2020-08-06,BPI,1921.5,SYNTHETIC_DEMO
2020-08-06,BSI,1511.6,SYNTHETIC_DEMO
2020-08-06,BHSI,875.8,SYNTHETIC_DEMO
2020-08-07,BDI,2097.9,SYNTHETIC_DEMO
2020-08-07,BCI,3016.1,SYNTHETIC_DEMO
2020-08-07,BPI,1901.8,SYNTHETIC_DEMO
2020-08-07,BSI,1505.8,SYNTHETIC_DEMO
2020-08-07,BHSI,876.8,SYNTHETIC_DEMO
2020-08-08,BDI,2130.5,SYNTHETIC_DEMO
2020-08-08,BCI,3002.6,SYNTHETIC_DEMO
2020-08-08,BPI,2000.6,SYNTHETIC_DEMO
2020-08-08,BSI,1525.5,SYNTHETIC_DEMO
2020-08-08,BHSI,882.7,SYNTHETIC_DEMO
2020-08-09,BDI,2102.8,SYNTHETIC_DEMO
2020-08-09,BCI,3048.0,SYNTHETIC_DEMO
2020-08-09,BPI,1943.5,SYNTHETIC_DEMO
2020-08-09,BSI,1521.3,SYNTHETIC_DEMO
2020-08-09,BHSI,874.0,SYNTHETIC_DEMO
2020-08-10,BDI,2170.1,SYNTHETIC_DEMO
2020-08-10,BCI,3108.2,SYNTHETIC_DEMO
2020-08-10,BPI,1975.0,SYNTHETIC_DEMO
2020-08-10,BSI,1581.5,SYNTHETIC_DEMO
2020-08-10,BHSI,896.5,SYNTHETIC_DEMO
2020-08-11,BDI,2199.9,SYNTHETIC_DEMO
2020-08-11,BCI,3200.9,SYNTHETIC_DEMO
2020-08-11,BPI,2039.4,SYNTHETIC_DEMO
2020-08-11,BSI,1579.0,SYNTHETIC_DEMO
2020-08-11,BHSI,926.4,SYNTHETIC_DEMO
2020-08-12,BDI,2224.3,SYNTHETIC_DEMO
2020-08-12,BCI,3133.2,SYNTHETIC_DEMO
2020-08-12,BPI,1998.0,SYNTHETIC_DEMO
2020-08-12,BSI,1621.7,SYNTHETIC_DEMO
2020-08-12,BHSI,941.3,SYNTHETIC_DEMO
2020-08-13,BDI,2244.3,SYNTHETIC_DEMO
2020-08-13,BCI,3218.8,SYNTHETIC_DEMO
2020-08-13,BPI,2054.2,SYNTHETIC_DEMO
2020-08-13,BSI,1603.1,SYNTHETIC_DEMO
2020-08-13,BHSI,926.2,SYNTHETIC_DEMO
2020-08-14,BDI,2153.2,SYNTHETIC_DEMO
2020-08-14,BCI,3108.5,SYNTHETIC_DEMO
2020-08-14,BPI,2018.7,SYNTHETIC_DEMO
2020-08-14,BSI,1557.7,SYNTHETIC_DEMO
2020-08-14,BHSI,908.0,SYNTHETIC_DEMO
2020-08-15,BDI,2179.3,SYNTHETIC_DEMO
2020-08-15,BCI,3140.1,SYNTHETIC_DEMO
2020-08-15,BPI,1987.2,SYNTHETIC_DEMO
2020-08-15,BSI,1552.9,SYNTHETIC_DEMO
2020-08-15,BHSI,929.0,SYNTHETIC_DEMO
2020-08-16,BDI,2125.2,SYNTHETIC_DEMO
2020-08-16,BCI,3035.1,SYNTHETIC_DEMO
2020-08-16,BPI,1965.9,SYNTHETIC_DEMO
2020-08-16,BSI,1528.6,SYNTHETIC_DEMO
2020-08-16,BHSI,905.9,SYNTHETIC_DEMO
2020-08-17,BDI,2135.3,SYNTHETIC_DEMO
2020-08-17,BCI,3038.2,SYNTHETIC_DEMO
2020-08-17,BPI,1963.8,SYNTHETIC_DEMO
2020-08-17,BSI,1554.9,SYNTHETIC_DEMO
2020-08-17,BHSI,921.7,SYNTHETIC_DEMO
2020-08-18,BDI,2111.4,SYNTHETIC_DEMO
2020-08-18,BCI,2961.8,SYNTHETIC_DEMO
2020-08-18,BPI,1939.5,SYNTHETIC_DEMO
2020-08-18,BSI,1514.7,SYNTHETIC_DEMO
2020-08-18,BHSI,875.5,SYNTHETIC_DEMO
2020-08-19,BDI,2034.9,SYNTHETIC_DEMO
2020-08-19,BCI,2903.0,SYNTHETIC_DEMO
2020-08-19,BPI,1864.4,SYNTHETIC_DEMO
2020-08-19,BSI,1458.3,SYNTHETIC_DEMO
2020-08-19,BHSI,850.6,SYNTHETIC_DEMO
2020-08-20,BDI,2080.7,SYNTHETIC_DEMO
2020-08-20,BCI,2919.4,SYNTHETIC_DEMO
2020-08-20,BPI,1960.4,SYNTHETIC_DEMO
2020-08-20,BSI,1501.9,SYNTHETIC_DEMO
2020-08-20,BHSI,869.3,SYNTHETIC_DEMO
2020-08-21,BDI,2082.9,SYNTHETIC_DEMO
2020-08-21,BCI,2979.8,SYNTHETIC_DEMO
2020-08-21,BPI,1909.8,SYNTHETIC_DEMO
2020-08-21,BSI,1501.0,SYNTHETIC_DEMO
2020-08-21,BHSI,877.8,SYNTHETIC_DEMO
2020-08-22,BDI,2034.9,SYNTHETIC_DEMO
2020-08-22,BCI,2842.7,SYNTHETIC_DEMO
2020-08-22,BPI,1869.3,SYNTHETIC_DEMO
2020-08-22,BSI,1465.1,SYNTHETIC_DEMO
2020-08-22,BHSI,859.9,SYNTHETIC_DEMO
2020-08-23,BDI,2091.5,SYNTHETIC_DEMO
2020-08-23,BCI,2965.8,SYNTHETIC_DEMO
2020-08-23,BPI,1938.0,SYNTHETIC_DEMO
2020-08-23,BSI,1505.0,SYNTHETIC_DEMO
2020-08-23,BHSI,856.1,SYNTHETIC_DEMO
2020-08-24,BDI,2104.0,SYNTHETIC_DEMO
2020-08-24,BCI,3029.0,SYNTHETIC_DEMO
2020-08-24,BPI,1905.9,SYNTHETIC_DEMO
2020-08-24,BSI,1540.9,SYNTHETIC_DEMO
2020-08-24,BHSI,893.3,SYNTHETIC_DEMO
2020-08-25,BDI,2034.2,SYNTHETIC_DEMO
2020-08-25,BCI,2891.0,SYNTHETIC_DEMO
2020-08-25,BPI,1863.6,SYNTHETIC_DEMO
2020-08-25,BSI,1450.6,SYNTHETIC_DEMO
2020-08-25,BHSI,855.4,SYNTHETIC_DEMO
2020-08-26,BDI,2051.8,SYNTHETIC_DEMO
2020-08-26,BCI,2939.5,SYNTHETIC_DEMO
2020-08-26,BPI,1889.4,SYNTHETIC_DEMO
2020-08-26,BSI,1489.5,SYNTHETIC_DEMO
2020-08-26,BHSI,871.4,SYNTHETIC_DEMO
2020-08-27,BDI,2018.3,SYNTHETIC_DEMO
2020-08-27,BCI,2890.8,SYNTHETIC_DEMO
2020-08-27,BPI,1860.1,SYNTHETIC_DEMO
2020-08-27,BSI,1468.6,SYNTHETIC_DEMO
2020-08-27,BHSI,859.6,SYNTHETIC_DEMO
2020-08-28,BDI,2017.3,SYNTHETIC_DEMO
2020-08-28,BCI,2875.1,SYNTHETIC_DEMO
2020-08-28,BPI,1892.2,SYNTHETIC_DEMO
2020-08-28,BSI,1441.1,SYNTHETIC_DEMO
2020-08-28,BHSI,829.7,SYNTHETIC_DEMO
2020-08-29,BDI,1976.6,SYNTHETIC_DEMO
2020-08-29,BCI,2765.1,SYNTHETIC_DEMO
2020-08-29,BPI,1819.5,SYNTHETIC_DEMO
2020-08-29,BSI,1439.7,SYNTHETIC_DEMO
2020-08-29,BHSI,833.0,SYNTHETIC_DEMO
2020-08-30,BDI,1988.8,SYNTHETIC_DEMO
2020-08-30,BCI,2847.6,SYNTHETIC_DEMO
2020-08-30,BPI,1823.9,SYNTHETIC_DEMO
2020-08-30,BSI,1454.8,SYNTHETIC_DEMO
2020-08-30,BHSI,813.6,SYNTHETIC_DEMO
2020-08-31,BDI,1976.6,SYNTHETIC_DEMO
2020-08-31,BCI,2797.0,SYNTHETIC_DEMO
2020-08-31,BPI,1802.8,SYNTHETIC_DEMO
2020-08-31,BSI,1410.4,SYNTHETIC_DEMO
2020-08-31,BHSI,846.6,SYNTHETIC_DEMO
2020-09-01,BDI,1971.9,SYNTHETIC_DEMO
2020-09-01,BCI,2773.2,SYNTHETIC_DEMO
2020-09-01,BPI,1824.6,SYNTHETIC_DEMO
2020-09-01,BSI,1394.3,SYNTHETIC_DEMO
2020-09-01,BHSI,839.4,SYNTHETIC_DEMO
2020-09-02,BDI,1990.6,SYNTHETIC_DEMO
2020-09-02,BCI,2762.9,SYNTHETIC_DEMO
2020-09-02,BPI,1803.3,SYNTHETIC_DEMO
2020-09-02,BSI,1437.9,SYNTHETIC_DEMO
2020-09-02,BHSI,826.8,SYNTHETIC_DEMO
2020-09-03,BDI,1992.6,SYNTHETIC_DEMO
2020-09-03,BCI,2820.6,SYNTHETIC_DEMO
2020-09-03,BPI,1826.7,SYNTHETIC_DEMO
2020-09-03,BSI,1429.7,SYNTHETIC_DEMO
2020-09-03,BHSI,834.2,SYNTHETIC_DEMO
2020-09-04,BDI,1988.2,SYNTHETIC_DEMO
2020-09-04,BCI,2800.5,SYNTHETIC_DEMO
2020-09-04,BPI,1803.8,SYNTHETIC_DEMO
2020-09-04,BSI,1448.2,SYNTHETIC_DEMO
2020-09-04,BHSI,827.8,SYNTHETIC_DEMO
2020-09-05,BDI,1996.0,SYNTHETIC_DEMO
2020-09-05,BCI,2780.9,SYNTHETIC_DEMO
2020-09-05,BPI,1847.9,SYNTHETIC_DEMO
2020-09-05,BSI,1400.0,SYNTHETIC_DEMO
2020-09-05,BHSI,851.5,SYNTHETIC_DEMO
2020-09-06,BDI,1934.8,SYNTHETIC_DEMO
2020-09-06,BCI,2751.6,SYNTHETIC_DEMO
2020-09-06,BPI,1777.2,SYNTHETIC_DEMO
2020-09-06,BSI,1444.9,SYNTHETIC_DEMO
2020-09-06,BHSI,803.3,SYNTHETIC_DEMO
2020-09-07,BDI,1927.7,SYNTHETIC_DEMO
2020-09-07,BCI,2773.5,SYNTHETIC_DEMO
2020-09-07,BPI,1796.0,SYNTHETIC_DEMO
2020-09-07,BSI,1343.6,SYNTHETIC_DEMO
2020-09-07,BHSI,794.0,SYNTHETIC_DEMO
2020-09-08,BDI,1924.1,SYNTHETIC_DEMO
2020-09-08,BCI,2768.0,SYNTHETIC_DEMO
2020-09-08,BPI,1747.4,SYNTHETIC_DEMO
2020-09-08,BSI,1367.5,SYNTHETIC_DEMO
2020-09-08,BHSI,791.9,SYNTHETIC_DEMO
2020-09-09,BDI,1946.8,SYNTHETIC_DEMO
2020-09-09,BCI,2710.7,SYNTHETIC_DEMO
2020-09-09,BPI,1802.6,SYNTHETIC_DEMO
2020-09-09,BSI,1406.9,SYNTHETIC_DEMO
2020-09-09,BHSI,812.8,SYNTHETIC_DEMO
2020-09-10,BDI,1925.7,SYNTHETIC_DEMO
2020-09-10,BCI,2702.0,SYNTHETIC_DEMO
2020-09-10,BPI,1747.6,SYNTHETIC_DEMO
2020-09-10,BSI,1389.2,SYNTHETIC_DEMO
2020-09-10,BHSI,796.5,SYNTHETIC_DEMO
2020-09-11,BDI,1926.3,SYNTHETIC_DEMO
2020-09-11,BCI,2713.6,SYNTHETIC_DEMO
2020-09-11,BPI,1778.1,SYNTHETIC_DEMO
2020-09-11,BSI,1373.4,SYNTHETIC_DEMO
2020-09-11,BHSI,801.8,SYNTHETIC_DEMO
2020-09-12,BDI,1926.3,SYNTHETIC_DEMO
2020-09-12,BCI,2746.6,SYNTHETIC_DEMO
2020-09-12,BPI,1773.0,SYNTHETIC_DEMO
2020-09-12,BSI,1414.2,SYNTHETIC_DEMO
2020-09-12,BHSI,829.4,SYNTHETIC_DEMO
2020-09-13,BDI,1985.9,SYNTHETIC_DEMO
2020-09-13,BCI,2792.0,SYNTHETIC_DEMO
2020-09-13,BPI,1840.6,SYNTHETIC_DEMO
2020-09-13,BSI,1408.3,SYNTHETIC_DEMO
2020-09-13,BHSI,816.1,SYNTHETIC_DEMO
2020-09-14,BDI,1996.8,SYNTHETIC_DEMO
2020-09-14,BCI,2893.3,SYNTHETIC_DEMO
2020-09-14,BPI,1828.9,SYNTHETIC_DEMO
2020-09-14,BSI,1456.3,SYNTHETIC_DEMO
2020-09-14,BHSI,842.2,SYNTHETIC_DEMO
2020-09-15,BDI,1958.2,SYNTHETIC_DEMO
2020-09-15,BCI,2815.2,SYNTHETIC_DEMO
2020-09-15,BPI,1796.5,SYNTHETIC_DEMO
2020-09-15,BSI,1404.1,SYNTHETIC_DEMO
2020-09-15,BHSI,834.8,SYNTHETIC_DEMO
2020-09-16,BDI,1979.0,SYNTHETIC_DEMO
2020-09-16,BCI,2810.3,SYNTHETIC_DEMO
2020-09-16,BPI,1858.6,SYNTHETIC_DEMO
2020-09-16,BSI,1417.7,SYNTHETIC_DEMO
2020-09-16,BHSI,821.7,SYNTHETIC_DEMO
2020-09-17,BDI,1963.4,SYNTHETIC_DEMO
2020-09-17,BCI,2755.2,SYNTHETIC_DEMO
2020-09-17,BPI,1792.3,SYNTHETIC_DEMO
2020-09-17,BSI,1415.3,SYNTHETIC_DEMO
2020-09-17,BHSI,830.2,SYNTHETIC_DEMO
2020-09-18,BDI,1967.4,SYNTHETIC_DEMO
2020-09-18,BCI,2833.4,SYNTHETIC_DEMO
2020-09-18,BPI,1779.5,SYNTHETIC_DEMO
2020-09-18,BSI,1429.2,SYNTHETIC_DEMO
2020-09-18,BHSI,821.3,SYNTHETIC_DEMO
2020-09-19,BDI,1926.1,SYNTHETIC_DEMO
2020-09-19,BCI,2742.6,SYNTHETIC_DEMO
2020-09-19,BPI,1758.8,SYNTHETIC_DEMO
2020-09-19,BSI,1367.4,SYNTHETIC_DEMO
2020-09-19,BHSI,817.8,SYNTHETIC_DEMO
2020-09-20,BDI,1937.5,SYNTHETIC_DEMO
2020-09-20,BCI,2785.4,SYNTHETIC_DEMO
2020-09-20,BPI,1743.7,SYNTHETIC_DEMO
2020-09-20,BSI,1395.0,SYNTHETIC_DEMO
2020-09-20,BHSI,799.7,SYNTHETIC_DEMO
2020-09-21,BDI,1872.0,SYNTHETIC_DEMO
2020-09-21,BCI,2675.5,SYNTHETIC_DEMO
2020-09-21,BPI,1748.7,SYNTHETIC_DEMO
2020-09-21,BSI,1327.8,SYNTHETIC_DEMO
2020-09-21,BHSI,788.2,SYNTHETIC_DEMO
2020-09-22,BDI,1894.5,SYNTHETIC_DEMO
2020-09-22,BCI,2734.8,SYNTHETIC_DEMO
2020-09-22,BPI,1731.9,SYNTHETIC_DEMO
2020-09-22,BSI,1391.0,SYNTHETIC_DEMO
2020-09-22,BHSI,778.5,SYNTHETIC_DEMO
2020-09-23,BDI,1913.3,SYNTHETIC_DEMO
2020-09-23,BCI,2743.2,SYNTHETIC_DEMO
2020-09-23,BPI,1769.7,SYNTHETIC_DEMO
2020-09-23,BSI,1384.4,SYNTHETIC_DEMO
2020-09-23,BHSI,813.3,SYNTHETIC_DEMO
2020-09-24,BDI,1872.0,SYNTHETIC_DEMO
2020-09-24,BCI,2670.8,SYNTHETIC_DEMO
2020-09-24,BPI,1725.9,SYNTHETIC_DEMO
2020-09-24,BSI,1346.6,SYNTHETIC_DEMO
2020-09-24,BHSI,780.7,SYNTHETIC_DEMO
2020-09-25,BDI,1908.9,SYNTHETIC_DEMO
2020-09-25,BCI,2669.3,SYNTHETIC_DEMO
2020-09-25,BPI,1769.5,SYNTHETIC_DEMO
2020-09-25,BSI,1313.2,SYNTHETIC_DEMO
2020-09-25,BHSI,837.4,SYNTHETIC_DEMO
2020-09-26,BDI,1877.2,SYNTHETIC_DEMO
2020-09-26,BCI,2648.4,SYNTHETIC_DEMO
2020-09-26,BPI,1694.1,SYNTHETIC_DEMO
2020-09-26,BSI,1346.4,SYNTHETIC_DEMO
2020-09-26,BHSI,773.4,SYNTHETIC_DEMO
2020-09-27,BDI,1838.3,SYNTHETIC_DEMO
2020-09-27,BCI,2514.9,SYNTHETIC_DEMO
2020-09-27,BPI,1685.2,SYNTHETIC_DEMO
2020-09-27,BSI,1311.1,SYNTHETIC_DEMO
2020-09-27,BHSI,766.9,SYNTHETIC_DEMO
2020-09-28,BDI,1738.4,SYNTHETIC_DEMO
2020-09-28,BCI,2461.5,SYNTHETIC_DEMO
2020-09-28,BPI,1614.8,SYNTHETIC_DEMO
2020-09-28,BSI,1264.1,SYNTHETIC_DEMO
2020-09-28,BHSI,735.0,SYNTHETIC_DEMO
2020-09-29,BDI,1734.1,SYNTHETIC_DEMO
2020-09-29,BCI,2502.5,SYNTHETIC_DEMO
2020-09-29,BPI,1616.8,SYNTHETIC_DEMO
2020-09-29,BSI,1245.0,SYNTHETIC_DEMO
2020-09-29,BHSI,726.2,SYNTHETIC_DEMO
2020-09-30,BDI,1713.2,SYNTHETIC_DEMO
2020-09-30,BCI,2481.1,SYNTHETIC_DEMO
2020-09-30,BPI,1591.1,SYNTHETIC_DEMO
2020-09-30,BSI,1255.9,SYNTHETIC_DEMO
2020-09-30,BHSI,704.2,SYNTHETIC_DEMO
2020-10-01,BDI,1720.6,SYNTHETIC_DEMO
2020-10-01,BCI,2456.8,SYNTHETIC_DEMO
2020-10-01,BPI,1630.9,SYNTHETIC_DEMO
2020-10-01,BSI,1210.5,SYNTHETIC_DEMO
2020-10-01,BHSI,718.8,SYNTHETIC_DEMO
2020-10-02,BDI,1723.3,SYNTHETIC_DEMO
2020-10-02,BCI,2477.0,SYNTHETIC_DEMO
2020-10-02,BPI,1598.2,SYNTHETIC_DEMO
2020-10-02,BSI,1236.2,SYNTHETIC_DEMO
2020-10-02,BHSI,714.3,SYNTHETIC_DEMO
2020-10-03,BDI,1743.5,SYNTHETIC_DEMO
2020-10-03,BCI,2426.6,SYNTHETIC_DEMO
2020-10-03,BPI,1615.6,SYNTHETIC_DEMO
2020-10-03,BSI,1260.4,SYNTHETIC_DEMO
2020-10-03,BHSI,732.5,SYNTHETIC_DEMO
2020-10-04,BDI,1762.4,SYNTHETIC_DEMO
2020-10-04,BCI,2452.3,SYNTHETIC_DEMO
2020-10-04,BPI,1654.3,SYNTHETIC_DEMO
2020-10-04,BSI,1287.3,SYNTHETIC_DEMO
2020-10-04,BHSI,760.1,SYNTHETIC_DEMO
2020-10-05,BDI,1729.2,SYNTHETIC_DEMO
2020-10-05,BCI,2391.6,SYNTHETIC_DEMO
2020-10-05,BPI,1606.1,SYNTHETIC_DEMO
2020-10-05,BSI,1262.5,SYNTHETIC_DEMO
2020-10-05,BHSI,715.5,SYNTHETIC_DEMO
2020-10-06,BDI,1718.5,SYNTHETIC_DEMO
2020-10-06,BCI,2435.0,SYNTHETIC_DEMO
2020-10-06,BPI,1609.6,SYNTHETIC_DEMO
2020-10-06,BSI,1250.2,SYNTHETIC_DEMO
2020-10-06,BHSI,743.0,SYNTHETIC_DEMO
2020-10-07,BDI,1707.9,SYNTHETIC_DEMO
2020-10-07,BCI,2400.7,SYNTHETIC_DEMO
2020-10-07,BPI,1566.0,SYNTHETIC_DEMO
2020-10-07,BSI,1213.4,SYNTHETIC_DEMO
2020-10-07,BHSI,716.0,SYNTHETIC_DEMO
2020-10-08,BDI,1679.5,SYNTHETIC_DEMO
2020-10-08,BCI,2365.7,SYNTHETIC_DEMO
2020-10-08,BPI,1503.2,SYNTHETIC_DEMO
2020-10-08,BSI,1179.7,SYNTHETIC_DEMO
2020-10-08,BHSI,694.0,SYNTHETIC_DEMO
2020-10-09,BDI,1603.9,SYNTHETIC_DEMO
2020-10-09,BCI,2318.4,SYNTHETIC_DEMO
2020-10-09,BPI,1492.1,SYNTHETIC_DEMO
2020-10-09,BSI,1163.2,SYNTHETIC_DEMO
2020-10-09,BHSI,677.6,SYNTHETIC_DEMO
2020-10-10,BDI,1628.2,SYNTHETIC_DEMO
2020-10-10,BCI,2308.6,SYNTHETIC_DEMO
2020-10-10,BPI,1493.7,SYNTHETIC_DEMO
2020-10-10,BSI,1174.7,SYNTHETIC_DEMO
2020-10-10,BHSI,689.0,SYNTHETIC_DEMO
2020-10-11,BDI,1653.9,SYNTHETIC_DEMO
2020-10-11,BCI,2365.1,SYNTHETIC_DEMO
2020-10-11,BPI,1539.0,SYNTHETIC_DEMO
2020-10-11,BSI,1239.8,SYNTHETIC_DEMO
2020-10-11,BHSI,706.6,SYNTHETIC_DEMO
2020-10-12,BDI,1669.6,SYNTHETIC_DEMO
2020-10-12,BCI,2351.4,SYNTHETIC_DEMO
2020-10-12,BPI,1511.7,SYNTHETIC_DEMO
2020-10-12,BSI,1186.2,SYNTHETIC_DEMO
2020-10-12,BHSI,724.0,SYNTHETIC_DEMO
2020-10-13,BDI,1704.9,SYNTHETIC_DEMO
2020-10-13,BCI,2465.1,SYNTHETIC_DEMO
2020-10-13,BPI,1579.3,SYNTHETIC_DEMO
2020-10-13,BSI,1200.1,SYNTHETIC_DEMO
2020-10-13,BHSI,716.2,SYNTHETIC_DEMO
2020-10-14,BDI,1707.4,SYNTHETIC_DEMO
2020-10-14,BCI,2389.0,SYNTHETIC_DEMO
2020-10-14,BPI,1568.3,SYNTHETIC_DEMO
2020-10-14,BSI,1245.0,SYNTHETIC_DEMO
2020-10-14,BHSI,723.6,SYNTHETIC_DEMO
2020-10-15,BDI,1742.7,SYNTHETIC_DEMO
2020-10-15,BCI,2397.9,SYNTHETIC_DEMO
2020-10-15,BPI,1613.0,SYNTHETIC_DEMO
2020-10-15,BSI,1256.0,SYNTHETIC_DEMO
2020-10-15,BHSI,736.8,SYNTHETIC_DEMO
2020-10-16,BDI,1731.5,SYNTHETIC_DEMO
2020-10-16,BCI,2450.9,SYNTHETIC_DEMO
2020-10-16,BPI,1567.9,SYNTHETIC_DEMO
2020-10-16,BSI,1238.7,SYNTHETIC_DEMO
2020-10-16,BHSI,703.8,SYNTHETIC_DEMO
2020-10-17,BDI,1761.7,SYNTHETIC_DEMO
2020-10-17,BCI,2476.7,SYNTHETIC_DEMO
2020-10-17,BPI,1623.7,SYNTHETIC_DEMO
2020-10-17,BSI,1240.7,SYNTHETIC_DEMO
2020-10-17,BHSI,742.1,SYNTHETIC_DEMO
2020-10-18,BDI,1744.6,SYNTHETIC_DEMO
2020-10-18,BCI,2431.6,SYNTHETIC_DEMO
2020-10-18,BPI,1641.3,SYNTHETIC_DEMO
2020-10-18,BSI,1248.3,SYNTHETIC_DEMO
2020-10-18,BHSI,754.7,SYNTHETIC_DEMO
2020-10-19,BDI,1770.0,SYNTHETIC_DEMO
2020-10-19,BCI,2543.5,SYNTHETIC_DEMO
2020-10-19,BPI,1606.9,SYNTHETIC_DEMO
2020-10-19,BSI,1264.8,SYNTHETIC_DEMO
2020-10-19,BHSI,748.3,SYNTHETIC_DEMO
2020-10-20,BDI,1763.4,SYNTHETIC_DEMO
2020-10-20,BCI,2527.3,SYNTHETIC_DEMO
2020-10-20,BPI,1625.3,SYNTHETIC_DEMO
2020-10-20,BSI,1290.1,SYNTHETIC_DEMO
2020-10-20,BHSI,715.7,SYNTHETIC_DEMO
2020-10-21,BDI,1778.1,SYNTHETIC_DEMO
2020-10-21,BCI,2546.2,SYNTHETIC_DEMO
2020-10-21,BPI,1609.8,SYNTHETIC_DEMO
2020-10-21,BSI,1292.3,SYNTHETIC_DEMO
2020-10-21,BHSI,756.4,SYNTHETIC_DEMO
2020-10-22,BDI,1733.7,SYNTHETIC_DEMO
2020-10-22,BCI,2454.1,SYNTHETIC_DEMO
2020-10-22,BPI,1596.4,SYNTHETIC_DEMO
2020-10-22,BSI,1256.7,SYNTHETIC_DEMO
2020-10-22,BHSI,756.0,SYNTHETIC_DEMO
2020-10-23,BDI,1779.5,SYNTHETIC_DEMO
2020-10-23,BCI,2450.7,SYNTHETIC_DEMO
2020-10-23,BPI,1639.1,SYNTHETIC_DEMO
2020-10-23,BSI,1297.7,SYNTHETIC_DEMO
2020-10-23,BHSI,736.9,SYNTHETIC_DEMO
2020-10-24,BDI,1825.9,SYNTHETIC_DEMO
2020-10-24,BCI,2621.4,SYNTHETIC_DEMO
2020-10-24,BPI,1665.1,SYNTHETIC_DEMO
2020-10-24,BSI,1315.1,SYNTHETIC_DEMO
2020-10-24,BHSI,766.2,SYNTHETIC_DEMO
2020-10-25,BDI,1803.8,SYNTHETIC_DEMO
2020-10-25,BCI,2555.2,SYNTHETIC_DEMO
2020-10-25,BPI,1634.3,SYNTHETIC_DEMO
2020-10-25,BSI,1299.2,SYNTHETIC_DEMO
2020-10-25,BHSI,749.4,SYNTHETIC_DEMO
2020-10-26,BDI,1719.4,SYNTHETIC_DEMO
2020-10-26,BCI,2464.8,SYNTHETIC_DEMO
2020-10-26,BPI,1557.3,SYNTHETIC_DEMO
2020-10-26,BSI,1228.4,SYNTHETIC_DEMO
2020-10-26,BHSI,699.9,SYNTHETIC_DEMO
2020-10-27,BDI,1703.0,SYNTHETIC_DEMO
2020-10-27,BCI,2448.5,SYNTHETIC_DEMO
2020-10-27,BPI,1595.1,SYNTHETIC_DEMO
2020-10-27,BSI,1209.7,SYNTHETIC_DEMO
2020-10-27,BHSI,703.5,SYNTHETIC_DEMO
2020-10-28,BDI,1609.3,SYNTHETIC_DEMO
2020-10-28,BCI,2307.2,SYNTHETIC_DEMO
2020-10-28,BPI,1426.3,SYNTHETIC_DEMO
2020-10-28,BSI,1167.8,SYNTHETIC_DEMO
2020-10-28,BHSI,682.2,SYNTHETIC_DEMO
2020-10-29,BDI,1600.8,SYNTHETIC_DEMO
2020-10-29,BCI,2269.3,SYNTHETIC_DEMO
2020-10-29,BPI,1462.6,SYNTHETIC_DEMO
2020-10-29,BSI,1179.5,SYNTHETIC_DEMO
2020-10-29,BHSI,688.4,SYNTHETIC_DEMO
2020-10-30,BDI,1605.5,SYNTHETIC_DEMO
2020-10-30,BCI,2254.7,SYNTHETIC_DEMO
2020-10-30,BPI,1438.5,SYNTHETIC_DEMO
2020-10-30,BSI,1150.2,SYNTHETIC_DEMO
2020-10-30,BHSI,671.3,SYNTHETIC_DEMO
2020-10-31,BDI,1598.2,SYNTHETIC_DEMO
2020-10-31,BCI,2250.1,SYNTHETIC_DEMO
2020-10-31,BPI,1470.1,SYNTHETIC_DEMO
2020-10-31,BSI,1149.2,SYNTHETIC_DEMO
2020-10-31,BHSI,645.4,SYNTHETIC_DEMO
2020-11-01,BDI,1604.8,SYNTHETIC_DEMO
2020-11-01,BCI,2272.5,SYNTHETIC_DEMO
2020-11-01,BPI,1478.7,SYNTHETIC_DEMO
2020-11-01,BSI,1159.4,SYNTHETIC_DEMO
2020-11-01,BHSI,671.3,SYNTHETIC_DEMO
2020-11-02,BDI,1546.8,SYNTHETIC_DEMO
2020-11-02,BCI,2222.1,SYNTHETIC_DEMO
2020-11-02,BPI,1425.4,SYNTHETIC_DEMO
2020-11-02,BSI,1129.2,SYNTHETIC_DEMO
2020-11-02,BHSI,643.8,SYNTHETIC_DEMO
2020-11-03,BDI,1526.7,SYNTHETIC_DEMO
2020-11-03,BCI,2226.6,SYNTHETIC_DEMO
2020-11-03,BPI,1384.4,SYNTHETIC_DEMO
2020-11-03,BSI,1115.7,SYNTHETIC_DEMO
2020-11-03,BHSI,656.2,SYNTHETIC_DEMO
2020-11-04,BDI,1518.2,SYNTHETIC_DEMO
2020-11-04,BCI,2108.1,SYNTHETIC_DEMO
2020-11-04,BPI,1388.7,SYNTHETIC_DEMO
2020-11-04,BSI,1107.1,SYNTHETIC_DEMO
2020-11-04,BHSI,648.3,SYNTHETIC_DEMO
2020-11-05,BDI,1553.5,SYNTHETIC_DEMO
2020-11-05,BCI,2186.8,SYNTHETIC_DEMO
2020-11-05,BPI,1477.9,SYNTHETIC_DEMO
2020-11-05,BSI,1138.8,SYNTHETIC_DEMO
2020-11-05,BHSI,662.2,SYNTHETIC_DEMO
2020-11-06,BDI,1574.8,SYNTHETIC_DEMO
2020-11-06,BCI,2241.6,SYNTHETIC_DEMO
2020-11-06,BPI,1469.6,SYNTHETIC_DEMO
2020-11-06,BSI,1132.6,SYNTHETIC_DEMO
2020-11-06,BHSI,665.2,SYNTHETIC_DEMO
2020-11-07,BDI,1613.6,SYNTHETIC_DEMO
2020-11-07,BCI,2229.0,SYNTHETIC_DEMO
2020-11-07,BPI,1480.0,SYNTHETIC_DEMO
2020-11-07,BSI,1173.2,SYNTHETIC_DEMO
2020-11-07,BHSI,673.9,SYNTHETIC_DEMO
2020-11-08,BDI,1628.7,SYNTHETIC_DEMO
2020-11-08,BCI,2277.0,SYNTHETIC_DEMO
2020-11-08,BPI,1491.2,SYNTHETIC_DEMO
2020-11-08,BSI,1157.0,SYNTHETIC_DEMO
2020-11-08,BHSI,675.7,SYNTHETIC_DEMO
2020-11-09,BDI,1603.1,SYNTHETIC_DEMO
2020-11-09,BCI,2329.7,SYNTHETIC_DEMO
2020-11-09,BPI,1457.2,SYNTHETIC_DEMO
2020-11-09,BSI,1121.0,SYNTHETIC_DEMO
2020-11-09,BHSI,681.8,SYNTHETIC_DEMO
2020-11-10,BDI,1592.8,SYNTHETIC_DEMO
2020-11-10,BCI,2302.4,SYNTHETIC_DEMO
2020-11-10,BPI,1476.6,SYNTHETIC_DEMO
2020-11-10,BSI,1117.2,SYNTHETIC_DEMO
2020-11-10,BHSI,687.7,SYNTHETIC_DEMO
2020-11-11,BDI,1570.9,SYNTHETIC_DEMO
2020-11-11,BCI,2223.6,SYNTHETIC_DEMO
2020-11-11,BPI,1428.8,SYNTHETIC_DEMO
2020-11-11,BSI,1105.4,SYNTHETIC_DEMO
2020-11-11,BHSI,637.2,SYNTHETIC_DEMO
2020-11-12,BDI,1566.8,SYNTHETIC_DEMO
2020-11-12,BCI,2180.4,SYNTHETIC_DEMO
2020-11-12,BPI,1469.0,SYNTHETIC_DEMO
2020-11-12,BSI,1146.6,SYNTHETIC_DEMO
2020-11-12,BHSI,642.5,SYNTHETIC_DEMO
2020-11-13,BDI,1507.0,SYNTHETIC_DEMO
2020-11-13,BCI,2140.2,SYNTHETIC_DEMO
2020-11-13,BPI,1378.9,SYNTHETIC_DEMO
2020-11-13,BSI,1102.1,SYNTHETIC_DEMO
2020-11-13,BHSI,644.1,SYNTHETIC_DEMO
2020-11-14,BDI,1498.3,SYNTHETIC_DEMO
2020-11-14,BCI,2099.9,SYNTHETIC_DEMO
2020-11-14,BPI,1374.9,SYNTHETIC_DEMO
2020-11-14,BSI,1053.6,SYNTHETIC_DEMO
2020-11-14,BHSI,613.8,SYNTHETIC_DEMO
2020-11-15,BDI,1501.9,SYNTHETIC_DEMO
2020-11-15,BCI,2162.5,SYNTHETIC_DEMO
2020-11-15,BPI,1380.6,SYNTHETIC_DEMO
2020-11-15,BSI,1113.9,SYNTHETIC_DEMO
2020-11-15,BHSI,627.1,SYNTHETIC_DEMO
2020-11-16,BDI,1529.9,SYNTHETIC_DEMO
2020-11-16,BCI,2231.4,SYNTHETIC_DEMO
2020-11-16,BPI,1420.3,SYNTHETIC_DEMO
2020-11-16,BSI,1099.8,SYNTHETIC_DEMO
2020-11-16,BHSI,631.2,SYNTHETIC_DEMO
2020-11-17,BDI,1531.2,SYNTHETIC_DEMO
2020-11-17,BCI,2178.4,SYNTHETIC_DEMO
2020-11-17,BPI,1419.6,SYNTHETIC_DEMO
2020-11-17,BSI,1084.6,SYNTHETIC_DEMO
2020-11-17,BHSI,636.4,SYNTHETIC_DEMO
2020-11-18,BDI,1564.3,SYNTHETIC_DEMO
2020-11-18,BCI,2240.0,SYNTHETIC_DEMO
2020-11-18,BPI,1475.1,SYNTHETIC_DEMO
2020-11-18,BSI,1115.7,SYNTHETIC_DEMO
2020-11-18,BHSI,677.5,SYNTHETIC_DEMO
2020-11-19,BDI,1602.1,SYNTHETIC_DEMO
2020-11-19,BCI,2276.8,SYNTHETIC_DEMO
2020-11-19,BPI,1424.5,SYNTHETIC_DEMO
2020-11-19,BSI,1149.4,SYNTHETIC_DEMO
2020-11-19,BHSI,644.0,SYNTHETIC_DEMO
2020-11-20,BDI,1621.2,SYNTHETIC_DEMO
2020-11-20,BCI,2316.8,SYNTHETIC_DEMO
2020-11-20,BPI,1476.0,SYNTHETIC_DEMO
2020-11-20,BSI,1168.7,SYNTHETIC_DEMO
2020-11-20,BHSI,654.2,SYNTHETIC_DEMO
2020-11-21,BDI,1606.3,SYNTHETIC_DEMO
2020-11-21,BCI,2276.9,SYNTHETIC_DEMO
2020-11-21,BPI,1485.2,SYNTHETIC_DEMO
2020-11-21,BSI,1139.7,SYNTHETIC_DEMO
2020-11-21,BHSI,696.7,SYNTHETIC_DEMO
2020-11-22,BDI,1612.9,SYNTHETIC_DEMO
2020-11-22,BCI,2326.2,SYNTHETIC_DEMO
2020-11-22,BPI,1482.8,SYNTHETIC_DEMO
2020-11-22,BSI,1158.7,SYNTHETIC_DEMO
2020-11-22,BHSI,681.8,SYNTHETIC_DEMO
2020-11-23,BDI,1603.8,SYNTHETIC_DEMO
2020-11-23,BCI,2192.6,SYNTHETIC_DEMO
2020-11-23,BPI,1490.2,SYNTHETIC_DEMO
2020-11-23,BSI,1156.7,SYNTHETIC_DEMO
2020-11-23,BHSI,679.2,SYNTHETIC_DEMO
2020-11-24,BDI,1653.5,SYNTHETIC_DEMO
2020-11-24,BCI,2311.4,SYNTHETIC_DEMO
2020-11-24,BPI,1533.8,SYNTHETIC_DEMO
2020-11-24,BSI,1215.8,SYNTHETIC_DEMO
2020-11-24,BHSI,712.8,SYNTHETIC_DEMO
2020-11-25,BDI,1652.9,SYNTHETIC_DEMO
2020-11-25,BCI,2398.8,SYNTHETIC_DEMO
2020-11-25,BPI,1524.6,SYNTHETIC_DEMO
2020-11-25,BSI,1213.1,SYNTHETIC_DEMO
2020-11-25,BHSI,703.8,SYNTHETIC_DEMO
2020-11-26,BDI,1644.4,SYNTHETIC_DEMO
2020-11-26,BCI,2429.8,SYNTHETIC_DEMO
2020-11-26,BPI,1519.6,SYNTHETIC_DEMO
2020-11-26,BSI,1179.7,SYNTHETIC_DEMO
2020-11-26,BHSI,688.6,SYNTHETIC_DEMO
2020-11-27,BDI,1680.0,SYNTHETIC_DEMO
2020-11-27,BCI,2365.1,SYNTHETIC_DEMO
2020-11-27,BPI,1555.2,SYNTHETIC_DEMO
2020-11-27,BSI,1228.5,SYNTHETIC_DEMO
2020-11-27,BHSI,725.9,SYNTHETIC_DEMO
2020-11-28,BDI,1651.7,SYNTHETIC_DEMO
2020-11-28,BCI,2336.8,SYNTHETIC_DEMO
2020-11-28,BPI,1533.5,SYNTHETIC_DEMO
2020-11-28,BSI,1193.7,SYNTHETIC_DEMO
2020-11-28,BHSI,697.3,SYNTHETIC_DEMO
2020-11-29,BDI,1710.4,SYNTHETIC_DEMO
2020-11-29,BCI,2445.8,SYNTHETIC_DEMO
2020-11-29,BPI,1586.4,SYNTHETIC_DEMO
2020-11-29,BSI,1233.6,SYNTHETIC_DEMO
2020-11-29,BHSI,736.4,SYNTHETIC_DEMO
2020-11-30,BDI,1737.1,SYNTHETIC_DEMO
2020-11-30,BCI,2449.1,SYNTHETIC_DEMO
2020-11-30,BPI,1582.5,SYNTHETIC_DEMO
2020-11-30,BSI,1235.0,SYNTHETIC_DEMO
2020-11-30,BHSI,715.1,SYNTHETIC_DEMO
2020-12-01,BDI,1736.7,SYNTHETIC_DEMO
2020-12-01,BCI,2459.9,SYNTHETIC_DEMO
2020-12-01,BPI,1608.3,SYNTHETIC_DEMO
2020-12-01,BSI,1264.7,SYNTHETIC_DEMO
2020-12-01,BHSI,724.4,SYNTHETIC_DEMO
2020-12-02,BDI,1716.7,SYNTHETIC_DEMO
2020-12-02,BCI,2321.8,SYNTHETIC_DEMO
2020-12-02,BPI,1563.3,SYNTHETIC_DEMO
2020-12-02,BSI,1248.2,SYNTHETIC_DEMO
2020-12-02,BHSI,705.5,SYNTHETIC_DEMO
2020-12-03,BDI,1710.1,SYNTHETIC_DEMO
2020-12-03,BCI,2367.1,SYNTHETIC_DEMO
2020-12-03,BPI,1579.4,SYNTHETIC_DEMO
2020-12-03,BSI,1203.2,SYNTHETIC_DEMO
2020-12-03,BHSI,713.8,SYNTHETIC_DEMO
2020-12-04,BDI,1695.8,SYNTHETIC_DEMO
2020-12-04,BCI,2442.8,SYNTHETIC_DEMO
2020-12-04,BPI,1542.7,SYNTHETIC_DEMO
2020-12-04,BSI,1210.7,SYNTHETIC_DEMO
2020-12-04,BHSI,699.0,SYNTHETIC_DEMO
2020-12-05,BDI,1729.3,SYNTHETIC_DEMO
2020-12-05,BCI,2486.2,SYNTHETIC_DEMO
2020-12-05,BPI,1618.9,SYNTHETIC_DEMO
2020-12-05,BSI,1254.6,SYNTHETIC_DEMO
2020-12-05,BHSI,719.3,SYNTHETIC_DEMO
2020-12-06,BDI,1693.2,SYNTHETIC_DEMO
2020-12-06,BCI,2401.9,SYNTHETIC_DEMO
2020-12-06,BPI,1565.7,SYNTHETIC_DEMO
2020-12-06,BSI,1207.9,SYNTHETIC_DEMO
2020-12-06,BHSI,700.9,SYNTHETIC_DEMO
2020-12-07,BDI,1706.3,SYNTHETIC_DEMO
2020-12-07,BCI,2370.4,SYNTHETIC_DEMO
2020-12-07,BPI,1597.1,SYNTHETIC_DEMO
2020-12-07,BSI,1258.7,SYNTHETIC_DEMO
2020-12-07,BHSI,730.0,SYNTHETIC_DEMO
2020-12-08,BDI,1674.7,SYNTHETIC_DEMO
2020-12-08,BCI,2405.8,SYNTHETIC_DEMO
2020-12-08,BPI,1519.7,SYNTHETIC_DEMO
2020-12-08,BSI,1186.7,SYNTHETIC_DEMO
2020-12-08,BHSI,695.1,SYNTHETIC_DEMO
2020-12-09,BDI,1711.9,SYNTHETIC_DEMO
2020-12-09,BCI,2346.2,SYNTHETIC_DEMO
2020-12-09,BPI,1571.5,SYNTHETIC_DEMO
2020-12-09,BSI,1212.8,SYNTHETIC_DEMO
2020-12-09,BHSI,725.4,SYNTHETIC_DEMO
2020-12-10,BDI,1721.9,SYNTHETIC_DEMO
2020-12-10,BCI,2465.7,SYNTHETIC_DEMO
2020-12-10,BPI,1548.3,SYNTHETIC_DEMO
2020-12-10,BSI,1253.2,SYNTHETIC_DEMO
2020-12-10,BHSI,727.7,SYNTHETIC_DEMO
2020-12-11,BDI,1731.1,SYNTHETIC_DEMO
2020-12-11,BCI,2409.3,SYNTHETIC_DEMO
2020-12-11,BPI,1566.3,SYNTHETIC_DEMO
2020-12-11,BSI,1239.5,SYNTHETIC_DEMO
2020-12-11,BHSI,713.9,SYNTHETIC_DEMO
2020-12-12,BDI,1741.4,SYNTHETIC_DEMO
2020-12-12,BCI,2443.5,SYNTHETIC_DEMO
2020-12-12,BPI,1607.6,SYNTHETIC_DEMO
2020-12-12,BSI,1238.2,SYNTHETIC_DEMO
2020-12-12,BHSI,714.5,SYNTHETIC_DEMO
2020-12-13,BDI,1719.5,SYNTHETIC_DEMO
2020-12-13,BCI,2416.6,SYNTHETIC_DEMO
2020-12-13,BPI,1588.9,SYNTHETIC_DEMO
2020-12-13,BSI,1235.2,SYNTHETIC_DEMO
2020-12-13,BHSI,720.5,SYNTHETIC_DEMO
2020-12-14,BDI,1718.0,SYNTHETIC_DEMO
2020-12-14,BCI,2516.3,SYNTHETIC_DEMO
2020-12-14,BPI,1593.6,SYNTHETIC_DEMO
2020-12-14,BSI,1249.4,SYNTHETIC_DEMO
2020-12-14,BHSI,735.6,SYNTHETIC_DEMO
2020-12-15,BDI,1698.5,SYNTHETIC_DEMO
2020-12-15,BCI,2302.3,SYNTHETIC_DEMO
2020-12-15,BPI,1560.9,SYNTHETIC_DEMO
2020-12-15,BSI,1255.5,SYNTHETIC_DEMO
2020-12-15,BHSI,728.7,SYNTHETIC_DEMO
2020-12-16,BDI,1673.3,SYNTHETIC_DEMO
2020-12-16,BCI,2458.7,SYNTHETIC_DEMO
2020-12-16,BPI,1525.9,SYNTHETIC_DEMO
2020-12-16,BSI,1219.7,SYNTHETIC_DEMO
2020-12-16,BHSI,699.6,SYNTHETIC_DEMO
2020-12-17,BDI,1686.2,SYNTHETIC_DEMO
2020-12-17,BCI,2478.4,SYNTHETIC_DEMO
2020-12-17,BPI,1506.4,SYNTHETIC_DEMO
2020-12-17,BSI,1238.8,SYNTHETIC_DEMO
2020-12-17,BHSI,703.3,SYNTHETIC_DEMO
2020-12-18,BDI,1618.9,SYNTHETIC_DEMO
2020-12-18,BCI,2338.0,SYNTHETIC_DEMO
2020-12-18,BPI,1490.5,SYNTHETIC_DEMO
2020-12-18,BSI,1167.7,SYNTHETIC_DEMO
2020-12-18,BHSI,695.5,SYNTHETIC_DEMO
2020-12-19,BDI,1590.7,SYNTHETIC_DEMO
2020-12-19,BCI,2335.5,SYNTHETIC_DEMO
2020-12-19,BPI,1457.7,SYNTHETIC_DEMO
2020-12-19,BSI,1152.1,SYNTHETIC_DEMO
2020-12-19,BHSI,679.8,SYNTHETIC_DEMO
2020-12-20,BDI,1610.4,SYNTHETIC_DEMO
2020-12-20,BCI,2262.2,SYNTHETIC_DEMO
2020-12-20,BPI,1460.8,SYNTHETIC_DEMO
2020-12-20,BSI,1178.1,SYNTHETIC_DEMO
2020-12-20,BHSI,658.6,SYNTHETIC_DEMO
2020-12-21,BDI,1580.7,SYNTHETIC_DEMO
2020-12-21,BCI,2278.8,SYNTHETIC_DEMO
2020-12-21,BPI,1485.5,SYNTHETIC_DEMO
2020-12-21,BSI,1152.1,SYNTHETIC_DEMO
2020-12-21,BHSI,670.5,SYNTHETIC_DEMO
2020-12-22,BDI,1614.6,SYNTHETIC_DEMO
2020-12-22,BCI,2305.6,SYNTHETIC_DEMO
2020-12-22,BPI,1504.4,SYNTHETIC_DEMO
2020-12-22,BSI,1180.5,SYNTHETIC_DEMO
2020-12-22,BHSI,679.3,SYNTHETIC_DEMO
2020-12-23,BDI,1607.0,SYNTHETIC_DEMO
2020-12-23,BCI,2259.7,SYNTHETIC_DEMO
2020-12-23,BPI,1467.8,SYNTHETIC_DEMO
2020-12-23,BSI,1157.2,SYNTHETIC_DEMO
2020-12-23,BHSI,665.1,SYNTHETIC_DEMO
2020-12-24,BDI,1624.5,SYNTHETIC_DEMO
2020-12-24,BCI,2310.7,SYNTHETIC_DEMO
2020-12-24,BPI,1482.3,SYNTHETIC_DEMO
2020-12-24,BSI,1148.7,SYNTHETIC_DEMO
2020-12-24,BHSI,685.9,SYNTHETIC_DEMO
2020-12-25,BDI,1655.7,SYNTHETIC_DEMO
2020-12-25,BCI,2406.8,SYNTHETIC_DEMO
2020-12-25,BPI,1529.7,SYNTHETIC_DEMO
2020-12-25,BSI,1171.2,SYNTHETIC_DEMO
2020-12-25,BHSI,698.5,SYNTHETIC_DEMO
2020-12-26,BDI,1631.1,SYNTHETIC_DEMO
2020-12-26,BCI,2371.5,SYNTHETIC_DEMO
2020-12-26,BPI,1523.0,SYNTHETIC_DEMO
2020-12-26,BSI,1172.4,SYNTHETIC_DEMO
2020-12-26,BHSI,686.5,SYNTHETIC_DEMO
2020-12-27,BDI,1611.6,SYNTHETIC_DEMO
2020-12-27,BCI,2201.3,SYNTHETIC_DEMO
2020-12-27,BPI,1449.1,SYNTHETIC_DEMO
2020-12-27,BSI,1135.1,SYNTHETIC_DEMO
2020-12-27,BHSI,647.1,SYNTHETIC_DEMO
2020-12-28,BDI,1563.1,SYNTHETIC_DEMO
2020-12-28,BCI,2190.8,SYNTHETIC_DEMO
2020-12-28,BPI,1416.5,SYNTHETIC_DEMO
2020-12-28,BSI,1122.1,SYNTHETIC_DEMO
2020-12-28,BHSI,648.5,SYNTHETIC_DEMO
2020-12-29,BDI,1558.7,SYNTHETIC_DEMO
2020-12-29,BCI,2159.8,SYNTHETIC_DEMO
2020-12-29,BPI,1448.8,SYNTHETIC_DEMO
2020-12-29,BSI,1113.8,SYNTHETIC_DEMO
2020-12-29,BHSI,679.3,SYNTHETIC_DEMO
2020-12-30,BDI,1501.0,SYNTHETIC_DEMO
2020-12-30,BCI,2169.7,SYNTHETIC_DEMO
2020-12-30,BPI,1355.2,SYNTHETIC_DEMO
2020-12-30,BSI,1086.6,SYNTHETIC_DEMO
2020-12-30,BHSI,634.1,SYNTHETIC_DEMO
2020-12-31,BDI,1453.3,SYNTHETIC_DEMO
2020-12-31,BCI,2017.3,SYNTHETIC_DEMO
2020-12-31,BPI,1356.7,SYNTHETIC_DEMO
2020-12-31,BSI,1089.1,SYNTHETIC_DEMO
2020-12-31,BHSI,621.3,SYNTHETIC_DEMO
2021-01-01,BDI,1459.5,SYNTHETIC_DEMO
2021-01-01,BCI,2161.6,SYNTHETIC_DEMO
2021-01-01,BPI,1321.4,SYNTHETIC_DEMO
2021-01-01,BSI,1040.6,SYNTHETIC_DEMO
2021-01-01,BHSI,615.2,SYNTHETIC_DEMO
2021-01-02,BDI,1450.2,SYNTHETIC_DEMO
2021-01-02,BCI,2086.8,SYNTHETIC_DEMO
2021-01-02,BPI,1345.6,SYNTHETIC_DEMO
2021-01-02,BSI,1039.2,SYNTHETIC_DEMO
2021-01-02,BHSI,624.4,SYNTHETIC_DEMO
2021-01-03,BDI,1462.4,SYNTHETIC_DEMO
2021-01-03,BCI,2141.5,SYNTHETIC_DEMO
2021-01-03,BPI,1342.8,SYNTHETIC_DEMO
2021-01-03,BSI,1047.6,SYNTHETIC_DEMO
2021-01-03,BHSI,622.7,SYNTHETIC_DEMO
2021-01-04,BDI,1452.7,SYNTHETIC_DEMO
2021-01-04,BCI,2038.1,SYNTHETIC_DEMO
2021-01-04,BPI,1353.8,SYNTHETIC_DEMO
2021-01-04,BSI,1045.1,SYNTHETIC_DEMO
2021-01-04,BHSI,616.5,SYNTHETIC_DEMO
2021-01-05,BDI,1444.3,SYNTHETIC_DEMO
2021-01-05,BCI,2082.7,SYNTHETIC_DEMO
2021-01-05,BPI,1327.4,SYNTHETIC_DEMO
2021-01-05,BSI,1011.1,SYNTHETIC_DEMO
2021-01-05,BHSI,573.1,SYNTHETIC_DEMO
2021-01-06,BDI,1500.5,SYNTHETIC_DEMO
2021-01-06,BCI,2174.2,SYNTHETIC_DEMO
2021-01-06,BPI,1354.4,SYNTHETIC_DEMO
2021-01-06,BSI,1079.4,SYNTHETIC_DEMO
2021-01-06,BHSI,641.2,SYNTHETIC_DEMO
2021-01-07,BDI,1485.9,SYNTHETIC_DEMO
2021-01-07,BCI,2111.7,SYNTHETIC_DEMO
2021-01-07,BPI,1349.1,SYNTHETIC_DEMO
2021-01-07,BSI,1110.9,SYNTHETIC_DEMO
2021-01-07,BHSI,623.3,SYNTHETIC_DEMO
2021-01-08,BDI,1509.4,SYNTHETIC_DEMO
2021-01-08,BCI,2013.6,SYNTHETIC_DEMO
2021-01-08,BPI,1378.7,SYNTHETIC_DEMO
2021-01-08,BSI,1123.7,SYNTHETIC_DEMO
2021-01-08,BHSI,643.2,SYNTHETIC_DEMO
2021-01-09,BDI,1521.7,SYNTHETIC_DEMO
2021-01-09,BCI,2098.4,SYNTHETIC_DEMO
2021-01-09,BPI,1413.7,SYNTHETIC_DEMO
2021-01-09,BSI,1097.1,SYNTHETIC_DEMO
2021-01-09,BHSI,654.8,SYNTHETIC_DEMO
2021-01-10,BDI,1540.9,SYNTHETIC_DEMO
2021-01-10,BCI,2167.1,SYNTHETIC_DEMO
2021-01-10,BPI,1406.2,SYNTHETIC_DEMO
2021-01-10,BSI,1128.0,SYNTHETIC_DEMO
2021-01-10,BHSI,656.8,SYNTHETIC_DEMO
2021-01-11,BDI,1519.2,SYNTHETIC_DEMO
2021-01-11,BCI,2163.4,SYNTHETIC_DEMO
2021-01-11,BPI,1369.4,SYNTHETIC_DEMO
2021-01-11,BSI,1093.0,SYNTHETIC_DEMO
2021-01-11,BHSI,634.0,SYNTHETIC_DEMO
2021-01-12,BDI,1538.9,SYNTHETIC_DEMO
2021-01-12,BCI,2103.7,SYNTHETIC_DEMO
2021-01-12,BPI,1426.8,SYNTHETIC_DEMO
2021-01-12,BSI,1109.6,SYNTHETIC_DEMO
2021-01-12,BHSI,658.5,SYNTHETIC_DEMO
2021-01-13,BDI,1573.3,SYNTHETIC_DEMO
2021-01-13,BCI,2253.2,SYNTHETIC_DEMO
2021-01-13,BPI,1398.8,SYNTHETIC_DEMO
2021-01-13,BSI,1148.1,SYNTHETIC_DEMO
2021-01-13,BHSI,672.0,SYNTHETIC_DEMO
2021-01-14,BDI,1503.1,SYNTHETIC_DEMO
2021-01-14,BCI,2061.3,SYNTHETIC_DEMO
2021-01-14,BPI,1419.5,SYNTHETIC_DEMO
2021-01-14,BSI,1080.4,SYNTHETIC_DEMO
2021-01-14,BHSI,629.8,SYNTHETIC_DEMO
2021-01-15,BDI,1493.3,SYNTHETIC_DEMO
2021-01-15,BCI,2134.7,SYNTHETIC_DEMO
2021-01-15,BPI,1341.4,SYNTHETIC_DEMO
2021-01-15,BSI,1103.5,SYNTHETIC_DEMO
2021-01-15,BHSI,639.3,SYNTHETIC_DEMO
2021-01-16,BDI,1480.0,SYNTHETIC_DEMO
2021-01-16,BCI,2187.1,SYNTHETIC_DEMO
2021-01-16,BPI,1353.3,SYNTHETIC_DEMO
2021-01-16,BSI,1032.6,SYNTHETIC_DEMO
2021-01-16,BHSI,616.2,SYNTHETIC_DEMO
2021-01-17,BDI,1459.8,SYNTHETIC_DEMO
2021-01-17,BCI,2044.0,SYNTHETIC_DEMO
2021-01-17,BPI,1362.6,SYNTHETIC_DEMO
2021-01-17,BSI,1036.7,SYNTHETIC_DEMO
2021-01-17,BHSI,631.0,SYNTHETIC_DEMO
2021-01-18,BDI,1442.3,SYNTHETIC_DEMO
2021-01-18,BCI,2008.9,SYNTHETIC_DEMO
2021-01-18,BPI,1336.2,SYNTHETIC_DEMO
2021-01-18,BSI,1047.6,SYNTHETIC_DEMO
2021-01-18,BHSI,603.5,SYNTHETIC_DEMO
2021-01-19,BDI,1507.0,SYNTHETIC_DEMO
2021-01-19,BCI,2033.8,SYNTHETIC_DEMO
2021-01-19,BPI,1393.2,SYNTHETIC_DEMO
2021-01-19,BSI,1061.1,SYNTHETIC_DEMO
2021-01-19,BHSI,640.0,SYNTHETIC_DEMO
2021-01-20,BDI,1524.9,SYNTHETIC_DEMO
2021-01-20,BCI,2109.2,SYNTHETIC_DEMO
2021-01-20,BPI,1441.1,SYNTHETIC_DEMO
2021-01-20,BSI,1079.8,SYNTHETIC_DEMO
2021-01-20,BHSI,654.9,SYNTHETIC_DEMO
2021-01-21,BDI,1497.9,SYNTHETIC_DEMO
2021-01-21,BCI,2102.7,SYNTHETIC_DEMO
2021-01-21,BPI,1402.6,SYNTHETIC_DEMO
2021-01-21,BSI,1077.9,SYNTHETIC_DEMO
2021-01-21,BHSI,626.2,SYNTHETIC_DEMO
2021-01-22,BDI,1525.9,SYNTHETIC_DEMO
2021-01-22,BCI,2178.2,SYNTHETIC_DEMO
2021-01-22,BPI,1426.5,SYNTHETIC_DEMO
2021-01-22,BSI,1059.4,SYNTHETIC_DEMO
2021-01-22,BHSI,635.5,SYNTHETIC_DEMO
2021-01-23,BDI,1582.6,SYNTHETIC_DEMO
2021-01-23,BCI,2247.1,SYNTHETIC_DEMO
2021-01-23,BPI,1458.8,SYNTHETIC_DEMO
2021-01-23,BSI,1112.2,SYNTHETIC_DEMO
2021-01-23,BHSI,671.2,SYNTHETIC_DEMO
2021-01-24,BDI,1585.0,SYNTHETIC_DEMO
2021-01-24,BCI,2256.3,SYNTHETIC_DEMO
2021-01-24,BPI,1408.5,SYNTHETIC_DEMO
2021-01-24,BSI,1115.9,SYNTHETIC_DEMO
2021-01-24,BHSI,669.4,SYNTHETIC_DEMO
2021-01-25,BDI,1598.8,SYNTHETIC_DEMO
2021-01-25,BCI,2220.8,SYNTHETIC_DEMO
2021-01-25,BPI,1460.8,SYNTHETIC_DEMO
2021-01-25,BSI,1153.5,SYNTHETIC_DEMO
2021-01-25,BHSI,652.2,SYNTHETIC_DEMO
2021-01-26,BDI,1598.5,SYNTHETIC_DEMO
2021-01-26,BCI,2272.7,SYNTHETIC_DEMO
2021-01-26,BPI,1476.0,SYNTHETIC_DEMO
2021-01-26,BSI,1140.2,SYNTHETIC_DEMO
2021-01-26,BHSI,677.8,SYNTHETIC_DEMO
2021-01-27,BDI,1608.1,SYNTHETIC_DEMO
2021-01-27,BCI,2228.3,SYNTHETIC_DEMO
2021-01-27,BPI,1466.9,SYNTHETIC_DEMO
2021-01-27,BSI,1159.6,SYNTHETIC_DEMO
2021-01-27,BHSI,672.1,SYNTHETIC_DEMO
2021-01-28,BDI,1608.3,SYNTHETIC_DEMO
2021-01-28,BCI,2184.3,SYNTHETIC_DEMO
2021-01-28,BPI,1479.9,SYNTHETIC_DEMO
2021-01-28,BSI,1153.6,SYNTHETIC_DEMO
2021-01-28,BHSI,682.5,SYNTHETIC_DEMO
2021-01-29,BDI,1628.6,SYNTHETIC_DEMO
2021-01-29,BCI,2297.5,SYNTHETIC_DEMO
2021-01-29,BPI,1526.3,SYNTHETIC_DEMO
2021-01-29,BSI,1192.2,SYNTHETIC_DEMO
2021-01-29,BHSI,677.8,SYNTHETIC_DEMO
2021-01-30,BDI,1623.5,SYNTHETIC_DEMO
2021-01-30,BCI,2262.6,SYNTHETIC_DEMO
2021-01-30,BPI,1490.9,SYNTHETIC_DEMO
2021-01-30,BSI,1148.1,SYNTHETIC_DEMO
2021-01-30,BHSI,664.6,SYNTHETIC_DEMO
2021-01-31,BDI,1653.2,SYNTHETIC_DEMO
2021-01-31,BCI,2350.8,SYNTHETIC_DEMO
2021-01-31,BPI,1535.6,SYNTHETIC_DEMO
2021-01-31,BSI,1198.7,SYNTHETIC_DEMO
2021-01-31,BHSI,697.9,SYNTHETIC_DEMO
2021-02-01,BDI,1684.9,SYNTHETIC_DEMO
2021-02-01,BCI,2390.0,SYNTHETIC_DEMO
2021-02-01,BPI,1533.6,SYNTHETIC_DEMO
2021-02-01,BSI,1201.6,SYNTHETIC_DEMO
2021-02-01,BHSI,726.0,SYNTHETIC_DEMO
2021-02-02,BDI,1699.3,SYNTHETIC_DEMO
2021-02-02,BCI,2358.9,SYNTHETIC_DEMO
2021-02-02,BPI,1559.4,SYNTHETIC_DEMO
2021-02-02,BSI,1224.3,SYNTHETIC_DEMO
2021-02-02,BHSI,717.2,SYNTHETIC_DEMO
2021-02-03,BDI,1705.1,SYNTHETIC_DEMO
2021-02-03,BCI,2372.2,SYNTHETIC_DEMO
2021-02-03,BPI,1520.5,SYNTHETIC_DEMO
2021-02-03,BSI,1188.5,SYNTHETIC_DEMO
2021-02-03,BHSI,717.7,SYNTHETIC_DEMO
2021-02-04,BDI,1664.9,SYNTHETIC_DEMO
2021-02-04,BCI,2424.1,SYNTHETIC_DEMO
2021-02-04,BPI,1521.9,SYNTHETIC_DEMO
2021-02-04,BSI,1170.7,SYNTHETIC_DEMO
2021-02-04,BHSI,706.5,SYNTHETIC_DEMO
2021-02-05,BDI,1699.0,SYNTHETIC_DEMO
2021-02-05,BCI,2477.7,SYNTHETIC_DEMO
2021-02-05,BPI,1545.4,SYNTHETIC_DEMO
2021-02-05,BSI,1222.0,SYNTHETIC_DEMO
2021-02-05,BHSI,712.6,SYNTHETIC_DEMO
2021-02-06,BDI,1707.1,SYNTHETIC_DEMO
2021-02-06,BCI,2385.8,SYNTHETIC_DEMO
2021-02-06,BPI,1566.8,SYNTHETIC_DEMO
2021-02-06,BSI,1240.1,SYNTHETIC_DEMO
2021-02-06,BHSI,714.8,SYNTHETIC_DEMO
2021-02-07,BDI,1710.8,SYNTHETIC_DEMO
2021-02-07,BCI,2391.2,SYNTHETIC_DEMO
2021-02-07,BPI,1597.5,SYNTHETIC_DEMO
2021-02-07,BSI,1187.4,SYNTHETIC_DEMO
2021-02-07,BHSI,719.4,SYNTHETIC_DEMO
2021-02-08,BDI,1755.9,SYNTHETIC_DEMO
2021-02-08,BCI,2419.9,SYNTHETIC_DEMO
2021-02-08,BPI,1614.1,SYNTHETIC_DEMO
2021-02-08,BSI,1249.9,SYNTHETIC_DEMO
2021-02-08,BHSI,747.8,SYNTHETIC_DEMO
2021-02-09,BDI,1755.0,SYNTHETIC_DEMO
2021-02-09,BCI,2460.0,SYNTHETIC_DEMO
2021-02-09,BPI,1641.3,SYNTHETIC_DEMO
2021-02-09,BSI,1244.2,SYNTHETIC_DEMO
2021-02-09,BHSI,726.7,SYNTHETIC_DEMO
2021-02-10,BDI,1817.4,SYNTHETIC_DEMO
2021-02-10,BCI,2663.2,SYNTHETIC_DEMO
2021-02-10,BPI,1645.5,SYNTHETIC_DEMO
2021-02-10,BSI,1307.1,SYNTHETIC_DEMO
2021-02-10,BHSI,776.5,SYNTHETIC_DEMO
2021-02-11,BDI,1802.4,SYNTHETIC_DEMO
2021-02-11,BCI,2563.2,SYNTHETIC_DEMO
2021-02-11,BPI,1652.1,SYNTHETIC_DEMO
2021-02-11,BSI,1319.8,SYNTHETIC_DEMO
2021-02-11,BHSI,762.0,SYNTHETIC_DEMO
2021-02-12,BDI,1787.6,SYNTHETIC_DEMO
2021-02-12,BCI,2559.6,SYNTHETIC_DEMO
2021-02-12,BPI,1644.8,SYNTHETIC_DEMO
2021-02-12,BSI,1289.5,SYNTHETIC_DEMO
2021-02-12,BHSI,735.2,SYNTHETIC_DEMO
2021-02-13,BDI,1822.5,SYNTHETIC_DEMO
2021-02-13,BCI,2619.1,SYNTHETIC_DEMO
2021-02-13,BPI,1724.6,SYNTHETIC_DEMO
2021-02-13,BSI,1307.2,SYNTHETIC_DEMO
2021-02-13,BHSI,763.8,SYNTHETIC_DEMO
2021-02-14,BDI,1826.8,SYNTHETIC_DEMO
2021-02-14,BCI,2556.2,SYNTHETIC_DEMO
2021-02-14,BPI,1680.9,SYNTHETIC_DEMO
2021-02-14,BSI,1300.4,SYNTHETIC_DEMO
2021-02-14,BHSI,765.4,SYNTHETIC_DEMO
2021-02-15,BDI,1847.8,SYNTHETIC_DEMO
2021-02-15,BCI,2573.0,SYNTHETIC_DEMO
2021-02-15,BPI,1687.6,SYNTHETIC_DEMO
2021-02-15,BSI,1332.1,SYNTHETIC_DEMO
2021-02-15,BHSI,759.5,SYNTHETIC_DEMO
2021-02-16,BDI,1834.5,SYNTHETIC_DEMO
2021-02-16,BCI,2657.0,SYNTHETIC_DEMO
2021-02-16,BPI,1651.2,SYNTHETIC_DEMO
2021-02-16,BSI,1361.2,SYNTHETIC_DEMO
2021-02-16,BHSI,767.9,SYNTHETIC_DEMO
2021-02-17,BDI,1815.3,SYNTHETIC_DEMO
2021-02-17,BCI,2631.0,SYNTHETIC_DEMO
2021-02-17,BPI,1672.2,SYNTHETIC_DEMO
2021-02-17,BSI,1317.1,SYNTHETIC_DEMO
2021-02-17,BHSI,765.7,SYNTHETIC_DEMO
2021-02-18,BDI,1869.7,SYNTHETIC_DEMO
2021-02-18,BCI,2624.5,SYNTHETIC_DEMO
2021-02-18,BPI,1748.3,SYNTHETIC_DEMO
2021-02-18,BSI,1342.3,SYNTHETIC_DEMO
2021-02-18,BHSI,793.0,SYNTHETIC_DEMO
2021-02-19,BDI,1856.4,SYNTHETIC_DEMO
2021-02-19,BCI,2722.3,SYNTHETIC_DEMO
2021-02-19,BPI,1717.4,SYNTHETIC_DEMO
2021-02-19,BSI,1307.1,SYNTHETIC_DEMO
2021-02-19,BHSI,774.5,SYNTHETIC_DEMO
2021-02-20,BDI,1864.7,SYNTHETIC_DEMO
2021-02-20,BCI,2629.8,SYNTHETIC_DEMO
2021-02-20,BPI,1691.4,SYNTHETIC_DEMO
2021-02-20,BSI,1371.3,SYNTHETIC_DEMO
2021-02-20,BHSI,805.4,SYNTHETIC_DEMO
2021-02-21,BDI,1889.5,SYNTHETIC_DEMO
2021-02-21,BCI,2713.3,SYNTHETIC_DEMO
2021-02-21,BPI,1711.8,SYNTHETIC_DEMO
2021-02-21,BSI,1373.1,SYNTHETIC_DEMO
2021-02-21,BHSI,805.2,SYNTHETIC_DEMO
2021-02-22,BDI,1858.1,SYNTHETIC_DEMO
2021-02-22,BCI,2668.7,SYNTHETIC_DEMO
2021-02-22,BPI,1701.1,SYNTHETIC_DEMO
2021-02-22,BSI,1344.6,SYNTHETIC_DEMO
2021-02-22,BHSI,779.9,SYNTHETIC_DEMO
2021-02-23,BDI,1865.3,SYNTHETIC_DEMO
2021-02-23,BCI,2657.0,SYNTHETIC_DEMO
2021-02-23,BPI,1684.6,SYNTHETIC_DEMO
2021-02-23,BSI,1359.4,SYNTHETIC_DEMO
2021-02-23,BHSI,812.1,SYNTHETIC_DEMO
2021-02-24,BDI,1839.2,SYNTHETIC_DEMO
2021-02-24,BCI,2564.6,SYNTHETIC_DEMO
2021-02-24,BPI,1677.7,SYNTHETIC_DEMO
2021-02-24,BSI,1355.1,SYNTHETIC_DEMO
2021-02-24,BHSI,770.0,SYNTHETIC_DEMO
2021-02-25,BDI,1866.8,SYNTHETIC_DEMO
2021-02-25,BCI,2645.1,SYNTHETIC_DEMO
2021-02-25,BPI,1724.9,SYNTHETIC_DEMO
2021-02-25,BSI,1329.7,SYNTHETIC_DEMO
2021-02-25,BHSI,783.7,SYNTHETIC_DEMO
2021-02-26,BDI,1813.3,SYNTHETIC_DEMO
2021-02-26,BCI,2458.4,SYNTHETIC_DEMO
2021-02-26,BPI,1669.2,SYNTHETIC_DEMO
2021-02-26,BSI,1316.2,SYNTHETIC_DEMO
2021-02-26,BHSI,765.7,SYNTHETIC_DEMO
2021-02-27,BDI,1888.7,SYNTHETIC_DEMO
2021-02-27,BCI,2689.0,SYNTHETIC_DEMO
2021-02-27,BPI,1718.4,SYNTHETIC_DEMO
2021-02-27,BSI,1380.1,SYNTHETIC_DEMO
2021-02-27,BHSI,800.0,SYNTHETIC_DEMO
2021-02-28,BDI,1897.4,SYNTHETIC_DEMO
2021-02-28,BCI,2715.6,SYNTHETIC_DEMO
2021-02-28,BPI,1730.6,SYNTHETIC_DEMO
2021-02-28,BSI,1358.7,SYNTHETIC_DEMO
2021-02-28,BHSI,796.7,SYNTHETIC_DEMO
2021-03-01,BDI,1909.8,SYNTHETIC_DEMO
2021-03-01,BCI,2717.8,SYNTHETIC_DEMO
2021-03-01,BPI,1745.1,SYNTHETIC_DEMO
2021-03-01,BSI,1386.7,SYNTHETIC_DEMO
2021-03-01,BHSI,797.4,SYNTHETIC_DEMO
2021-03-02,BDI,1876.7,SYNTHETIC_DEMO
2021-03-02,BCI,2728.5,SYNTHETIC_DEMO
2021-03-02,BPI,1703.0,SYNTHETIC_DEMO
2021-03-02,BSI,1337.6,SYNTHETIC_DEMO
2021-03-02,BHSI,791.8,SYNTHETIC_DEMO
2021-03-03,BDI,1892.1,SYNTHETIC_DEMO
2021-03-03,BCI,2714.2,SYNTHETIC_DEMO
2021-03-03,BPI,1729.6,SYNTHETIC_DEMO
2021-03-03,BSI,1361.6,SYNTHETIC_DEMO
2021-03-03,BHSI,789.3,SYNTHETIC_DEMO
2021-03-04,BDI,1874.6,SYNTHETIC_DEMO
2021-03-04,BCI,2651.8,SYNTHETIC_DEMO
2021-03-04,BPI,1674.8,SYNTHETIC_DEMO
2021-03-04,BSI,1354.2,SYNTHETIC_DEMO
2021-03-04,BHSI,778.1,SYNTHETIC_DEMO
2021-03-05,BDI,1822.5,SYNTHETIC_DEMO
2021-03-05,BCI,2581.9,SYNTHETIC_DEMO
2021-03-05,BPI,1703.7,SYNTHETIC_DEMO
2021-03-05,BSI,1302.3,SYNTHETIC_DEMO
2021-03-05,BHSI,763.4,SYNTHETIC_DEMO
2021-03-06,BDI,1847.7,SYNTHETIC_DEMO
2021-03-06,BCI,2612.3,SYNTHETIC_DEMO
2021-03-06,BPI,1694.5,SYNTHETIC_DEMO
2021-03-06,BSI,1312.3,SYNTHETIC_DEMO
2021-03-06,BHSI,767.7,SYNTHETIC_DEMO
2021-03-07,BDI,1840.2,SYNTHETIC_DEMO
2021-03-07,BCI,2594.8,SYNTHETIC_DEMO
2021-03-07,BPI,1713.4,SYNTHETIC_DEMO
2021-03-07,BSI,1320.7,SYNTHETIC_DEMO
2021-03-07,BHSI,762.0,SYNTHETIC_DEMO
2021-03-08,BDI,1783.0,SYNTHETIC_DEMO
2021-03-08,BCI,2556.7,SYNTHETIC_DEMO
2021-03-08,BPI,1677.0,SYNTHETIC_DEMO
2021-03-08,BSI,1305.9,SYNTHETIC_DEMO
2021-03-08,BHSI,743.2,SYNTHETIC_DEMO
2021-03-09,BDI,1863.1,SYNTHETIC_DEMO
2021-03-09,BCI,2649.8,SYNTHETIC_DEMO
2021-03-09,BPI,1720.2,SYNTHETIC_DEMO
2021-03-09,BSI,1349.1,SYNTHETIC_DEMO
2021-03-09,BHSI,787.4,SYNTHETIC_DEMO
2021-03-10,BDI,1822.9,SYNTHETIC_DEMO
2021-03-10,BCI,2596.2,SYNTHETIC_DEMO
2021-03-10,BPI,1697.4,SYNTHETIC_DEMO
2021-03-10,BSI,1337.2,SYNTHETIC_DEMO
2021-03-10,BHSI,774.9,SYNTHETIC_DEMO
2021-03-11,BDI,1824.0,SYNTHETIC_DEMO
2021-03-11,BCI,2593.3,SYNTHETIC_DEMO
2021-03-11,BPI,1729.7,SYNTHETIC_DEMO
2021-03-11,BSI,1277.3,SYNTHETIC_DEMO
2021-03-11,BHSI,751.5,SYNTHETIC_DEMO
2021-03-12,BDI,1813.2,SYNTHETIC_DEMO
2021-03-12,BCI,2531.8,SYNTHETIC_DEMO
2021-03-12,BPI,1667.9,SYNTHETIC_DEMO
2021-03-12,BSI,1307.9,SYNTHETIC_DEMO
2021-03-12,BHSI,758.9,SYNTHETIC_DEMO
2021-03-13,BDI,1777.1,SYNTHETIC_DEMO
2021-03-13,BCI,2513.3,SYNTHETIC_DEMO
2021-03-13,BPI,1652.1,SYNTHETIC_DEMO
2021-03-13,BSI,1270.4,SYNTHETIC_DEMO
2021-03-13,BHSI,739.6,SYNTHETIC_DEMO
2021-03-14,BDI,1789.0,SYNTHETIC_DEMO
2021-03-14,BCI,2515.8,SYNTHETIC_DEMO
2021-03-14,BPI,1662.0,SYNTHETIC_DEMO
2021-03-14,BSI,1271.7,SYNTHETIC_DEMO
2021-03-14,BHSI,744.8,SYNTHETIC_DEMO
2021-03-15,BDI,1738.2,SYNTHETIC_DEMO
2021-03-15,BCI,2491.1,SYNTHETIC_DEMO
2021-03-15,BPI,1572.1,SYNTHETIC_DEMO
2021-03-15,BSI,1227.3,SYNTHETIC_DEMO
2021-03-15,BHSI,764.0,SYNTHETIC_DEMO
2021-03-16,BDI,1761.1,SYNTHETIC_DEMO
2021-03-16,BCI,2437.2,SYNTHETIC_DEMO
2021-03-16,BPI,1645.3,SYNTHETIC_DEMO
2021-03-16,BSI,1277.8,SYNTHETIC_DEMO
2021-03-16,BHSI,751.1,SYNTHETIC_DEMO
2021-03-17,BDI,1744.6,SYNTHETIC_DEMO
2021-03-17,BCI,2430.7,SYNTHETIC_DEMO
2021-03-17,BPI,1544.7,SYNTHETIC_DEMO
2021-03-17,BSI,1235.9,SYNTHETIC_DEMO
2021-03-17,BHSI,727.9,SYNTHETIC_DEMO
2021-03-18,BDI,1713.3,SYNTHETIC_DEMO
2021-03-18,BCI,2446.6,SYNTHETIC_DEMO
2021-03-18,BPI,1630.1,SYNTHETIC_DEMO
2021-03-18,BSI,1234.0,SYNTHETIC_DEMO
2021-03-18,BHSI,713.8,SYNTHETIC_DEMO
2021-03-19,BDI,1699.8,SYNTHETIC_DEMO
2021-03-19,BCI,2412.3,SYNTHETIC_DEMO
2021-03-19,BPI,1536.2,SYNTHETIC_DEMO
2021-03-19,BSI,1229.1,SYNTHETIC_DEMO
2021-03-19,BHSI,704.6,SYNTHETIC_DEMO
2021-03-20,BDI,1705.3,SYNTHETIC_DEMO
2021-03-20,BCI,2488.9,SYNTHETIC_DEMO
2021-03-20,BPI,1596.9,SYNTHETIC_DEMO
2021-03-20,BSI,1233.4,SYNTHETIC_DEMO
2021-03-20,BHSI,697.8,SYNTHETIC_DEMO
2021-03-21,BDI,1729.8,SYNTHETIC_DEMO
2021-03-21,BCI,2469.4,SYNTHETIC_DEMO
2021-03-21,BPI,1585.3,SYNTHETIC_DEMO
2021-03-21,BSI,1239.8,SYNTHETIC_DEMO
2021-03-21,BHSI,735.6,SYNTHETIC_DEMO
2021-03-22,BDI,1669.5,SYNTHETIC_DEMO
2021-03-22,BCI,2419.6,SYNTHETIC_DEMO
2021-03-22,BPI,1520.8,SYNTHETIC_DEMO
2021-03-22,BSI,1223.4,SYNTHETIC_DEMO
2021-03-22,BHSI,692.4,SYNTHETIC_DEMO
2021-03-23,BDI,1676.1,SYNTHETIC_DEMO
2021-03-23,BCI,2479.6,SYNTHETIC_DEMO
2021-03-23,BPI,1517.5,SYNTHETIC_DEMO
2021-03-23,BSI,1242.6,SYNTHETIC_DEMO
2021-03-23,BHSI,708.4,SYNTHETIC_DEMO
2021-03-24,BDI,1633.4,SYNTHETIC_DEMO
2021-03-24,BCI,2308.9,SYNTHETIC_DEMO
2021-03-24,BPI,1517.8,SYNTHETIC_DEMO
2021-03-24,BSI,1191.7,SYNTHETIC_DEMO
2021-03-24,BHSI,645.5,SYNTHETIC_DEMO
2021-03-25,BDI,1552.3,SYNTHETIC_DEMO
2021-03-25,BCI,2172.2,SYNTHETIC_DEMO
2021-03-25,BPI,1461.3,SYNTHETIC_DEMO
2021-03-25,BSI,1098.8,SYNTHETIC_DEMO
2021-03-25,BHSI,649.8,SYNTHETIC_DEMO
2021-03-26,BDI,1641.4,SYNTHETIC_DEMO
2021-03-26,BCI,2374.1,SYNTHETIC_DEMO
2021-03-26,BPI,1498.5,SYNTHETIC_DEMO
2021-03-26,BSI,1192.3,SYNTHETIC_DEMO
2021-03-26,BHSI,689.7,SYNTHETIC_DEMO
2021-03-27,BDI,1648.9,SYNTHETIC_DEMO
2021-03-27,BCI,2300.7,SYNTHETIC_DEMO
2021-03-27,BPI,1522.6,SYNTHETIC_DEMO
2021-03-27,BSI,1183.0,SYNTHETIC_DEMO
2021-03-27,BHSI,679.6,SYNTHETIC_DEMO
2021-03-28,BDI,1673.0,SYNTHETIC_DEMO
2021-03-28,BCI,2461.6,SYNTHETIC_DEMO
2021-03-28,BPI,1558.9,SYNTHETIC_DEMO
2021-03-28,BSI,1225.4,SYNTHETIC_DEMO
2021-03-28,BHSI,705.8,SYNTHETIC_DEMO
2021-03-29,BDI,1655.5,SYNTHETIC_DEMO
2021-03-29,BCI,2407.5,SYNTHETIC_DEMO
2021-03-29,BPI,1528.8,SYNTHETIC_DEMO
2021-03-29,BSI,1186.9,SYNTHETIC_DEMO
2021-03-29,BHSI,709.0,SYNTHETIC_DEMO
2021-03-30,BDI,1653.2,SYNTHETIC_DEMO
2021-03-30,BCI,2289.1,SYNTHETIC_DEMO
2021-03-30,BPI,1514.8,SYNTHETIC_DEMO
2021-03-30,BSI,1232.6,SYNTHETIC_DEMO
2021-03-30,BHSI,707.6,SYNTHETIC_DEMO
2021-03-31,BDI,1646.6,SYNTHETIC_DEMO
2021-03-31,BCI,2250.1,SYNTHETIC_DEMO
2021-03-31,BPI,1510.4,SYNTHETIC_DEMO
2021-03-31,BSI,1186.1,SYNTHETIC_DEMO
2021-03-31,BHSI,706.9,SYNTHETIC_DEMO
2021-04-01,BDI,1695.2,SYNTHETIC_DEMO
2021-04-01,BCI,2474.4,SYNTHETIC_DEMO
2021-04-01,BPI,1504.2,SYNTHETIC_DEMO
2021-04-01,BSI,1242.9,SYNTHETIC_DEMO
2021-04-01,BHSI,718.4,SYNTHETIC_DEMO
2021-04-02,BDI,1699.5,SYNTHETIC_DEMO
2021-04-02,BCI,2372.6,SYNTHETIC_DEMO
2021-04-02,BPI,1554.0,SYNTHETIC_DEMO
2021-04-02,BSI,1215.8,SYNTHETIC_DEMO
2021-04-02,BHSI,705.2,SYNTHETIC_DEMO
2021-04-03,BDI,1742.7,SYNTHETIC_DEMO
2021-04-03,BCI,2450.9,SYNTHETIC_DEMO
2021-04-03,BPI,1622.6,SYNTHETIC_DEMO
2021-04-03,BSI,1225.6,SYNTHETIC_DEMO
2021-04-03,BHSI,747.7,SYNTHETIC_DEMO
2021-04-04,BDI,1699.4,SYNTHETIC_DEMO
2021-04-04,BCI,2354.0,SYNTHETIC_DEMO
2021-04-04,BPI,1586.4,SYNTHETIC_DEMO
2021-04-04,BSI,1208.9,SYNTHETIC_DEMO
2021-04-04,BHSI,709.1,SYNTHETIC_DEMO
2021-04-05,BDI,1713.5,SYNTHETIC_DEMO
2021-04-05,BCI,2446.6,SYNTHETIC_DEMO
2021-04-05,BPI,1577.8,SYNTHETIC_DEMO
2021-04-05,BSI,1242.4,SYNTHETIC_DEMO
2021-04-05,BHSI,709.9,SYNTHETIC_DEMO
2021-04-06,BDI,1715.3,SYNTHETIC_DEMO
2021-04-06,BCI,2398.6,SYNTHETIC_DEMO
2021-04-06,BPI,1601.0,SYNTHETIC_DEMO
2021-04-06,BSI,1263.6,SYNTHETIC_DEMO
2021-04-06,BHSI,709.4,SYNTHETIC_DEMO
2021-04-07,BDI,1733.8,SYNTHETIC_DEMO
2021-04-07,BCI,2421.5,SYNTHETIC_DEMO
2021-04-07,BPI,1620.1,SYNTHETIC_DEMO
2021-04-07,BSI,1241.6,SYNTHETIC_DEMO
2021-04-07,BHSI,752.5,SYNTHETIC_DEMO
2021-04-08,BDI,1703.0,SYNTHETIC_DEMO
2021-04-08,BCI,2457.1,SYNTHETIC_DEMO
2021-04-08,BPI,1575.8,SYNTHETIC_DEMO
2021-04-08,BSI,1201.1,SYNTHETIC_DEMO
2021-04-08,BHSI,721.3,SYNTHETIC_DEMO
2021-04-09,BDI,1685.6,SYNTHETIC_DEMO
2021-04-09,BCI,2374.3,SYNTHETIC_DEMO
2021-04-09,BPI,1556.2,SYNTHETIC_DEMO
2021-04-09,BSI,1225.5,SYNTHETIC_DEMO
2021-04-09,BHSI,722.3,SYNTHETIC_DEMO
2021-04-10,BDI,1685.2,SYNTHETIC_DEMO
2021-04-10,BCI,2390.3,SYNTHETIC_DEMO
2021-04-10,BPI,1501.3,SYNTHETIC_DEMO
2021-04-10,BSI,1177.8,SYNTHETIC_DEMO
2021-04-10,BHSI,696.8,SYNTHETIC_DEMO
2021-04-11,BDI,1700.0,SYNTHETIC_DEMO
2021-04-11,BCI,2360.3,SYNTHETIC_DEMO
2021-04-11,BPI,1577.8,SYNTHETIC_DEMO
2021-04-11,BSI,1252.7,SYNTHETIC_DEMO
2021-04-11,BHSI,704.5,SYNTHETIC_DEMO
2021-04-12,BDI,1705.9,SYNTHETIC_DEMO
2021-04-12,BCI,2391.9,SYNTHETIC_DEMO
2021-04-12,BPI,1508.1,SYNTHETIC_DEMO
2021-04-12,BSI,1216.2,SYNTHETIC_DEMO
2021-04-12,BHSI,716.2,SYNTHETIC_DEMO
2021-04-13,BDI,1716.5,SYNTHETIC_DEMO
2021-04-13,BCI,2404.1,SYNTHETIC_DEMO
2021-04-13,BPI,1581.7,SYNTHETIC_DEMO
2021-04-13,BSI,1253.0,SYNTHETIC_DEMO
2021-04-13,BHSI,697.5,SYNTHETIC_DEMO
2021-04-14,BDI,1652.8,SYNTHETIC_DEMO
2021-04-14,BCI,2403.8,SYNTHETIC_DEMO
2021-04-14,BPI,1525.8,SYNTHETIC_DEMO
2021-04-14,BSI,1185.1,SYNTHETIC_DEMO
2021-04-14,BHSI,674.3,SYNTHETIC_DEMO
2021-04-15,BDI,1632.4,SYNTHETIC_DEMO
2021-04-15,BCI,2345.5,SYNTHETIC_DEMO
2021-04-15,BPI,1525.9,SYNTHETIC_DEMO
2021-04-15,BSI,1162.6,SYNTHETIC_DEMO
2021-04-15,BHSI,694.5,SYNTHETIC_DEMO
2021-04-16,BDI,1602.2,SYNTHETIC_DEMO
2021-04-16,BCI,2320.9,SYNTHETIC_DEMO
2021-04-16,BPI,1471.7,SYNTHETIC_DEMO
2021-04-16,BSI,1147.9,SYNTHETIC_DEMO
2021-04-16,BHSI,656.4,SYNTHETIC_DEMO
2021-04-17,BDI,1606.7,SYNTHETIC_DEMO
2021-04-17,BCI,2320.1,SYNTHETIC_DEMO
2021-04-17,BPI,1425.4,SYNTHETIC_DEMO
2021-04-17,BSI,1172.5,SYNTHETIC_DEMO
2021-04-17,BHSI,680.0,SYNTHETIC_DEMO
2021-04-18,BDI,1661.3,SYNTHETIC_DEMO
2021-04-18,BCI,2414.7,SYNTHETIC_DEMO
2021-04-18,BPI,1511.1,SYNTHETIC_DEMO
2021-04-18,BSI,1216.6,SYNTHETIC_DEMO
2021-04-18,BHSI,698.0,SYNTHETIC_DEMO
2021-04-19,BDI,1718.9,SYNTHETIC_DEMO
2021-04-19,BCI,2376.0,SYNTHETIC_DEMO
2021-04-19,BPI,1611.4,SYNTHETIC_DEMO
2021-04-19,BSI,1245.1,SYNTHETIC_DEMO
2021-04-19,BHSI,739.4,SYNTHETIC_DEMO
2021-04-20,BDI,1699.3,SYNTHETIC_DEMO
2021-04-20,BCI,2428.4,SYNTHETIC_DEMO
2021-04-20,BPI,1531.6,SYNTHETIC_DEMO
2021-04-20,BSI,1233.8,SYNTHETIC_DEMO
2021-04-20,BHSI,711.8,SYNTHETIC_DEMO
2021-04-21,BDI,1687.2,SYNTHETIC_DEMO
2021-04-21,BCI,2387.2,SYNTHETIC_DEMO
2021-04-21,BPI,1531.4,SYNTHETIC_DEMO
2021-04-21,BSI,1231.3,SYNTHETIC_DEMO
2021-04-21,BHSI,692.4,SYNTHETIC_DEMO
2021-04-22,BDI,1628.3,SYNTHETIC_DEMO
2021-04-22,BCI,2356.8,SYNTHETIC_DEMO
2021-04-22,BPI,1524.5,SYNTHETIC_DEMO
2021-04-22,BSI,1129.0,SYNTHETIC_DEMO
2021-04-22,BHSI,699.0,SYNTHETIC_DEMO
2021-04-23,BDI,1676.8,SYNTHETIC_DEMO
2021-04-23,BCI,2343.5,SYNTHETIC_DEMO
2021-04-23,BPI,1592.4,SYNTHETIC_DEMO
2021-04-23,BSI,1218.0,SYNTHETIC_DEMO
2021-04-23,BHSI,692.3,SYNTHETIC_DEMO
2021-04-24,BDI,1666.4,SYNTHETIC_DEMO
2021-04-24,BCI,2386.7,SYNTHETIC_DEMO
2021-04-24,BPI,1528.8,SYNTHETIC_DEMO
2021-04-24,BSI,1183.1,SYNTHETIC_DEMO
2021-04-24,BHSI,700.4,SYNTHETIC_DEMO
2021-04-25,BDI,1687.6,SYNTHETIC_DEMO
2021-04-25,BCI,2402.9,SYNTHETIC_DEMO
2021-04-25,BPI,1581.5,SYNTHETIC_DEMO
2021-04-25,BSI,1211.3,SYNTHETIC_DEMO
2021-04-25,BHSI,703.7,SYNTHETIC_DEMO
2021-04-26,BDI,1712.0,SYNTHETIC_DEMO
2021-04-26,BCI,2480.2,SYNTHETIC_DEMO
2021-04-26,BPI,1574.0,SYNTHETIC_DEMO
2021-04-26,BSI,1210.5,SYNTHETIC_DEMO
2021-04-26,BHSI,719.0,SYNTHETIC_DEMO
2021-04-27,BDI,1705.1,SYNTHETIC_DEMO
2021-04-27,BCI,2474.7,SYNTHETIC_DEMO
2021-04-27,BPI,1489.1,SYNTHETIC_DEMO
2021-04-27,BSI,1219.8,SYNTHETIC_DEMO
2021-04-27,BHSI,728.1,SYNTHETIC_DEMO
2021-04-28,BDI,1686.3,SYNTHETIC_DEMO
2021-04-28,BCI,2297.8,SYNTHETIC_DEMO
2021-04-28,BPI,1551.7,SYNTHETIC_DEMO
2021-04-28,BSI,1215.0,SYNTHETIC_DEMO
2021-04-28,BHSI,714.0,SYNTHETIC_DEMO
2021-04-29,BDI,1700.7,SYNTHETIC_DEMO
2021-04-29,BCI,2440.9,SYNTHETIC_DEMO
2021-04-29,BPI,1570.7,SYNTHETIC_DEMO
2021-04-29,BSI,1230.7,SYNTHETIC_DEMO
2021-04-29,BHSI,712.8,SYNTHETIC_DEMO
2021-04-30,BDI,1711.1,SYNTHETIC_DEMO
2021-04-30,BCI,2479.8,SYNTHETIC_DEMO
2021-04-30,BPI,1552.9,SYNTHETIC_DEMO
2021-04-30,BSI,1238.1,SYNTHETIC_DEMO
2021-04-30,BHSI,721.9,SYNTHETIC_DEMO
2021-05-01,BDI,1734.6,SYNTHETIC_DEMO
2021-05-01,BCI,2364.8,SYNTHETIC_DEMO
2021-05-01,BPI,1576.5,SYNTHETIC_DEMO
2021-05-01,BSI,1247.7,SYNTHETIC_DEMO
2021-05-01,BHSI,705.4,SYNTHETIC_DEMO
2021-05-02,BDI,1699.9,SYNTHETIC_DEMO
2021-05-02,BCI,2365.9,SYNTHETIC_DEMO
2021-05-02,BPI,1561.6,SYNTHETIC_DEMO
2021-05-02,BSI,1229.3,SYNTHETIC_DEMO
2021-05-02,BHSI,703.3,SYNTHETIC_DEMO
2021-05-03,BDI,1731.6,SYNTHETIC_DEMO
2021-05-03,BCI,2517.5,SYNTHETIC_DEMO
2021-05-03,BPI,1626.0,SYNTHETIC_DEMO
2021-05-03,BSI,1256.9,SYNTHETIC_DEMO
2021-05-03,BHSI,717.5,SYNTHETIC_DEMO
2021-05-04,BDI,1729.1,SYNTHETIC_DEMO
2021-05-04,BCI,2432.9,SYNTHETIC_DEMO
2021-05-04,BPI,1586.4,SYNTHETIC_DEMO
2021-05-04,BSI,1250.4,SYNTHETIC_DEMO
2021-05-04,BHSI,713.1,SYNTHETIC_DEMO
2021-05-05,BDI,1714.6,SYNTHETIC_DEMO
2021-05-05,BCI,2465.0,SYNTHETIC_DEMO
2021-05-05,BPI,1553.4,SYNTHETIC_DEMO
2021-05-05,BSI,1228.8,SYNTHETIC_DEMO
2021-05-05,BHSI,722.2,SYNTHETIC_DEMO
2021-05-06,BDI,1680.4,SYNTHETIC_DEMO
2021-05-06,BCI,2392.4,SYNTHETIC_DEMO
2021-05-06,BPI,1558.9,SYNTHETIC_DEMO
2021-05-06,BSI,1205.0,SYNTHETIC_DEMO
2021-05-06,BHSI,690.1,SYNTHETIC_DEMO
2021-05-07,BDI,1659.6,SYNTHETIC_DEMO
2021-05-07,BCI,2411.7,SYNTHETIC_DEMO
2021-05-07,BPI,1589.7,SYNTHETIC_DEMO
2021-05-07,BSI,1194.9,SYNTHETIC_DEMO
2021-05-07,BHSI,686.4,SYNTHETIC_DEMO
2021-05-08,BDI,1605.2,SYNTHETIC_DEMO
2021-05-08,BCI,2222.8,SYNTHETIC_DEMO
2021-05-08,BPI,1478.6,SYNTHETIC_DEMO
2021-05-08,BSI,1201.3,SYNTHETIC_DEMO
2021-05-08,BHSI,701.7,SYNTHETIC_DEMO
2021-05-09,BDI,1649.3,SYNTHETIC_DEMO
2021-05-09,BCI,2318.6,SYNTHETIC_DEMO
2021-05-09,BPI,1532.6,SYNTHETIC_DEMO
2021-05-09,BSI,1162.1,SYNTHETIC_DEMO
2021-05-09,BHSI,694.1,SYNTHETIC_DEMO
2021-05-10,BDI,1668.7,SYNTHETIC_DEMO
2021-05-10,BCI,2332.4,SYNTHETIC_DEMO
2021-05-10,BPI,1565.1,SYNTHETIC_DEMO
2021-05-10,BSI,1205.7,SYNTHETIC_DEMO
2021-05-10,BHSI,687.5,SYNTHETIC_DEMO
2021-05-11,BDI,1702.8,SYNTHETIC_DEMO
2021-05-11,BCI,2452.7,SYNTHETIC_DEMO
2021-05-11,BPI,1557.9,SYNTHETIC_DEMO
2021-05-11,BSI,1226.6,SYNTHETIC_DEMO
2021-05-11,BHSI,718.3,SYNTHETIC_DEMO
2021-05-12,BDI,1721.9,SYNTHETIC_DEMO
2021-05-12,BCI,2429.1,SYNTHETIC_DEMO
2021-05-12,BPI,1580.6,SYNTHETIC_DEMO
2021-05-12,BSI,1236.0,SYNTHETIC_DEMO
2021-05-12,BHSI,735.0,SYNTHETIC_DEMO
2021-05-13,BDI,1729.9,SYNTHETIC_DEMO
2021-05-13,BCI,2425.2,SYNTHETIC_DEMO
2021-05-13,BPI,1626.6,SYNTHETIC_DEMO
2021-05-13,BSI,1215.5,SYNTHETIC_DEMO
2021-05-13,BHSI,726.5,SYNTHETIC_DEMO
2021-05-14,BDI,1752.3,SYNTHETIC_DEMO
2021-05-14,BCI,2571.8,SYNTHETIC_DEMO
2021-05-14,BPI,1600.2,SYNTHETIC_DEMO
2021-05-14,BSI,1278.5,SYNTHETIC_DEMO
2021-05-14,BHSI,759.7,SYNTHETIC_DEMO
2021-05-15,BDI,1789.6,SYNTHETIC_DEMO
2021-05-15,BCI,2590.5,SYNTHETIC_DEMO
2021-05-15,BPI,1637.1,SYNTHETIC_DEMO
2021-05-15,BSI,1321.7,SYNTHETIC_DEMO
2021-05-15,BHSI,748.9,SYNTHETIC_DEMO
2021-05-16,BDI,1882.1,SYNTHETIC_DEMO
2021-05-16,BCI,2727.6,SYNTHETIC_DEMO
2021-05-16,BPI,1703.7,SYNTHETIC_DEMO
2021-05-16,BSI,1373.9,SYNTHETIC_DEMO
2021-05-16,BHSI,781.1,SYNTHETIC_DEMO
2021-05-17,BDI,1868.5,SYNTHETIC_DEMO
2021-05-17,BCI,2619.3,SYNTHETIC_DEMO
2021-05-17,BPI,1687.0,SYNTHETIC_DEMO
2021-05-17,BSI,1329.6,SYNTHETIC_DEMO
2021-05-17,BHSI,799.2,SYNTHETIC_DEMO
2021-05-18,BDI,1851.4,SYNTHETIC_DEMO
2021-05-18,BCI,2621.7,SYNTHETIC_DEMO
2021-05-18,BPI,1725.6,SYNTHETIC_DEMO
2021-05-18,BSI,1316.5,SYNTHETIC_DEMO
2021-05-18,BHSI,793.5,SYNTHETIC_DEMO
2021-05-19,BDI,1828.5,SYNTHETIC_DEMO
2021-05-19,BCI,2542.5,SYNTHETIC_DEMO
2021-05-19,BPI,1711.3,SYNTHETIC_DEMO
2021-05-19,BSI,1333.0,SYNTHETIC_DEMO
2021-05-19,BHSI,772.1,SYNTHETIC_DEMO
2021-05-20,BDI,1840.4,SYNTHETIC_DEMO
2021-05-20,BCI,2619.1,SYNTHETIC_DEMO
2021-05-20,BPI,1670.6,SYNTHETIC_DEMO
2021-05-20,BSI,1323.9,SYNTHETIC_DEMO
2021-05-20,BHSI,771.8,SYNTHETIC_DEMO
2021-05-21,BDI,1871.3,SYNTHETIC_DEMO
2021-05-21,BCI,2697.7,SYNTHETIC_DEMO
2021-05-21,BPI,1715.4,SYNTHETIC_DEMO
2021-05-21,BSI,1326.1,SYNTHETIC_DEMO
2021-05-21,BHSI,791.8,SYNTHETIC_DEMO
2021-05-22,BDI,1897.3,SYNTHETIC_DEMO
2021-05-22,BCI,2717.9,SYNTHETIC_DEMO
2021-05-22,BPI,1764.9,SYNTHETIC_DEMO
2021-05-22,BSI,1387.5,SYNTHETIC_DEMO
2021-05-22,BHSI,792.8,SYNTHETIC_DEMO
2021-05-23,BDI,1824.9,SYNTHETIC_DEMO
2021-05-23,BCI,2551.6,SYNTHETIC_DEMO
2021-05-23,BPI,1651.5,SYNTHETIC_DEMO
2021-05-23,BSI,1303.7,SYNTHETIC_DEMO
2021-05-23,BHSI,762.4,SYNTHETIC_DEMO
2021-05-24,BDI,1810.3,SYNTHETIC_DEMO
2021-05-24,BCI,2578.4,SYNTHETIC_DEMO
2021-05-24,BPI,1709.3,SYNTHETIC_DEMO
2021-05-24,BSI,1308.2,SYNTHETIC_DEMO
2021-05-24,BHSI,763.7,SYNTHETIC_DEMO
2021-05-25,BDI,1798.7,SYNTHETIC_DEMO
2021-05-25,BCI,2546.0,SYNTHETIC_DEMO
2021-05-25,BPI,1676.7,SYNTHETIC_DEMO
2021-05-25,BSI,1325.6,SYNTHETIC_DEMO
2021-05-25,BHSI,749.2,SYNTHETIC_DEMO
2021-05-26,BDI,1833.1,SYNTHETIC_DEMO
2021-05-26,BCI,2623.0,SYNTHETIC_DEMO
2021-05-26,BPI,1668.2,SYNTHETIC_DEMO
2021-05-26,BSI,1315.7,SYNTHETIC_DEMO
2021-05-26,BHSI,776.1,SYNTHETIC_DEMO
2021-05-27,BDI,1822.8,SYNTHETIC_DEMO
2021-05-27,BCI,2613.7,SYNTHETIC_DEMO
2021-05-27,BPI,1670.9,SYNTHETIC_DEMO
2021-05-27,BSI,1269.6,SYNTHETIC_DEMO
2021-05-27,BHSI,759.5,SYNTHETIC_DEMO
2021-05-28,BDI,1854.8,SYNTHETIC_DEMO
2021-05-28,BCI,2574.3,SYNTHETIC_DEMO
2021-05-28,BPI,1691.6,SYNTHETIC_DEMO
2021-05-28,BSI,1300.5,SYNTHETIC_DEMO
2021-05-28,BHSI,805.4,SYNTHETIC_DEMO
2021-05-29,BDI,1916.0,SYNTHETIC_DEMO
2021-05-29,BCI,2594.1,SYNTHETIC_DEMO
2021-05-29,BPI,1756.2,SYNTHETIC_DEMO
2021-05-29,BSI,1363.5,SYNTHETIC_DEMO
2021-05-29,BHSI,802.7,SYNTHETIC_DEMO
2021-05-30,BDI,1917.1,SYNTHETIC_DEMO
2021-05-30,BCI,2654.0,SYNTHETIC_DEMO
2021-05-30,BPI,1748.6,SYNTHETIC_DEMO
2021-05-30,BSI,1367.6,SYNTHETIC_DEMO
2021-05-30,BHSI,792.9,SYNTHETIC_DEMO
2021-05-31,BDI,1883.7,SYNTHETIC_DEMO
2021-05-31,BCI,2714.1,SYNTHETIC_DEMO
2021-05-31,BPI,1717.6,SYNTHETIC_DEMO
2021-05-31,BSI,1349.9,SYNTHETIC_DEMO
2021-05-31,BHSI,788.3,SYNTHETIC_DEMO
2021-06-01,BDI,1823.4,SYNTHETIC_DEMO
2021-06-01,BCI,2613.9,SYNTHETIC_DEMO
2021-06-01,BPI,1679.4,SYNTHETIC_DEMO
2021-06-01,BSI,1318.0,SYNTHETIC_DEMO
2021-06-01,BHSI,768.0,SYNTHETIC_DEMO
2021-06-02,BDI,1860.3,SYNTHETIC_DEMO
2021-06-02,BCI,2653.4,SYNTHETIC_DEMO
2021-06-02,BPI,1740.8,SYNTHETIC_DEMO
2021-06-02,BSI,1373.6,SYNTHETIC_DEMO
2021-06-02,BHSI,788.6,SYNTHETIC_DEMO
2021-06-03,BDI,1865.8,SYNTHETIC_DEMO
2021-06-03,BCI,2604.6,SYNTHETIC_DEMO
2021-06-03,BPI,1698.3,SYNTHETIC_DEMO
2021-06-03,BSI,1345.7,SYNTHETIC_DEMO
2021-06-03,BHSI,757.4,SYNTHETIC_DEMO
2021-06-04,BDI,1846.6,SYNTHETIC_DEMO
2021-06-04,BCI,2606.6,SYNTHETIC_DEMO
2021-06-04,BPI,1711.0,SYNTHETIC_DEMO
2021-06-04,BSI,1340.8,SYNTHETIC_DEMO
2021-06-04,BHSI,771.4,SYNTHETIC_DEMO
2021-06-05,BDI,1916.7,SYNTHETIC_DEMO
2021-06-05,BCI,2717.3,SYNTHETIC_DEMO
2021-06-05,BPI,1796.5,SYNTHETIC_DEMO
2021-06-05,BSI,1386.4,SYNTHETIC_DEMO
2021-06-05,BHSI,773.3,SYNTHETIC_DEMO
2021-06-06,BDI,1955.6,SYNTHETIC_DEMO
2021-06-06,BCI,2798.8,SYNTHETIC_DEMO
2021-06-06,BPI,1787.0,SYNTHETIC_DEMO
2021-06-06,BSI,1386.9,SYNTHETIC_DEMO
2021-06-06,BHSI,828.7,SYNTHETIC_DEMO
2021-06-07,BDI,1975.9,SYNTHETIC_DEMO
2021-06-07,BCI,2796.1,SYNTHETIC_DEMO
2021-06-07,BPI,1856.1,SYNTHETIC_DEMO
2021-06-07,BSI,1421.3,SYNTHETIC_DEMO
2021-06-07,BHSI,823.0,SYNTHETIC_DEMO
2021-06-08,BDI,1936.6,SYNTHETIC_DEMO
2021-06-08,BCI,2728.8,SYNTHETIC_DEMO
2021-06-08,BPI,1741.1,SYNTHETIC_DEMO
2021-06-08,BSI,1367.1,SYNTHETIC_DEMO
2021-06-08,BHSI,822.9,SYNTHETIC_DEMO
2021-06-09,BDI,1921.7,SYNTHETIC_DEMO
2021-06-09,BCI,2794.7,SYNTHETIC_DEMO
2021-06-09,BPI,1753.1,SYNTHETIC_DEMO
2021-06-09,BSI,1379.1,SYNTHETIC_DEMO
2021-06-09,BHSI,804.1,SYNTHETIC_DEMO
2021-06-10,BDI,1843.1,SYNTHETIC_DEMO
2021-06-10,BCI,2592.9,SYNTHETIC_DEMO
2021-06-10,BPI,1730.3,SYNTHETIC_DEMO
2021-06-10,BSI,1326.8,SYNTHETIC_DEMO
2021-06-10,BHSI,766.0,SYNTHETIC_DEMO
2021-06-11,BDI,1863.5,SYNTHETIC_DEMO
2021-06-11,BCI,2705.2,SYNTHETIC_DEMO
2021-06-11,BPI,1713.3,SYNTHETIC_DEMO
2021-06-11,BSI,1341.3,SYNTHETIC_DEMO
2021-06-11,BHSI,776.9,SYNTHETIC_DEMO
2021-06-12,BDI,1891.9,SYNTHETIC_DEMO
2021-06-12,BCI,2630.0,SYNTHETIC_DEMO
2021-06-12,BPI,1749.6,SYNTHETIC_DEMO
2021-06-12,BSI,1375.7,SYNTHETIC_DEMO
2021-06-12,BHSI,807.7,SYNTHETIC_DEMO
2021-06-13,BDI,1906.6,SYNTHETIC_DEMO
2021-06-13,BCI,2680.9,SYNTHETIC_DEMO
2021-06-13,BPI,1760.9,SYNTHETIC_DEMO
2021-06-13,BSI,1404.4,SYNTHETIC_DEMO
2021-06-13,BHSI,808.0,SYNTHETIC_DEMO
2021-06-14,BDI,1947.1,SYNTHETIC_DEMO
2021-06-14,BCI,2723.1,SYNTHETIC_DEMO
2021-06-14,BPI,1852.4,SYNTHETIC_DEMO
2021-06-14,BSI,1383.3,SYNTHETIC_DEMO
2021-06-14,BHSI,829.7,SYNTHETIC_DEMO
2021-06-15,BDI,1958.8,SYNTHETIC_DEMO
2021-06-15,BCI,2846.9,SYNTHETIC_DEMO
2021-06-15,BPI,1791.8,SYNTHETIC_DEMO
2021-06-15,BSI,1395.9,SYNTHETIC_DEMO
2021-06-15,BHSI,807.7,SYNTHETIC_DEMO
2021-06-16,BDI,1954.3,SYNTHETIC_DEMO
2021-06-16,BCI,2773.5,SYNTHETIC_DEMO
2021-06-16,BPI,1754.6,SYNTHETIC_DEMO
2021-06-16,BSI,1392.6,SYNTHETIC_DEMO
2021-06-16,BHSI,824.8,SYNTHETIC_DEMO
2021-06-17,BDI,1993.2,SYNTHETIC_DEMO
2021-06-17,BCI,2913.9,SYNTHETIC_DEMO
2021-06-17,BPI,1774.4,SYNTHETIC_DEMO
2021-06-17,BSI,1437.7,SYNTHETIC_DEMO
2021-06-17,BHSI,857.9,SYNTHETIC_DEMO
2021-06-18,BDI,1989.5,SYNTHETIC_DEMO
2021-06-18,BCI,2867.8,SYNTHETIC_DEMO
2021-06-18,BPI,1831.3,SYNTHETIC_DEMO
2021-06-18,BSI,1442.7,SYNTHETIC_DEMO
2021-06-18,BHSI,838.9,SYNTHETIC_DEMO
2021-06-19,BDI,1996.0,SYNTHETIC_DEMO
2021-06-19,BCI,2845.8,SYNTHETIC_DEMO
2021-06-19,BPI,1862.2,SYNTHETIC_DEMO
2021-06-19,BSI,1469.4,SYNTHETIC_DEMO
2021-06-19,BHSI,846.4,SYNTHETIC_DEMO
2021-06-20,BDI,2004.5,SYNTHETIC_DEMO
2021-06-20,BCI,2866.7,SYNTHETIC_DEMO
2021-06-20,BPI,1822.1,SYNTHETIC_DEMO
2021-06-20,BSI,1425.0,SYNTHETIC_DEMO
2021-06-20,BHSI,851.1,SYNTHETIC_DEMO
2021-06-21,BDI,2032.8,SYNTHETIC_DEMO
2021-06-21,BCI,2903.0,SYNTHETIC_DEMO
2021-06-21,BPI,1882.4,SYNTHETIC_DEMO
2021-06-21,BSI,1443.4,SYNTHETIC_DEMO
2021-06-21,BHSI,862.4,SYNTHETIC_DEMO
2021-06-22,BDI,2046.0,SYNTHETIC_DEMO
2021-06-22,BCI,2864.4,SYNTHETIC_DEMO
2021-06-22,BPI,1862.9,SYNTHETIC_DEMO
2021-06-22,BSI,1465.6,SYNTHETIC_DEMO
2021-06-22,BHSI,857.1,SYNTHETIC_DEMO
2021-06-23,BDI,2060.7,SYNTHETIC_DEMO
2021-06-23,BCI,2854.0,SYNTHETIC_DEMO
2021-06-23,BPI,1862.3,SYNTHETIC_DEMO
2021-06-23,BSI,1502.6,SYNTHETIC_DEMO
2021-06-23,BHSI,870.9,SYNTHETIC_DEMO
2021-06-24,BDI,1978.7,SYNTHETIC_DEMO
2021-06-24,BCI,2870.1,SYNTHETIC_DEMO
2021-06-24,BPI,1807.8,SYNTHETIC_DEMO
2021-06-24,BSI,1425.8,SYNTHETIC_DEMO
2021-06-24,BHSI,821.6,SYNTHETIC_DEMO
2021-06-25,BDI,1957.0,SYNTHETIC_DEMO
2021-06-25,BCI,2813.7,SYNTHETIC_DEMO
2021-06-25,BPI,1796.4,SYNTHETIC_DEMO
2021-06-25,BSI,1431.7,SYNTHETIC_DEMO
2021-06-25,BHSI,837.9,SYNTHETIC_DEMO
2021-06-26,BDI,1911.2,SYNTHETIC_DEMO
2021-06-26,BCI,2701.0,SYNTHETIC_DEMO
2021-06-26,BPI,1786.2,SYNTHETIC_DEMO
2021-06-26,BSI,1360.1,SYNTHETIC_DEMO
2021-06-26,BHSI,805.3,SYNTHETIC_DEMO
2021-06-27,BDI,1965.7,SYNTHETIC_DEMO
2021-06-27,BCI,2783.5,SYNTHETIC_DEMO
2021-06-27,BPI,1826.1,SYNTHETIC_DEMO
2021-06-27,BSI,1412.6,SYNTHETIC_DEMO
2021-06-27,BHSI,813.6,SYNTHETIC_DEMO
2021-06-28,BDI,1931.0,SYNTHETIC_DEMO
2021-06-28,BCI,2698.6,SYNTHETIC_DEMO
2021-06-28,BPI,1769.3,SYNTHETIC_DEMO
2021-06-28,BSI,1371.0,SYNTHETIC_DEMO
2021-06-28,BHSI,830.7,SYNTHETIC_DEMO
2021-06-29,BDI,1918.2,SYNTHETIC_DEMO
2021-06-29,BCI,2758.9,SYNTHETIC_DEMO
2021-06-29,BPI,1762.9,SYNTHETIC_DEMO
2021-06-29,BSI,1374.3,SYNTHETIC_DEMO
2021-06-29,BHSI,831.6,SYNTHETIC_DEMO
2021-06-30,BDI,1993.7,SYNTHETIC_DEMO
2021-06-30,BCI,2871.4,SYNTHETIC_DEMO
2021-06-30,BPI,1831.9,SYNTHETIC_DEMO
2021-06-30,BSI,1423.3,SYNTHETIC_DEMO
2021-06-30,BHSI,838.3,SYNTHETIC_DEMO
2021-07-01,BDI,2003.4,SYNTHETIC_DEMO
2021-07-01,BCI,2842.6,SYNTHETIC_DEMO
2021-07-01,BPI,1791.2,SYNTHETIC_DEMO
2021-07-01,BSI,1419.9,SYNTHETIC_DEMO
2021-07-01,BHSI,823.3,SYNTHETIC_DEMO
2021-07-02,BDI,2068.9,SYNTHETIC_DEMO
2021-07-02,BCI,2877.7,SYNTHETIC_DEMO
2021-07-02,BPI,1858.7,SYNTHETIC_DEMO
2021-07-02,BSI,1498.2,SYNTHETIC_DEMO
2021-07-02,BHSI,874.4,SYNTHETIC_DEMO
2021-07-03,BDI,2044.4,SYNTHETIC_DEMO
2021-07-03,BCI,2897.3,SYNTHETIC_DEMO
2021-07-03,BPI,1870.4,SYNTHETIC_DEMO
2021-07-03,BSI,1504.8,SYNTHETIC_DEMO
2021-07-03,BHSI,836.4,SYNTHETIC_DEMO
2021-07-04,BDI,1971.1,SYNTHETIC_DEMO
2021-07-04,BCI,2786.5,SYNTHETIC_DEMO
2021-07-04,BPI,1795.3,SYNTHETIC_DEMO
2021-07-04,BSI,1414.4,SYNTHETIC_DEMO
2021-07-04,BHSI,809.6,SYNTHETIC_DEMO
2021-07-05,BDI,2013.4,SYNTHETIC_DEMO
2021-07-05,BCI,2872.9,SYNTHETIC_DEMO
2021-07-05,BPI,1886.9,SYNTHETIC_DEMO
2021-07-05,BSI,1419.0,SYNTHETIC_DEMO
2021-07-05,BHSI,857.3,SYNTHETIC_DEMO
2021-07-06,BDI,2026.7,SYNTHETIC_DEMO
2021-07-06,BCI,2867.9,SYNTHETIC_DEMO
2021-07-06,BPI,1844.4,SYNTHETIC_DEMO
2021-07-06,BSI,1444.3,SYNTHETIC_DEMO
2021-07-06,BHSI,853.8,SYNTHETIC_DEMO
2021-07-07,BDI,2014.9,SYNTHETIC_DEMO
2021-07-07,BCI,2821.1,SYNTHETIC_DEMO
2021-07-07,BPI,1823.0,SYNTHETIC_DEMO
2021-07-07,BSI,1448.4,SYNTHETIC_DEMO
2021-07-07,BHSI,840.6,SYNTHETIC_DEMO
2021-07-08,BDI,1986.4,SYNTHETIC_DEMO
2021-07-08,BCI,2753.6,SYNTHETIC_DEMO
2021-07-08,BPI,1853.6,SYNTHETIC_DEMO
2021-07-08,BSI,1425.6,SYNTHETIC_DEMO
2021-07-08,BHSI,859.1,SYNTHETIC_DEMO
2021-07-09,BDI,2016.0,SYNTHETIC_DEMO
2021-07-09,BCI,2827.5,SYNTHETIC_DEMO
2021-07-09,BPI,1801.5,SYNTHETIC_DEMO
2021-07-09,BSI,1467.5,SYNTHETIC_DEMO
2021-07-09,BHSI,841.4,SYNTHETIC_DEMO
2021-07-10,BDI,2008.7,SYNTHETIC_DEMO
2021-07-10,BCI,2830.7,SYNTHETIC_DEMO
2021-07-10,BPI,1882.4,SYNTHETIC_DEMO
2021-07-10,BSI,1420.3,SYNTHETIC_DEMO
2021-07-10,BHSI,844.0,SYNTHETIC_DEMO
2021-07-11,BDI,2025.1,SYNTHETIC_DEMO
2021-07-11,BCI,2897.1,SYNTHETIC_DEMO
2021-07-11,BPI,1835.0,SYNTHETIC_DEMO
2021-07-11,BSI,1461.5,SYNTHETIC_DEMO
2021-07-11,BHSI,872.8,SYNTHETIC_DEMO
2021-07-12,BDI,2020.6,SYNTHETIC_DEMO
2021-07-12,BCI,2882.2,SYNTHETIC_DEMO
2021-07-12,BPI,1847.9,SYNTHETIC_DEMO
2021-07-12,BSI,1435.9,SYNTHETIC_DEMO
2021-07-12,BHSI,847.8,SYNTHETIC_DEMO
2021-07-13,BDI,2010.4,SYNTHETIC_DEMO
2021-07-13,BCI,2845.6,SYNTHETIC_DEMO
2021-07-13,BPI,1848.3,SYNTHETIC_DEMO
2021-07-13,BSI,1434.2,SYNTHETIC_DEMO
2021-07-13,BHSI,840.8,SYNTHETIC_DEMO
2021-07-14,BDI,2029.2,SYNTHETIC_DEMO
2021-07-14,BCI,2877.1,SYNTHETIC_DEMO
2021-07-14,BPI,1854.8,SYNTHETIC_DEMO
2021-07-14,BSI,1445.6,SYNTHETIC_DEMO
2021-07-14,BHSI,864.6,SYNTHETIC_DEMO
2021-07-15,BDI,2073.1,SYNTHETIC_DEMO
2021-07-15,BCI,2939.7,SYNTHETIC_DEMO
2021-07-15,BPI,1915.6,SYNTHETIC_DEMO
2021-07-15,BSI,1483.9,SYNTHETIC_DEMO
2021-07-15,BHSI,853.0,SYNTHETIC_DEMO
2021-07-16,BDI,2104.5,SYNTHETIC_DEMO
2021-07-16,BCI,2985.1,SYNTHETIC_DEMO
2021-07-16,BPI,1921.4,SYNTHETIC_DEMO
2021-07-16,BSI,1534.2,SYNTHETIC_DEMO
2021-07-16,BHSI,888.0,SYNTHETIC_DEMO
2021-07-17,BDI,2075.6,SYNTHETIC_DEMO
2021-07-17,BCI,3006.9,SYNTHETIC_DEMO
2021-07-17,BPI,1936.4,SYNTHETIC_DEMO
2021-07-17,BSI,1492.8,SYNTHETIC_DEMO
2021-07-17,BHSI,880.8,SYNTHETIC_DEMO
2021-07-18,BDI,2023.7,SYNTHETIC_DEMO
2021-07-18,BCI,2897.6,SYNTHETIC_DEMO
2021-07-18,BPI,1863.8,SYNTHETIC_DEMO
2021-07-18,BSI,1471.4,SYNTHETIC_DEMO
2021-07-18,BHSI,852.5,SYNTHETIC_DEMO
2021-07-19,BDI,2031.5,SYNTHETIC_DEMO
2021-07-19,BCI,2816.5,SYNTHETIC_DEMO
2021-07-19,BPI,1889.0,SYNTHETIC_DEMO
2021-07-19,BSI,1447.0,SYNTHETIC_DEMO
2021-07-19,BHSI,865.9,SYNTHETIC_DEMO
2021-07-20,BDI,1972.0,SYNTHETIC_DEMO
2021-07-20,BCI,2839.4,SYNTHETIC_DEMO
2021-07-20,BPI,1800.5,SYNTHETIC_DEMO
2021-07-20,BSI,1406.4,SYNTHETIC_DEMO
2021-07-20,BHSI,819.3,SYNTHETIC_DEMO
2021-07-21,BDI,1979.8,SYNTHETIC_DEMO
2021-07-21,BCI,2857.8,SYNTHETIC_DEMO
2021-07-21,BPI,1817.1,SYNTHETIC_DEMO
2021-07-21,BSI,1405.9,SYNTHETIC_DEMO
2021-07-21,BHSI,854.5,SYNTHETIC_DEMO
2021-07-22,BDI,1981.4,SYNTHETIC_DEMO
2021-07-22,BCI,2843.9,SYNTHETIC_DEMO
2021-07-22,BPI,1834.4,SYNTHETIC_DEMO
2021-07-22,BSI,1459.6,SYNTHETIC_DEMO
2021-07-22,BHSI,823.4,SYNTHETIC_DEMO
2021-07-23,BDI,2010.9,SYNTHETIC_DEMO
2021-07-23,BCI,2869.3,SYNTHETIC_DEMO
2021-07-23,BPI,1849.0,SYNTHETIC_DEMO
2021-07-23,BSI,1474.7,SYNTHETIC_DEMO
2021-07-23,BHSI,855.1,SYNTHETIC_DEMO
2021-07-24,BDI,2028.3,SYNTHETIC_DEMO
2021-07-24,BCI,2871.4,SYNTHETIC_DEMO
2021-07-24,BPI,1827.3,SYNTHETIC_DEMO
2021-07-24,BSI,1458.9,SYNTHETIC_DEMO
2021-07-24,BHSI,854.5,SYNTHETIC_DEMO
2021-07-25,BDI,2044.0,SYNTHETIC_DEMO
2021-07-25,BCI,2925.7,SYNTHETIC_DEMO
2021-07-25,BPI,1920.4,SYNTHETIC_DEMO
2021-07-25,BSI,1482.1,SYNTHETIC_DEMO
2021-07-25,BHSI,870.3,SYNTHETIC_DEMO
2021-07-26,BDI,2055.1,SYNTHETIC_DEMO
2021-07-26,BCI,2885.4,SYNTHETIC_DEMO
2021-07-26,BPI,1901.6,SYNTHETIC_DEMO
2021-07-26,BSI,1499.6,SYNTHETIC_DEMO
2021-07-26,BHSI,865.5,SYNTHETIC_DEMO
2021-07-27,BDI,2046.6,SYNTHETIC_DEMO
2021-07-27,BCI,2883.6,SYNTHETIC_DEMO
2021-07-27,BPI,1926.2,SYNTHETIC_DEMO
2021-07-27,BSI,1503.8,SYNTHETIC_DEMO
2021-07-27,BHSI,840.6,SYNTHETIC_DEMO
2021-07-28,BDI,2049.9,SYNTHETIC_DEMO
2021-07-28,BCI,2970.2,SYNTHETIC_DEMO
2021-07-28,BPI,1870.4,SYNTHETIC_DEMO
2021-07-28,BSI,1440.4,SYNTHETIC_DEMO
2021-07-28,BHSI,857.3,SYNTHETIC_DEMO
2021-07-29,BDI,2066.8,SYNTHETIC_DEMO
2021-07-29,BCI,2942.1,SYNTHETIC_DEMO
2021-07-29,BPI,1860.8,SYNTHETIC_DEMO
2021-07-29,BSI,1515.8,SYNTHETIC_DEMO
2021-07-29,BHSI,859.0,SYNTHETIC_DEMO
2021-07-30,BDI,2071.0,SYNTHETIC_DEMO
2021-07-30,BCI,2879.9,SYNTHETIC_DEMO
2021-07-30,BPI,1925.6,SYNTHETIC_DEMO
2021-07-30,BSI,1493.9,SYNTHETIC_DEMO
2021-07-30,BHSI,885.4,SYNTHETIC_DEMO
2021-07-31,BDI,2057.1,SYNTHETIC_DEMO
2021-07-31,BCI,2888.4,SYNTHETIC_DEMO
2021-07-31,BPI,1938.5,SYNTHETIC_DEMO
2021-07-31,BSI,1474.8,SYNTHETIC_DEMO
2021-07-31,BHSI,852.7,SYNTHETIC_DEMO
2021-08-01,BDI,2080.2,SYNTHETIC_DEMO
2021-08-01,BCI,2978.5,SYNTHETIC_DEMO
2021-08-01,BPI,1885.5,SYNTHETIC_DEMO
2021-08-01,BSI,1480.3,SYNTHETIC_DEMO
2021-08-01,BHSI,882.0,SYNTHETIC_DEMO
2021-08-02,BDI,2091.1,SYNTHETIC_DEMO
2021-08-02,BCI,2944.4,SYNTHETIC_DEMO
2021-08-02,BPI,1905.6,SYNTHETIC_DEMO
2021-08-02,BSI,1511.1,SYNTHETIC_DEMO
2021-08-02,BHSI,875.4,SYNTHETIC_DEMO
2021-08-03,BDI,2080.6,SYNTHETIC_DEMO
2021-08-03,BCI,2895.6,SYNTHETIC_DEMO
2021-08-03,BPI,1932.1,SYNTHETIC_DEMO
2021-08-03,BSI,1524.8,SYNTHETIC_DEMO
2021-08-03,BHSI,863.5,SYNTHETIC_DEMO
2021-08-04,BDI,2060.2,SYNTHETIC_DEMO
2021-08-04,BCI,2952.7,SYNTHETIC_DEMO
2021-08-04,BPI,1898.4,SYNTHETIC_DEMO
2021-08-04,BSI,1467.6,SYNTHETIC_DEMO
2021-08-04,BHSI,878.1,SYNTHETIC_DEMO
2021-08-05,BDI,2042.7,SYNTHETIC_DEMO
2021-08-05,BCI,2908.0,SYNTHETIC_DEMO
2021-08-05,BPI,1873.5,SYNTHETIC_DEMO
2021-08-05,BSI,1478.8,SYNTHETIC_DEMO
2021-08-05,BHSI,862.1,SYNTHETIC_DEMO
2021-08-06,BDI,2013.4,SYNTHETIC_DEMO
2021-08-06,BCI,2887.9,SYNTHETIC_DEMO
2021-08-06,BPI,1858.2,SYNTHETIC_DEMO
2021-08-06,BSI,1455.8,SYNTHETIC_DEMO
2021-08-06,BHSI,843.4,SYNTHETIC_DEMO
2021-08-07,BDI,2005.1,SYNTHETIC_DEMO
2021-08-07,BCI,2849.9,SYNTHETIC_DEMO
2021-08-07,BPI,1840.0,SYNTHETIC_DEMO
2021-08-07,BSI,1470.1,SYNTHETIC_DEMO
2021-08-07,BHSI,827.6,SYNTHETIC_DEMO
2021-08-08,BDI,2026.0,SYNTHETIC_DEMO
2021-08-08,BCI,2835.3,SYNTHETIC_DEMO
2021-08-08,BPI,1896.9,SYNTHETIC_DEMO
2021-08-08,BSI,1462.0,SYNTHETIC_DEMO
2021-08-08,BHSI,839.1,SYNTHETIC_DEMO
2021-08-09,BDI,1965.8,SYNTHETIC_DEMO
2021-08-09,BCI,2807.0,SYNTHETIC_DEMO
2021-08-09,BPI,1793.3,SYNTHETIC_DEMO
2021-08-09,BSI,1410.6,SYNTHETIC_DEMO
2021-08-09,BHSI,849.1,SYNTHETIC_DEMO
2021-08-10,BDI,1953.8,SYNTHETIC_DEMO
2021-08-10,BCI,2757.7,SYNTHETIC_DEMO
2021-08-10,BPI,1815.4,SYNTHETIC_DEMO
2021-08-10,BSI,1395.1,SYNTHETIC_DEMO
2021-08-10,BHSI,835.6,SYNTHETIC_DEMO
2021-08-11,BDI,1894.7,SYNTHETIC_DEMO
2021-08-11,BCI,2737.1,SYNTHETIC_DEMO
2021-08-11,BPI,1706.4,SYNTHETIC_DEMO
2021-08-11,BSI,1348.7,SYNTHETIC_DEMO
2021-08-11,BHSI,776.5,SYNTHETIC_DEMO
2021-08-12,BDI,1873.0,SYNTHETIC_DEMO
2021-08-12,BCI,2692.9,SYNTHETIC_DEMO
2021-08-12,BPI,1714.8,SYNTHETIC_DEMO
2021-08-12,BSI,1315.0,SYNTHETIC_DEMO
2021-08-12,BHSI,794.2,SYNTHETIC_DEMO
2021-08-13,BDI,1879.9,SYNTHETIC_DEMO
2021-08-13,BCI,2625.4,SYNTHETIC_DEMO
2021-08-13,BPI,1694.1,SYNTHETIC_DEMO
2021-08-13,BSI,1326.8,SYNTHETIC_DEMO
2021-08-13,BHSI,780.2,SYNTHETIC_DEMO
2021-08-14,BDI,1917.0,SYNTHETIC_DEMO
2021-08-14,BCI,2751.4,SYNTHETIC_DEMO
2021-08-14,BPI,1785.1,SYNTHETIC_DEMO
2021-08-14,BSI,1353.6,SYNTHETIC_DEMO
2021-08-14,BHSI,809.5,SYNTHETIC_DEMO
2021-08-15,BDI,1939.7,SYNTHETIC_DEMO
2021-08-15,BCI,2714.6,SYNTHETIC_DEMO
2021-08-15,BPI,1800.0,SYNTHETIC_DEMO
2021-08-15,BSI,1394.6,SYNTHETIC_DEMO
2021-08-15,BHSI,826.1,SYNTHETIC_DEMO
2021-08-16,BDI,1865.5,SYNTHETIC_DEMO
2021-08-16,BCI,2723.2,SYNTHETIC_DEMO
2021-08-16,BPI,1748.7,SYNTHETIC_DEMO
2021-08-16,BSI,1348.5,SYNTHETIC_DEMO
2021-08-16,BHSI,771.6,SYNTHETIC_DEMO
2021-08-17,BDI,1896.9,SYNTHETIC_DEMO
2021-08-17,BCI,2696.2,SYNTHETIC_DEMO
2021-08-17,BPI,1789.5,SYNTHETIC_DEMO
2021-08-17,BSI,1362.4,SYNTHETIC_DEMO
2021-08-17,BHSI,793.3,SYNTHETIC_DEMO
2021-08-18,BDI,1819.5,SYNTHETIC_DEMO
2021-08-18,BCI,2550.7,SYNTHETIC_DEMO
2021-08-18,BPI,1659.2,SYNTHETIC_DEMO
2021-08-18,BSI,1299.0,SYNTHETIC_DEMO
2021-08-18,BHSI,765.3,SYNTHETIC_DEMO
2021-08-19,BDI,1808.4,SYNTHETIC_DEMO
2021-08-19,BCI,2509.1,SYNTHETIC_DEMO
2021-08-19,BPI,1650.0,SYNTHETIC_DEMO
2021-08-19,BSI,1264.0,SYNTHETIC_DEMO
2021-08-19,BHSI,767.8,SYNTHETIC_DEMO
2021-08-20,BDI,1789.2,SYNTHETIC_DEMO
2021-08-20,BCI,2601.0,SYNTHETIC_DEMO
2021-08-20,BPI,1593.0,SYNTHETIC_DEMO
2021-08-20,BSI,1292.1,SYNTHETIC_DEMO
2021-08-20,BHSI,734.2,SYNTHETIC_DEMO
2021-08-21,BDI,1771.8,SYNTHETIC_DEMO
2021-08-21,BCI,2453.0,SYNTHETIC_DEMO
2021-08-21,BPI,1629.6,SYNTHETIC_DEMO
2021-08-21,BSI,1287.0,SYNTHETIC_DEMO
2021-08-21,BHSI,733.1,SYNTHETIC_DEMO
2021-08-22,BDI,1791.6,SYNTHETIC_DEMO
2021-08-22,BCI,2576.1,SYNTHETIC_DEMO
2021-08-22,BPI,1667.8,SYNTHETIC_DEMO
2021-08-22,BSI,1276.5,SYNTHETIC_DEMO
2021-08-22,BHSI,765.8,SYNTHETIC_DEMO
2021-08-23,BDI,1820.9,SYNTHETIC_DEMO
2021-08-23,BCI,2580.8,SYNTHETIC_DEMO
2021-08-23,BPI,1654.3,SYNTHETIC_DEMO
2021-08-23,BSI,1320.3,SYNTHETIC_DEMO
2021-08-23,BHSI,749.1,SYNTHETIC_DEMO
2021-08-24,BDI,1858.0,SYNTHETIC_DEMO
2021-08-24,BCI,2661.5,SYNTHETIC_DEMO
2021-08-24,BPI,1687.6,SYNTHETIC_DEMO
2021-08-24,BSI,1328.0,SYNTHETIC_DEMO
2021-08-24,BHSI,778.4,SYNTHETIC_DEMO
2021-08-25,BDI,1930.4,SYNTHETIC_DEMO
2021-08-25,BCI,2802.3,SYNTHETIC_DEMO
2021-08-25,BPI,1754.0,SYNTHETIC_DEMO
2021-08-25,BSI,1379.0,SYNTHETIC_DEMO
2021-08-25,BHSI,783.2,SYNTHETIC_DEMO
2021-08-26,BDI,1922.1,SYNTHETIC_DEMO
2021-08-26,BCI,2662.0,SYNTHETIC_DEMO
2021-08-26,BPI,1764.3,SYNTHETIC_DEMO
2021-08-26,BSI,1356.3,SYNTHETIC_DEMO
2021-08-26,BHSI,817.5,SYNTHETIC_DEMO
2021-08-27,BDI,1859.7,SYNTHETIC_DEMO
2021-08-27,BCI,2648.9,SYNTHETIC_DEMO
2021-08-27,BPI,1743.3,SYNTHETIC_DEMO
2021-08-27,BSI,1296.6,SYNTHETIC_DEMO
2021-08-27,BHSI,774.5,SYNTHETIC_DEMO
2021-08-28,BDI,1813.9,SYNTHETIC_DEMO
2021-08-28,BCI,2497.7,SYNTHETIC_DEMO
2021-08-28,BPI,1689.3,SYNTHETIC_DEMO
2021-08-28,BSI,1285.5,SYNTHETIC_DEMO
2021-08-28,BHSI,764.7,SYNTHETIC_DEMO
2021-08-29,BDI,1828.5,SYNTHETIC_DEMO
2021-08-29,BCI,2556.3,SYNTHETIC_DEMO
2021-08-29,BPI,1720.4,SYNTHETIC_DEMO
2021-08-29,BSI,1299.0,SYNTHETIC_DEMO
2021-08-29,BHSI,766.8,SYNTHETIC_DEMO
2021-08-30,BDI,1854.7,SYNTHETIC_DEMO
2021-08-30,BCI,2639.0,SYNTHETIC_DEMO
2021-08-30,BPI,1674.1,SYNTHETIC_DEMO
2021-08-30,BSI,1346.9,SYNTHETIC_DEMO
2021-08-30,BHSI,755.4,SYNTHETIC_DEMO
2021-08-31,BDI,1879.0,SYNTHETIC_DEMO
2021-08-31,BCI,2757.4,SYNTHETIC_DEMO
2021-08-31,BPI,1711.3,SYNTHETIC_DEMO
2021-08-31,BSI,1359.8,SYNTHETIC_DEMO
2021-08-31,BHSI,789.3,SYNTHETIC_DEMO
2021-09-01,BDI,1824.3,SYNTHETIC_DEMO
2021-09-01,BCI,2564.4,SYNTHETIC_DEMO
2021-09-01,BPI,1689.1,SYNTHETIC_DEMO
2021-09-01,BSI,1322.8,SYNTHETIC_DEMO
2021-09-01,BHSI,763.8,SYNTHETIC_DEMO
2021-09-02,BDI,1804.8,SYNTHETIC_DEMO
2021-09-02,BCI,2538.0,SYNTHETIC_DEMO
2021-09-02,BPI,1639.0,SYNTHETIC_DEMO
2021-09-02,BSI,1270.4,SYNTHETIC_DEMO
2021-09-02,BHSI,745.1,SYNTHETIC_DEMO
2021-09-03,BDI,1834.7,SYNTHETIC_DEMO
2021-09-03,BCI,2631.0,SYNTHETIC_DEMO
2021-09-03,BPI,1689.2,SYNTHETIC_DEMO
2021-09-03,BSI,1321.2,SYNTHETIC_DEMO
2021-09-03,BHSI,759.7,SYNTHETIC_DEMO
2021-09-04,BDI,1906.4,SYNTHETIC_DEMO
2021-09-04,BCI,2671.5,SYNTHETIC_DEMO
2021-09-04,BPI,1767.3,SYNTHETIC_DEMO
2021-09-04,BSI,1360.3,SYNTHETIC_DEMO
2021-09-04,BHSI,804.3,SYNTHETIC_DEMO
2021-09-05,BDI,1924.3,SYNTHETIC_DEMO
2021-09-05,BCI,2715.9,SYNTHETIC_DEMO
2021-09-05,BPI,1784.3,SYNTHETIC_DEMO
2021-09-05,BSI,1401.7,SYNTHETIC_DEMO
2021-09-05,BHSI,805.1,SYNTHETIC_DEMO
2021-09-06,BDI,1888.6,SYNTHETIC_DEMO
2021-09-06,BCI,2677.9,SYNTHETIC_DEMO
2021-09-06,BPI,1735.1,SYNTHETIC_DEMO
2021-09-06,BSI,1352.7,SYNTHETIC_DEMO
2021-09-06,BHSI,792.0,SYNTHETIC_DEMO
2021-09-07,BDI,1836.6,SYNTHETIC_DEMO
2021-09-07,BCI,2609.5,SYNTHETIC_DEMO
2021-09-07,BPI,1665.5,SYNTHETIC_DEMO
2021-09-07,BSI,1347.6,SYNTHETIC_DEMO
2021-09-07,BHSI,763.9,SYNTHETIC_DEMO
2021-09-08,BDI,1834.1,SYNTHETIC_DEMO
2021-09-08,BCI,2623.2,SYNTHETIC_DEMO
2021-09-08,BPI,1659.9,SYNTHETIC_DEMO
2021-09-08,BSI,1290.2,SYNTHETIC_DEMO
2021-09-08,BHSI,758.9,SYNTHETIC_DEMO
2021-09-09,BDI,1810.9,SYNTHETIC_DEMO
2021-09-09,BCI,2505.5,SYNTHETIC_DEMO
2021-09-09,BPI,1648.3,SYNTHETIC_DEMO
2021-09-09,BSI,1295.0,SYNTHETIC_DEMO
2021-09-09,BHSI,757.7,SYNTHETIC_DEMO
2021-09-10,BDI,1868.1,SYNTHETIC_DEMO
2021-09-10,BCI,2682.9,SYNTHETIC_DEMO
2021-09-10,BPI,1754.5,SYNTHETIC_DEMO
2021-09-10,BSI,1328.5,SYNTHETIC_DEMO
2021-09-10,BHSI,797.4,SYNTHETIC_DEMO
2021-09-11,BDI,1913.4,SYNTHETIC_DEMO
2021-09-11,BCI,2732.7,SYNTHETIC_DEMO
2021-09-11,BPI,1797.6,SYNTHETIC_DEMO
2021-09-11,BSI,1401.7,SYNTHETIC_DEMO
2021-09-11,BHSI,804.7,SYNTHETIC_DEMO
2021-09-12,BDI,1925.4,SYNTHETIC_DEMO
2021-09-12,BCI,2764.8,SYNTHETIC_DEMO
2021-09-12,BPI,1809.1,SYNTHETIC_DEMO
2021-09-12,BSI,1351.9,SYNTHETIC_DEMO
2021-09-12,BHSI,805.8,SYNTHETIC_DEMO
2021-09-13,BDI,1889.3,SYNTHETIC_DEMO
2021-09-13,BCI,2688.8,SYNTHETIC_DEMO
2021-09-13,BPI,1730.0,SYNTHETIC_DEMO
2021-09-13,BSI,1331.3,SYNTHETIC_DEMO
2021-09-13,BHSI,798.6,SYNTHETIC_DEMO
2021-09-14,BDI,1889.9,SYNTHETIC_DEMO
2021-09-14,BCI,2649.2,SYNTHETIC_DEMO
2021-09-14,BPI,1683.5,SYNTHETIC_DEMO
2021-09-14,BSI,1357.9,SYNTHETIC_DEMO
2021-09-14,BHSI,797.7,SYNTHETIC_DEMO
2021-09-15,BDI,1873.0,SYNTHETIC_DEMO
2021-09-15,BCI,2554.7,SYNTHETIC_DEMO
2021-09-15,BPI,1717.5,SYNTHETIC_DEMO
2021-09-15,BSI,1353.0,SYNTHETIC_DEMO
2021-09-15,BHSI,779.1,SYNTHETIC_DEMO
2021-09-16,BDI,1852.8,SYNTHETIC_DEMO
2021-09-16,BCI,2603.3,SYNTHETIC_DEMO
2021-09-16,BPI,1690.8,SYNTHETIC_DEMO
2021-09-16,BSI,1321.0,SYNTHETIC_DEMO
2021-09-16,BHSI,770.0,SYNTHETIC_DEMO
2021-09-17,BDI,1911.6,SYNTHETIC_DEMO
2021-09-17,BCI,2679.7,SYNTHETIC_DEMO
2021-09-17,BPI,1785.2,SYNTHETIC_DEMO
2021-09-17,BSI,1369.6,SYNTHETIC_DEMO
2021-09-17,BHSI,794.4,SYNTHETIC_DEMO
2021-09-18,BDI,1883.0,SYNTHETIC_DEMO
2021-09-18,BCI,2663.2,SYNTHETIC_DEMO
2021-09-18,BPI,1766.8,SYNTHETIC_DEMO
2021-09-18,BSI,1366.1,SYNTHETIC_DEMO
2021-09-18,BHSI,774.3,SYNTHETIC_DEMO
2021-09-19,BDI,1797.2,SYNTHETIC_DEMO
2021-09-19,BCI,2524.4,SYNTHETIC_DEMO
2021-09-19,BPI,1614.9,SYNTHETIC_DEMO
2021-09-19,BSI,1293.6,SYNTHETIC_DEMO
2021-09-19,BHSI,763.9,SYNTHETIC_DEMO
2021-09-20,BDI,1722.4,SYNTHETIC_DEMO
2021-09-20,BCI,2344.5,SYNTHETIC_DEMO
2021-09-20,BPI,1577.1,SYNTHETIC_DEMO
2021-09-20,BSI,1232.2,SYNTHETIC_DEMO
2021-09-20,BHSI,719.8,SYNTHETIC_DEMO
2021-09-21,BDI,1751.8,SYNTHETIC_DEMO
2021-09-21,BCI,2525.0,SYNTHETIC_DEMO
2021-09-21,BPI,1650.9,SYNTHETIC_DEMO
2021-09-21,BSI,1265.1,SYNTHETIC_DEMO
2021-09-21,BHSI,759.4,SYNTHETIC_DEMO
2021-09-22,BDI,1737.8,SYNTHETIC_DEMO
2021-09-22,BCI,2490.1,SYNTHETIC_DEMO
2021-09-22,BPI,1583.6,SYNTHETIC_DEMO
2021-09-22,BSI,1222.2,SYNTHETIC_DEMO
2021-09-22,BHSI,723.6,SYNTHETIC_DEMO
2021-09-23,BDI,1750.3,SYNTHETIC_DEMO
2021-09-23,BCI,2381.5,SYNTHETIC_DEMO
2021-09-23,BPI,1613.6,SYNTHETIC_DEMO
2021-09-23,BSI,1271.0,SYNTHETIC_DEMO
2021-09-23,BHSI,746.1,SYNTHETIC_DEMO
2021-09-24,BDI,1709.9,SYNTHETIC_DEMO
2021-09-24,BCI,2404.7,SYNTHETIC_DEMO
2021-09-24,BPI,1596.5,SYNTHETIC_DEMO
2021-09-24,BSI,1210.2,SYNTHETIC_DEMO
2021-09-24,BHSI,714.5,SYNTHETIC_DEMO
2021-09-25,BDI,1727.3,SYNTHETIC_DEMO
2021-09-25,BCI,2450.1,SYNTHETIC_DEMO
2021-09-25,BPI,1608.7,SYNTHETIC_DEMO
2021-09-25,BSI,1256.4,SYNTHETIC_DEMO
2021-09-25,BHSI,725.4,SYNTHETIC_DEMO
2021-09-26,BDI,1655.2,SYNTHETIC_DEMO
2021-09-26,BCI,2294.9,SYNTHETIC_DEMO
2021-09-26,BPI,1536.6,SYNTHETIC_DEMO
2021-09-26,BSI,1185.3,SYNTHETIC_DEMO
2021-09-26,BHSI,691.4,SYNTHETIC_DEMO
2021-09-27,BDI,1633.6,SYNTHETIC_DEMO
2021-09-27,BCI,2304.5,SYNTHETIC_DEMO
2021-09-27,BPI,1494.1,SYNTHETIC_DEMO
2021-09-27,BSI,1171.5,SYNTHETIC_DEMO
2021-09-27,BHSI,681.5,SYNTHETIC_DEMO
2021-09-28,BDI,1642.9,SYNTHETIC_DEMO
2021-09-28,BCI,2252.7,SYNTHETIC_DEMO
2021-09-28,BPI,1528.4,SYNTHETIC_DEMO
2021-09-28,BSI,1203.9,SYNTHETIC_DEMO
2021-09-28,BHSI,704.4,SYNTHETIC_DEMO
2021-09-29,BDI,1659.2,SYNTHETIC_DEMO
2021-09-29,BCI,2377.2,SYNTHETIC_DEMO
2021-09-29,BPI,1496.6,SYNTHETIC_DEMO
2021-09-29,BSI,1198.8,SYNTHETIC_DEMO
2021-09-29,BHSI,699.3,SYNTHETIC_DEMO
2021-09-30,BDI,1606.1,SYNTHETIC_DEMO
2021-09-30,BCI,2291.6,SYNTHETIC_DEMO
2021-09-30,BPI,1521.2,SYNTHETIC_DEMO
2021-09-30,BSI,1176.5,SYNTHETIC_DEMO
2021-09-30,BHSI,668.3,SYNTHETIC_DEMO
2021-10-01,BDI,1665.6,SYNTHETIC_DEMO
2021-10-01,BCI,2369.9,SYNTHETIC_DEMO
2021-10-01,BPI,1547.2,SYNTHETIC_DEMO
2021-10-01,BSI,1175.3,SYNTHETIC_DEMO
2021-10-01,BHSI,678.8,SYNTHETIC_DEMO
2021-10-02,BDI,1676.2,SYNTHETIC_DEMO
2021-10-02,BCI,2395.4,SYNTHETIC_DEMO
2021-10-02,BPI,1535.5,SYNTHETIC_DEMO
2021-10-02,BSI,1244.2,SYNTHETIC_DEMO
2021-10-02,BHSI,697.8,SYNTHETIC_DEMO
2021-10-03,BDI,1674.7,SYNTHETIC_DEMO
2021-10-03,BCI,2383.3,SYNTHETIC_DEMO
2021-10-03,BPI,1538.2,SYNTHETIC_DEMO
2021-10-03,BSI,1211.0,SYNTHETIC_DEMO
2021-10-03,BHSI,712.7,SYNTHETIC_DEMO
2021-10-04,BDI,1654.3,SYNTHETIC_DEMO
2021-10-04,BCI,2350.6,SYNTHETIC_DEMO
2021-10-04,BPI,1487.9,SYNTHETIC_DEMO
2021-10-04,BSI,1210.3,SYNTHETIC_DEMO
2021-10-04,BHSI,690.3,SYNTHETIC_DEMO
2021-10-05,BDI,1611.0,SYNTHETIC_DEMO
2021-10-05,BCI,2264.7,SYNTHETIC_DEMO
2021-10-05,BPI,1490.4,SYNTHETIC_DEMO
2021-10-05,BSI,1159.7,SYNTHETIC_DEMO
2021-10-05,BHSI,668.4,SYNTHETIC_DEMO
2021-10-06,BDI,1616.0,SYNTHETIC_DEMO
2021-10-06,BCI,2263.9,SYNTHETIC_DEMO
2021-10-06,BPI,1481.3,SYNTHETIC_DEMO
2021-10-06,BSI,1148.8,SYNTHETIC_DEMO
2021-10-06,BHSI,683.5,SYNTHETIC_DEMO
2021-10-07,BDI,1644.1,SYNTHETIC_DEMO
2021-10-07,BCI,2342.9,SYNTHETIC_DEMO
2021-10-07,BPI,1543.4,SYNTHETIC_DEMO
2021-10-07,BSI,1211.2,SYNTHETIC_DEMO
2021-10-07,BHSI,672.6,SYNTHETIC_DEMO
2021-10-08,BDI,1571.9,SYNTHETIC_DEMO
2021-10-08,BCI,2298.0,SYNTHETIC_DEMO
2021-10-08,BPI,1452.3,SYNTHETIC_DEMO
2021-10-08,BSI,1126.5,SYNTHETIC_DEMO
2021-10-08,BHSI,693.4,SYNTHETIC_DEMO
2021-10-09,BDI,1558.0,SYNTHETIC_DEMO
2021-10-09,BCI,2293.7,SYNTHETIC_DEMO
2021-10-09,BPI,1429.9,SYNTHETIC_DEMO
2021-10-09,BSI,1121.0,SYNTHETIC_DEMO
2021-10-09,BHSI,675.4,SYNTHETIC_DEMO
2021-10-10,BDI,1556.1,SYNTHETIC_DEMO
2021-10-10,BCI,2152.6,SYNTHETIC_DEMO
2021-10-10,BPI,1462.9,SYNTHETIC_DEMO
2021-10-10,BSI,1124.9,SYNTHETIC_DEMO
2021-10-10,BHSI,664.2,SYNTHETIC_DEMO
2021-10-11,BDI,1599.5,SYNTHETIC_DEMO
2021-10-11,BCI,2214.1,SYNTHETIC_DEMO
2021-10-11,BPI,1473.0,SYNTHETIC_DEMO
2021-10-11,BSI,1175.7,SYNTHETIC_DEMO
2021-10-11,BHSI,677.9,SYNTHETIC_DEMO
2021-10-12,BDI,1612.7,SYNTHETIC_DEMO
2021-10-12,BCI,2215.0,SYNTHETIC_DEMO
2021-10-12,BPI,1488.9,SYNTHETIC_DEMO
2021-10-12,BSI,1169.7,SYNTHETIC_DEMO
2021-10-12,BHSI,660.7,SYNTHETIC_DEMO
2021-10-13,BDI,1639.8,SYNTHETIC_DEMO
2021-10-13,BCI,2306.0,SYNTHETIC_DEMO
2021-10-13,BPI,1502.5,SYNTHETIC_DEMO
2021-10-13,BSI,1180.9,SYNTHETIC_DEMO
2021-10-13,BHSI,666.9,SYNTHETIC_DEMO
2021-10-14,BDI,1639.6,SYNTHETIC_DEMO
2021-10-14,BCI,2257.8,SYNTHETIC_DEMO
2021-10-14,BPI,1496.8,SYNTHETIC_DEMO
2021-10-14,BSI,1204.8,SYNTHETIC_DEMO
2021-10-14,BHSI,690.8,SYNTHETIC_DEMO
2021-10-15,BDI,1639.4,SYNTHETIC_DEMO
2021-10-15,BCI,2306.3,SYNTHETIC_DEMO
2021-10-15,BPI,1498.3,SYNTHETIC_DEMO
2021-10-15,BSI,1151.9,SYNTHETIC_DEMO
2021-10-15,BHSI,704.7,SYNTHETIC_DEMO
2021-10-16,BDI,1631.5,SYNTHETIC_DEMO
2021-10-16,BCI,2302.5,SYNTHETIC_DEMO
2021-10-16,BPI,1504.8,SYNTHETIC_DEMO
2021-10-16,BSI,1178.8,SYNTHETIC_DEMO
2021-10-16,BHSI,684.0,SYNTHETIC_DEMO
2021-10-17,BDI,1619.8,SYNTHETIC_DEMO
2021-10-17,BCI,2381.4,SYNTHETIC_DEMO
2021-10-17,BPI,1546.4,SYNTHETIC_DEMO
2021-10-17,BSI,1151.5,SYNTHETIC_DEMO
2021-10-17,BHSI,672.2,SYNTHETIC_DEMO
2021-10-18,BDI,1562.0,SYNTHETIC_DEMO
2021-10-18,BCI,2260.8,SYNTHETIC_DEMO
2021-10-18,BPI,1426.7,SYNTHETIC_DEMO
2021-10-18,BSI,1096.3,SYNTHETIC_DEMO
2021-10-18,BHSI,652.4,SYNTHETIC_DEMO
2021-10-19,BDI,1558.7,SYNTHETIC_DEMO
2021-10-19,BCI,2225.6,SYNTHETIC_DEMO
2021-10-19,BPI,1422.6,SYNTHETIC_DEMO
2021-10-19,BSI,1138.3,SYNTHETIC_DEMO
2021-10-19,BHSI,647.3,SYNTHETIC_DEMO
2021-10-20,BDI,1584.6,SYNTHETIC_DEMO
2021-10-20,BCI,2307.4,SYNTHETIC_DEMO
2021-10-20,BPI,1453.5,SYNTHETIC_DEMO
2021-10-20,BSI,1107.1,SYNTHETIC_DEMO
2021-10-20,BHSI,675.9,SYNTHETIC_DEMO
2021-10-21,BDI,1564.4,SYNTHETIC_DEMO
2021-10-21,BCI,2199.1,SYNTHETIC_DEMO
2021-10-21,BPI,1456.3,SYNTHETIC_DEMO
2021-10-21,BSI,1114.8,SYNTHETIC_DEMO
2021-10-21,BHSI,645.1,SYNTHETIC_DEMO
2021-10-22,BDI,1541.3,SYNTHETIC_DEMO
2021-10-22,BCI,2087.5,SYNTHETIC_DEMO
2021-10-22,BPI,1405.7,SYNTHETIC_DEMO
2021-10-22,BSI,1071.5,SYNTHETIC_DEMO
2021-10-22,BHSI,652.1,SYNTHETIC_DEMO
2021-10-23,BDI,1584.3,SYNTHETIC_DEMO
2021-10-23,BCI,2283.9,SYNTHETIC_DEMO
2021-10-23,BPI,1469.3,SYNTHETIC_DEMO
2021-10-23,BSI,1118.4,SYNTHETIC_DEMO
2021-10-23,BHSI,664.3,SYNTHETIC_DEMO
2021-10-24,BDI,1611.0,SYNTHETIC_DEMO
2021-10-24,BCI,2261.5,SYNTHETIC_DEMO
2021-10-24,BPI,1477.4,SYNTHETIC_DEMO
2021-10-24,BSI,1154.0,SYNTHETIC_DEMO
2021-10-24,BHSI,708.8,SYNTHETIC_DEMO
2021-10-25,BDI,1626.2,SYNTHETIC_DEMO
2021-10-25,BCI,2327.8,SYNTHETIC_DEMO
2021-10-25,BPI,1485.1,SYNTHETIC_DEMO
2021-10-25,BSI,1161.6,SYNTHETIC_DEMO
2021-10-25,BHSI,673.3,SYNTHETIC_DEMO
2021-10-26,BDI,1573.4,SYNTHETIC_DEMO
2021-10-26,BCI,2213.2,SYNTHETIC_DEMO
2021-10-26,BPI,1449.9,SYNTHETIC_DEMO
2021-10-26,BSI,1150.6,SYNTHETIC_DEMO
2021-10-26,BHSI,660.3,SYNTHETIC_DEMO
2021-10-27,BDI,1598.3,SYNTHETIC_DEMO
2021-10-27,BCI,2268.2,SYNTHETIC_DEMO
2021-10-27,BPI,1455.2,SYNTHETIC_DEMO
2021-10-27,BSI,1206.3,SYNTHETIC_DEMO
2021-10-27,BHSI,688.4,SYNTHETIC_DEMO
2021-10-28,BDI,1560.2,SYNTHETIC_DEMO
2021-10-28,BCI,2213.5,SYNTHETIC_DEMO
2021-10-28,BPI,1437.8,SYNTHETIC_DEMO
2021-10-28,BSI,1089.9,SYNTHETIC_DEMO
2021-10-28,BHSI,636.8,SYNTHETIC_DEMO
2021-10-29,BDI,1522.7,SYNTHETIC_DEMO
2021-10-29,BCI,2272.4,SYNTHETIC_DEMO
2021-10-29,BPI,1393.8,SYNTHETIC_DEMO
2021-10-29,BSI,1083.6,SYNTHETIC_DEMO
2021-10-29,BHSI,657.5,SYNTHETIC_DEMO
2021-10-30,BDI,1533.7,SYNTHETIC_DEMO
2021-10-30,BCI,2075.0,SYNTHETIC_DEMO
2021-10-30,BPI,1421.0,SYNTHETIC_DEMO
2021-10-30,BSI,1090.1,SYNTHETIC_DEMO
2021-10-30,BHSI,632.1,SYNTHETIC_DEMO
2021-10-31,BDI,1533.0,SYNTHETIC_DEMO
2021-10-31,BCI,2293.4,SYNTHETIC_DEMO
2021-10-31,BPI,1400.3,SYNTHETIC_DEMO
2021-10-31,BSI,1093.1,SYNTHETIC_DEMO
2021-10-31,BHSI,632.5,SYNTHETIC_DEMO
2021-11-01,BDI,1535.0,SYNTHETIC_DEMO
2021-11-01,BCI,2054.3,SYNTHETIC_DEMO
2021-11-01,BPI,1467.0,SYNTHETIC_DEMO
2021-11-01,BSI,1130.5,SYNTHETIC_DEMO
2021-11-01,BHSI,657.7,SYNTHETIC_DEMO
2021-11-02,BDI,1527.6,SYNTHETIC_DEMO
2021-11-02,BCI,2185.5,SYNTHETIC_DEMO
2021-11-02,BPI,1350.6,SYNTHETIC_DEMO
2021-11-02,BSI,1099.9,SYNTHETIC_DEMO
2021-11-02,BHSI,636.7,SYNTHETIC_DEMO
2021-11-03,BDI,1550.5,SYNTHETIC_DEMO
2021-11-03,BCI,2261.0,SYNTHETIC_DEMO
2021-11-03,BPI,1451.0,SYNTHETIC_DEMO
2021-11-03,BSI,1128.2,SYNTHETIC_DEMO
2021-11-03,BHSI,656.6,SYNTHETIC_DEMO
2021-11-04,BDI,1531.9,SYNTHETIC_DEMO
2021-11-04,BCI,2187.3,SYNTHETIC_DEMO
2021-11-04,BPI,1393.6,SYNTHETIC_DEMO
2021-11-04,BSI,1084.6,SYNTHETIC_DEMO
2021-11-04,BHSI,645.0,SYNTHETIC_DEMO
2021-11-05,BDI,1499.0,SYNTHETIC_DEMO
2021-11-05,BCI,2242.7,SYNTHETIC_DEMO
2021-11-05,BPI,1379.9,SYNTHETIC_DEMO
2021-11-05,BSI,1043.4,SYNTHETIC_DEMO
2021-11-05,BHSI,647.8,SYNTHETIC_DEMO
2021-11-06,BDI,1472.5,SYNTHETIC_DEMO
2021-11-06,BCI,2053.6,SYNTHETIC_DEMO
2021-11-06,BPI,1358.3,SYNTHETIC_DEMO
2021-11-06,BSI,1083.1,SYNTHETIC_DEMO
2021-11-06,BHSI,599.7,SYNTHETIC_DEMO
2021-11-07,BDI,1516.7,SYNTHETIC_DEMO
2021-11-07,BCI,2119.8,SYNTHETIC_DEMO
2021-11-07,BPI,1408.0,SYNTHETIC_DEMO
2021-11-07,BSI,1125.8,SYNTHETIC_DEMO
2021-11-07,BHSI,634.9,SYNTHETIC_DEMO
2021-11-08,BDI,1508.0,SYNTHETIC_DEMO
2021-11-08,BCI,2134.7,SYNTHETIC_DEMO
2021-11-08,BPI,1411.9,SYNTHETIC_DEMO
2021-11-08,BSI,1083.1,SYNTHETIC_DEMO
2021-11-08,BHSI,630.0,SYNTHETIC_DEMO
2021-11-09,BDI,1538.9,SYNTHETIC_DEMO
2021-11-09,BCI,2302.8,SYNTHETIC_DEMO
2021-11-09,BPI,1404.6,SYNTHETIC_DEMO
2021-11-09,BSI,1124.8,SYNTHETIC_DEMO
2021-11-09,BHSI,654.6,SYNTHETIC_DEMO
2021-11-10,BDI,1525.4,SYNTHETIC_DEMO
2021-11-10,BCI,2177.0,SYNTHETIC_DEMO
2021-11-10,BPI,1394.5,SYNTHETIC_DEMO
2021-11-10,BSI,1110.8,SYNTHETIC_DEMO
2021-11-10,BHSI,648.6,SYNTHETIC_DEMO
2021-11-11,BDI,1500.7,SYNTHETIC_DEMO
2021-11-11,BCI,2176.8,SYNTHETIC_DEMO
2021-11-11,BPI,1359.5,SYNTHETIC_DEMO
2021-11-11,BSI,1095.7,SYNTHETIC_DEMO
2021-11-11,BHSI,626.7,SYNTHETIC_DEMO
2021-11-12,BDI,1519.9,SYNTHETIC_DEMO
2021-11-12,BCI,2037.3,SYNTHETIC_DEMO
2021-11-12,BPI,1436.2,SYNTHETIC_DEMO
2021-11-12,BSI,1081.2,SYNTHETIC_DEMO
2021-11-12,BHSI,645.5,SYNTHETIC_DEMO
2021-11-13,BDI,1546.2,SYNTHETIC_DEMO
2021-11-13,BCI,2318.9,SYNTHETIC_DEMO
2021-11-13,BPI,1397.2,SYNTHETIC_DEMO
2021-11-13,BSI,1144.4,SYNTHETIC_DEMO
2021-11-13,BHSI,666.8,SYNTHETIC_DEMO
2021-11-14,BDI,1525.1,SYNTHETIC_DEMO
2021-11-14,BCI,2142.9,SYNTHETIC_DEMO
2021-11-14,BPI,1422.3,SYNTHETIC_DEMO
2021-11-14,BSI,1099.0,SYNTHETIC_DEMO
2021-11-14,BHSI,637.9,SYNTHETIC_DEMO
2021-11-15,BDI,1558.7,SYNTHETIC_DEMO
2021-11-15,BCI,2177.9,SYNTHETIC_DEMO
2021-11-15,BPI,1410.1,SYNTHETIC_DEMO
2021-11-15,BSI,1130.7,SYNTHETIC_DEMO
2021-11-15,BHSI,657.9,SYNTHETIC_DEMO
2021-11-16,BDI,1567.2,SYNTHETIC_DEMO
2021-11-16,BCI,2203.0,SYNTHETIC_DEMO
2021-11-16,BPI,1445.4,SYNTHETIC_DEMO
2021-11-16,BSI,1127.9,SYNTHETIC_DEMO
2021-11-16,BHSI,664.5,SYNTHETIC_DEMO
2021-11-17,BDI,1550.5,SYNTHETIC_DEMO
2021-11-17,BCI,2221.8,SYNTHETIC_DEMO
2021-11-17,BPI,1396.6,SYNTHETIC_DEMO
2021-11-17,BSI,1104.3,SYNTHETIC_DEMO
2021-11-17,BHSI,662.9,SYNTHETIC_DEMO
2021-11-18,BDI,1553.7,SYNTHETIC_DEMO
2021-11-18,BCI,2144.4,SYNTHETIC_DEMO
2021-11-18,BPI,1400.9,SYNTHETIC_DEMO
2021-11-18,BSI,1110.7,SYNTHETIC_DEMO
2021-11-18,BHSI,673.6,SYNTHETIC_DEMO
2021-11-19,BDI,1528.1,SYNTHETIC_DEMO
2021-11-19,BCI,2128.7,SYNTHETIC_DEMO
2021-11-19,BPI,1454.6,SYNTHETIC_DEMO
2021-11-19,BSI,1149.2,SYNTHETIC_DEMO
2021-11-19,BHSI,640.6,SYNTHETIC_DEMO
2021-11-20,BDI,1502.9,SYNTHETIC_DEMO
2021-11-20,BCI,2149.7,SYNTHETIC_DEMO
2021-11-20,BPI,1399.4,SYNTHETIC_DEMO
2021-11-20,BSI,1076.3,SYNTHETIC_DEMO
2021-11-20,BHSI,636.9,SYNTHETIC_DEMO
2021-11-21,BDI,1556.1,SYNTHETIC_DEMO
2021-11-21,BCI,2154.6,SYNTHETIC_DEMO
2021-11-21,BPI,1421.9,SYNTHETIC_DEMO
2021-11-21,BSI,1125.5,SYNTHETIC_DEMO
2021-11-21,BHSI,654.5,SYNTHETIC_DEMO
2021-11-22,BDI,1606.4,SYNTHETIC_DEMO
2021-11-22,BCI,2266.0,SYNTHETIC_DEMO
2021-11-22,BPI,1503.6,SYNTHETIC_DEMO
2021-11-22,BSI,1148.2,SYNTHETIC_DEMO
2021-11-22,BHSI,658.3,SYNTHETIC_DEMO
2021-11-23,BDI,1626.7,SYNTHETIC_DEMO
2021-11-23,BCI,2305.7,SYNTHETIC_DEMO
2021-11-23,BPI,1530.1,SYNTHETIC_DEMO
2021-11-23,BSI,1180.5,SYNTHETIC_DEMO
2021-11-23,BHSI,689.9,SYNTHETIC_DEMO
2021-11-24,BDI,1624.5,SYNTHETIC_DEMO
2021-11-24,BCI,2351.2,SYNTHETIC_DEMO
2021-11-24,BPI,1522.2,SYNTHETIC_DEMO
2021-11-24,BSI,1179.0,SYNTHETIC_DEMO
2021-11-24,BHSI,668.7,SYNTHETIC_DEMO
2021-11-25,BDI,1615.4,SYNTHETIC_DEMO
2021-11-25,BCI,2284.6,SYNTHETIC_DEMO
2021-11-25,BPI,1482.3,SYNTHETIC_DEMO
2021-11-25,BSI,1160.0,SYNTHETIC_DEMO
2021-11-25,BHSI,672.6,SYNTHETIC_DEMO
2021-11-26,BDI,1627.7,SYNTHETIC_DEMO
2021-11-26,BCI,2278.6,SYNTHETIC_DEMO
2021-11-26,BPI,1482.7,SYNTHETIC_DEMO
2021-11-26,BSI,1143.4,SYNTHETIC_DEMO
2021-11-26,BHSI,670.2,SYNTHETIC_DEMO
2021-11-27,BDI,1619.7,SYNTHETIC_DEMO
2021-11-27,BCI,2315.0,SYNTHETIC_DEMO
2021-11-27,BPI,1502.9,SYNTHETIC_DEMO
2021-11-27,BSI,1176.8,SYNTHETIC_DEMO
2021-11-27,BHSI,675.7,SYNTHETIC_DEMO
2021-11-28,BDI,1605.8,SYNTHETIC_DEMO
2021-11-28,BCI,2250.6,SYNTHETIC_DEMO
2021-11-28,BPI,1457.8,SYNTHETIC_DEMO
2021-11-28,BSI,1177.9,SYNTHETIC_DEMO
2021-11-28,BHSI,644.4,SYNTHETIC_DEMO
2021-11-29,BDI,1562.7,SYNTHETIC_DEMO
2021-11-29,BCI,2250.4,SYNTHETIC_DEMO
2021-11-29,BPI,1416.6,SYNTHETIC_DEMO
2021-11-29,BSI,1115.6,SYNTHETIC_DEMO
2021-11-29,BHSI,658.3,SYNTHETIC_DEMO
2021-11-30,BDI,1569.6,SYNTHETIC_DEMO
2021-11-30,BCI,2184.0,SYNTHETIC_DEMO
2021-11-30,BPI,1477.5,SYNTHETIC_DEMO
2021-11-30,BSI,1127.9,SYNTHETIC_DEMO
2021-11-30,BHSI,644.7,SYNTHETIC_DEMO
2021-12-01,BDI,1584.1,SYNTHETIC_DEMO
2021-12-01,BCI,2242.7,SYNTHETIC_DEMO
2021-12-01,BPI,1416.3,SYNTHETIC_DEMO
2021-12-01,BSI,1111.1,SYNTHETIC_DEMO
2021-12-01,BHSI,657.7,SYNTHETIC_DEMO
2021-12-02,BDI,1554.2,SYNTHETIC_DEMO
2021-12-02,BCI,2221.9,SYNTHETIC_DEMO
2021-12-02,BPI,1474.1,SYNTHETIC_DEMO
2021-12-02,BSI,1093.9,SYNTHETIC_DEMO
2021-12-02,BHSI,645.1,SYNTHETIC_DEMO
2021-12-03,BDI,1568.8,SYNTHETIC_DEMO
2021-12-03,BCI,2237.7,SYNTHETIC_DEMO
2021-12-03,BPI,1436.9,SYNTHETIC_DEMO
2021-12-03,BSI,1105.8,SYNTHETIC_DEMO
2021-12-03,BHSI,657.8,SYNTHETIC_DEMO
2021-12-04,BDI,1636.6,SYNTHETIC_DEMO
2021-12-04,BCI,2309.4,SYNTHETIC_DEMO
2021-12-04,BPI,1536.5,SYNTHETIC_DEMO
2021-12-04,BSI,1174.5,SYNTHETIC_DEMO
2021-12-04,BHSI,701.7,SYNTHETIC_DEMO
2021-12-05,BDI,1632.7,SYNTHETIC_DEMO
2021-12-05,BCI,2339.3,SYNTHETIC_DEMO
2021-12-05,BPI,1510.8,SYNTHETIC_DEMO
2021-12-05,BSI,1173.2,SYNTHETIC_DEMO
2021-12-05,BHSI,691.3,SYNTHETIC_DEMO
2021-12-06,BDI,1597.2,SYNTHETIC_DEMO
2021-12-06,BCI,2371.9,SYNTHETIC_DEMO
2021-12-06,BPI,1478.8,SYNTHETIC_DEMO
2021-12-06,BSI,1139.3,SYNTHETIC_DEMO
2021-12-06,BHSI,670.1,SYNTHETIC_DEMO
2021-12-07,BDI,1603.6,SYNTHETIC_DEMO
2021-12-07,BCI,2278.9,SYNTHETIC_DEMO
2021-12-07,BPI,1489.8,SYNTHETIC_DEMO
2021-12-07,BSI,1133.3,SYNTHETIC_DEMO
2021-12-07,BHSI,673.8,SYNTHETIC_DEMO
2021-12-08,BDI,1613.2,SYNTHETIC_DEMO
2021-12-08,BCI,2262.5,SYNTHETIC_DEMO
2021-12-08,BPI,1476.5,SYNTHETIC_DEMO
2021-12-08,BSI,1139.5,SYNTHETIC_DEMO
2021-12-08,BHSI,672.9,SYNTHETIC_DEMO
2021-12-09,BDI,1628.7,SYNTHETIC_DEMO
2021-12-09,BCI,2274.9,SYNTHETIC_DEMO
2021-12-09,BPI,1504.4,SYNTHETIC_DEMO
2021-12-09,BSI,1150.8,SYNTHETIC_DEMO
2021-12-09,BHSI,672.9,SYNTHETIC_DEMO
2021-12-10,BDI,1618.6,SYNTHETIC_DEMO
2021-12-10,BCI,2300.0,SYNTHETIC_DEMO
2021-12-10,BPI,1469.5,SYNTHETIC_DEMO
2021-12-10,BSI,1160.6,SYNTHETIC_DEMO
2021-12-10,BHSI,689.6,SYNTHETIC_DEMO
2021-12-11,BDI,1614.6,SYNTHETIC_DEMO
2021-12-11,BCI,2283.2,SYNTHETIC_DEMO
2021-12-11,BPI,1515.8,SYNTHETIC_DEMO
2021-12-11,BSI,1150.8,SYNTHETIC_DEMO
2021-12-11,BHSI,688.9,SYNTHETIC_DEMO
2021-12-12,BDI,1581.4,SYNTHETIC_DEMO
2021-12-12,BCI,2300.2,SYNTHETIC_DEMO
2021-12-12,BPI,1422.0,SYNTHETIC_DEMO
2021-12-12,BSI,1134.3,SYNTHETIC_DEMO
2021-12-12,BHSI,685.7,SYNTHETIC_DEMO
2021-12-13,BDI,1597.6,SYNTHETIC_DEMO
2021-12-13,BCI,2170.0,SYNTHETIC_DEMO
2021-12-13,BPI,1504.4,SYNTHETIC_DEMO
2021-12-13,BSI,1166.3,SYNTHETIC_DEMO
2021-12-13,BHSI,664.3,SYNTHETIC_DEMO
2021-12-14,BDI,1564.4,SYNTHETIC_DEMO
2021-12-14,BCI,2260.8,SYNTHETIC_DEMO
2021-12-14,BPI,1425.5,SYNTHETIC_DEMO
2021-12-14,BSI,1129.7,SYNTHETIC_DEMO
2021-12-14,BHSI,654.6,SYNTHETIC_DEMO
2021-12-15,BDI,1613.1,SYNTHETIC_DEMO
2021-12-15,BCI,2325.7,SYNTHETIC_DEMO
2021-12-15,BPI,1532.2,SYNTHETIC_DEMO
2021-12-15,BSI,1161.6,SYNTHETIC_DEMO
2021-12-15,BHSI,663.1,SYNTHETIC_DEMO
2021-12-16,BDI,1614.0,SYNTHETIC_DEMO
2021-12-16,BCI,2223.0,SYNTHETIC_DEMO
2021-12-16,BPI,1509.1,SYNTHETIC_DEMO
2021-12-16,BSI,1184.4,SYNTHETIC_DEMO
2021-12-16,BHSI,664.5,SYNTHETIC_DEMO
2021-12-17,BDI,1657.8,SYNTHETIC_DEMO
2021-12-17,BCI,2404.4,SYNTHETIC_DEMO
2021-12-17,BPI,1518.1,SYNTHETIC_DEMO
2021-12-17,BSI,1184.3,SYNTHETIC_DEMO
2021-12-17,BHSI,709.6,SYNTHETIC_DEMO
2021-12-18,BDI,1671.0,SYNTHETIC_DEMO
2021-12-18,BCI,2272.7,SYNTHETIC_DEMO
2021-12-18,BPI,1523.4,SYNTHETIC_DEMO
2021-12-18,BSI,1212.7,SYNTHETIC_DEMO
2021-12-18,BHSI,711.0,SYNTHETIC_DEMO
2021-12-19,BDI,1747.9,SYNTHETIC_DEMO
2021-12-19,BCI,2394.2,SYNTHETIC_DEMO
2021-12-19,BPI,1581.7,SYNTHETIC_DEMO
2021-12-19,BSI,1262.7,SYNTHETIC_DEMO
2021-12-19,BHSI,740.4,SYNTHETIC_DEMO
2021-12-20,BDI,1661.8,SYNTHETIC_DEMO
2021-12-20,BCI,2338.6,SYNTHETIC_DEMO
2021-12-20,BPI,1542.3,SYNTHETIC_DEMO
2021-12-20,BSI,1220.2,SYNTHETIC_DEMO
2021-12-20,BHSI,713.8,SYNTHETIC_DEMO
2021-12-21,BDI,1591.9,SYNTHETIC_DEMO
2021-12-21,BCI,2212.8,SYNTHETIC_DEMO
2021-12-21,BPI,1507.4,SYNTHETIC_DEMO
2021-12-21,BSI,1147.1,SYNTHETIC_DEMO
2021-12-21,BHSI,684.1,SYNTHETIC_DEMO
2021-12-22,BDI,1636.5,SYNTHETIC_DEMO
2021-12-22,BCI,2288.2,SYNTHETIC_DEMO
2021-12-22,BPI,1486.5,SYNTHETIC_DEMO
2021-12-22,BSI,1198.9,SYNTHETIC_DEMO
2021-12-22,BHSI,683.1,SYNTHETIC_DEMO
2021-12-23,BDI,1607.8,SYNTHETIC_DEMO
2021-12-23,BCI,2299.4,SYNTHETIC_DEMO
2021-12-23,BPI,1446.8,SYNTHETIC_DEMO
2021-12-23,BSI,1126.1,SYNTHETIC_DEMO
2021-12-23,BHSI,667.9,SYNTHETIC_DEMO
2021-12-24,BDI,1629.5,SYNTHETIC_DEMO
2021-12-24,BCI,2350.0,SYNTHETIC_DEMO
2021-12-24,BPI,1524.7,SYNTHETIC_DEMO
2021-12-24,BSI,1172.3,SYNTHETIC_DEMO
2021-12-24,BHSI,688.7,SYNTHETIC_DEMO
2021-12-25,BDI,1643.2,SYNTHETIC_DEMO
2021-12-25,BCI,2350.2,SYNTHETIC_DEMO
2021-12-25,BPI,1525.3,SYNTHETIC_DEMO
2021-12-25,BSI,1172.4,SYNTHETIC_DEMO
2021-12-25,BHSI,683.4,SYNTHETIC_DEMO
2021-12-26,BDI,1670.7,SYNTHETIC_DEMO
2021-12-26,BCI,2436.4,SYNTHETIC_DEMO
2021-12-26,BPI,1555.6,SYNTHETIC_DEMO
2021-12-26,BSI,1222.1,SYNTHETIC_DEMO
2021-12-26,BHSI,690.5,SYNTHETIC_DEMO
2021-12-27,BDI,1657.8,SYNTHETIC_DEMO
2021-12-27,BCI,2436.3,SYNTHETIC_DEMO
2021-12-27,BPI,1518.7,SYNTHETIC_DEMO
2021-12-27,BSI,1191.5,SYNTHETIC_DEMO
2021-12-27,BHSI,680.6,SYNTHETIC_DEMO
2021-12-28,BDI,1654.0,SYNTHETIC_DEMO
2021-12-28,BCI,2311.6,SYNTHETIC_DEMO
2021-12-28,BPI,1556.1,SYNTHETIC_DEMO
2021-12-28,BSI,1172.9,SYNTHETIC_DEMO
2021-12-28,BHSI,703.1,SYNTHETIC_DEMO
2021-12-29,BDI,1664.2,SYNTHETIC_DEMO
2021-12-29,BCI,2432.0,SYNTHETIC_DEMO
2021-12-29,BPI,1484.7,SYNTHETIC_DEMO
2021-12-29,BSI,1196.6,SYNTHETIC_DEMO
2021-12-29,BHSI,689.8,SYNTHETIC_DEMO
2021-12-30,BDI,1681.5,SYNTHETIC_DEMO
2021-12-30,BCI,2394.3,SYNTHETIC_DEMO
2021-12-30,BPI,1561.4,SYNTHETIC_DEMO
2021-12-30,BSI,1198.5,SYNTHETIC_DEMO
2021-12-30,BHSI,711.6,SYNTHETIC_DEMO
2021-12-31,BDI,1682.9,SYNTHETIC_DEMO
2021-12-31,BCI,2411.5,SYNTHETIC_DEMO
2021-12-31,BPI,1558.8,SYNTHETIC_DEMO
2021-12-31,BSI,1190.4,SYNTHETIC_DEMO
2021-12-31,BHSI,705.9,SYNTHETIC_DEMO
2022-01-01,BDI,1641.0,SYNTHETIC_DEMO
2022-01-01,BCI,2336.1,SYNTHETIC_DEMO
2022-01-01,BPI,1513.5,SYNTHETIC_DEMO
2022-01-01,BSI,1192.1,SYNTHETIC_DEMO
2022-01-01,BHSI,713.0,SYNTHETIC_DEMO
2022-01-02,BDI,1644.8,SYNTHETIC_DEMO
2022-01-02,BCI,2351.7,SYNTHETIC_DEMO
2022-01-02,BPI,1468.8,SYNTHETIC_DEMO
2022-01-02,BSI,1196.6,SYNTHETIC_DEMO
2022-01-02,BHSI,695.2,SYNTHETIC_DEMO
2022-01-03,BDI,1655.1,SYNTHETIC_DEMO
2022-01-03,BCI,2332.2,SYNTHETIC_DEMO
2022-01-03,BPI,1538.7,SYNTHETIC_DEMO
2022-01-03,BSI,1185.5,SYNTHETIC_DEMO
2022-01-03,BHSI,679.8,SYNTHETIC_DEMO
2022-01-04,BDI,1729.8,SYNTHETIC_DEMO
2022-01-04,BCI,2447.8,SYNTHETIC_DEMO
2022-01-04,BPI,1625.3,SYNTHETIC_DEMO
2022-01-04,BSI,1242.7,SYNTHETIC_DEMO
2022-01-04,BHSI,724.0,SYNTHETIC_DEMO
2022-01-05,BDI,1702.2,SYNTHETIC_DEMO
2022-01-05,BCI,2403.3,SYNTHETIC_DEMO
2022-01-05,BPI,1558.4,SYNTHETIC_DEMO
2022-01-05,BSI,1230.7,SYNTHETIC_DEMO
2022-01-05,BHSI,719.8,SYNTHETIC_DEMO
2022-01-06,BDI,1761.1,SYNTHETIC_DEMO
2022-01-06,BCI,2455.5,SYNTHETIC_DEMO
2022-01-06,BPI,1628.8,SYNTHETIC_DEMO
2022-01-06,BSI,1289.5,SYNTHETIC_DEMO
2022-01-06,BHSI,733.0,SYNTHETIC_DEMO
2022-01-07,BDI,1792.0,SYNTHETIC_DEMO
2022-01-07,BCI,2525.3,SYNTHETIC_DEMO
2022-01-07,BPI,1653.7,SYNTHETIC_DEMO
2022-01-07,BSI,1277.8,SYNTHETIC_DEMO
2022-01-07,BHSI,759.0,SYNTHETIC_DEMO
2022-01-08,BDI,1794.4,SYNTHETIC_DEMO
2022-01-08,BCI,2578.4,SYNTHETIC_DEMO
2022-01-08,BPI,1675.5,SYNTHETIC_DEMO
2022-01-08,BSI,1287.9,SYNTHETIC_DEMO
2022-01-08,BHSI,749.5,SYNTHETIC_DEMO
2022-01-09,BDI,1847.5,SYNTHETIC_DEMO
2022-01-09,BCI,2686.8,SYNTHETIC_DEMO
2022-01-09,BPI,1693.5,SYNTHETIC_DEMO
2022-01-09,BSI,1344.0,SYNTHETIC_DEMO
2022-01-09,BHSI,777.7,SYNTHETIC_DEMO
2022-01-10,BDI,1842.4,SYNTHETIC_DEMO
2022-01-10,BCI,2659.5,SYNTHETIC_DEMO
2022-01-10,BPI,1696.9,SYNTHETIC_DEMO
2022-01-10,BSI,1312.2,SYNTHETIC_DEMO
2022-01-10,BHSI,781.1,SYNTHETIC_DEMO
2022-01-11,BDI,1739.8,SYNTHETIC_DEMO
2022-01-11,BCI,2468.5,SYNTHETIC_DEMO
2022-01-11,BPI,1570.3,SYNTHETIC_DEMO
2022-01-11,BSI,1256.5,SYNTHETIC_DEMO
2022-01-11,BHSI,733.9,SYNTHETIC_DEMO
2022-01-12,BDI,1738.2,SYNTHETIC_DEMO
2022-01-12,BCI,2406.6,SYNTHETIC_DEMO
2022-01-12,BPI,1560.8,SYNTHETIC_DEMO
2022-01-12,BSI,1253.8,SYNTHETIC_DEMO
2022-01-12,BHSI,718.3,SYNTHETIC_DEMO
2022-01-13,BDI,1765.6,SYNTHETIC_DEMO
2022-01-13,BCI,2537.2,SYNTHETIC_DEMO
2022-01-13,BPI,1611.2,SYNTHETIC_DEMO
2022-01-13,BSI,1277.0,SYNTHETIC_DEMO
2022-01-13,BHSI,724.0,SYNTHETIC_DEMO
2022-01-14,BDI,1778.0,SYNTHETIC_DEMO
2022-01-14,BCI,2497.0,SYNTHETIC_DEMO
2022-01-14,BPI,1612.9,SYNTHETIC_DEMO
2022-01-14,BSI,1282.2,SYNTHETIC_DEMO
2022-01-14,BHSI,774.3,SYNTHETIC_DEMO
2022-01-15,BDI,1758.1,SYNTHETIC_DEMO
2022-01-15,BCI,2475.9,SYNTHETIC_DEMO
2022-01-15,BPI,1628.1,SYNTHETIC_DEMO
2022-01-15,BSI,1257.9,SYNTHETIC_DEMO
2022-01-15,BHSI,718.5,SYNTHETIC_DEMO
2022-01-16,BDI,1722.0,SYNTHETIC_DEMO
2022-01-16,BCI,2404.2,SYNTHETIC_DEMO
2022-01-16,BPI,1549.6,SYNTHETIC_DEMO
2022-01-16,BSI,1253.0,SYNTHETIC_DEMO
2022-01-16,BHSI,732.7,SYNTHETIC_DEMO
2022-01-17,BDI,1767.7,SYNTHETIC_DEMO
2022-01-17,BCI,2500.3,SYNTHETIC_DEMO
2022-01-17,BPI,1654.3,SYNTHETIC_DEMO
2022-01-17,BSI,1252.4,SYNTHETIC_DEMO
2022-01-17,BHSI,743.6,SYNTHETIC_DEMO
2022-01-18,BDI,1712.2,SYNTHETIC_DEMO
2022-01-18,BCI,2469.2,SYNTHETIC_DEMO
2022-01-18,BPI,1594.3,SYNTHETIC_DEMO
2022-01-18,BSI,1245.0,SYNTHETIC_DEMO
2022-01-18,BHSI,709.9,SYNTHETIC_DEMO
2022-01-19,BDI,1714.4,SYNTHETIC_DEMO
2022-01-19,BCI,2397.6,SYNTHETIC_DEMO
2022-01-19,BPI,1623.4,SYNTHETIC_DEMO
2022-01-19,BSI,1208.3,SYNTHETIC_DEMO
2022-01-19,BHSI,719.0,SYNTHETIC_DEMO
2022-01-20,BDI,1733.0,SYNTHETIC_DEMO
2022-01-20,BCI,2393.8,SYNTHETIC_DEMO
2022-01-20,BPI,1585.4,SYNTHETIC_DEMO
2022-01-20,BSI,1244.6,SYNTHETIC_DEMO
2022-01-20,BHSI,752.9,SYNTHETIC_DEMO
2022-01-21,BDI,1709.7,SYNTHETIC_DEMO
2022-01-21,BCI,2353.0,SYNTHETIC_DEMO
2022-01-21,BPI,1586.2,SYNTHETIC_DEMO
2022-01-21,BSI,1252.7,SYNTHETIC_DEMO
2022-01-21,BHSI,735.5,SYNTHETIC_DEMO
2022-01-22,BDI,1734.8,SYNTHETIC_DEMO
2022-01-22,BCI,2440.1,SYNTHETIC_DEMO
2022-01-22,BPI,1625.8,SYNTHETIC_DEMO
2022-01-22,BSI,1273.9,SYNTHETIC_DEMO
2022-01-22,BHSI,715.2,SYNTHETIC_DEMO
2022-01-23,BDI,1765.1,SYNTHETIC_DEMO
2022-01-23,BCI,2445.4,SYNTHETIC_DEMO
2022-01-23,BPI,1651.1,SYNTHETIC_DEMO
2022-01-23,BSI,1288.4,SYNTHETIC_DEMO
2022-01-23,BHSI,748.0,SYNTHETIC_DEMO
2022-01-24,BDI,1757.1,SYNTHETIC_DEMO
2022-01-24,BCI,2488.7,SYNTHETIC_DEMO
2022-01-24,BPI,1620.1,SYNTHETIC_DEMO
2022-01-24,BSI,1274.9,SYNTHETIC_DEMO
2022-01-24,BHSI,738.4,SYNTHETIC_DEMO
2022-01-25,BDI,1795.4,SYNTHETIC_DEMO
2022-01-25,BCI,2549.9,SYNTHETIC_DEMO
2022-01-25,BPI,1664.5,SYNTHETIC_DEMO
2022-01-25,BSI,1295.2,SYNTHETIC_DEMO
2022-01-25,BHSI,751.7,SYNTHETIC_DEMO
2022-01-26,BDI,1819.9,SYNTHETIC_DEMO
2022-01-26,BCI,2598.1,SYNTHETIC_DEMO
2022-01-26,BPI,1730.0,SYNTHETIC_DEMO
2022-01-26,BSI,1295.2,SYNTHETIC_DEMO
2022-01-26,BHSI,749.6,SYNTHETIC_DEMO
2022-01-27,BDI,1847.4,SYNTHETIC_DEMO
2022-01-27,BCI,2606.2,SYNTHETIC_DEMO
2022-01-27,BPI,1653.9,SYNTHETIC_DEMO
2022-01-27,BSI,1352.7,SYNTHETIC_DEMO
2022-01-27,BHSI,800.6,SYNTHETIC_DEMO
2022-01-28,BDI,1899.0,SYNTHETIC_DEMO
2022-01-28,BCI,2730.9,SYNTHETIC_DEMO
2022-01-28,BPI,1774.3,SYNTHETIC_DEMO
2022-01-28,BSI,1373.2,SYNTHETIC_DEMO
2022-01-28,BHSI,819.1,SYNTHETIC_DEMO
2022-01-29,BDI,1857.9,SYNTHETIC_DEMO
2022-01-29,BCI,2619.4,SYNTHETIC_DEMO
2022-01-29,BPI,1656.2,SYNTHETIC_DEMO
2022-01-29,BSI,1396.3,SYNTHETIC_DEMO
2022-01-29,BHSI,770.1,SYNTHETIC_DEMO
2022-01-30,BDI,1788.7,SYNTHETIC_DEMO
2022-01-30,BCI,2580.5,SYNTHETIC_DEMO
2022-01-30,BPI,1681.2,SYNTHETIC_DEMO
2022-01-30,BSI,1294.9,SYNTHETIC_DEMO
2022-01-30,BHSI,767.7,SYNTHETIC_DEMO
2022-01-31,BDI,1837.5,SYNTHETIC_DEMO
2022-01-31,BCI,2616.0,SYNTHETIC_DEMO
2022-01-31,BPI,1736.8,SYNTHETIC_DEMO
2022-01-31,BSI,1352.2,SYNTHETIC_DEMO
2022-01-31,BHSI,783.9,SYNTHETIC_DEMO
2022-02-01,BDI,1831.5,SYNTHETIC_DEMO
2022-02-01,BCI,2542.8,SYNTHETIC_DEMO
2022-02-01,BPI,1679.3,SYNTHETIC_DEMO
2022-02-01,BSI,1336.0,SYNTHETIC_DEMO
2022-02-01,BHSI,767.5,SYNTHETIC_DEMO
2022-02-02,BDI,1824.2,SYNTHETIC_DEMO
2022-02-02,BCI,2588.5,SYNTHETIC_DEMO
2022-02-02,BPI,1711.9,SYNTHETIC_DEMO
2022-02-02,BSI,1316.1,SYNTHETIC_DEMO
2022-02-02,BHSI,781.2,SYNTHETIC_DEMO
2022-02-03,BDI,1827.3,SYNTHETIC_DEMO
2022-02-03,BCI,2628.1,SYNTHETIC_DEMO
2022-02-03,BPI,1703.5,SYNTHETIC_DEMO
2022-02-03,BSI,1332.8,SYNTHETIC_DEMO
2022-02-03,BHSI,765.2,SYNTHETIC_DEMO
2022-02-04,BDI,1776.4,SYNTHETIC_DEMO
2022-02-04,BCI,2526.8,SYNTHETIC_DEMO
2022-02-04,BPI,1680.9,SYNTHETIC_DEMO
2022-02-04,BSI,1278.8,SYNTHETIC_DEMO
2022-02-04,BHSI,749.5,SYNTHETIC_DEMO
2022-02-05,BDI,1759.4,SYNTHETIC_DEMO
2022-02-05,BCI,2569.3,SYNTHETIC_DEMO
2022-02-05,BPI,1634.6,SYNTHETIC_DEMO
2022-02-05,BSI,1264.1,SYNTHETIC_DEMO
2022-02-05,BHSI,722.1,SYNTHETIC_DEMO
2022-02-06,BDI,1737.7,SYNTHETIC_DEMO
2022-02-06,BCI,2452.2,SYNTHETIC_DEMO
2022-02-06,BPI,1640.3,SYNTHETIC_DEMO
2022-02-06,BSI,1261.0,SYNTHETIC_DEMO
2022-02-06,BHSI,715.9,SYNTHETIC_DEMO
2022-02-07,BDI,1720.0,SYNTHETIC_DEMO
2022-02-07,BCI,2468.9,SYNTHETIC_DEMO
2022-02-07,BPI,1597.7,SYNTHETIC_DEMO
2022-02-07,BSI,1254.6,SYNTHETIC_DEMO
2022-02-07,BHSI,730.5,SYNTHETIC_DEMO
2022-02-08,BDI,1691.7,SYNTHETIC_DEMO
2022-02-08,BCI,2391.3,SYNTHETIC_DEMO
2022-02-08,BPI,1559.2,SYNTHETIC_DEMO
2022-02-08,BSI,1206.7,SYNTHETIC_DEMO
2022-02-08,BHSI,721.0,SYNTHETIC_DEMO
2022-02-09,BDI,1700.4,SYNTHETIC_DEMO
2022-02-09,BCI,2430.1,SYNTHETIC_DEMO
2022-02-09,BPI,1585.1,SYNTHETIC_DEMO
2022-02-09,BSI,1227.8,SYNTHETIC_DEMO
2022-02-09,BHSI,708.5,SYNTHETIC_DEMO
2022-02-10,BDI,1694.0,SYNTHETIC_DEMO
2022-02-10,BCI,2379.8,SYNTHETIC_DEMO
2022-02-10,BPI,1543.4,SYNTHETIC_DEMO
2022-02-10,BSI,1199.8,SYNTHETIC_DEMO
2022-02-10,BHSI,725.8,SYNTHETIC_DEMO
2022-02-11,BDI,1771.2,SYNTHETIC_DEMO
2022-02-11,BCI,2595.7,SYNTHETIC_DEMO
2022-02-11,BPI,1659.7,SYNTHETIC_DEMO
2022-02-11,BSI,1274.7,SYNTHETIC_DEMO
2022-02-11,BHSI,723.8,SYNTHETIC_DEMO
2022-02-12,BDI,1779.7,SYNTHETIC_DEMO
2022-02-12,BCI,2544.4,SYNTHETIC_DEMO
2022-02-12,BPI,1615.4,SYNTHETIC_DEMO
2022-02-12,BSI,1273.6,SYNTHETIC_DEMO
2022-02-12,BHSI,736.0,SYNTHETIC_DEMO
2022-02-13,BDI,1796.6,SYNTHETIC_DEMO
2022-02-13,BCI,2560.9,SYNTHETIC_DEMO
2022-02-13,BPI,1667.5,SYNTHETIC_DEMO
2022-02-13,BSI,1291.8,SYNTHETIC_DEMO
2022-02-13,BHSI,770.8,SYNTHETIC_DEMO
2022-02-14,BDI,1789.7,SYNTHETIC_DEMO
2022-02-14,BCI,2514.3,SYNTHETIC_DEMO
2022-02-14,BPI,1614.1,SYNTHETIC_DEMO
2022-02-14,BSI,1273.1,SYNTHETIC_DEMO
2022-02-14,BHSI,757.9,SYNTHETIC_DEMO
2022-02-15,BDI,1800.6,SYNTHETIC_DEMO
2022-02-15,BCI,2607.9,SYNTHETIC_DEMO
2022-02-15,BPI,1620.3,SYNTHETIC_DEMO
2022-02-15,BSI,1274.6,SYNTHETIC_DEMO
2022-02-15,BHSI,751.0,SYNTHETIC_DEMO
2022-02-16,BDI,1843.7,SYNTHETIC_DEMO
2022-02-16,BCI,2585.2,SYNTHETIC_DEMO
2022-02-16,BPI,1715.1,SYNTHETIC_DEMO
2022-02-16,BSI,1348.0,SYNTHETIC_DEMO
2022-02-16,BHSI,779.0,SYNTHETIC_DEMO
2022-02-17,BDI,1858.7,SYNTHETIC_DEMO
2022-02-17,BCI,2615.3,SYNTHETIC_DEMO
2022-02-17,BPI,1668.8,SYNTHETIC_DEMO
2022-02-17,BSI,1361.6,SYNTHETIC_DEMO
2022-02-17,BHSI,789.4,SYNTHETIC_DEMO
2022-02-18,BDI,1854.2,SYNTHETIC_DEMO
2022-02-18,BCI,2591.0,SYNTHETIC_DEMO
2022-02-18,BPI,1711.1,SYNTHETIC_DEMO
2022-02-18,BSI,1330.1,SYNTHETIC_DEMO
2022-02-18,BHSI,797.2,SYNTHETIC_DEMO
2022-02-19,BDI,1811.4,SYNTHETIC_DEMO
2022-02-19,BCI,2638.4,SYNTHETIC_DEMO
2022-02-19,BPI,1580.8,SYNTHETIC_DEMO
2022-02-19,BSI,1271.1,SYNTHETIC_DEMO
2022-02-19,BHSI,746.7,SYNTHETIC_DEMO
2022-02-20,BDI,1831.4,SYNTHETIC_DEMO
2022-02-20,BCI,2536.5,SYNTHETIC_DEMO
2022-02-20,BPI,1711.1,SYNTHETIC_DEMO
2022-02-20,BSI,1307.7,SYNTHETIC_DEMO
2022-02-20,BHSI,779.3,SYNTHETIC_DEMO
2022-02-21,BDI,1797.8,SYNTHETIC_DEMO
2022-02-21,BCI,2554.1,SYNTHETIC_DEMO
2022-02-21,BPI,1632.5,SYNTHETIC_DEMO
2022-02-21,BSI,1298.3,SYNTHETIC_DEMO
2022-02-21,BHSI,759.1,SYNTHETIC_DEMO
2022-02-22,BDI,1766.4,SYNTHETIC_DEMO
2022-02-22,BCI,2567.1,SYNTHETIC_DEMO
2022-02-22,BPI,1635.7,SYNTHETIC_DEMO
2022-02-22,BSI,1299.9,SYNTHETIC_DEMO
2022-02-22,BHSI,755.8,SYNTHETIC_DEMO
2022-02-23,BDI,1717.2,SYNTHETIC_DEMO
2022-02-23,BCI,2459.8,SYNTHETIC_DEMO
2022-02-23,BPI,1589.0,SYNTHETIC_DEMO
2022-02-23,BSI,1216.2,SYNTHETIC_DEMO
2022-02-23,BHSI,711.6,SYNTHETIC_DEMO
2022-02-24,BDI,1707.1,SYNTHETIC_DEMO
2022-02-24,BCI,2398.1,SYNTHETIC_DEMO
2022-02-24,BPI,1591.7,SYNTHETIC_DEMO
2022-02-24,BSI,1214.8,SYNTHETIC_DEMO
2022-02-24,BHSI,716.8,SYNTHETIC_DEMO
2022-02-25,BDI,1826.7,SYNTHETIC_DEMO
2022-02-25,BCI,2544.6,SYNTHETIC_DEMO
2022-02-25,BPI,1685.2,SYNTHETIC_DEMO
2022-02-25,BSI,1295.7,SYNTHETIC_DEMO
2022-02-25,BHSI,770.9,SYNTHETIC_DEMO
2022-02-26,BDI,1849.7,SYNTHETIC_DEMO
2022-02-26,BCI,2613.8,SYNTHETIC_DEMO
2022-02-26,BPI,1709.8,SYNTHETIC_DEMO
2022-02-26,BSI,1340.3,SYNTHETIC_DEMO
2022-02-26,BHSI,760.2,SYNTHETIC_DEMO
2022-02-27,BDI,1810.2,SYNTHETIC_DEMO
2022-02-27,BCI,2572.6,SYNTHETIC_DEMO
2022-02-27,BPI,1640.5,SYNTHETIC_DEMO
2022-02-27,BSI,1296.9,SYNTHETIC_DEMO
2022-02-27,BHSI,755.0,SYNTHETIC_DEMO
2022-02-28,BDI,1844.3,SYNTHETIC_DEMO
2022-02-28,BCI,2590.0,SYNTHETIC_DEMO
2022-02-28,BPI,1651.7,SYNTHETIC_DEMO
2022-02-28,BSI,1300.1,SYNTHETIC_DEMO
2022-02-28,BHSI,788.9,SYNTHETIC_DEMO
2022-03-01,BDI,1823.8,SYNTHETIC_DEMO
2022-03-01,BCI,2594.5,SYNTHETIC_DEMO
2022-03-01,BPI,1727.2,SYNTHETIC_DEMO
2022-03-01,BSI,1308.7,SYNTHETIC_DEMO
2022-03-01,BHSI,760.4,SYNTHETIC_DEMO
2022-03-02,BDI,1791.2,SYNTHETIC_DEMO
2022-03-02,BCI,2592.6,SYNTHETIC_DEMO
2022-03-02,BPI,1629.7,SYNTHETIC_DEMO
2022-03-02,BSI,1285.5,SYNTHETIC_DEMO
2022-03-02,BHSI,755.0,SYNTHETIC_DEMO
2022-03-03,BDI,1783.7,SYNTHETIC_DEMO
2022-03-03,BCI,2507.4,SYNTHETIC_DEMO
2022-03-03,BPI,1643.0,SYNTHETIC_DEMO
2022-03-03,BSI,1290.2,SYNTHETIC_DEMO
2022-03-03,BHSI,728.4,SYNTHETIC_DEMO
2022-03-04,BDI,1781.2,SYNTHETIC_DEMO
2022-03-04,BCI,2544.3,SYNTHETIC_DEMO
2022-03-04,BPI,1630.5,SYNTHETIC_DEMO
2022-03-04,BSI,1280.6,SYNTHETIC_DEMO
2022-03-04,BHSI,758.4,SYNTHETIC_DEMO
2022-03-05,BDI,1790.9,SYNTHETIC_DEMO
2022-03-05,BCI,2542.0,SYNTHETIC_DEMO
2022-03-05,BPI,1692.7,SYNTHETIC_DEMO
2022-03-05,BSI,1271.0,SYNTHETIC_DEMO
2022-03-05,BHSI,727.4,SYNTHETIC_DEMO
2022-03-06,BDI,1814.9,SYNTHETIC_DEMO
2022-03-06,BCI,2604.3,SYNTHETIC_DEMO
2022-03-06,BPI,1683.1,SYNTHETIC_DEMO
2022-03-06,BSI,1294.0,SYNTHETIC_DEMO
2022-03-06,BHSI,755.8,SYNTHETIC_DEMO
2022-03-07,BDI,1787.2,SYNTHETIC_DEMO
2022-03-07,BCI,2600.5,SYNTHETIC_DEMO
2022-03-07,BPI,1661.2,SYNTHETIC_DEMO
2022-03-07,BSI,1275.2,SYNTHETIC_DEMO
2022-03-07,BHSI,758.8,SYNTHETIC_DEMO
2022-03-08,BDI,1791.0,SYNTHETIC_DEMO
2022-03-08,BCI,2529.6,SYNTHETIC_DEMO
2022-03-08,BPI,1627.6,SYNTHETIC_DEMO
2022-03-08,BSI,1294.2,SYNTHETIC_DEMO
2022-03-08,BHSI,768.5,SYNTHETIC_DEMO
2022-03-09,BDI,1774.0,SYNTHETIC_DEMO
2022-03-09,BCI,2510.8,SYNTHETIC_DEMO
2022-03-09,BPI,1657.3,SYNTHETIC_DEMO
2022-03-09,BSI,1253.1,SYNTHETIC_DEMO
2022-03-09,BHSI,730.7,SYNTHETIC_DEMO
2022-03-10,BDI,1730.5,SYNTHETIC_DEMO
2022-03-10,BCI,2413.3,SYNTHETIC_DEMO
2022-03-10,BPI,1620.3,SYNTHETIC_DEMO
2022-03-10,BSI,1218.4,SYNTHETIC_DEMO
2022-03-10,BHSI,720.1,SYNTHETIC_DEMO
2022-03-11,BDI,1730.2,SYNTHETIC_DEMO
2022-03-11,BCI,2527.4,SYNTHETIC_DEMO
2022-03-11,BPI,1605.8,SYNTHETIC_DEMO
2022-03-11,BSI,1282.8,SYNTHETIC_DEMO
2022-03-11,BHSI,733.8,SYNTHETIC_DEMO
2022-03-12,BDI,1689.2,SYNTHETIC_DEMO
2022-03-12,BCI,2393.9,SYNTHETIC_DEMO
2022-03-12,BPI,1526.4,SYNTHETIC_DEMO
2022-03-12,BSI,1221.0,SYNTHETIC_DEMO
2022-03-12,BHSI,684.8,SYNTHETIC_DEMO
2022-03-13,BDI,1717.7,SYNTHETIC_DEMO
2022-03-13,BCI,2462.1,SYNTHETIC_DEMO
2022-03-13,BPI,1585.1,SYNTHETIC_DEMO
2022-03-13,BSI,1238.6,SYNTHETIC_DEMO
2022-03-13,BHSI,727.0,SYNTHETIC_DEMO
2022-03-14,BDI,1674.9,SYNTHETIC_DEMO
2022-03-14,BCI,2458.8,SYNTHETIC_DEMO
2022-03-14,BPI,1558.0,SYNTHETIC_DEMO
2022-03-14,BSI,1165.8,SYNTHETIC_DEMO
2022-03-14,BHSI,691.8,SYNTHETIC_DEMO
2022-03-15,BDI,1657.2,SYNTHETIC_DEMO
2022-03-15,BCI,2366.2,SYNTHETIC_DEMO
2022-03-15,BPI,1537.2,SYNTHETIC_DEMO
2022-03-15,BSI,1198.7,SYNTHETIC_DEMO
2022-03-15,BHSI,701.6,SYNTHETIC_DEMO
2022-03-16,BDI,1647.9,SYNTHETIC_DEMO
2022-03-16,BCI,2418.0,SYNTHETIC_DEMO
2022-03-16,BPI,1513.6,SYNTHETIC_DEMO
2022-03-16,BSI,1189.7,SYNTHETIC_DEMO
2022-03-16,BHSI,703.8,SYNTHETIC_DEMO
2022-03-17,BDI,1671.1,SYNTHETIC_DEMO
2022-03-17,BCI,2385.4,SYNTHETIC_DEMO
2022-03-17,BPI,1512.0,SYNTHETIC_DEMO
2022-03-17,BSI,1220.1,SYNTHETIC_DEMO
2022-03-17,BHSI,715.3,SYNTHETIC_DEMO
2022-03-18,BDI,1699.0,SYNTHETIC_DEMO
2022-03-18,BCI,2452.1,SYNTHETIC_DEMO
2022-03-18,BPI,1569.5,SYNTHETIC_DEMO
2022-03-18,BSI,1232.7,SYNTHETIC_DEMO
2022-03-18,BHSI,718.7,SYNTHETIC_DEMO
2022-03-19,BDI,1718.0,SYNTHETIC_DEMO
2022-03-19,BCI,2498.8,SYNTHETIC_DEMO
2022-03-19,BPI,1549.8,SYNTHETIC_DEMO
2022-03-19,BSI,1255.0,SYNTHETIC_DEMO
2022-03-19,BHSI,722.0,SYNTHETIC_DEMO
2022-03-20,BDI,1688.6,SYNTHETIC_DEMO
2022-03-20,BCI,2388.0,SYNTHETIC_DEMO
2022-03-20,BPI,1540.6,SYNTHETIC_DEMO
2022-03-20,BSI,1224.7,SYNTHETIC_DEMO
2022-03-20,BHSI,719.1,SYNTHETIC_DEMO
2022-03-21,BDI,1674.9,SYNTHETIC_DEMO
2022-03-21,BCI,2364.5,SYNTHETIC_DEMO
2022-03-21,BPI,1511.9,SYNTHETIC_DEMO
2022-03-21,BSI,1189.1,SYNTHETIC_DEMO
2022-03-21,BHSI,693.3,SYNTHETIC_DEMO
2022-03-22,BDI,1642.5,SYNTHETIC_DEMO
2022-03-22,BCI,2362.2,SYNTHETIC_DEMO
2022-03-22,BPI,1505.8,SYNTHETIC_DEMO
2022-03-22,BSI,1181.9,SYNTHETIC_DEMO
2022-03-22,BHSI,682.3,SYNTHETIC_DEMO
2022-03-23,BDI,1649.6,SYNTHETIC_DEMO
2022-03-23,BCI,2386.3,SYNTHETIC_DEMO
2022-03-23,BPI,1510.0,SYNTHETIC_DEMO
2022-03-23,BSI,1181.6,SYNTHETIC_DEMO
2022-03-23,BHSI,699.8,SYNTHETIC_DEMO
2022-03-24,BDI,1713.4,SYNTHETIC_DEMO
2022-03-24,BCI,2418.1,SYNTHETIC_DEMO
2022-03-24,BPI,1567.6,SYNTHETIC_DEMO
2022-03-24,BSI,1251.7,SYNTHETIC_DEMO
2022-03-24,BHSI,720.6,SYNTHETIC_DEMO
2022-03-25,BDI,1705.1,SYNTHETIC_DEMO
2022-03-25,BCI,2389.9,SYNTHETIC_DEMO
2022-03-25,BPI,1533.1,SYNTHETIC_DEMO
2022-03-25,BSI,1240.7,SYNTHETIC_DEMO
2022-03-25,BHSI,741.2,SYNTHETIC_DEMO
2022-03-26,BDI,1677.2,SYNTHETIC_DEMO
2022-03-26,BCI,2380.4,SYNTHETIC_DEMO
2022-03-26,BPI,1580.7,SYNTHETIC_DEMO
2022-03-26,BSI,1218.1,SYNTHETIC_DEMO
2022-03-26,BHSI,715.7,SYNTHETIC_DEMO
2022-03-27,BDI,1689.9,SYNTHETIC_DEMO
2022-03-27,BCI,2372.5,SYNTHETIC_DEMO
2022-03-27,BPI,1543.5,SYNTHETIC_DEMO
2022-03-27,BSI,1231.3,SYNTHETIC_DEMO
2022-03-27,BHSI,697.0,SYNTHETIC_DEMO
2022-03-28,BDI,1694.7,SYNTHETIC_DEMO
2022-03-28,BCI,2393.0,SYNTHETIC_DEMO
2022-03-28,BPI,1549.2,SYNTHETIC_DEMO
2022-03-28,BSI,1218.9,SYNTHETIC_DEMO
2022-03-28,BHSI,701.7,SYNTHETIC_DEMO
2022-03-29,BDI,1722.1,SYNTHETIC_DEMO
2022-03-29,BCI,2436.0,SYNTHETIC_DEMO
2022-03-29,BPI,1551.4,SYNTHETIC_DEMO
2022-03-29,BSI,1255.9,SYNTHETIC_DEMO
2022-03-29,BHSI,720.9,SYNTHETIC_DEMO
2022-03-30,BDI,1721.2,SYNTHETIC_DEMO
2022-03-30,BCI,2388.2,SYNTHETIC_DEMO
2022-03-30,BPI,1556.7,SYNTHETIC_DEMO
2022-03-30,BSI,1249.3,SYNTHETIC_DEMO
2022-03-30,BHSI,742.5,SYNTHETIC_DEMO
2022-03-31,BDI,1729.7,SYNTHETIC_DEMO
2022-03-31,BCI,2457.6,SYNTHETIC_DEMO
2022-03-31,BPI,1601.2,SYNTHETIC_DEMO
2022-03-31,BSI,1243.2,SYNTHETIC_DEMO
2022-03-31,BHSI,728.9,SYNTHETIC_DEMO
2022-04-01,BDI,1751.6,SYNTHETIC_DEMO
2022-04-01,BCI,2432.2,SYNTHETIC_DEMO
2022-04-01,BPI,1651.5,SYNTHETIC_DEMO
2022-04-01,BSI,1246.6,SYNTHETIC_DEMO
2022-04-01,BHSI,724.6,SYNTHETIC_DEMO
2022-04-02,BDI,1750.7,SYNTHETIC_DEMO
2022-04-02,BCI,2535.2,SYNTHETIC_DEMO
2022-04-02,BPI,1620.9,SYNTHETIC_DEMO
2022-04-02,BSI,1253.5,SYNTHETIC_DEMO
2022-04-02,BHSI,742.2,SYNTHETIC_DEMO
2022-04-03,BDI,1792.3,SYNTHETIC_DEMO
2022-04-03,BCI,2636.9,SYNTHETIC_DEMO
2022-04-03,BPI,1649.9,SYNTHETIC_DEMO
2022-04-03,BSI,1301.8,SYNTHETIC_DEMO
2022-04-03,BHSI,754.8,SYNTHETIC_DEMO
2022-04-04,BDI,1787.6,SYNTHETIC_DEMO
2022-04-04,BCI,2540.4,SYNTHETIC_DEMO
2022-04-04,BPI,1663.7,SYNTHETIC_DEMO
2022-04-04,BSI,1269.3,SYNTHETIC_DEMO
2022-04-04,BHSI,773.8,SYNTHETIC_DEMO
2022-04-05,BDI,1806.5,SYNTHETIC_DEMO
2022-04-05,BCI,2550.6,SYNTHETIC_DEMO
2022-04-05,BPI,1655.7,SYNTHETIC_DEMO
2022-04-05,BSI,1333.7,SYNTHETIC_DEMO
2022-04-05,BHSI,751.9,SYNTHETIC_DEMO
2022-04-06,BDI,1827.8,SYNTHETIC_DEMO
2022-04-06,BCI,2601.9,SYNTHETIC_DEMO
2022-04-06,BPI,1677.0,SYNTHETIC_DEMO
2022-04-06,BSI,1305.6,SYNTHETIC_DEMO
2022-04-06,BHSI,763.4,SYNTHETIC_DEMO
2022-04-07,BDI,1799.1,SYNTHETIC_DEMO
2022-04-07,BCI,2639.1,SYNTHETIC_DEMO
2022-04-07,BPI,1674.1,SYNTHETIC_DEMO
2022-04-07,BSI,1280.6,SYNTHETIC_DEMO
2022-04-07,BHSI,731.0,SYNTHETIC_DEMO
2022-04-08,BDI,1813.1,SYNTHETIC_DEMO
2022-04-08,BCI,2664.1,SYNTHETIC_DEMO
2022-04-08,BPI,1663.0,SYNTHETIC_DEMO
2022-04-08,BSI,1299.5,SYNTHETIC_DEMO
2022-04-08,BHSI,744.4,SYNTHETIC_DEMO
2022-04-09,BDI,1780.9,SYNTHETIC_DEMO
2022-04-09,BCI,2521.3,SYNTHETIC_DEMO
2022-04-09,BPI,1680.9,SYNTHETIC_DEMO
2022-04-09,BSI,1302.4,SYNTHETIC_DEMO
2022-04-09,BHSI,735.6,SYNTHETIC_DEMO
2022-04-10,BDI,1748.6,SYNTHETIC_DEMO
2022-04-10,BCI,2520.6,SYNTHETIC_DEMO
2022-04-10,BPI,1596.6,SYNTHETIC_DEMO
2022-04-10,BSI,1236.6,SYNTHETIC_DEMO
2022-04-10,BHSI,717.8,SYNTHETIC_DEMO
2022-04-11,BDI,1805.9,SYNTHETIC_DEMO
2022-04-11,BCI,2460.4,SYNTHETIC_DEMO
2022-04-11,BPI,1649.1,SYNTHETIC_DEMO
2022-04-11,BSI,1326.6,SYNTHETIC_DEMO
2022-04-11,BHSI,766.7,SYNTHETIC_DEMO
2022-04-12,BDI,1845.1,SYNTHETIC_DEMO
2022-04-12,BCI,2599.8,SYNTHETIC_DEMO
2022-04-12,BPI,1667.0,SYNTHETIC_DEMO
2022-04-12,BSI,1347.3,SYNTHETIC_DEMO
2022-04-12,BHSI,772.3,SYNTHETIC_DEMO
2022-04-13,BDI,1833.9,SYNTHETIC_DEMO
2022-04-13,BCI,2662.7,SYNTHETIC_DEMO
2022-04-13,BPI,1689.6,SYNTHETIC_DEMO
2022-04-13,BSI,1352.8,SYNTHETIC_DEMO
2022-04-13,BHSI,779.9,SYNTHETIC_DEMO
2022-04-14,BDI,1870.5,SYNTHETIC_DEMO
2022-04-14,BCI,2628.1,SYNTHETIC_DEMO
2022-04-14,BPI,1769.4,SYNTHETIC_DEMO
2022-04-14,BSI,1357.7,SYNTHETIC_DEMO
2022-04-14,BHSI,777.2,SYNTHETIC_DEMO
2022-04-15,BDI,1908.0,SYNTHETIC_DEMO
2022-04-15,BCI,2747.1,SYNTHETIC_DEMO
2022-04-15,BPI,1797.1,SYNTHETIC_DEMO
2022-04-15,BSI,1379.0,SYNTHETIC_DEMO
2022-04-15,BHSI,800.7,SYNTHETIC_DEMO
2022-04-16,BDI,1822.6,SYNTHETIC_DEMO
2022-04-16,BCI,2618.2,SYNTHETIC_DEMO
2022-04-16,BPI,1689.2,SYNTHETIC_DEMO
2022-04-16,BSI,1281.6,SYNTHETIC_DEMO
2022-04-16,BHSI,743.0,SYNTHETIC_DEMO
2022-04-17,BDI,1848.2,SYNTHETIC_DEMO
2022-04-17,BCI,2683.6,SYNTHETIC_DEMO
2022-04-17,BPI,1704.9,SYNTHETIC_DEMO
2022-04-17,BSI,1333.3,SYNTHETIC_DEMO
2022-04-17,BHSI,766.4,SYNTHETIC_DEMO
2022-04-18,BDI,1814.0,SYNTHETIC_DEMO
2022-04-18,BCI,2539.0,SYNTHETIC_DEMO
2022-04-18,BPI,1631.6,SYNTHETIC_DEMO
2022-04-18,BSI,1283.1,SYNTHETIC_DEMO
2022-04-18,BHSI,768.0,SYNTHETIC_DEMO
2022-04-19,BDI,1838.5,SYNTHETIC_DEMO
2022-04-19,BCI,2488.6,SYNTHETIC_DEMO
2022-04-19,BPI,1707.2,SYNTHETIC_DEMO
2022-04-19,BSI,1340.7,SYNTHETIC_DEMO
2022-04-19,BHSI,741.3,SYNTHETIC_DEMO
2022-04-20,BDI,1860.4,SYNTHETIC_DEMO
2022-04-20,BCI,2616.6,SYNTHETIC_DEMO
2022-04-20,BPI,1694.7,SYNTHETIC_DEMO
2022-04-20,BSI,1336.9,SYNTHETIC_DEMO
2022-04-20,BHSI,774.3,SYNTHETIC_DEMO
2022-04-21,BDI,1842.5,SYNTHETIC_DEMO
2022-04-21,BCI,2540.4,SYNTHETIC_DEMO
2022-04-21,BPI,1713.6,SYNTHETIC_DEMO
2022-04-21,BSI,1302.7,SYNTHETIC_DEMO
2022-04-21,BHSI,775.1,SYNTHETIC_DEMO
2022-04-22,BDI,1881.1,SYNTHETIC_DEMO
2022-04-22,BCI,2643.7,SYNTHETIC_DEMO
2022-04-22,BPI,1754.4,SYNTHETIC_DEMO
2022-04-22,BSI,1361.7,SYNTHETIC_DEMO
2022-04-22,BHSI,792.4,SYNTHETIC_DEMO
2022-04-23,BDI,1930.4,SYNTHETIC_DEMO
2022-04-23,BCI,2728.4,SYNTHETIC_DEMO
2022-04-23,BPI,1855.7,SYNTHETIC_DEMO
2022-04-23,BSI,1382.7,SYNTHETIC_DEMO
2022-04-23,BHSI,813.8,SYNTHETIC_DEMO
2022-04-24,BDI,1941.7,SYNTHETIC_DEMO
2022-04-24,BCI,2747.9,SYNTHETIC_DEMO
2022-04-24,BPI,1779.6,SYNTHETIC_DEMO
2022-04-24,BSI,1417.6,SYNTHETIC_DEMO
2022-04-24,BHSI,818.8,SYNTHETIC_DEMO
2022-04-25,BDI,1935.4,SYNTHETIC_DEMO
2022-04-25,BCI,2792.3,SYNTHETIC_DEMO
2022-04-25,BPI,1796.4,SYNTHETIC_DEMO
2022-04-25,BSI,1387.6,SYNTHETIC_DEMO
2022-04-25,BHSI,823.4,SYNTHETIC_DEMO
2022-04-26,BDI,1937.2,SYNTHETIC_DEMO
2022-04-26,BCI,2764.3,SYNTHETIC_DEMO
2022-04-26,BPI,1798.7,SYNTHETIC_DEMO
2022-04-26,BSI,1366.1,SYNTHETIC_DEMO
2022-04-26,BHSI,817.3,SYNTHETIC_DEMO
2022-04-27,BDI,1891.6,SYNTHETIC_DEMO
2022-04-27,BCI,2650.1,SYNTHETIC_DEMO
2022-04-27,BPI,1734.1,SYNTHETIC_DEMO
2022-04-27,BSI,1351.5,SYNTHETIC_DEMO
2022-04-27,BHSI,813.6,SYNTHETIC_DEMO
2022-04-28,BDI,1891.1,SYNTHETIC_DEMO
2022-04-28,BCI,2754.8,SYNTHETIC_DEMO
2022-04-28,BPI,1756.3,SYNTHETIC_DEMO
2022-04-28,BSI,1360.0,SYNTHETIC_DEMO
2022-04-28,BHSI,789.5,SYNTHETIC_DEMO
2022-04-29,BDI,1894.9,SYNTHETIC_DEMO
2022-04-29,BCI,2588.4,SYNTHETIC_DEMO
2022-04-29,BPI,1748.0,SYNTHETIC_DEMO
2022-04-29,BSI,1386.8,SYNTHETIC_DEMO
2022-04-29,BHSI,810.9,SYNTHETIC_DEMO
2022-04-30,BDI,1900.7,SYNTHETIC_DEMO
2022-04-30,BCI,2734.8,SYNTHETIC_DEMO
2022-04-30,BPI,1763.6,SYNTHETIC_DEMO
2022-04-30,BSI,1370.6,SYNTHETIC_DEMO
2022-04-30,BHSI,797.3,SYNTHETIC_DEMO
2022-05-01,BDI,1898.7,SYNTHETIC_DEMO
2022-05-01,BCI,2649.0,SYNTHETIC_DEMO
2022-05-01,BPI,1727.1,SYNTHETIC_DEMO
2022-05-01,BSI,1363.6,SYNTHETIC_DEMO
2022-05-01,BHSI,808.4,SYNTHETIC_DEMO
2022-05-02,BDI,1873.1,SYNTHETIC_DEMO
2022-05-02,BCI,2743.9,SYNTHETIC_DEMO
2022-05-02,BPI,1687.8,SYNTHETIC_DEMO
2022-05-02,BSI,1348.8,SYNTHETIC_DEMO
2022-05-02,BHSI,793.7,SYNTHETIC_DEMO
2022-05-03,BDI,1852.7,SYNTHETIC_DEMO
2022-05-03,BCI,2593.7,SYNTHETIC_DEMO
2022-05-03,BPI,1696.7,SYNTHETIC_DEMO
2022-05-03,BSI,1358.2,SYNTHETIC_DEMO
2022-05-03,BHSI,773.8,SYNTHETIC_DEMO
2022-05-04,BDI,1822.8,SYNTHETIC_DEMO
2022-05-04,BCI,2639.0,SYNTHETIC_DEMO
2022-05-04,BPI,1672.5,SYNTHETIC_DEMO
2022-05-04,BSI,1325.1,SYNTHETIC_DEMO
2022-05-04,BHSI,759.5,SYNTHETIC_DEMO
2022-05-05,BDI,1769.1,SYNTHETIC_DEMO
2022-05-05,BCI,2525.1,SYNTHETIC_DEMO
2022-05-05,BPI,1621.7,SYNTHETIC_DEMO
2022-05-05,BSI,1291.0,SYNTHETIC_DEMO
2022-05-05,BHSI,746.7,SYNTHETIC_DEMO
2022-05-06,BDI,1740.4,SYNTHETIC_DEMO
2022-05-06,BCI,2500.1,SYNTHETIC_DEMO
2022-05-06,BPI,1578.3,SYNTHETIC_DEMO
2022-05-06,BSI,1263.9,SYNTHETIC_DEMO
2022-05-06,BHSI,751.4,SYNTHETIC_DEMO
2022-05-07,BDI,1683.5,SYNTHETIC_DEMO
2022-05-07,BCI,2402.8,SYNTHETIC_DEMO
2022-05-07,BPI,1569.0,SYNTHETIC_DEMO
2022-05-07,BSI,1211.4,SYNTHETIC_DEMO
2022-05-07,BHSI,710.9,SYNTHETIC_DEMO
2022-05-08,BDI,1694.9,SYNTHETIC_DEMO
2022-05-08,BCI,2390.7,SYNTHETIC_DEMO
2022-05-08,BPI,1558.3,SYNTHETIC_DEMO
2022-05-08,BSI,1225.8,SYNTHETIC_DEMO
2022-05-08,BHSI,722.5,SYNTHETIC_DEMO
2022-05-09,BDI,1674.1,SYNTHETIC_DEMO
2022-05-09,BCI,2310.4,SYNTHETIC_DEMO
2022-05-09,BPI,1584.5,SYNTHETIC_DEMO
2022-05-09,BSI,1203.4,SYNTHETIC_DEMO
2022-05-09,BHSI,722.5,SYNTHETIC_DEMO
2022-05-10,BDI,1632.1,SYNTHETIC_DEMO
2022-05-10,BCI,2290.2,SYNTHETIC_DEMO
2022-05-10,BPI,1492.1,SYNTHETIC_DEMO
2022-05-10,BSI,1174.0,SYNTHETIC_DEMO
2022-05-10,BHSI,692.4,SYNTHETIC_DEMO
2022-05-11,BDI,1630.9,SYNTHETIC_DEMO
2022-05-11,BCI,2289.2,SYNTHETIC_DEMO
2022-05-11,BPI,1527.0,SYNTHETIC_DEMO
2022-05-11,BSI,1155.2,SYNTHETIC_DEMO
2022-05-11,BHSI,687.7,SYNTHETIC_DEMO
2022-05-12,BDI,1692.4,SYNTHETIC_DEMO
2022-05-12,BCI,2321.6,SYNTHETIC_DEMO
2022-05-12,BPI,1591.4,SYNTHETIC_DEMO
2022-05-12,BSI,1176.4,SYNTHETIC_DEMO
2022-05-12,BHSI,714.7,SYNTHETIC_DEMO
2022-05-13,BDI,1676.8,SYNTHETIC_DEMO
2022-05-13,BCI,2409.6,SYNTHETIC_DEMO
2022-05-13,BPI,1527.9,SYNTHETIC_DEMO
2022-05-13,BSI,1185.0,SYNTHETIC_DEMO
2022-05-13,BHSI,688.2,SYNTHETIC_DEMO
2022-05-14,BDI,1669.1,SYNTHETIC_DEMO
2022-05-14,BCI,2464.1,SYNTHETIC_DEMO
2022-05-14,BPI,1547.4,SYNTHETIC_DEMO
2022-05-14,BSI,1195.9,SYNTHETIC_DEMO
2022-05-14,BHSI,688.7,SYNTHETIC_DEMO
2022-05-15,BDI,1723.6,SYNTHETIC_DEMO
2022-05-15,BCI,2406.3,SYNTHETIC_DEMO
2022-05-15,BPI,1597.8,SYNTHETIC_DEMO
2022-05-15,BSI,1244.6,SYNTHETIC_DEMO
2022-05-15,BHSI,734.3,SYNTHETIC_DEMO
2022-05-16,BDI,1754.7,SYNTHETIC_DEMO
2022-05-16,BCI,2498.5,SYNTHETIC_DEMO
2022-05-16,BPI,1578.7,SYNTHETIC_DEMO
2022-05-16,BSI,1257.1,SYNTHETIC_DEMO
2022-05-16,BHSI,731.8,SYNTHETIC_DEMO
2022-05-17,BDI,1787.7,SYNTHETIC_DEMO
2022-05-17,BCI,2554.4,SYNTHETIC_DEMO
2022-05-17,BPI,1665.7,SYNTHETIC_DEMO
2022-05-17,BSI,1317.1,SYNTHETIC_DEMO
2022-05-17,BHSI,748.2,SYNTHETIC_DEMO
2022-05-18,BDI,1787.6,SYNTHETIC_DEMO
2022-05-18,BCI,2492.9,SYNTHETIC_DEMO
2022-05-18,BPI,1652.7,SYNTHETIC_DEMO
2022-05-18,BSI,1286.2,SYNTHETIC_DEMO
2022-05-18,BHSI,748.0,SYNTHETIC_DEMO
2022-05-19,BDI,1775.9,SYNTHETIC_DEMO
2022-05-19,BCI,2577.9,SYNTHETIC_DEMO
2022-05-19,BPI,1616.6,SYNTHETIC_DEMO
2022-05-19,BSI,1244.6,SYNTHETIC_DEMO
2022-05-19,BHSI,748.5,SYNTHETIC_DEMO
2022-05-20,BDI,1773.1,SYNTHETIC_DEMO
2022-05-20,BCI,2554.0,SYNTHETIC_DEMO
2022-05-20,BPI,1621.2,SYNTHETIC_DEMO
2022-05-20,BSI,1266.9,SYNTHETIC_DEMO
2022-05-20,BHSI,737.2,SYNTHETIC_DEMO
2022-05-21,BDI,1781.2,SYNTHETIC_DEMO
2022-05-21,BCI,2603.9,SYNTHETIC_DEMO
2022-05-21,BPI,1638.8,SYNTHETIC_DEMO
2022-05-21,BSI,1300.6,SYNTHETIC_DEMO
2022-05-21,BHSI,745.9,SYNTHETIC_DEMO
2022-05-22,BDI,1790.8,SYNTHETIC_DEMO
2022-05-22,BCI,2522.4,SYNTHETIC_DEMO
2022-05-22,BPI,1663.7,SYNTHETIC_DEMO
2022-05-22,BSI,1303.9,SYNTHETIC_DEMO
2022-05-22,BHSI,773.8,SYNTHETIC_DEMO
2022-05-23,BDI,1749.8,SYNTHETIC_DEMO
2022-05-23,BCI,2497.9,SYNTHETIC_DEMO
2022-05-23,BPI,1606.9,SYNTHETIC_DEMO
2022-05-23,BSI,1249.7,SYNTHETIC_DEMO
2022-05-23,BHSI,725.8,SYNTHETIC_DEMO
2022-05-24,BDI,1738.0,SYNTHETIC_DEMO
2022-05-24,BCI,2502.7,SYNTHETIC_DEMO
2022-05-24,BPI,1567.3,SYNTHETIC_DEMO
2022-05-24,BSI,1298.5,SYNTHETIC_DEMO
2022-05-24,BHSI,735.9,SYNTHETIC_DEMO
2022-05-25,BDI,1743.9,SYNTHETIC_DEMO
2022-05-25,BCI,2459.0,SYNTHETIC_DEMO
2022-05-25,BPI,1612.7,SYNTHETIC_DEMO
2022-05-25,BSI,1251.2,SYNTHETIC_DEMO
2022-05-25,BHSI,737.0,SYNTHETIC_DEMO
2022-05-26,BDI,1734.9,SYNTHETIC_DEMO
2022-05-26,BCI,2529.2,SYNTHETIC_DEMO
2022-05-26,BPI,1589.5,SYNTHETIC_DEMO
2022-05-26,BSI,1259.0,SYNTHETIC_DEMO
2022-05-26,BHSI,718.5,SYNTHETIC_DEMO
2022-05-27,BDI,1723.0,SYNTHETIC_DEMO
2022-05-27,BCI,2449.7,SYNTHETIC_DEMO
2022-05-27,BPI,1587.2,SYNTHETIC_DEMO
2022-05-27,BSI,1268.1,SYNTHETIC_DEMO
2022-05-27,BHSI,733.0,SYNTHETIC_DEMO
2022-05-28,BDI,1785.9,SYNTHETIC_DEMO
2022-05-28,BCI,2564.3,SYNTHETIC_DEMO
2022-05-28,BPI,1649.3,SYNTHETIC_DEMO
2022-05-28,BSI,1285.8,SYNTHETIC_DEMO
2022-05-28,BHSI,744.5,SYNTHETIC_DEMO
2022-05-29,BDI,1859.2,SYNTHETIC_DEMO
2022-05-29,BCI,2602.6,SYNTHETIC_DEMO
2022-05-29,BPI,1748.7,SYNTHETIC_DEMO
2022-05-29,BSI,1336.7,SYNTHETIC_DEMO
2022-05-29,BHSI,775.7,SYNTHETIC_DEMO
2022-05-30,BDI,1924.1,SYNTHETIC_DEMO
2022-05-30,BCI,2718.3,SYNTHETIC_DEMO
2022-05-30,BPI,1734.5,SYNTHETIC_DEMO
2022-05-30,BSI,1382.0,SYNTHETIC_DEMO
2022-05-30,BHSI,809.4,SYNTHETIC_DEMO
2022-05-31,BDI,1913.0,SYNTHETIC_DEMO
2022-05-31,BCI,2720.1,SYNTHETIC_DEMO
2022-05-31,BPI,1791.3,SYNTHETIC_DEMO
2022-05-31,BSI,1385.7,SYNTHETIC_DEMO
2022-05-31,BHSI,813.6,SYNTHETIC_DEMO
2022-06-01,BDI,1898.9,SYNTHETIC_DEMO
2022-06-01,BCI,2757.8,SYNTHETIC_DEMO
2022-06-01,BPI,1771.6,SYNTHETIC_DEMO
2022-06-01,BSI,1367.8,SYNTHETIC_DEMO
2022-06-01,BHSI,824.4,SYNTHETIC_DEMO
2022-06-02,BDI,1870.2,SYNTHETIC_DEMO
2022-06-02,BCI,2665.5,SYNTHETIC_DEMO
2022-06-02,BPI,1700.2,SYNTHETIC_DEMO
2022-06-02,BSI,1326.6,SYNTHETIC_DEMO
2022-06-02,BHSI,786.3,SYNTHETIC_DEMO
2022-06-03,BDI,1881.9,SYNTHETIC_DEMO
2022-06-03,BCI,2655.8,SYNTHETIC_DEMO
2022-06-03,BPI,1760.2,SYNTHETIC_DEMO
2022-06-03,BSI,1363.6,SYNTHETIC_DEMO
2022-06-03,BHSI,805.6,SYNTHETIC_DEMO
2022-06-04,BDI,1870.9,SYNTHETIC_DEMO
2022-06-04,BCI,2650.8,SYNTHETIC_DEMO
2022-06-04,BPI,1697.4,SYNTHETIC_DEMO
2022-06-04,BSI,1335.7,SYNTHETIC_DEMO
2022-06-04,BHSI,802.3,SYNTHETIC_DEMO
2022-06-05,BDI,1901.5,SYNTHETIC_DEMO
2022-06-05,BCI,2685.4,SYNTHETIC_DEMO
2022-06-05,BPI,1761.4,SYNTHETIC_DEMO
2022-06-05,BSI,1370.0,SYNTHETIC_DEMO
2022-06-05,BHSI,814.2,SYNTHETIC_DEMO
2022-06-06,BDI,1879.3,SYNTHETIC_DEMO
2022-06-06,BCI,2565.0,SYNTHETIC_DEMO
2022-06-06,BPI,1709.1,SYNTHETIC_DEMO
2022-06-06,BSI,1368.0,SYNTHETIC_DEMO
2022-06-06,BHSI,795.4,SYNTHETIC_DEMO
2022-06-07,BDI,1877.9,SYNTHETIC_DEMO
2022-06-07,BCI,2717.3,SYNTHETIC_DEMO
2022-06-07,BPI,1725.2,SYNTHETIC_DEMO
2022-06-07,BSI,1350.4,SYNTHETIC_DEMO
2022-06-07,BHSI,786.5,SYNTHETIC_DEMO
2022-06-08,BDI,1920.1,SYNTHETIC_DEMO
2022-06-08,BCI,2795.2,SYNTHETIC_DEMO
2022-06-08,BPI,1782.0,SYNTHETIC_DEMO
2022-06-08,BSI,1376.4,SYNTHETIC_DEMO
2022-06-08,BHSI,809.3,SYNTHETIC_DEMO
2022-06-09,BDI,1892.4,SYNTHETIC_DEMO
2022-06-09,BCI,2630.2,SYNTHETIC_DEMO
2022-06-09,BPI,1746.3,SYNTHETIC_DEMO
2022-06-09,BSI,1386.7,SYNTHETIC_DEMO
2022-06-09,BHSI,795.8,SYNTHETIC_DEMO
2022-06-10,BDI,1875.9,SYNTHETIC_DEMO
2022-06-10,BCI,2629.4,SYNTHETIC_DEMO
2022-06-10,BPI,1720.8,SYNTHETIC_DEMO
2022-06-10,BSI,1337.8,SYNTHETIC_DEMO
2022-06-10,BHSI,796.9,SYNTHETIC_DEMO
2022-06-11,BDI,1837.8,SYNTHETIC_DEMO
2022-06-11,BCI,2594.7,SYNTHETIC_DEMO
2022-06-11,BPI,1695.1,SYNTHETIC_DEMO
2022-06-11,BSI,1340.2,SYNTHETIC_DEMO
2022-06-11,BHSI,778.7,SYNTHETIC_DEMO
2022-06-12,BDI,1817.0,SYNTHETIC_DEMO
2022-06-12,BCI,2588.3,SYNTHETIC_DEMO
2022-06-12,BPI,1657.8,SYNTHETIC_DEMO
2022-06-12,BSI,1313.4,SYNTHETIC_DEMO
2022-06-12,BHSI,761.9,SYNTHETIC_DEMO
2022-06-13,BDI,1849.1,SYNTHETIC_DEMO
2022-06-13,BCI,2646.9,SYNTHETIC_DEMO
2022-06-13,BPI,1700.1,SYNTHETIC_DEMO
2022-06-13,BSI,1323.2,SYNTHETIC_DEMO
2022-06-13,BHSI,788.7,SYNTHETIC_DEMO
2022-06-14,BDI,1842.7,SYNTHETIC_DEMO
2022-06-14,BCI,2542.4,SYNTHETIC_DEMO
2022-06-14,BPI,1706.0,SYNTHETIC_DEMO
2022-06-14,BSI,1327.7,SYNTHETIC_DEMO
2022-06-14,BHSI,765.8,SYNTHETIC_DEMO
2022-06-15,BDI,1877.3,SYNTHETIC_DEMO
2022-06-15,BCI,2769.8,SYNTHETIC_DEMO
2022-06-15,BPI,1745.1,SYNTHETIC_DEMO
2022-06-15,BSI,1352.8,SYNTHETIC_DEMO
2022-06-15,BHSI,773.0,SYNTHETIC_DEMO
2022-06-16,BDI,1864.7,SYNTHETIC_DEMO
2022-06-16,BCI,2669.8,SYNTHETIC_DEMO
2022-06-16,BPI,1659.4,SYNTHETIC_DEMO
2022-06-16,BSI,1355.1,SYNTHETIC_DEMO
2022-06-16,BHSI,794.1,SYNTHETIC_DEMO
2022-06-17,BDI,1911.1,SYNTHETIC_DEMO
2022-06-17,BCI,2752.0,SYNTHETIC_DEMO
2022-06-17,BPI,1776.0,SYNTHETIC_DEMO
2022-06-17,BSI,1414.1,SYNTHETIC_DEMO
2022-06-17,BHSI,807.6,SYNTHETIC_DEMO
2022-06-18,BDI,1861.3,SYNTHETIC_DEMO
2022-06-18,BCI,2677.1,SYNTHETIC_DEMO
2022-06-18,BPI,1675.1,SYNTHETIC_DEMO
2022-06-18,BSI,1351.1,SYNTHETIC_DEMO
2022-06-18,BHSI,788.5,SYNTHETIC_DEMO
2022-06-19,BDI,1886.7,SYNTHETIC_DEMO
2022-06-19,BCI,2580.3,SYNTHETIC_DEMO
2022-06-19,BPI,1731.9,SYNTHETIC_DEMO
2022-06-19,BSI,1346.5,SYNTHETIC_DEMO
2022-06-19,BHSI,784.1,SYNTHETIC_DEMO
2022-06-20,BDI,1897.6,SYNTHETIC_DEMO
2022-06-20,BCI,2695.8,SYNTHETIC_DEMO
2022-06-20,BPI,1741.2,SYNTHETIC_DEMO
2022-06-20,BSI,1358.7,SYNTHETIC_DEMO
2022-06-20,BHSI,792.7,SYNTHETIC_DEMO
2022-06-21,BDI,1892.7,SYNTHETIC_DEMO
2022-06-21,BCI,2727.8,SYNTHETIC_DEMO
2022-06-21,BPI,1689.0,SYNTHETIC_DEMO
2022-06-21,BSI,1389.5,SYNTHETIC_DEMO
2022-06-21,BHSI,803.3,SYNTHETIC_DEMO
2022-06-22,BDI,1845.6,SYNTHETIC_DEMO
2022-06-22,BCI,2584.6,SYNTHETIC_DEMO
2022-06-22,BPI,1744.4,SYNTHETIC_DEMO
2022-06-22,BSI,1273.3,SYNTHETIC_DEMO
2022-06-22,BHSI,776.4,SYNTHETIC_DEMO
2022-06-23,BDI,1837.7,SYNTHETIC_DEMO
2022-06-23,BCI,2584.2,SYNTHETIC_DEMO
2022-06-23,BPI,1674.1,SYNTHETIC_DEMO
2022-06-23,BSI,1329.1,SYNTHETIC_DEMO
2022-06-23,BHSI,789.0,SYNTHETIC_DEMO
2022-06-24,BDI,1843.0,SYNTHETIC_DEMO
2022-06-24,BCI,2620.9,SYNTHETIC_DEMO
2022-06-24,BPI,1677.5,SYNTHETIC_DEMO
2022-06-24,BSI,1329.9,SYNTHETIC_DEMO
2022-06-24,BHSI,782.0,SYNTHETIC_DEMO
2022-06-25,BDI,1868.1,SYNTHETIC_DEMO
2022-06-25,BCI,2718.3,SYNTHETIC_DEMO
2022-06-25,BPI,1781.2,SYNTHETIC_DEMO
2022-06-25,BSI,1317.1,SYNTHETIC_DEMO
2022-06-25,BHSI,798.4,SYNTHETIC_DEMO
2022-06-26,BDI,1889.8,SYNTHETIC_DEMO
2022-06-26,BCI,2678.1,SYNTHETIC_DEMO
2022-06-26,BPI,1694.6,SYNTHETIC_DEMO
2022-06-26,BSI,1363.3,SYNTHETIC_DEMO
2022-06-26,BHSI,811.3,SYNTHETIC_DEMO
2022-06-27,BDI,1871.4,SYNTHETIC_DEMO
2022-06-27,BCI,2665.8,SYNTHETIC_DEMO
2022-06-27,BPI,1719.3,SYNTHETIC_DEMO
2022-06-27,BSI,1337.0,SYNTHETIC_DEMO
2022-06-27,BHSI,805.1,SYNTHETIC_DEMO
2022-06-28,BDI,1881.0,SYNTHETIC_DEMO
2022-06-28,BCI,2577.5,SYNTHETIC_DEMO
2022-06-28,BPI,1738.7,SYNTHETIC_DEMO
2022-06-28,BSI,1357.6,SYNTHETIC_DEMO
2022-06-28,BHSI,799.2,SYNTHETIC_DEMO
2022-06-29,BDI,1871.3,SYNTHETIC_DEMO
2022-06-29,BCI,2629.0,SYNTHETIC_DEMO
2022-06-29,BPI,1719.7,SYNTHETIC_DEMO
2022-06-29,BSI,1365.9,SYNTHETIC_DEMO
2022-06-29,BHSI,799.8,SYNTHETIC_DEMO
2022-06-30,BDI,1865.2,SYNTHETIC_DEMO
2022-06-30,BCI,2638.7,SYNTHETIC_DEMO
2022-06-30,BPI,1678.8,SYNTHETIC_DEMO
2022-06-30,BSI,1327.6,SYNTHETIC_DEMO
2022-06-30,BHSI,799.6,SYNTHETIC_DEMO
2022-07-01,BDI,1852.2,SYNTHETIC_DEMO
2022-07-01,BCI,2650.6,SYNTHETIC_DEMO
2022-07-01,BPI,1686.2,SYNTHETIC_DEMO
2022-07-01,BSI,1337.1,SYNTHETIC_DEMO
2022-07-01,BHSI,775.6,SYNTHETIC_DEMO
2022-07-02,BDI,1880.3,SYNTHETIC_DEMO
2022-07-02,BCI,2667.8,SYNTHETIC_DEMO
2022-07-02,BPI,1738.0,SYNTHETIC_DEMO
2022-07-02,BSI,1345.8,SYNTHETIC_DEMO
2022-07-02,BHSI,794.8,SYNTHETIC_DEMO
2022-07-03,BDI,1903.6,SYNTHETIC_DEMO
2022-07-03,BCI,2720.3,SYNTHETIC_DEMO
2022-07-03,BPI,1774.6,SYNTHETIC_DEMO
2022-07-03,BSI,1380.0,SYNTHETIC_DEMO
2022-07-03,BHSI,785.7,SYNTHETIC_DEMO
2022-07-04,BDI,1901.3,SYNTHETIC_DEMO
2022-07-04,BCI,2772.3,SYNTHETIC_DEMO
2022-07-04,BPI,1787.9,SYNTHETIC_DEMO
2022-07-04,BSI,1360.2,SYNTHETIC_DEMO
2022-07-04,BHSI,795.2,SYNTHETIC_DEMO
2022-07-05,BDI,1857.3,SYNTHETIC_DEMO
2022-07-05,BCI,2530.5,SYNTHETIC_DEMO
2022-07-05,BPI,1706.4,SYNTHETIC_DEMO
2022-07-05,BSI,1326.7,SYNTHETIC_DEMO
2022-07-05,BHSI,779.0,SYNTHETIC_DEMO
2022-07-06,BDI,1913.5,SYNTHETIC_DEMO
2022-07-06,BCI,2689.2,SYNTHETIC_DEMO
2022-07-06,BPI,1782.1,SYNTHETIC_DEMO
2022-07-06,BSI,1371.9,SYNTHETIC_DEMO
2022-07-06,BHSI,816.6,SYNTHETIC_DEMO
2022-07-07,BDI,1946.2,SYNTHETIC_DEMO
2022-07-07,BCI,2700.8,SYNTHETIC_DEMO
2022-07-07,BPI,1816.3,SYNTHETIC_DEMO
2022-07-07,BSI,1413.4,SYNTHETIC_DEMO
2022-07-07,BHSI,808.3,SYNTHETIC_DEMO
2022-07-08,BDI,1958.1,SYNTHETIC_DEMO
2022-07-08,BCI,2765.4,SYNTHETIC_DEMO
2022-07-08,BPI,1830.9,SYNTHETIC_DEMO
2022-07-08,BSI,1418.4,SYNTHETIC_DEMO
2022-07-08,BHSI,817.1,SYNTHETIC_DEMO
2022-07-09,BDI,1999.8,SYNTHETIC_DEMO
2022-07-09,BCI,2788.3,SYNTHETIC_DEMO
2022-07-09,BPI,1837.5,SYNTHETIC_DEMO
2022-07-09,BSI,1467.4,SYNTHETIC_DEMO
2022-07-09,BHSI,835.3,SYNTHETIC_DEMO
2022-07-10,BDI,1986.4,SYNTHETIC_DEMO
2022-07-10,BCI,2855.3,SYNTHETIC_DEMO
2022-07-10,BPI,1835.9,SYNTHETIC_DEMO
2022-07-10,BSI,1431.1,SYNTHETIC_DEMO
2022-07-10,BHSI,859.2,SYNTHETIC_DEMO
2022-07-11,BDI,1950.1,SYNTHETIC_DEMO
2022-07-11,BCI,2711.6,SYNTHETIC_DEMO
2022-07-11,BPI,1804.3,SYNTHETIC_DEMO
2022-07-11,BSI,1410.3,SYNTHETIC_DEMO
2022-07-11,BHSI,822.4,SYNTHETIC_DEMO
2022-07-12,BDI,1996.2,SYNTHETIC_DEMO
2022-07-12,BCI,2794.2,SYNTHETIC_DEMO
2022-07-12,BPI,1846.7,SYNTHETIC_DEMO
2022-07-12,BSI,1440.9,SYNTHETIC_DEMO
2022-07-12,BHSI,839.1,SYNTHETIC_DEMO
2022-07-13,BDI,2003.3,SYNTHETIC_DEMO
2022-07-13,BCI,2834.6,SYNTHETIC_DEMO
2022-07-13,BPI,1871.7,SYNTHETIC_DEMO
2022-07-13,BSI,1420.5,SYNTHETIC_DEMO
2022-07-13,BHSI,821.1,SYNTHETIC_DEMO
2022-07-14,BDI,2022.5,SYNTHETIC_DEMO
2022-07-14,BCI,2952.6,SYNTHETIC_DEMO
2022-07-14,BPI,1858.3,SYNTHETIC_DEMO
2022-07-14,BSI,1468.9,SYNTHETIC_DEMO
2022-07-14,BHSI,837.2,SYNTHETIC_DEMO
2022-07-15,BDI,2060.9,SYNTHETIC_DEMO
2022-07-15,BCI,2946.6,SYNTHETIC_DEMO
2022-07-15,BPI,1906.5,SYNTHETIC_DEMO
2022-07-15,BSI,1503.6,SYNTHETIC_DEMO
2022-07-15,BHSI,863.7,SYNTHETIC_DEMO
2022-07-16,BDI,2087.4,SYNTHETIC_DEMO
2022-07-16,BCI,2966.4,SYNTHETIC_DEMO
2022-07-16,BPI,1927.9,SYNTHETIC_DEMO
2022-07-16,BSI,1512.2,SYNTHETIC_DEMO
2022-07-16,BHSI,866.1,SYNTHETIC_DEMO
2022-07-17,BDI,2027.8,SYNTHETIC_DEMO
2022-07-17,BCI,2924.3,SYNTHETIC_DEMO
2022-07-17,BPI,1834.4,SYNTHETIC_DEMO
2022-07-17,BSI,1458.2,SYNTHETIC_DEMO
2022-07-17,BHSI,860.7,SYNTHETIC_DEMO
2022-07-18,BDI,1958.1,SYNTHETIC_DEMO
2022-07-18,BCI,2834.5,SYNTHETIC_DEMO
2022-07-18,BPI,1799.3,SYNTHETIC_DEMO
2022-07-18,BSI,1431.6,SYNTHETIC_DEMO
2022-07-18,BHSI,822.2,SYNTHETIC_DEMO
2022-07-19,BDI,1920.9,SYNTHETIC_DEMO
2022-07-19,BCI,2699.9,SYNTHETIC_DEMO
2022-07-19,BPI,1786.7,SYNTHETIC_DEMO
2022-07-19,BSI,1392.0,SYNTHETIC_DEMO
2022-07-19,BHSI,793.7,SYNTHETIC_DEMO
2022-07-20,BDI,1975.0,SYNTHETIC_DEMO
2022-07-20,BCI,2808.7,SYNTHETIC_DEMO
2022-07-20,BPI,1825.2,SYNTHETIC_DEMO
2022-07-20,BSI,1455.8,SYNTHETIC_DEMO
2022-07-20,BHSI,815.6,SYNTHETIC_DEMO
2022-07-21,BDI,1916.1,SYNTHETIC_DEMO
2022-07-21,BCI,2738.6,SYNTHETIC_DEMO
2022-07-21,BPI,1727.3,SYNTHETIC_DEMO
2022-07-21,BSI,1386.5,SYNTHETIC_DEMO
2022-07-21,BHSI,801.6,SYNTHETIC_DEMO
2022-07-22,BDI,1928.6,SYNTHETIC_DEMO
2022-07-22,BCI,2676.5,SYNTHETIC_DEMO
2022-07-22,BPI,1789.0,SYNTHETIC_DEMO
2022-07-22,BSI,1393.2,SYNTHETIC_DEMO
2022-07-22,BHSI,792.9,SYNTHETIC_DEMO
2022-07-23,BDI,1939.8,SYNTHETIC_DEMO
2022-07-23,BCI,2804.5,SYNTHETIC_DEMO
2022-07-23,BPI,1799.3,SYNTHETIC_DEMO
2022-07-23,BSI,1413.0,SYNTHETIC_DEMO
2022-07-23,BHSI,819.8,SYNTHETIC_DEMO
2022-07-24,BDI,1955.0,SYNTHETIC_DEMO
2022-07-24,BCI,2858.1,SYNTHETIC_DEMO
2022-07-24,BPI,1807.4,SYNTHETIC_DEMO
2022-07-24,BSI,1435.2,SYNTHETIC_DEMO
2022-07-24,BHSI,810.6,SYNTHETIC_DEMO
2022-07-25,BDI,2048.8,SYNTHETIC_DEMO
2022-07-25,BCI,2881.6,SYNTHETIC_DEMO
2022-07-25,BPI,1919.5,SYNTHETIC_DEMO
2022-07-25,BSI,1476.2,SYNTHETIC_DEMO
2022-07-25,BHSI,860.6,SYNTHETIC_DEMO
2022-07-26,BDI,2021.5,SYNTHETIC_DEMO
2022-07-26,BCI,2869.6,SYNTHETIC_DEMO
2022-07-26,BPI,1885.2,SYNTHETIC_DEMO
2022-07-26,BSI,1452.5,SYNTHETIC_DEMO
2022-07-26,BHSI,853.8,SYNTHETIC_DEMO
2022-07-27,BDI,2041.7,SYNTHETIC_DEMO
2022-07-27,BCI,2896.1,SYNTHETIC_DEMO
2022-07-27,BPI,1864.6,SYNTHETIC_DEMO
2022-07-27,BSI,1478.7,SYNTHETIC_DEMO
2022-07-27,BHSI,874.3,SYNTHETIC_DEMO
2022-07-28,BDI,1979.0,SYNTHETIC_DEMO
2022-07-28,BCI,2889.9,SYNTHETIC_DEMO
2022-07-28,BPI,1838.8,SYNTHETIC_DEMO
2022-07-28,BSI,1431.0,SYNTHETIC_DEMO
2022-07-28,BHSI,820.7,SYNTHETIC_DEMO
2022-07-29,BDI,2018.9,SYNTHETIC_DEMO
2022-07-29,BCI,2890.1,SYNTHETIC_DEMO
2022-07-29,BPI,1889.2,SYNTHETIC_DEMO
2022-07-29,BSI,1464.6,SYNTHETIC_DEMO
2022-07-29,BHSI,854.4,SYNTHETIC_DEMO
2022-07-30,BDI,2067.1,SYNTHETIC_DEMO
2022-07-30,BCI,2938.3,SYNTHETIC_DEMO
2022-07-30,BPI,1899.1,SYNTHETIC_DEMO
2022-07-30,BSI,1469.4,SYNTHETIC_DEMO
2022-07-30,BHSI,868.9,SYNTHETIC_DEMO
2022-07-31,BDI,2069.3,SYNTHETIC_DEMO
2022-07-31,BCI,3002.6,SYNTHETIC_DEMO
2022-07-31,BPI,1930.6,SYNTHETIC_DEMO
2022-07-31,BSI,1468.6,SYNTHETIC_DEMO
2022-07-31,BHSI,860.3,SYNTHETIC_DEMO
2022-08-01,BDI,2095.6,SYNTHETIC_DEMO
2022-08-01,BCI,3054.1,SYNTHETIC_DEMO
2022-08-01,BPI,1934.8,SYNTHETIC_DEMO
2022-08-01,BSI,1484.2,SYNTHETIC_DEMO
2022-08-01,BHSI,865.1,SYNTHETIC_DEMO
2022-08-02,BDI,2096.6,SYNTHETIC_DEMO
2022-08-02,BCI,3005.4,SYNTHETIC_DEMO
2022-08-02,BPI,1900.9,SYNTHETIC_DEMO
2022-08-02,BSI,1484.4,SYNTHETIC_DEMO
2022-08-02,BHSI,886.4,SYNTHETIC_DEMO
2022-08-03,BDI,2108.4,SYNTHETIC_DEMO
2022-08-03,BCI,3060.4,SYNTHETIC_DEMO
2022-08-03,BPI,1904.2,SYNTHETIC_DEMO
2022-08-03,BSI,1533.4,SYNTHETIC_DEMO
2022-08-03,BHSI,894.6,SYNTHETIC_DEMO
2022-08-04,BDI,2103.2,SYNTHETIC_DEMO
2022-08-04,BCI,3002.8,SYNTHETIC_DEMO
2022-08-04,BPI,1922.2,SYNTHETIC_DEMO
2022-08-04,BSI,1553.1,SYNTHETIC_DEMO
2022-08-04,BHSI,867.6,SYNTHETIC_DEMO
2022-08-05,BDI,2093.8,SYNTHETIC_DEMO
2022-08-05,BCI,2902.4,SYNTHETIC_DEMO
2022-08-05,BPI,1901.8,SYNTHETIC_DEMO
2022-08-05,BSI,1489.2,SYNTHETIC_DEMO
2022-08-05,BHSI,863.5,SYNTHETIC_DEMO
2022-08-06,BDI,2138.0,SYNTHETIC_DEMO
2022-08-06,BCI,3093.4,SYNTHETIC_DEMO
2022-08-06,BPI,2024.1,SYNTHETIC_DEMO
2022-08-06,BSI,1523.6,SYNTHETIC_DEMO
2022-08-06,BHSI,890.4,SYNTHETIC_DEMO
2022-08-07,BDI,2100.6,SYNTHETIC_DEMO
2022-08-07,BCI,2986.4,SYNTHETIC_DEMO
2022-08-07,BPI,1945.0,SYNTHETIC_DEMO
2022-08-07,BSI,1538.7,SYNTHETIC_DEMO
2022-08-07,BHSI,865.7,SYNTHETIC_DEMO
2022-08-08,BDI,2053.2,SYNTHETIC_DEMO
2022-08-08,BCI,2859.4,SYNTHETIC_DEMO
2022-08-08,BPI,1864.6,SYNTHETIC_DEMO
2022-08-08,BSI,1491.8,SYNTHETIC_DEMO
2022-08-08,BHSI,872.0,SYNTHETIC_DEMO
2022-08-09,BDI,2002.4,SYNTHETIC_DEMO
2022-08-09,BCI,2782.1,SYNTHETIC_DEMO
2022-08-09,BPI,1860.0,SYNTHETIC_DEMO
2022-08-09,BSI,1431.1,SYNTHETIC_DEMO
2022-08-09,BHSI,866.8,SYNTHETIC_DEMO
2022-08-10,BDI,2000.9,SYNTHETIC_DEMO
2022-08-10,BCI,2823.7,SYNTHETIC_DEMO
2022-08-10,BPI,1811.1,SYNTHETIC_DEMO
2022-08-10,BSI,1425.3,SYNTHETIC_DEMO
2022-08-10,BHSI,830.2,SYNTHETIC_DEMO
2022-08-11,BDI,1961.1,SYNTHETIC_DEMO
2022-08-11,BCI,2775.7,SYNTHETIC_DEMO
2022-08-11,BPI,1776.1,SYNTHETIC_DEMO
2022-08-11,BSI,1433.5,SYNTHETIC_DEMO
2022-08-11,BHSI,783.5,SYNTHETIC_DEMO
2022-08-12,BDI,2010.2,SYNTHETIC_DEMO
2022-08-12,BCI,2873.6,SYNTHETIC_DEMO
2022-08-12,BPI,1883.6,SYNTHETIC_DEMO
2022-08-12,BSI,1422.1,SYNTHETIC_DEMO
2022-08-12,BHSI,844.1,SYNTHETIC_DEMO
2022-08-13,BDI,1995.1,SYNTHETIC_DEMO
2022-08-13,BCI,2842.9,SYNTHETIC_DEMO
2022-08-13,BPI,1796.3,SYNTHETIC_DEMO
2022-08-13,BSI,1438.0,SYNTHETIC_DEMO
2022-08-13,BHSI,836.9,SYNTHETIC_DEMO
2022-08-14,BDI,1998.4,SYNTHETIC_DEMO
2022-08-14,BCI,2884.6,SYNTHETIC_DEMO
2022-08-14,BPI,1850.9,SYNTHETIC_DEMO
2022-08-14,BSI,1450.5,SYNTHETIC_DEMO
2022-08-14,BHSI,864.6,SYNTHETIC_DEMO
2022-08-15,BDI,2001.2,SYNTHETIC_DEMO
2022-08-15,BCI,2891.5,SYNTHETIC_DEMO
2022-08-15,BPI,1822.5,SYNTHETIC_DEMO
2022-08-15,BSI,1442.1,SYNTHETIC_DEMO
2022-08-15,BHSI,834.3,SYNTHETIC_DEMO
2022-08-16,BDI,1963.6,SYNTHETIC_DEMO
2022-08-16,BCI,2850.1,SYNTHETIC_DEMO
2022-08-16,BPI,1805.0,SYNTHETIC_DEMO
2022-08-16,BSI,1409.0,SYNTHETIC_DEMO
2022-08-16,BHSI,832.1,SYNTHETIC_DEMO
2022-08-17,BDI,1973.0,SYNTHETIC_DEMO
2022-08-17,BCI,2802.3,SYNTHETIC_DEMO
2022-08-17,BPI,1795.3,SYNTHETIC_DEMO
2022-08-17,BSI,1423.4,SYNTHETIC_DEMO
2022-08-17,BHSI,822.9,SYNTHETIC_DEMO
2022-08-18,BDI,2039.5,SYNTHETIC_DEMO
2022-08-18,BCI,2845.5,SYNTHETIC_DEMO
2022-08-18,BPI,1843.6,SYNTHETIC_DEMO
2022-08-18,BSI,1483.2,SYNTHETIC_DEMO
2022-08-18,BHSI,853.0,SYNTHETIC_DEMO
2022-08-19,BDI,2011.0,SYNTHETIC_DEMO
2022-08-19,BCI,2824.3,SYNTHETIC_DEMO
2022-08-19,BPI,1805.3,SYNTHETIC_DEMO
2022-08-19,BSI,1474.5,SYNTHETIC_DEMO
2022-08-19,BHSI,838.4,SYNTHETIC_DEMO
2022-08-20,BDI,2049.2,SYNTHETIC_DEMO
2022-08-20,BCI,2836.6,SYNTHETIC_DEMO
2022-08-20,BPI,1917.0,SYNTHETIC_DEMO
2022-08-20,BSI,1449.3,SYNTHETIC_DEMO
2022-08-20,BHSI,863.6,SYNTHETIC_DEMO
2022-08-21,BDI,1998.5,SYNTHETIC_DEMO
2022-08-21,BCI,2764.0,SYNTHETIC_DEMO
2022-08-21,BPI,1897.0,SYNTHETIC_DEMO
2022-08-21,BSI,1430.5,SYNTHETIC_DEMO
2022-08-21,BHSI,836.5,SYNTHETIC_DEMO
2022-08-22,BDI,2026.2,SYNTHETIC_DEMO
2022-08-22,BCI,2867.6,SYNTHETIC_DEMO
2022-08-22,BPI,1897.7,SYNTHETIC_DEMO
2022-08-22,BSI,1485.7,SYNTHETIC_DEMO
2022-08-22,BHSI,865.2,SYNTHETIC_DEMO
2022-08-23,BDI,2065.5,SYNTHETIC_DEMO
2022-08-23,BCI,2881.8,SYNTHETIC_DEMO
2022-08-23,BPI,1929.3,SYNTHETIC_DEMO
2022-08-23,BSI,1515.3,SYNTHETIC_DEMO
2022-08-23,BHSI,879.3,SYNTHETIC_DEMO
2022-08-24,BDI,2018.5,SYNTHETIC_DEMO
2022-08-24,BCI,2925.3,SYNTHETIC_DEMO
2022-08-24,BPI,1844.9,SYNTHETIC_DEMO
2022-08-24,BSI,1468.7,SYNTHETIC_DEMO
2022-08-24,BHSI,827.1,SYNTHETIC_DEMO
2022-08-25,BDI,2026.6,SYNTHETIC_DEMO
2022-08-25,BCI,2927.9,SYNTHETIC_DEMO
2022-08-25,BPI,1876.6,SYNTHETIC_DEMO
2022-08-25,BSI,1441.1,SYNTHETIC_DEMO
2022-08-25,BHSI,863.0,SYNTHETIC_DEMO
2022-08-26,BDI,1971.2,SYNTHETIC_DEMO
2022-08-26,BCI,2810.2,SYNTHETIC_DEMO
2022-08-26,BPI,1776.1,SYNTHETIC_DEMO
2022-08-26,BSI,1404.2,SYNTHETIC_DEMO
2022-08-26,BHSI,810.6,SYNTHETIC_DEMO
2022-08-27,BDI,1963.4,SYNTHETIC_DEMO
2022-08-27,BCI,2754.1,SYNTHETIC_DEMO
2022-08-27,BPI,1862.9,SYNTHETIC_DEMO
2022-08-27,BSI,1414.1,SYNTHETIC_DEMO
2022-08-27,BHSI,828.3,SYNTHETIC_DEMO
2022-08-28,BDI,1924.3,SYNTHETIC_DEMO
2022-08-28,BCI,2694.7,SYNTHETIC_DEMO
2022-08-28,BPI,1726.3,SYNTHETIC_DEMO
2022-08-28,BSI,1392.0,SYNTHETIC_DEMO
2022-08-28,BHSI,809.4,SYNTHETIC_DEMO
2022-08-29,BDI,1945.0,SYNTHETIC_DEMO
2022-08-29,BCI,2837.9,SYNTHETIC_DEMO
2022-08-29,BPI,1804.0,SYNTHETIC_DEMO
2022-08-29,BSI,1411.5,SYNTHETIC_DEMO
2022-08-29,BHSI,808.9,SYNTHETIC_DEMO
2022-08-30,BDI,1953.0,SYNTHETIC_DEMO
2022-08-30,BCI,2790.6,SYNTHETIC_DEMO
2022-08-30,BPI,1817.8,SYNTHETIC_DEMO
2022-08-30,BSI,1381.7,SYNTHETIC_DEMO
2022-08-30,BHSI,831.9,SYNTHETIC_DEMO
2022-08-31,BDI,1948.5,SYNTHETIC_DEMO
2022-08-31,BCI,2795.2,SYNTHETIC_DEMO
2022-08-31,BPI,1800.8,SYNTHETIC_DEMO
2022-08-31,BSI,1413.6,SYNTHETIC_DEMO
2022-08-31,BHSI,831.9,SYNTHETIC_DEMO
2022-09-01,BDI,1921.5,SYNTHETIC_DEMO
2022-09-01,BCI,2799.4,SYNTHETIC_DEMO
2022-09-01,BPI,1774.2,SYNTHETIC_DEMO
2022-09-01,BSI,1386.3,SYNTHETIC_DEMO
2022-09-01,BHSI,784.6,SYNTHETIC_DEMO
2022-09-02,BDI,1886.9,SYNTHETIC_DEMO
2022-09-02,BCI,2687.4,SYNTHETIC_DEMO
2022-09-02,BPI,1712.5,SYNTHETIC_DEMO
2022-09-02,BSI,1360.3,SYNTHETIC_DEMO
2022-09-02,BHSI,778.2,SYNTHETIC_DEMO
2022-09-03,BDI,1839.8,SYNTHETIC_DEMO
2022-09-03,BCI,2624.7,SYNTHETIC_DEMO
2022-09-03,BPI,1647.3,SYNTHETIC_DEMO
2022-09-03,BSI,1334.6,SYNTHETIC_DEMO
2022-09-03,BHSI,754.0,SYNTHETIC_DEMO
2022-09-04,BDI,1849.0,SYNTHETIC_DEMO
2022-09-04,BCI,2689.3,SYNTHETIC_DEMO
2022-09-04,BPI,1719.4,SYNTHETIC_DEMO
2022-09-04,BSI,1334.4,SYNTHETIC_DEMO
2022-09-04,BHSI,763.5,SYNTHETIC_DEMO
2022-09-05,BDI,1857.6,SYNTHETIC_DEMO
2022-09-05,BCI,2510.4,SYNTHETIC_DEMO
2022-09-05,BPI,1733.7,SYNTHETIC_DEMO
2022-09-05,BSI,1322.4,SYNTHETIC_DEMO
2022-09-05,BHSI,768.3,SYNTHETIC_DEMO
2022-09-06,BDI,1858.2,SYNTHETIC_DEMO
2022-09-06,BCI,2578.6,SYNTHETIC_DEMO
2022-09-06,BPI,1720.6,SYNTHETIC_DEMO
2022-09-06,BSI,1360.7,SYNTHETIC_DEMO
2022-09-06,BHSI,777.1,SYNTHETIC_DEMO
2022-09-07,BDI,1872.9,SYNTHETIC_DEMO
2022-09-07,BCI,2772.8,SYNTHETIC_DEMO
2022-09-07,BPI,1680.8,SYNTHETIC_DEMO
2022-09-07,BSI,1325.2,SYNTHETIC_DEMO
2022-09-07,BHSI,792.6,SYNTHETIC_DEMO
2022-09-08,BDI,1904.9,SYNTHETIC_DEMO
2022-09-08,BCI,2667.6,SYNTHETIC_DEMO
2022-09-08,BPI,1744.7,SYNTHETIC_DEMO
2022-09-08,BSI,1371.2,SYNTHETIC_DEMO
2022-09-08,BHSI,810.6,SYNTHETIC_DEMO
2022-09-09,BDI,1867.9,SYNTHETIC_DEMO
2022-09-09,BCI,2661.1,SYNTHETIC_DEMO
2022-09-09,BPI,1707.0,SYNTHETIC_DEMO
2022-09-09,BSI,1294.4,SYNTHETIC_DEMO
2022-09-09,BHSI,772.1,SYNTHETIC_DEMO
2022-09-10,BDI,1878.7,SYNTHETIC_DEMO
2022-09-10,BCI,2616.0,SYNTHETIC_DEMO
2022-09-10,BPI,1663.8,SYNTHETIC_DEMO
2022-09-10,BSI,1361.0,SYNTHETIC_DEMO
2022-09-10,BHSI,797.4,SYNTHETIC_DEMO
2022-09-11,BDI,1908.9,SYNTHETIC_DEMO
2022-09-11,BCI,2687.6,SYNTHETIC_DEMO
2022-09-11,BPI,1751.4,SYNTHETIC_DEMO
2022-09-11,BSI,1384.3,SYNTHETIC_DEMO
2022-09-11,BHSI,824.3,SYNTHETIC_DEMO
2022-09-12,BDI,1938.8,SYNTHETIC_DEMO
2022-09-12,BCI,2729.7,SYNTHETIC_DEMO
2022-09-12,BPI,1781.3,SYNTHETIC_DEMO
2022-09-12,BSI,1383.1,SYNTHETIC_DEMO
2022-09-12,BHSI,827.3,SYNTHETIC_DEMO
2022-09-13,BDI,1879.2,SYNTHETIC_DEMO
2022-09-13,BCI,2692.0,SYNTHETIC_DEMO
2022-09-13,BPI,1776.1,SYNTHETIC_DEMO
2022-09-13,BSI,1350.6,SYNTHETIC_DEMO
2022-09-13,BHSI,796.8,SYNTHETIC_DEMO
2022-09-14,BDI,1901.8,SYNTHETIC_DEMO
2022-09-14,BCI,2703.1,SYNTHETIC_DEMO
2022-09-14,BPI,1760.9,SYNTHETIC_DEMO
2022-09-14,BSI,1385.7,SYNTHETIC_DEMO
2022-09-14,BHSI,806.5,SYNTHETIC_DEMO
2022-09-15,BDI,1922.5,SYNTHETIC_DEMO
2022-09-15,BCI,2708.8,SYNTHETIC_DEMO
2022-09-15,BPI,1730.6,SYNTHETIC_DEMO
2022-09-15,BSI,1375.7,SYNTHETIC_DEMO
2022-09-15,BHSI,809.3,SYNTHETIC_DEMO
2022-09-16,BDI,1918.9,SYNTHETIC_DEMO
2022-09-16,BCI,2712.2,SYNTHETIC_DEMO
2022-09-16,BPI,1754.2,SYNTHETIC_DEMO
2022-09-16,BSI,1352.0,SYNTHETIC_DEMO
2022-09-16,BHSI,808.6,SYNTHETIC_DEMO
2022-09-17,BDI,1896.4,SYNTHETIC_DEMO
2022-09-17,BCI,2618.3,SYNTHETIC_DEMO
2022-09-17,BPI,1754.3,SYNTHETIC_DEMO
2022-09-17,BSI,1329.4,SYNTHETIC_DEMO
2022-09-17,BHSI,805.2,SYNTHETIC_DEMO
2022-09-18,BDI,1858.3,SYNTHETIC_DEMO
2022-09-18,BCI,2675.5,SYNTHETIC_DEMO
2022-09-18,BPI,1721.5,SYNTHETIC_DEMO
2022-09-18,BSI,1316.7,SYNTHETIC_DEMO
2022-09-18,BHSI,762.1,SYNTHETIC_DEMO
2022-09-19,BDI,1849.3,SYNTHETIC_DEMO
2022-09-19,BCI,2620.1,SYNTHETIC_DEMO
2022-09-19,BPI,1743.3,SYNTHETIC_DEMO
2022-09-19,BSI,1368.2,SYNTHETIC_DEMO
2022-09-19,BHSI,764.6,SYNTHETIC_DEMO
2022-09-20,BDI,1883.0,SYNTHETIC_DEMO
2022-09-20,BCI,2624.2,SYNTHETIC_DEMO
2022-09-20,BPI,1710.6,SYNTHETIC_DEMO
2022-09-20,BSI,1377.5,SYNTHETIC_DEMO
2022-09-20,BHSI,783.4,SYNTHETIC_DEMO
2022-09-21,BDI,1912.4,SYNTHETIC_DEMO
2022-09-21,BCI,2660.7,SYNTHETIC_DEMO
2022-09-21,BPI,1790.3,SYNTHETIC_DEMO
2022-09-21,BSI,1357.9,SYNTHETIC_DEMO
2022-09-21,BHSI,800.5,SYNTHETIC_DEMO
2022-09-22,BDI,1921.7,SYNTHETIC_DEMO
2022-09-22,BCI,2793.3,SYNTHETIC_DEMO
2022-09-22,BPI,1753.8,SYNTHETIC_DEMO
2022-09-22,BSI,1356.4,SYNTHETIC_DEMO
2022-09-22,BHSI,794.0,SYNTHETIC_DEMO
2022-09-23,BDI,1927.4,SYNTHETIC_DEMO
2022-09-23,BCI,2732.0,SYNTHETIC_DEMO
2022-09-23,BPI,1734.3,SYNTHETIC_DEMO
2022-09-23,BSI,1403.4,SYNTHETIC_DEMO
2022-09-23,BHSI,827.4,SYNTHETIC_DEMO
2022-09-24,BDI,1933.8,SYNTHETIC_DEMO
2022-09-24,BCI,2725.9,SYNTHETIC_DEMO
2022-09-24,BPI,1753.9,SYNTHETIC_DEMO
2022-09-24,BSI,1373.3,SYNTHETIC_DEMO
2022-09-24,BHSI,824.0,SYNTHETIC_DEMO
2022-09-25,BDI,1865.9,SYNTHETIC_DEMO
2022-09-25,BCI,2658.5,SYNTHETIC_DEMO
2022-09-25,BPI,1719.4,SYNTHETIC_DEMO
2022-09-25,BSI,1336.9,SYNTHETIC_DEMO
2022-09-25,BHSI,816.6,SYNTHETIC_DEMO
2022-09-26,BDI,1828.8,SYNTHETIC_DEMO
2022-09-26,BCI,2655.8,SYNTHETIC_DEMO
2022-09-26,BPI,1665.1,SYNTHETIC_DEMO
2022-09-26,BSI,1321.0,SYNTHETIC_DEMO
2022-09-26,BHSI,763.0,SYNTHETIC_DEMO
2022-09-27,BDI,1839.1,SYNTHETIC_DEMO
2022-09-27,BCI,2759.0,SYNTHETIC_DEMO
2022-09-27,BPI,1727.6,SYNTHETIC_DEMO
2022-09-27,BSI,1331.6,SYNTHETIC_DEMO
2022-09-27,BHSI,766.1,SYNTHETIC_DEMO
2022-09-28,BDI,1839.7,SYNTHETIC_DEMO
2022-09-28,BCI,2518.7,SYNTHETIC_DEMO
2022-09-28,BPI,1729.0,SYNTHETIC_DEMO
2022-09-28,BSI,1307.4,SYNTHETIC_DEMO
2022-09-28,BHSI,766.1,SYNTHETIC_DEMO
2022-09-29,BDI,1846.5,SYNTHETIC_DEMO
2022-09-29,BCI,2602.2,SYNTHETIC_DEMO
2022-09-29,BPI,1723.1,SYNTHETIC_DEMO
2022-09-29,BSI,1323.7,SYNTHETIC_DEMO
2022-09-29,BHSI,785.9,SYNTHETIC_DEMO
2022-09-30,BDI,1815.8,SYNTHETIC_DEMO
2022-09-30,BCI,2590.5,SYNTHETIC_DEMO
2022-09-30,BPI,1630.9,SYNTHETIC_DEMO
2022-09-30,BSI,1314.7,SYNTHETIC_DEMO
2022-09-30,BHSI,782.4,SYNTHETIC_DEMO
2022-10-01,BDI,1790.0,SYNTHETIC_DEMO
2022-10-01,BCI,2517.7,SYNTHETIC_DEMO
2022-10-01,BPI,1650.5,SYNTHETIC_DEMO
2022-10-01,BSI,1252.0,SYNTHETIC_DEMO
2022-10-01,BHSI,737.2,SYNTHETIC_DEMO
2022-10-02,BDI,1792.0,SYNTHETIC_DEMO
2022-10-02,BCI,2551.2,SYNTHETIC_DEMO
2022-10-02,BPI,1642.5,SYNTHETIC_DEMO
2022-10-02,BSI,1286.9,SYNTHETIC_DEMO
2022-10-02,BHSI,746.5,SYNTHETIC_DEMO
2022-10-03,BDI,1783.0,SYNTHETIC_DEMO
2022-10-03,BCI,2555.4,SYNTHETIC_DEMO
2022-10-03,BPI,1636.7,SYNTHETIC_DEMO
2022-10-03,BSI,1308.6,SYNTHETIC_DEMO
2022-10-03,BHSI,729.9,SYNTHETIC_DEMO
2022-10-04,BDI,1771.7,SYNTHETIC_DEMO
2022-10-04,BCI,2496.3,SYNTHETIC_DEMO
2022-10-04,BPI,1629.9,SYNTHETIC_DEMO
2022-10-04,BSI,1282.9,SYNTHETIC_DEMO
2022-10-04,BHSI,748.9,SYNTHETIC_DEMO
2022-10-05,BDI,1752.4,SYNTHETIC_DEMO
2022-10-05,BCI,2506.8,SYNTHETIC_DEMO
2022-10-05,BPI,1617.7,SYNTHETIC_DEMO
2022-10-05,BSI,1246.9,SYNTHETIC_DEMO
2022-10-05,BHSI,727.7,SYNTHETIC_DEMO
2022-10-06,BDI,1753.9,SYNTHETIC_DEMO
2022-10-06,BCI,2437.3,SYNTHETIC_DEMO
2022-10-06,BPI,1640.8,SYNTHETIC_DEMO
2022-10-06,BSI,1256.4,SYNTHETIC_DEMO
2022-10-06,BHSI,722.2,SYNTHETIC_DEMO
2022-10-07,BDI,1754.9,SYNTHETIC_DEMO
2022-10-07,BCI,2453.7,SYNTHETIC_DEMO
2022-10-07,BPI,1629.9,SYNTHETIC_DEMO
2022-10-07,BSI,1277.4,SYNTHETIC_DEMO
2022-10-07,BHSI,719.8,SYNTHETIC_DEMO
2022-10-08,BDI,1809.1,SYNTHETIC_DEMO
2022-10-08,BCI,2605.6,SYNTHETIC_DEMO
2022-10-08,BPI,1670.8,SYNTHETIC_DEMO
2022-10-08,BSI,1320.7,SYNTHETIC_DEMO
2022-10-08,BHSI,749.7,SYNTHETIC_DEMO
2022-10-09,BDI,1839.8,SYNTHETIC_DEMO
2022-10-09,BCI,2641.4,SYNTHETIC_DEMO
2022-10-09,BPI,1691.9,SYNTHETIC_DEMO
2022-10-09,BSI,1322.2,SYNTHETIC_DEMO
2022-10-09,BHSI,773.2,SYNTHETIC_DEMO
2022-10-10,BDI,1846.0,SYNTHETIC_DEMO
2022-10-10,BCI,2687.3,SYNTHETIC_DEMO
2022-10-10,BPI,1641.0,SYNTHETIC_DEMO
2022-10-10,BSI,1307.7,SYNTHETIC_DEMO
2022-10-10,BHSI,788.2,SYNTHETIC_DEMO
2022-10-11,BDI,1845.2,SYNTHETIC_DEMO
2022-10-11,BCI,2653.2,SYNTHETIC_DEMO
2022-10-11,BPI,1716.1,SYNTHETIC_DEMO
2022-10-11,BSI,1340.1,SYNTHETIC_DEMO
2022-10-11,BHSI,765.9,SYNTHETIC_DEMO
2022-10-12,BDI,1794.8,SYNTHETIC_DEMO
2022-10-12,BCI,2602.3,SYNTHETIC_DEMO
2022-10-12,BPI,1641.5,SYNTHETIC_DEMO
2022-10-12,BSI,1304.8,SYNTHETIC_DEMO
2022-10-12,BHSI,757.3,SYNTHETIC_DEMO
2022-10-13,BDI,1735.7,SYNTHETIC_DEMO
2022-10-13,BCI,2459.2,SYNTHETIC_DEMO
2022-10-13,BPI,1570.7,SYNTHETIC_DEMO
2022-10-13,BSI,1212.8,SYNTHETIC_DEMO
2022-10-13,BHSI,720.5,SYNTHETIC_DEMO
2022-10-14,BDI,1706.3,SYNTHETIC_DEMO
2022-10-14,BCI,2359.4,SYNTHETIC_DEMO
2022-10-14,BPI,1601.2,SYNTHETIC_DEMO
2022-10-14,BSI,1241.7,SYNTHETIC_DEMO
2022-10-14,BHSI,699.5,SYNTHETIC_DEMO
2022-10-15,BDI,1730.8,SYNTHETIC_DEMO
2022-10-15,BCI,2413.1,SYNTHETIC_DEMO
2022-10-15,BPI,1585.5,SYNTHETIC_DEMO
2022-10-15,BSI,1242.6,SYNTHETIC_DEMO
2022-10-15,BHSI,745.9,SYNTHETIC_DEMO
2022-10-16,BDI,1753.1,SYNTHETIC_DEMO
2022-10-16,BCI,2534.3,SYNTHETIC_DEMO
2022-10-16,BPI,1641.1,SYNTHETIC_DEMO
2022-10-16,BSI,1249.9,SYNTHETIC_DEMO
2022-10-16,BHSI,758.6,SYNTHETIC_DEMO
2022-10-17,BDI,1775.0,SYNTHETIC_DEMO
2022-10-17,BCI,2559.8,SYNTHETIC_DEMO
2022-10-17,BPI,1648.5,SYNTHETIC_DEMO
2022-10-17,BSI,1279.3,SYNTHETIC_DEMO
2022-10-17,BHSI,772.2,SYNTHETIC_DEMO
2022-10-18,BDI,1770.0,SYNTHETIC_DEMO
2022-10-18,BCI,2574.7,SYNTHETIC_DEMO
2022-10-18,BPI,1592.9,SYNTHETIC_DEMO
2022-10-18,BSI,1257.5,SYNTHETIC_DEMO
2022-10-18,BHSI,731.9,SYNTHETIC_DEMO
2022-10-19,BDI,1773.8,SYNTHETIC_DEMO
2022-10-19,BCI,2558.6,SYNTHETIC_DEMO
2022-10-19,BPI,1620.3,SYNTHETIC_DEMO
2022-10-19,BSI,1287.7,SYNTHETIC_DEMO
2022-10-19,BHSI,744.8,SYNTHETIC_DEMO
2022-10-20,BDI,1750.5,SYNTHETIC_DEMO
2022-10-20,BCI,2501.5,SYNTHETIC_DEMO
2022-10-20,BPI,1571.8,SYNTHETIC_DEMO
2022-10-20,BSI,1252.8,SYNTHETIC_DEMO
2022-10-20,BHSI,723.4,SYNTHETIC_DEMO
2022-10-21,BDI,1738.3,SYNTHETIC_DEMO
2022-10-21,BCI,2532.0,SYNTHETIC_DEMO
2022-10-21,BPI,1582.3,SYNTHETIC_DEMO
2022-10-21,BSI,1310.0,SYNTHETIC_DEMO
2022-10-21,BHSI,715.9,SYNTHETIC_DEMO
2022-10-22,BDI,1684.3,SYNTHETIC_DEMO
2022-10-22,BCI,2405.1,SYNTHETIC_DEMO
2022-10-22,BPI,1607.7,SYNTHETIC_DEMO
2022-10-22,BSI,1243.5,SYNTHETIC_DEMO
2022-10-22,BHSI,717.6,SYNTHETIC_DEMO
2022-10-23,BDI,1687.4,SYNTHETIC_DEMO
2022-10-23,BCI,2367.2,SYNTHETIC_DEMO
2022-10-23,BPI,1557.4,SYNTHETIC_DEMO
2022-10-23,BSI,1199.4,SYNTHETIC_DEMO
2022-10-23,BHSI,704.0,SYNTHETIC_DEMO
2022-10-24,BDI,1677.8,SYNTHETIC_DEMO
2022-10-24,BCI,2381.3,SYNTHETIC_DEMO
2022-10-24,BPI,1509.8,SYNTHETIC_DEMO
2022-10-24,BSI,1230.5,SYNTHETIC_DEMO
2022-10-24,BHSI,700.7,SYNTHETIC_DEMO
2022-10-25,BDI,1665.6,SYNTHETIC_DEMO
2022-10-25,BCI,2432.8,SYNTHETIC_DEMO
2022-10-25,BPI,1528.1,SYNTHETIC_DEMO
2022-10-25,BSI,1187.7,SYNTHETIC_DEMO
2022-10-25,BHSI,708.8,SYNTHETIC_DEMO
2022-10-26,BDI,1637.1,SYNTHETIC_DEMO
2022-10-26,BCI,2318.1,SYNTHETIC_DEMO
2022-10-26,BPI,1507.8,SYNTHETIC_DEMO
2022-10-26,BSI,1156.2,SYNTHETIC_DEMO
2022-10-26,BHSI,681.9,SYNTHETIC_DEMO
2022-10-27,BDI,1678.6,SYNTHETIC_DEMO
2022-10-27,BCI,2353.9,SYNTHETIC_DEMO
2022-10-27,BPI,1499.7,SYNTHETIC_DEMO
2022-10-27,BSI,1185.0,SYNTHETIC_DEMO
2022-10-27,BHSI,687.6,SYNTHETIC_DEMO
2022-10-28,BDI,1661.3,SYNTHETIC_DEMO
2022-10-28,BCI,2407.4,SYNTHETIC_DEMO
2022-10-28,BPI,1523.1,SYNTHETIC_DEMO
2022-10-28,BSI,1216.8,SYNTHETIC_DEMO
2022-10-28,BHSI,716.4,SYNTHETIC_DEMO
2022-10-29,BDI,1624.3,SYNTHETIC_DEMO
2022-10-29,BCI,2264.9,SYNTHETIC_DEMO
2022-10-29,BPI,1478.1,SYNTHETIC_DEMO
2022-10-29,BSI,1145.9,SYNTHETIC_DEMO
2022-10-29,BHSI,686.9,SYNTHETIC_DEMO
2022-10-30,BDI,1600.6,SYNTHETIC_DEMO
2022-10-30,BCI,2309.6,SYNTHETIC_DEMO
2022-10-30,BPI,1461.1,SYNTHETIC_DEMO
2022-10-30,BSI,1162.4,SYNTHETIC_DEMO
2022-10-30,BHSI,685.8,SYNTHETIC_DEMO
2022-10-31,BDI,1588.9,SYNTHETIC_DEMO
2022-10-31,BCI,2319.7,SYNTHETIC_DEMO
2022-10-31,BPI,1472.9,SYNTHETIC_DEMO
2022-10-31,BSI,1124.1,SYNTHETIC_DEMO
2022-10-31,BHSI,653.5,SYNTHETIC_DEMO
2022-11-01,BDI,1555.7,SYNTHETIC_DEMO
2022-11-01,BCI,2138.4,SYNTHETIC_DEMO
2022-11-01,BPI,1421.9,SYNTHETIC_DEMO
2022-11-01,BSI,1123.6,SYNTHETIC_DEMO
2022-11-01,BHSI,663.6,SYNTHETIC_DEMO
2022-11-02,BDI,1596.7,SYNTHETIC_DEMO
2022-11-02,BCI,2254.0,SYNTHETIC_DEMO
2022-11-02,BPI,1487.0,SYNTHETIC_DEMO
2022-11-02,BSI,1134.4,SYNTHETIC_DEMO
2022-11-02,BHSI,674.5,SYNTHETIC_DEMO
2022-11-03,BDI,1556.9,SYNTHETIC_DEMO
2022-11-03,BCI,2231.3,SYNTHETIC_DEMO
2022-11-03,BPI,1435.6,SYNTHETIC_DEMO
2022-11-03,BSI,1138.0,SYNTHETIC_DEMO
2022-11-03,BHSI,649.6,SYNTHETIC_DEMO
2022-11-04,BDI,1526.1,SYNTHETIC_DEMO
2022-11-04,BCI,2191.7,SYNTHETIC_DEMO
2022-11-04,BPI,1456.3,SYNTHETIC_DEMO
2022-11-04,BSI,1100.1,SYNTHETIC_DEMO
2022-11-04,BHSI,659.3,SYNTHETIC_DEMO
2022-11-05,BDI,1541.4,SYNTHETIC_DEMO
2022-11-05,BCI,2220.2,SYNTHETIC_DEMO
2022-11-05,BPI,1416.1,SYNTHETIC_DEMO
2022-11-05,BSI,1105.4,SYNTHETIC_DEMO
2022-11-05,BHSI,646.6,SYNTHETIC_DEMO
2022-11-06,BDI,1513.1,SYNTHETIC_DEMO
2022-11-06,BCI,2163.7,SYNTHETIC_DEMO
2022-11-06,BPI,1402.7,SYNTHETIC_DEMO
2022-11-06,BSI,1090.0,SYNTHETIC_DEMO
2022-11-06,BHSI,633.7,SYNTHETIC_DEMO
2022-11-07,BDI,1535.6,SYNTHETIC_DEMO
2022-11-07,BCI,2166.4,SYNTHETIC_DEMO
2022-11-07,BPI,1394.8,SYNTHETIC_DEMO
2022-11-07,BSI,1086.8,SYNTHETIC_DEMO
2022-11-07,BHSI,647.1,SYNTHETIC_DEMO
2022-11-08,BDI,1496.5,SYNTHETIC_DEMO
2022-11-08,BCI,2093.7,SYNTHETIC_DEMO
2022-11-08,BPI,1350.6,SYNTHETIC_DEMO
2022-11-08,BSI,1075.7,SYNTHETIC_DEMO
2022-11-08,BHSI,622.7,SYNTHETIC_DEMO
2022-11-09,BDI,1521.8,SYNTHETIC_DEMO
2022-11-09,BCI,2197.4,SYNTHETIC_DEMO
2022-11-09,BPI,1418.6,SYNTHETIC_DEMO
2022-11-09,BSI,1079.1,SYNTHETIC_DEMO
2022-11-09,BHSI,634.1,SYNTHETIC_DEMO
2022-11-10,BDI,1571.6,SYNTHETIC_DEMO
2022-11-10,BCI,2227.2,SYNTHETIC_DEMO
2022-11-10,BPI,1470.6,SYNTHETIC_DEMO
2022-11-10,BSI,1119.9,SYNTHETIC_DEMO
2022-11-10,BHSI,653.4,SYNTHETIC_DEMO
2022-11-11,BDI,1580.8,SYNTHETIC_DEMO
2022-11-11,BCI,2243.0,SYNTHETIC_DEMO
2022-11-11,BPI,1482.5,SYNTHETIC_DEMO
2022-11-11,BSI,1141.3,SYNTHETIC_DEMO
2022-11-11,BHSI,659.9,SYNTHETIC_DEMO
2022-11-12,BDI,1566.6,SYNTHETIC_DEMO
2022-11-12,BCI,2204.6,SYNTHETIC_DEMO
2022-11-12,BPI,1450.8,SYNTHETIC_DEMO
2022-11-12,BSI,1123.0,SYNTHETIC_DEMO
2022-11-12,BHSI,654.0,SYNTHETIC_DEMO
2022-11-13,BDI,1552.9,SYNTHETIC_DEMO
2022-11-13,BCI,2234.9,SYNTHETIC_DEMO
2022-11-13,BPI,1423.3,SYNTHETIC_DEMO
2022-11-13,BSI,1140.9,SYNTHETIC_DEMO
2022-11-13,BHSI,658.8,SYNTHETIC_DEMO
2022-11-14,BDI,1594.7,SYNTHETIC_DEMO
2022-11-14,BCI,2356.8,SYNTHETIC_DEMO
2022-11-14,BPI,1469.9,SYNTHETIC_DEMO
2022-11-14,BSI,1143.8,SYNTHETIC_DEMO
2022-11-14,BHSI,660.7,SYNTHETIC_DEMO
2022-11-15,BDI,1622.1,SYNTHETIC_DEMO
2022-11-15,BCI,2313.5,SYNTHETIC_DEMO
2022-11-15,BPI,1495.3,SYNTHETIC_DEMO
2022-11-15,BSI,1177.8,SYNTHETIC_DEMO
2022-11-15,BHSI,680.0,SYNTHETIC_DEMO
2022-11-16,BDI,1623.4,SYNTHETIC_DEMO
2022-11-16,BCI,2294.9,SYNTHETIC_DEMO
2022-11-16,BPI,1457.6,SYNTHETIC_DEMO
2022-11-16,BSI,1158.1,SYNTHETIC_DEMO
2022-11-16,BHSI,671.7,SYNTHETIC_DEMO
2022-11-17,BDI,1560.2,SYNTHETIC_DEMO
2022-11-17,BCI,2264.4,SYNTHETIC_DEMO
2022-11-17,BPI,1457.7,SYNTHETIC_DEMO
2022-11-17,BSI,1133.4,SYNTHETIC_DEMO
2022-11-17,BHSI,679.2,SYNTHETIC_DEMO
2022-11-18,BDI,1489.5,SYNTHETIC_DEMO
2022-11-18,BCI,2193.6,SYNTHETIC_DEMO
2022-11-18,BPI,1342.9,SYNTHETIC_DEMO
2022-11-18,BSI,1058.8,SYNTHETIC_DEMO
2022-11-18,BHSI,644.1,SYNTHETIC_DEMO
2022-11-19,BDI,1555.9,SYNTHETIC_DEMO
2022-11-19,BCI,2211.6,SYNTHETIC_DEMO
2022-11-19,BPI,1447.7,SYNTHETIC_DEMO
2022-11-19,BSI,1110.4,SYNTHETIC_DEMO
2022-11-19,BHSI,668.3,SYNTHETIC_DEMO
2022-11-20,BDI,1557.1,SYNTHETIC_DEMO
2022-11-20,BCI,2222.8,SYNTHETIC_DEMO
2022-11-20,BPI,1381.0,SYNTHETIC_DEMO
2022-11-20,BSI,1145.3,SYNTHETIC_DEMO
2022-11-20,BHSI,650.1,SYNTHETIC_DEMO
2022-11-21,BDI,1533.8,SYNTHETIC_DEMO
2022-11-21,BCI,2171.9,SYNTHETIC_DEMO
2022-11-21,BPI,1440.0,SYNTHETIC_DEMO
2022-11-21,BSI,1108.8,SYNTHETIC_DEMO
2022-11-21,BHSI,630.4,SYNTHETIC_DEMO
2022-11-22,BDI,1515.1,SYNTHETIC_DEMO
2022-11-22,BCI,2127.6,SYNTHETIC_DEMO
2022-11-22,BPI,1375.6,SYNTHETIC_DEMO
2022-11-22,BSI,1059.5,SYNTHETIC_DEMO
2022-11-22,BHSI,635.9,SYNTHETIC_DEMO
2022-11-23,BDI,1538.3,SYNTHETIC_DEMO
2022-11-23,BCI,2156.4,SYNTHETIC_DEMO
2022-11-23,BPI,1413.9,SYNTHETIC_DEMO
2022-11-23,BSI,1134.1,SYNTHETIC_DEMO
2022-11-23,BHSI,630.5,SYNTHETIC_DEMO
2022-11-24,BDI,1518.0,SYNTHETIC_DEMO
2022-11-24,BCI,2207.5,SYNTHETIC_DEMO
2022-11-24,BPI,1379.6,SYNTHETIC_DEMO
2022-11-24,BSI,1084.1,SYNTHETIC_DEMO
2022-11-24,BHSI,629.4,SYNTHETIC_DEMO
2022-11-25,BDI,1578.5,SYNTHETIC_DEMO
2022-11-25,BCI,2203.3,SYNTHETIC_DEMO
2022-11-25,BPI,1482.6,SYNTHETIC_DEMO
2022-11-25,BSI,1133.1,SYNTHETIC_DEMO
2022-11-25,BHSI,663.4,SYNTHETIC_DEMO
2022-11-26,BDI,1588.4,SYNTHETIC_DEMO
2022-11-26,BCI,2253.6,SYNTHETIC_DEMO
2022-11-26,BPI,1450.6,SYNTHETIC_DEMO
2022-11-26,BSI,1154.7,SYNTHETIC_DEMO
2022-11-26,BHSI,664.9,SYNTHETIC_DEMO
2022-11-27,BDI,1612.8,SYNTHETIC_DEMO
2022-11-27,BCI,2392.8,SYNTHETIC_DEMO
2022-11-27,BPI,1476.9,SYNTHETIC_DEMO
2022-11-27,BSI,1165.0,SYNTHETIC_DEMO
2022-11-27,BHSI,653.1,SYNTHETIC_DEMO
2022-11-28,BDI,1581.0,SYNTHETIC_DEMO
2022-11-28,BCI,2211.3,SYNTHETIC_DEMO
2022-11-28,BPI,1470.9,SYNTHETIC_DEMO
2022-11-28,BSI,1125.4,SYNTHETIC_DEMO
2022-11-28,BHSI,670.7,SYNTHETIC_DEMO
2022-11-29,BDI,1586.3,SYNTHETIC_DEMO
2022-11-29,BCI,2248.1,SYNTHETIC_DEMO
2022-11-29,BPI,1430.4,SYNTHETIC_DEMO
2022-11-29,BSI,1117.5,SYNTHETIC_DEMO
2022-11-29,BHSI,636.5,SYNTHETIC_DEMO
2022-11-30,BDI,1544.4,SYNTHETIC_DEMO
2022-11-30,BCI,2181.0,SYNTHETIC_DEMO
2022-11-30,BPI,1410.7,SYNTHETIC_DEMO
2022-11-30,BSI,1083.8,SYNTHETIC_DEMO
2022-11-30,BHSI,633.9,SYNTHETIC_DEMO
2022-12-01,BDI,1558.0,SYNTHETIC_DEMO
2022-12-01,BCI,2194.7,SYNTHETIC_DEMO
2022-12-01,BPI,1462.9,SYNTHETIC_DEMO
2022-12-01,BSI,1124.3,SYNTHETIC_DEMO
2022-12-01,BHSI,632.3,SYNTHETIC_DEMO
2022-12-02,BDI,1540.0,SYNTHETIC_DEMO
2022-12-02,BCI,2163.7,SYNTHETIC_DEMO
2022-12-02,BPI,1449.8,SYNTHETIC_DEMO
2022-12-02,BSI,1100.2,SYNTHETIC_DEMO
2022-12-02,BHSI,658.2,SYNTHETIC_DEMO
2022-12-03,BDI,1576.1,SYNTHETIC_DEMO
2022-12-03,BCI,2271.3,SYNTHETIC_DEMO
2022-12-03,BPI,1459.8,SYNTHETIC_DEMO
2022-12-03,BSI,1149.0,SYNTHETIC_DEMO
2022-12-03,BHSI,648.5,SYNTHETIC_DEMO
2022-12-04,BDI,1560.1,SYNTHETIC_DEMO
2022-12-04,BCI,2191.6,SYNTHETIC_DEMO
2022-12-04,BPI,1432.0,SYNTHETIC_DEMO
2022-12-04,BSI,1102.4,SYNTHETIC_DEMO
2022-12-04,BHSI,630.9,SYNTHETIC_DEMO
2022-12-05,BDI,1540.8,SYNTHETIC_DEMO
2022-12-05,BCI,2096.7,SYNTHETIC_DEMO
2022-12-05,BPI,1431.2,SYNTHETIC_DEMO
2022-12-05,BSI,1087.2,SYNTHETIC_DEMO
2022-12-05,BHSI,662.1,SYNTHETIC_DEMO
2022-12-06,BDI,1530.7,SYNTHETIC_DEMO
2022-12-06,BCI,2168.6,SYNTHETIC_DEMO
2022-12-06,BPI,1418.2,SYNTHETIC_DEMO
2022-12-06,BSI,1069.8,SYNTHETIC_DEMO
2022-12-06,BHSI,666.8,SYNTHETIC_DEMO
2022-12-07,BDI,1469.7,SYNTHETIC_DEMO
2022-12-07,BCI,2093.0,SYNTHETIC_DEMO
2022-12-07,BPI,1338.4,SYNTHETIC_DEMO
2022-12-07,BSI,1051.7,SYNTHETIC_DEMO
2022-12-07,BHSI,630.0,SYNTHETIC_DEMO
2022-12-08,BDI,1530.2,SYNTHETIC_DEMO
2022-12-08,BCI,2119.2,SYNTHETIC_DEMO
2022-12-08,BPI,1401.8,SYNTHETIC_DEMO
2022-12-08,BSI,1122.4,SYNTHETIC_DEMO
2022-12-08,BHSI,650.2,SYNTHETIC_DEMO
2022-12-09,BDI,1510.4,SYNTHETIC_DEMO
2022-12-09,BCI,2034.8,SYNTHETIC_DEMO
2022-12-09,BPI,1355.6,SYNTHETIC_DEMO
2022-12-09,BSI,1096.7,SYNTHETIC_DEMO
2022-12-09,BHSI,618.9,SYNTHETIC_DEMO
2022-12-10,BDI,1503.0,SYNTHETIC_DEMO
2022-12-10,BCI,2081.7,SYNTHETIC_DEMO
2022-12-10,BPI,1402.4,SYNTHETIC_DEMO
2022-12-10,BSI,1092.5,SYNTHETIC_DEMO
2022-12-10,BHSI,608.8,SYNTHETIC_DEMO
2022-12-11,BDI,1513.7,SYNTHETIC_DEMO
2022-12-11,BCI,2196.1,SYNTHETIC_DEMO
2022-12-11,BPI,1424.1,SYNTHETIC_DEMO
2022-12-11,BSI,1095.7,SYNTHETIC_DEMO
2022-12-11,BHSI,619.9,SYNTHETIC_DEMO
2022-12-12,BDI,1577.5,SYNTHETIC_DEMO
2022-12-12,BCI,2206.5,SYNTHETIC_DEMO
2022-12-12,BPI,1448.0,SYNTHETIC_DEMO
2022-12-12,BSI,1106.3,SYNTHETIC_DEMO
2022-12-12,BHSI,657.8,SYNTHETIC_DEMO
2022-12-13,BDI,1537.1,SYNTHETIC_DEMO
2022-12-13,BCI,2216.2,SYNTHETIC_DEMO
2022-12-13,BPI,1424.4,SYNTHETIC_DEMO
2022-12-13,BSI,1074.3,SYNTHETIC_DEMO
2022-12-13,BHSI,656.7,SYNTHETIC_DEMO
2022-12-14,BDI,1577.6,SYNTHETIC_DEMO
2022-12-14,BCI,2249.7,SYNTHETIC_DEMO
2022-12-14,BPI,1492.2,SYNTHETIC_DEMO
2022-12-14,BSI,1125.8,SYNTHETIC_DEMO
2022-12-14,BHSI,638.2,SYNTHETIC_DEMO
2022-12-15,BDI,1571.4,SYNTHETIC_DEMO
2022-12-15,BCI,2253.4,SYNTHETIC_DEMO
2022-12-15,BPI,1437.8,SYNTHETIC_DEMO
2022-12-15,BSI,1149.7,SYNTHETIC_DEMO
2022-12-15,BHSI,647.0,SYNTHETIC_DEMO
2022-12-16,BDI,1639.8,SYNTHETIC_DEMO
2022-12-16,BCI,2238.9,SYNTHETIC_DEMO
2022-12-16,BPI,1526.8,SYNTHETIC_DEMO
2022-12-16,BSI,1187.7,SYNTHETIC_DEMO
2022-12-16,BHSI,682.8,SYNTHETIC_DEMO
2022-12-17,BDI,1677.7,SYNTHETIC_DEMO
2022-12-17,BCI,2389.4,SYNTHETIC_DEMO
2022-12-17,BPI,1553.0,SYNTHETIC_DEMO
2022-12-17,BSI,1205.1,SYNTHETIC_DEMO
2022-12-17,BHSI,685.2,SYNTHETIC_DEMO
2022-12-18,BDI,1691.4,SYNTHETIC_DEMO
2022-12-18,BCI,2393.7,SYNTHETIC_DEMO
2022-12-18,BPI,1523.3,SYNTHETIC_DEMO
2022-12-18,BSI,1210.2,SYNTHETIC_DEMO
2022-12-18,BHSI,712.8,SYNTHETIC_DEMO
2022-12-19,BDI,1655.0,SYNTHETIC_DEMO
2022-12-19,BCI,2390.8,SYNTHETIC_DEMO
2022-12-19,BPI,1561.0,SYNTHETIC_DEMO
2022-12-19,BSI,1202.7,SYNTHETIC_DEMO
2022-12-19,BHSI,685.9,SYNTHETIC_DEMO
2022-12-20,BDI,1663.5,SYNTHETIC_DEMO
2022-12-20,BCI,2355.6,SYNTHETIC_DEMO
2022-12-20,BPI,1522.9,SYNTHETIC_DEMO
2022-12-20,BSI,1193.4,SYNTHETIC_DEMO
2022-12-20,BHSI,689.5,SYNTHETIC_DEMO
2022-12-21,BDI,1630.1,SYNTHETIC_DEMO
2022-12-21,BCI,2381.1,SYNTHETIC_DEMO
2022-12-21,BPI,1461.7,SYNTHETIC_DEMO
2022-12-21,BSI,1196.2,SYNTHETIC_DEMO
2022-12-21,BHSI,666.1,SYNTHETIC_DEMO
2022-12-22,BDI,1659.0,SYNTHETIC_DEMO
2022-12-22,BCI,2417.2,SYNTHETIC_DEMO
2022-12-22,BPI,1535.4,SYNTHETIC_DEMO
2022-12-22,BSI,1202.9,SYNTHETIC_DEMO
2022-12-22,BHSI,703.3,SYNTHETIC_DEMO
2022-12-23,BDI,1652.0,SYNTHETIC_DEMO
2022-12-23,BCI,2335.1,SYNTHETIC_DEMO
2022-12-23,BPI,1449.6,SYNTHETIC_DEMO
2022-12-23,BSI,1212.2,SYNTHETIC_DEMO
2022-12-23,BHSI,690.3,SYNTHETIC_DEMO
2022-12-24,BDI,1699.0,SYNTHETIC_DEMO
2022-12-24,BCI,2445.2,SYNTHETIC_DEMO
2022-12-24,BPI,1512.1,SYNTHETIC_DEMO
2022-12-24,BSI,1237.2,SYNTHETIC_DEMO
2022-12-24,BHSI,724.8,SYNTHETIC_DEMO
2022-12-25,BDI,1679.9,SYNTHETIC_DEMO
2022-12-25,BCI,2370.8,SYNTHETIC_DEMO
2022-12-25,BPI,1547.1,SYNTHETIC_DEMO
2022-12-25,BSI,1218.6,SYNTHETIC_DEMO
2022-12-25,BHSI,707.0,SYNTHETIC_DEMO
2022-12-26,BDI,1697.8,SYNTHETIC_DEMO
2022-12-26,BCI,2355.8,SYNTHETIC_DEMO
2022-12-26,BPI,1573.7,SYNTHETIC_DEMO
2022-12-26,BSI,1244.7,SYNTHETIC_DEMO
2022-12-26,BHSI,717.1,SYNTHETIC_DEMO
2022-12-27,BDI,1706.0,SYNTHETIC_DEMO
2022-12-27,BCI,2351.6,SYNTHETIC_DEMO
2022-12-27,BPI,1569.4,SYNTHETIC_DEMO
2022-12-27,BSI,1227.3,SYNTHETIC_DEMO
2022-12-27,BHSI,720.9,SYNTHETIC_DEMO
2022-12-28,BDI,1741.8,SYNTHETIC_DEMO
2022-12-28,BCI,2461.9,SYNTHETIC_DEMO
2022-12-28,BPI,1590.0,SYNTHETIC_DEMO
2022-12-28,BSI,1215.7,SYNTHETIC_DEMO
2022-12-28,BHSI,732.0,SYNTHETIC_DEMO
2022-12-29,BDI,1780.8,SYNTHETIC_DEMO
2022-12-29,BCI,2517.4,SYNTHETIC_DEMO
2022-12-29,BPI,1651.0,SYNTHETIC_DEMO
2022-12-29,BSI,1272.1,SYNTHETIC_DEMO
2022-12-29,BHSI,760.9,SYNTHETIC_DEMO
2022-12-30,BDI,1843.1,SYNTHETIC_DEMO
2022-12-30,BCI,2625.6,SYNTHETIC_DEMO
2022-12-30,BPI,1720.6,SYNTHETIC_DEMO
2022-12-30,BSI,1335.6,SYNTHETIC_DEMO
2022-12-30,BHSI,805.4,SYNTHETIC_DEMO
2022-12-31,BDI,1859.7,SYNTHETIC_DEMO
2022-12-31,BCI,2678.2,SYNTHETIC_DEMO
2022-12-31,BPI,1713.0,SYNTHETIC_DEMO
2022-12-31,BSI,1328.2,SYNTHETIC_DEMO
2022-12-31,BHSI,796.8,SYNTHETIC_DEMO
2023-01-01,BDI,1831.9,SYNTHETIC_DEMO
2023-01-01,BCI,2703.4,SYNTHETIC_DEMO
2023-01-01,BPI,1692.3,SYNTHETIC_DEMO
2023-01-01,BSI,1316.7,SYNTHETIC_DEMO
2023-01-01,BHSI,749.6,SYNTHETIC_DEMO
2023-01-02,BDI,1793.6,SYNTHETIC_DEMO
2023-01-02,BCI,2456.8,SYNTHETIC_DEMO
2023-01-02,BPI,1617.8,SYNTHETIC_DEMO
2023-01-02,BSI,1260.5,SYNTHETIC_DEMO
2023-01-02,BHSI,749.3,SYNTHETIC_DEMO
2023-01-03,BDI,1797.7,SYNTHETIC_DEMO
2023-01-03,BCI,2500.9,SYNTHETIC_DEMO
2023-01-03,BPI,1621.6,SYNTHETIC_DEMO
2023-01-03,BSI,1344.8,SYNTHETIC_DEMO
2023-01-03,BHSI,749.5,SYNTHETIC_DEMO
2023-01-04,BDI,1799.7,SYNTHETIC_DEMO
2023-01-04,BCI,2493.4,SYNTHETIC_DEMO
2023-01-04,BPI,1681.1,SYNTHETIC_DEMO
2023-01-04,BSI,1307.5,SYNTHETIC_DEMO
2023-01-04,BHSI,761.7,SYNTHETIC_DEMO
2023-01-05,BDI,1811.8,SYNTHETIC_DEMO
2023-01-05,BCI,2559.0,SYNTHETIC_DEMO
2023-01-05,BPI,1681.8,SYNTHETIC_DEMO
2023-01-05,BSI,1323.9,SYNTHETIC_DEMO
2023-01-05,BHSI,774.2,SYNTHETIC_DEMO
2023-01-06,BDI,1850.5,SYNTHETIC_DEMO
2023-01-06,BCI,2663.7,SYNTHETIC_DEMO
2023-01-06,BPI,1726.6,SYNTHETIC_DEMO
2023-01-06,BSI,1363.5,SYNTHETIC_DEMO
2023-01-06,BHSI,756.1,SYNTHETIC_DEMO
2023-01-07,BDI,1833.9,SYNTHETIC_DEMO
2023-01-07,BCI,2596.0,SYNTHETIC_DEMO
2023-01-07,BPI,1673.5,SYNTHETIC_DEMO
2023-01-07,BSI,1275.5,SYNTHETIC_DEMO
2023-01-07,BHSI,771.6,SYNTHETIC_DEMO
2023-01-08,BDI,1782.6,SYNTHETIC_DEMO
2023-01-08,BCI,2562.6,SYNTHETIC_DEMO
2023-01-08,BPI,1635.3,SYNTHETIC_DEMO
2023-01-08,BSI,1288.2,SYNTHETIC_DEMO
2023-01-08,BHSI,765.6,SYNTHETIC_DEMO
2023-01-09,BDI,1719.1,SYNTHETIC_DEMO
2023-01-09,BCI,2419.1,SYNTHETIC_DEMO
2023-01-09,BPI,1624.3,SYNTHETIC_DEMO
2023-01-09,BSI,1232.0,SYNTHETIC_DEMO
2023-01-09,BHSI,712.8,SYNTHETIC_DEMO
2023-01-10,BDI,1708.9,SYNTHETIC_DEMO
2023-01-10,BCI,2430.2,SYNTHETIC_DEMO
2023-01-10,BPI,1576.5,SYNTHETIC_DEMO
2023-01-10,BSI,1227.3,SYNTHETIC_DEMO
2023-01-10,BHSI,745.8,SYNTHETIC_DEMO
2023-01-11,BDI,1687.8,SYNTHETIC_DEMO
2023-01-11,BCI,2344.5,SYNTHETIC_DEMO
2023-01-11,BPI,1575.2,SYNTHETIC_DEMO
2023-01-11,BSI,1208.0,SYNTHETIC_DEMO
2023-01-11,BHSI,694.1,SYNTHETIC_DEMO
2023-01-12,BDI,1699.8,SYNTHETIC_DEMO
2023-01-12,BCI,2383.5,SYNTHETIC_DEMO
2023-01-12,BPI,1561.3,SYNTHETIC_DEMO
2023-01-12,BSI,1223.2,SYNTHETIC_DEMO
2023-01-12,BHSI,717.4,SYNTHETIC_DEMO
2023-01-13,BDI,1742.3,SYNTHETIC_DEMO
2023-01-13,BCI,2503.3,SYNTHETIC_DEMO
2023-01-13,BPI,1636.0,SYNTHETIC_DEMO
2023-01-13,BSI,1248.7,SYNTHETIC_DEMO
2023-01-13,BHSI,738.6,SYNTHETIC_DEMO
2023-01-14,BDI,1708.5,SYNTHETIC_DEMO
2023-01-14,BCI,2503.1,SYNTHETIC_DEMO
2023-01-14,BPI,1611.7,SYNTHETIC_DEMO
2023-01-14,BSI,1245.6,SYNTHETIC_DEMO
2023-01-14,BHSI,716.8,SYNTHETIC_DEMO
2023-01-15,BDI,1728.7,SYNTHETIC_DEMO
2023-01-15,BCI,2455.3,SYNTHETIC_DEMO
2023-01-15,BPI,1637.4,SYNTHETIC_DEMO
2023-01-15,BSI,1236.7,SYNTHETIC_DEMO
2023-01-15,BHSI,712.8,SYNTHETIC_DEMO
2023-01-16,BDI,1713.1,SYNTHETIC_DEMO
2023-01-16,BCI,2454.5,SYNTHETIC_DEMO
2023-01-16,BPI,1603.8,SYNTHETIC_DEMO
2023-01-16,BSI,1223.7,SYNTHETIC_DEMO
2023-01-16,BHSI,731.1,SYNTHETIC_DEMO
2023-01-17,BDI,1766.9,SYNTHETIC_DEMO
2023-01-17,BCI,2461.2,SYNTHETIC_DEMO
2023-01-17,BPI,1593.8,SYNTHETIC_DEMO
2023-01-17,BSI,1239.4,SYNTHETIC_DEMO
2023-01-17,BHSI,734.6,SYNTHETIC_DEMO
2023-01-18,BDI,1743.4,SYNTHETIC_DEMO
2023-01-18,BCI,2401.3,SYNTHETIC_DEMO
2023-01-18,BPI,1581.0,SYNTHETIC_DEMO
2023-01-18,BSI,1266.4,SYNTHETIC_DEMO
2023-01-18,BHSI,732.9,SYNTHETIC_DEMO
2023-01-19,BDI,1725.0,SYNTHETIC_DEMO
2023-01-19,BCI,2459.8,SYNTHETIC_DEMO
2023-01-19,BPI,1607.1,SYNTHETIC_DEMO
2023-01-19,BSI,1240.2,SYNTHETIC_DEMO
2023-01-19,BHSI,740.7,SYNTHETIC_DEMO
2023-01-20,BDI,1814.7,SYNTHETIC_DEMO
2023-01-20,BCI,2646.1,SYNTHETIC_DEMO
2023-01-20,BPI,1603.2,SYNTHETIC_DEMO
2023-01-20,BSI,1286.4,SYNTHETIC_DEMO
2023-01-20,BHSI,737.3,SYNTHETIC_DEMO
2023-01-21,BDI,1814.7,SYNTHETIC_DEMO
2023-01-21,BCI,2570.2,SYNTHETIC_DEMO
2023-01-21,BPI,1669.9,SYNTHETIC_DEMO
2023-01-21,BSI,1327.8,SYNTHETIC_DEMO
2023-01-21,BHSI,776.5,SYNTHETIC_DEMO
2023-01-22,BDI,1835.7,SYNTHETIC_DEMO
2023-01-22,BCI,2630.0,SYNTHETIC_DEMO
2023-01-22,BPI,1678.4,SYNTHETIC_DEMO
2023-01-22,BSI,1283.3,SYNTHETIC_DEMO
2023-01-22,BHSI,786.2,SYNTHETIC_DEMO
2023-01-23,BDI,1820.3,SYNTHETIC_DEMO
2023-01-23,BCI,2669.1,SYNTHETIC_DEMO
2023-01-23,BPI,1688.9,SYNTHETIC_DEMO
2023-01-23,BSI,1347.3,SYNTHETIC_DEMO
2023-01-23,BHSI,769.4,SYNTHETIC_DEMO
2023-01-24,BDI,1883.9,SYNTHETIC_DEMO
2023-01-24,BCI,2680.4,SYNTHETIC_DEMO
2023-01-24,BPI,1716.0,SYNTHETIC_DEMO
2023-01-24,BSI,1344.4,SYNTHETIC_DEMO
2023-01-24,BHSI,781.2,SYNTHETIC_DEMO
2023-01-25,BDI,1940.9,SYNTHETIC_DEMO
2023-01-25,BCI,2787.0,SYNTHETIC_DEMO
2023-01-25,BPI,1813.6,SYNTHETIC_DEMO
2023-01-25,BSI,1415.4,SYNTHETIC_DEMO
2023-01-25,BHSI,807.1,SYNTHETIC_DEMO
2023-01-26,BDI,1911.9,SYNTHETIC_DEMO
2023-01-26,BCI,2702.7,SYNTHETIC_DEMO
2023-01-26,BPI,1794.5,SYNTHETIC_DEMO
2023-01-26,BSI,1387.4,SYNTHETIC_DEMO
2023-01-26,BHSI,817.4,SYNTHETIC_DEMO
2023-01-27,BDI,1854.1,SYNTHETIC_DEMO
2023-01-27,BCI,2616.1,SYNTHETIC_DEMO
2023-01-27,BPI,1671.0,SYNTHETIC_DEMO
2023-01-27,BSI,1329.1,SYNTHETIC_DEMO
2023-01-27,BHSI,788.6,SYNTHETIC_DEMO
2023-01-28,BDI,1833.2,SYNTHETIC_DEMO
2023-01-28,BCI,2661.9,SYNTHETIC_DEMO
2023-01-28,BPI,1645.0,SYNTHETIC_DEMO
2023-01-28,BSI,1303.6,SYNTHETIC_DEMO
2023-01-28,BHSI,753.2,SYNTHETIC_DEMO
2023-01-29,BDI,1805.8,SYNTHETIC_DEMO
2023-01-29,BCI,2537.3,SYNTHETIC_DEMO
2023-01-29,BPI,1630.5,SYNTHETIC_DEMO
2023-01-29,BSI,1313.2,SYNTHETIC_DEMO
2023-01-29,BHSI,765.1,SYNTHETIC_DEMO
2023-01-30,BDI,1808.4,SYNTHETIC_DEMO
2023-01-30,BCI,2626.3,SYNTHETIC_DEMO
2023-01-30,BPI,1637.9,SYNTHETIC_DEMO
2023-01-30,BSI,1304.4,SYNTHETIC_DEMO
2023-01-30,BHSI,770.5,SYNTHETIC_DEMO
2023-01-31,BDI,1825.3,SYNTHETIC_DEMO
2023-01-31,BCI,2513.4,SYNTHETIC_DEMO
2023-01-31,BPI,1622.4,SYNTHETIC_DEMO
2023-01-31,BSI,1304.2,SYNTHETIC_DEMO
2023-01-31,BHSI,772.8,SYNTHETIC_DEMO
2023-02-01,BDI,1828.7,SYNTHETIC_DEMO
2023-02-01,BCI,2599.7,SYNTHETIC_DEMO
2023-02-01,BPI,1710.2,SYNTHETIC_DEMO
2023-02-01,BSI,1319.2,SYNTHETIC_DEMO
2023-02-01,BHSI,767.4,SYNTHETIC_DEMO
2023-02-02,BDI,1858.4,SYNTHETIC_DEMO
2023-02-02,BCI,2603.2,SYNTHETIC_DEMO
2023-02-02,BPI,1733.1,SYNTHETIC_DEMO
2023-02-02,BSI,1344.6,SYNTHETIC_DEMO
2023-02-02,BHSI,795.7,SYNTHETIC_DEMO
2023-02-03,BDI,1851.6,SYNTHETIC_DEMO
2023-02-03,BCI,2659.7,SYNTHETIC_DEMO
2023-02-03,BPI,1693.2,SYNTHETIC_DEMO
2023-02-03,BSI,1355.7,SYNTHETIC_DEMO
2023-02-03,BHSI,781.8,SYNTHETIC_DEMO
2023-02-04,BDI,1839.5,SYNTHETIC_DEMO
2023-02-04,BCI,2667.2,SYNTHETIC_DEMO
2023-02-04,BPI,1688.5,SYNTHETIC_DEMO
2023-02-04,BSI,1321.8,SYNTHETIC_DEMO
2023-02-04,BHSI,788.7,SYNTHETIC_DEMO
2023-02-05,BDI,1850.4,SYNTHETIC_DEMO
2023-02-05,BCI,2669.6,SYNTHETIC_DEMO
2023-02-05,BPI,1669.2,SYNTHETIC_DEMO
2023-02-05,BSI,1340.5,SYNTHETIC_DEMO
2023-02-05,BHSI,751.0,SYNTHETIC_DEMO
2023-02-06,BDI,1872.4,SYNTHETIC_DEMO
2023-02-06,BCI,2737.5,SYNTHETIC_DEMO
2023-02-06,BPI,1717.5,SYNTHETIC_DEMO
2023-02-06,BSI,1350.2,SYNTHETIC_DEMO
2023-02-06,BHSI,777.8,SYNTHETIC_DEMO
2023-02-07,BDI,1914.5,SYNTHETIC_DEMO
2023-02-07,BCI,2582.0,SYNTHETIC_DEMO
2023-02-07,BPI,1713.8,SYNTHETIC_DEMO
2023-02-07,BSI,1374.8,SYNTHETIC_DEMO
2023-02-07,BHSI,789.7,SYNTHETIC_DEMO
2023-02-08,BDI,1900.0,SYNTHETIC_DEMO
2023-02-08,BCI,2654.5,SYNTHETIC_DEMO
2023-02-08,BPI,1721.3,SYNTHETIC_DEMO
2023-02-08,BSI,1387.7,SYNTHETIC_DEMO
2023-02-08,BHSI,801.4,SYNTHETIC_DEMO
2023-02-09,BDI,1949.1,SYNTHETIC_DEMO
2023-02-09,BCI,2737.0,SYNTHETIC_DEMO
2023-02-09,BPI,1791.1,SYNTHETIC_DEMO
2023-02-09,BSI,1401.5,SYNTHETIC_DEMO
2023-02-09,BHSI,812.1,SYNTHETIC_DEMO
2023-02-10,BDI,1915.7,SYNTHETIC_DEMO
2023-02-10,BCI,2656.8,SYNTHETIC_DEMO
2023-02-10,BPI,1763.5,SYNTHETIC_DEMO
2023-02-10,BSI,1367.8,SYNTHETIC_DEMO
2023-02-10,BHSI,807.3,SYNTHETIC_DEMO
2023-02-11,BDI,1917.1,SYNTHETIC_DEMO
2023-02-11,BCI,2819.8,SYNTHETIC_DEMO
2023-02-11,BPI,1753.9,SYNTHETIC_DEMO
2023-02-11,BSI,1361.2,SYNTHETIC_DEMO
2023-02-11,BHSI,821.8,SYNTHETIC_DEMO
2023-02-12,BDI,1886.9,SYNTHETIC_DEMO
2023-02-12,BCI,2701.1,SYNTHETIC_DEMO
2023-02-12,BPI,1759.5,SYNTHETIC_DEMO
2023-02-12,BSI,1350.7,SYNTHETIC_DEMO
2023-02-12,BHSI,794.6,SYNTHETIC_DEMO
2023-02-13,BDI,1861.3,SYNTHETIC_DEMO
2023-02-13,BCI,2600.2,SYNTHETIC_DEMO
2023-02-13,BPI,1741.9,SYNTHETIC_DEMO
2023-02-13,BSI,1338.3,SYNTHETIC_DEMO
2023-02-13,BHSI,775.1,SYNTHETIC_DEMO
2023-02-14,BDI,1850.4,SYNTHETIC_DEMO
2023-02-14,BCI,2541.0,SYNTHETIC_DEMO
2023-02-14,BPI,1717.8,SYNTHETIC_DEMO
2023-02-14,BSI,1340.9,SYNTHETIC_DEMO
2023-02-14,BHSI,775.7,SYNTHETIC_DEMO
2023-02-15,BDI,1846.8,SYNTHETIC_DEMO
2023-02-15,BCI,2650.3,SYNTHETIC_DEMO
2023-02-15,BPI,1692.5,SYNTHETIC_DEMO
2023-02-15,BSI,1316.5,SYNTHETIC_DEMO
2023-02-15,BHSI,757.0,SYNTHETIC_DEMO
2023-02-16,BDI,1797.6,SYNTHETIC_DEMO
2023-02-16,BCI,2556.0,SYNTHETIC_DEMO
2023-02-16,BPI,1659.7,SYNTHETIC_DEMO
2023-02-16,BSI,1311.8,SYNTHETIC_DEMO
2023-02-16,BHSI,736.4,SYNTHETIC_DEMO
2023-02-17,BDI,1875.6,SYNTHETIC_DEMO
2023-02-17,BCI,2614.0,SYNTHETIC_DEMO
2023-02-17,BPI,1729.4,SYNTHETIC_DEMO
2023-02-17,BSI,1344.7,SYNTHETIC_DEMO
2023-02-17,BHSI,799.6,SYNTHETIC_DEMO
2023-02-18,BDI,1868.1,SYNTHETIC_DEMO
2023-02-18,BCI,2760.6,SYNTHETIC_DEMO
2023-02-18,BPI,1646.6,SYNTHETIC_DEMO
2023-02-18,BSI,1353.1,SYNTHETIC_DEMO
2023-02-18,BHSI,786.8,SYNTHETIC_DEMO
2023-02-19,BDI,1873.9,SYNTHETIC_DEMO
2023-02-19,BCI,2646.4,SYNTHETIC_DEMO
2023-02-19,BPI,1707.3,SYNTHETIC_DEMO
2023-02-19,BSI,1325.8,SYNTHETIC_DEMO
2023-02-19,BHSI,782.1,SYNTHETIC_DEMO
2023-02-20,BDI,1834.6,SYNTHETIC_DEMO
2023-02-20,BCI,2576.3,SYNTHETIC_DEMO
2023-02-20,BPI,1678.6,SYNTHETIC_DEMO
2023-02-20,BSI,1309.4,SYNTHETIC_DEMO
2023-02-20,BHSI,769.9,SYNTHETIC_DEMO
2023-02-21,BDI,1903.0,SYNTHETIC_DEMO
2023-02-21,BCI,2774.0,SYNTHETIC_DEMO
2023-02-21,BPI,1740.4,SYNTHETIC_DEMO
2023-02-21,BSI,1346.2,SYNTHETIC_DEMO
2023-02-21,BHSI,788.7,SYNTHETIC_DEMO
2023-02-22,BDI,1915.6,SYNTHETIC_DEMO
2023-02-22,BCI,2745.3,SYNTHETIC_DEMO
2023-02-22,BPI,1787.6,SYNTHETIC_DEMO
2023-02-22,BSI,1398.1,SYNTHETIC_DEMO
2023-02-22,BHSI,806.0,SYNTHETIC_DEMO
2023-02-23,BDI,1962.4,SYNTHETIC_DEMO
2023-02-23,BCI,2781.3,SYNTHETIC_DEMO
2023-02-23,BPI,1832.9,SYNTHETIC_DEMO
2023-02-23,BSI,1400.9,SYNTHETIC_DEMO
2023-02-23,BHSI,826.9,SYNTHETIC_DEMO
2023-02-24,BDI,1905.9,SYNTHETIC_DEMO
2023-02-24,BCI,2757.5,SYNTHETIC_DEMO
2023-02-24,BPI,1726.9,SYNTHETIC_DEMO
2023-02-24,BSI,1373.3,SYNTHETIC_DEMO
2023-02-24,BHSI,815.1,SYNTHETIC_DEMO
2023-02-25,BDI,1910.5,SYNTHETIC_DEMO
2023-02-25,BCI,2711.9,SYNTHETIC_DEMO
2023-02-25,BPI,1759.0,SYNTHETIC_DEMO
2023-02-25,BSI,1385.3,SYNTHETIC_DEMO
2023-02-25,BHSI,805.6,SYNTHETIC_DEMO
2023-02-26,BDI,1903.0,SYNTHETIC_DEMO
2023-02-26,BCI,2734.6,SYNTHETIC_DEMO
2023-02-26,BPI,1723.9,SYNTHETIC_DEMO
2023-02-26,BSI,1352.0,SYNTHETIC_DEMO
2023-02-26,BHSI,779.6,SYNTHETIC_DEMO
2023-02-27,BDI,1851.6,SYNTHETIC_DEMO
2023-02-27,BCI,2594.2,SYNTHETIC_DEMO
2023-02-27,BPI,1703.2,SYNTHETIC_DEMO
2023-02-27,BSI,1281.5,SYNTHETIC_DEMO
2023-02-27,BHSI,772.3,SYNTHETIC_DEMO
2023-02-28,BDI,1806.4,SYNTHETIC_DEMO
2023-02-28,BCI,2515.9,SYNTHETIC_DEMO
2023-02-28,BPI,1690.3,SYNTHETIC_DEMO
2023-02-28,BSI,1297.3,SYNTHETIC_DEMO
2023-02-28,BHSI,769.0,SYNTHETIC_DEMO
2023-03-01,BDI,1791.7,SYNTHETIC_DEMO
2023-03-01,BCI,2482.7,SYNTHETIC_DEMO
2023-03-01,BPI,1644.6,SYNTHETIC_DEMO
2023-03-01,BSI,1267.8,SYNTHETIC_DEMO
2023-03-01,BHSI,753.7,SYNTHETIC_DEMO
2023-03-02,BDI,1886.8,SYNTHETIC_DEMO
2023-03-02,BCI,2740.7,SYNTHETIC_DEMO
2023-03-02,BPI,1748.9,SYNTHETIC_DEMO
2023-03-02,BSI,1358.0,SYNTHETIC_DEMO
2023-03-02,BHSI,795.8,SYNTHETIC_DEMO
2023-03-03,BDI,1887.6,SYNTHETIC_DEMO
2023-03-03,BCI,2610.7,SYNTHETIC_DEMO
2023-03-03,BPI,1748.6,SYNTHETIC_DEMO
2023-03-03,BSI,1353.0,SYNTHETIC_DEMO
2023-03-03,BHSI,786.0,SYNTHETIC_DEMO
2023-03-04,BDI,1907.8,SYNTHETIC_DEMO
2023-03-04,BCI,2701.5,SYNTHETIC_DEMO
2023-03-04,BPI,1779.2,SYNTHETIC_DEMO
2023-03-04,BSI,1373.2,SYNTHETIC_DEMO
2023-03-04,BHSI,814.6,SYNTHETIC_DEMO
2023-03-05,BDI,1914.1,SYNTHETIC_DEMO
2023-03-05,BCI,2747.4,SYNTHETIC_DEMO
2023-03-05,BPI,1765.9,SYNTHETIC_DEMO
2023-03-05,BSI,1381.7,SYNTHETIC_DEMO
2023-03-05,BHSI,800.5,SYNTHETIC_DEMO
2023-03-06,BDI,1893.6,SYNTHETIC_DEMO
2023-03-06,BCI,2621.1,SYNTHETIC_DEMO
2023-03-06,BPI,1730.2,SYNTHETIC_DEMO
2023-03-06,BSI,1377.3,SYNTHETIC_DEMO
2023-03-06,BHSI,777.8,SYNTHETIC_DEMO
2023-03-07,BDI,1857.1,SYNTHETIC_DEMO
2023-03-07,BCI,2669.8,SYNTHETIC_DEMO
2023-03-07,BPI,1724.3,SYNTHETIC_DEMO
2023-03-07,BSI,1336.5,SYNTHETIC_DEMO
2023-03-07,BHSI,768.2,SYNTHETIC_DEMO
2023-03-08,BDI,1830.9,SYNTHETIC_DEMO
2023-03-08,BCI,2668.5,SYNTHETIC_DEMO
2023-03-08,BPI,1679.9,SYNTHETIC_DEMO
2023-03-08,BSI,1342.4,SYNTHETIC_DEMO
2023-03-08,BHSI,793.6,SYNTHETIC_DEMO
2023-03-09,BDI,1838.7,SYNTHETIC_DEMO
2023-03-09,BCI,2652.1,SYNTHETIC_DEMO
2023-03-09,BPI,1707.1,SYNTHETIC_DEMO
2023-03-09,BSI,1338.0,SYNTHETIC_DEMO
2023-03-09,BHSI,774.5,SYNTHETIC_DEMO
2023-03-10,BDI,1827.5,SYNTHETIC_DEMO
2023-03-10,BCI,2600.3,SYNTHETIC_DEMO
2023-03-10,BPI,1674.9,SYNTHETIC_DEMO
2023-03-10,BSI,1330.4,SYNTHETIC_DEMO
2023-03-10,BHSI,740.4,SYNTHETIC_DEMO
2023-03-11,BDI,1810.0,SYNTHETIC_DEMO
2023-03-11,BCI,2528.0,SYNTHETIC_DEMO
2023-03-11,BPI,1666.8,SYNTHETIC_DEMO
2023-03-11,BSI,1302.3,SYNTHETIC_DEMO
2023-03-11,BHSI,780.4,SYNTHETIC_DEMO
2023-03-12,BDI,1812.7,SYNTHETIC_DEMO
2023-03-12,BCI,2566.4,SYNTHETIC_DEMO
2023-03-12,BPI,1683.2,SYNTHETIC_DEMO
2023-03-12,BSI,1307.7,SYNTHETIC_DEMO
2023-03-12,BHSI,744.7,SYNTHETIC_DEMO
2023-03-13,BDI,1831.7,SYNTHETIC_DEMO
2023-03-13,BCI,2636.1,SYNTHETIC_DEMO
2023-03-13,BPI,1636.9,SYNTHETIC_DEMO
2023-03-13,BSI,1308.6,SYNTHETIC_DEMO
2023-03-13,BHSI,768.8,SYNTHETIC_DEMO
2023-03-14,BDI,1789.1,SYNTHETIC_DEMO
2023-03-14,BCI,2503.5,SYNTHETIC_DEMO
2023-03-14,BPI,1607.9,SYNTHETIC_DEMO
2023-03-14,BSI,1303.3,SYNTHETIC_DEMO
2023-03-14,BHSI,745.0,SYNTHETIC_DEMO
2023-03-15,BDI,1739.2,SYNTHETIC_DEMO
2023-03-15,BCI,2433.2,SYNTHETIC_DEMO
2023-03-15,BPI,1578.9,SYNTHETIC_DEMO
2023-03-15,BSI,1250.1,SYNTHETIC_DEMO
2023-03-15,BHSI,732.0,SYNTHETIC_DEMO
2023-03-16,BDI,1721.9,SYNTHETIC_DEMO
2023-03-16,BCI,2430.2,SYNTHETIC_DEMO
2023-03-16,BPI,1566.4,SYNTHETIC_DEMO
2023-03-16,BSI,1228.5,SYNTHETIC_DEMO
2023-03-16,BHSI,723.8,SYNTHETIC_DEMO
2023-03-17,BDI,1696.2,SYNTHETIC_DEMO
2023-03-17,BCI,2420.9,SYNTHETIC_DEMO
2023-03-17,BPI,1566.8,SYNTHETIC_DEMO
2023-03-17,BSI,1210.3,SYNTHETIC_DEMO
2023-03-17,BHSI,708.1,SYNTHETIC_DEMO
2023-03-18,BDI,1673.2,SYNTHETIC_DEMO
2023-03-18,BCI,2341.5,SYNTHETIC_DEMO
2023-03-18,BPI,1512.1,SYNTHETIC_DEMO
2023-03-18,BSI,1190.1,SYNTHETIC_DEMO
2023-03-18,BHSI,696.8,SYNTHETIC_DEMO
2023-03-19,BDI,1728.2,SYNTHETIC_DEMO
2023-03-19,BCI,2547.2,SYNTHETIC_DEMO
2023-03-19,BPI,1624.2,SYNTHETIC_DEMO
2023-03-19,BSI,1242.2,SYNTHETIC_DEMO
2023-03-19,BHSI,732.1,SYNTHETIC_DEMO
2023-03-20,BDI,1753.8,SYNTHETIC_DEMO
2023-03-20,BCI,2459.6,SYNTHETIC_DEMO
2023-03-20,BPI,1596.7,SYNTHETIC_DEMO
2023-03-20,BSI,1260.7,SYNTHETIC_DEMO
2023-03-20,BHSI,731.6,SYNTHETIC_DEMO
2023-03-21,BDI,1824.8,SYNTHETIC_DEMO
2023-03-21,BCI,2499.5,SYNTHETIC_DEMO
2023-03-21,BPI,1688.6,SYNTHETIC_DEMO
2023-03-21,BSI,1298.4,SYNTHETIC_DEMO
2023-03-21,BHSI,749.7,SYNTHETIC_DEMO
2023-03-22,BDI,1776.4,SYNTHETIC_DEMO
2023-03-22,BCI,2619.7,SYNTHETIC_DEMO
2023-03-22,BPI,1614.5,SYNTHETIC_DEMO
2023-03-22,BSI,1305.4,SYNTHETIC_DEMO
2023-03-22,BHSI,753.4,SYNTHETIC_DEMO
2023-03-23,BDI,1781.2,SYNTHETIC_DEMO
2023-03-23,BCI,2514.9,SYNTHETIC_DEMO
2023-03-23,BPI,1652.7,SYNTHETIC_DEMO
2023-03-23,BSI,1263.1,SYNTHETIC_DEMO
2023-03-23,BHSI,759.4,SYNTHETIC_DEMO
2023-03-24,BDI,1762.3,SYNTHETIC_DEMO
2023-03-24,BCI,2521.6,SYNTHETIC_DEMO
2023-03-24,BPI,1564.8,SYNTHETIC_DEMO
2023-03-24,BSI,1254.0,SYNTHETIC_DEMO
2023-03-24,BHSI,740.3,SYNTHETIC_DEMO
2023-03-25,BDI,1761.0,SYNTHETIC_DEMO
2023-03-25,BCI,2502.4,SYNTHETIC_DEMO
2023-03-25,BPI,1634.0,SYNTHETIC_DEMO
2023-03-25,BSI,1264.7,SYNTHETIC_DEMO
2023-03-25,BHSI,723.3,SYNTHETIC_DEMO
2023-03-26,BDI,1753.9,SYNTHETIC_DEMO
2023-03-26,BCI,2476.7,SYNTHETIC_DEMO
2023-03-26,BPI,1605.0,SYNTHETIC_DEMO
2023-03-26,BSI,1252.1,SYNTHETIC_DEMO
2023-03-26,BHSI,741.7,SYNTHETIC_DEMO
2023-03-27,BDI,1753.1,SYNTHETIC_DEMO
2023-03-27,BCI,2532.7,SYNTHETIC_DEMO
2023-03-27,BPI,1632.7,SYNTHETIC_DEMO
2023-03-27,BSI,1259.7,SYNTHETIC_DEMO
2023-03-27,BHSI,732.5,SYNTHETIC_DEMO
2023-03-28,BDI,1782.2,SYNTHETIC_DEMO
2023-03-28,BCI,2545.3,SYNTHETIC_DEMO
2023-03-28,BPI,1635.6,SYNTHETIC_DEMO
2023-03-28,BSI,1278.2,SYNTHETIC_DEMO
2023-03-28,BHSI,760.9,SYNTHETIC_DEMO
2023-03-29,BDI,1803.3,SYNTHETIC_DEMO
2023-03-29,BCI,2581.7,SYNTHETIC_DEMO
2023-03-29,BPI,1677.8,SYNTHETIC_DEMO
2023-03-29,BSI,1317.6,SYNTHETIC_DEMO
2023-03-29,BHSI,767.6,SYNTHETIC_DEMO
2023-03-30,BDI,1807.6,SYNTHETIC_DEMO
2023-03-30,BCI,2576.1,SYNTHETIC_DEMO
2023-03-30,BPI,1635.4,SYNTHETIC_DEMO
2023-03-30,BSI,1280.8,SYNTHETIC_DEMO
2023-03-30,BHSI,769.8,SYNTHETIC_DEMO
2023-03-31,BDI,1808.6,SYNTHETIC_DEMO
2023-03-31,BCI,2593.0,SYNTHETIC_DEMO
2023-03-31,BPI,1627.7,SYNTHETIC_DEMO
2023-03-31,BSI,1300.4,SYNTHETIC_DEMO
2023-03-31,BHSI,761.0,SYNTHETIC_DEMO
2023-04-01,BDI,1810.2,SYNTHETIC_DEMO
2023-04-01,BCI,2505.9,SYNTHETIC_DEMO
2023-04-01,BPI,1662.2,SYNTHETIC_DEMO
2023-04-01,BSI,1335.3,SYNTHETIC_DEMO
2023-04-01,BHSI,757.7,SYNTHETIC_DEMO
2023-04-02,BDI,1794.2,SYNTHETIC_DEMO
2023-04-02,BCI,2554.2,SYNTHETIC_DEMO
2023-04-02,BPI,1683.5,SYNTHETIC_DEMO
2023-04-02,BSI,1307.4,SYNTHETIC_DEMO
2023-04-02,BHSI,753.0,SYNTHETIC_DEMO
2023-04-03,BDI,1832.6,SYNTHETIC_DEMO
2023-04-03,BCI,2655.8,SYNTHETIC_DEMO
2023-04-03,BPI,1670.8,SYNTHETIC_DEMO
2023-04-03,BSI,1304.8,SYNTHETIC_DEMO
2023-04-03,BHSI,761.2,SYNTHETIC_DEMO
2023-04-04,BDI,1837.7,SYNTHETIC_DEMO
2023-04-04,BCI,2635.0,SYNTHETIC_DEMO
2023-04-04,BPI,1688.2,SYNTHETIC_DEMO
2023-04-04,BSI,1343.5,SYNTHETIC_DEMO
2023-04-04,BHSI,775.0,SYNTHETIC_DEMO
2023-04-05,BDI,1874.6,SYNTHETIC_DEMO
2023-04-05,BCI,2639.2,SYNTHETIC_DEMO
2023-04-05,BPI,1666.5,SYNTHETIC_DEMO
2023-04-05,BSI,1366.3,SYNTHETIC_DEMO
2023-04-05,BHSI,759.7,SYNTHETIC_DEMO
2023-04-06,BDI,1916.4,SYNTHETIC_DEMO
2023-04-06,BCI,2793.6,SYNTHETIC_DEMO
2023-04-06,BPI,1780.3,SYNTHETIC_DEMO
2023-04-06,BSI,1379.1,SYNTHETIC_DEMO
2023-04-06,BHSI,784.4,SYNTHETIC_DEMO
2023-04-07,BDI,1899.6,SYNTHETIC_DEMO
2023-04-07,BCI,2771.4,SYNTHETIC_DEMO
2023-04-07,BPI,1756.9,SYNTHETIC_DEMO
2023-04-07,BSI,1381.5,SYNTHETIC_DEMO
2023-04-07,BHSI,799.9,SYNTHETIC_DEMO
2023-04-08,BDI,1873.6,SYNTHETIC_DEMO
2023-04-08,BCI,2635.4,SYNTHETIC_DEMO
2023-04-08,BPI,1768.8,SYNTHETIC_DEMO
2023-04-08,BSI,1349.4,SYNTHETIC_DEMO
2023-04-08,BHSI,788.9,SYNTHETIC_DEMO
2023-04-09,BDI,1849.5,SYNTHETIC_DEMO
2023-04-09,BCI,2649.4,SYNTHETIC_DEMO
2023-04-09,BPI,1679.5,SYNTHETIC_DEMO
2023-04-09,BSI,1335.5,SYNTHETIC_DEMO
2023-04-09,BHSI,798.4,SYNTHETIC_DEMO
2023-04-10,BDI,1903.9,SYNTHETIC_DEMO
2023-04-10,BCI,2800.8,SYNTHETIC_DEMO
2023-04-10,BPI,1734.0,SYNTHETIC_DEMO
2023-04-10,BSI,1405.2,SYNTHETIC_DEMO
2023-04-10,BHSI,804.5,SYNTHETIC_DEMO
2023-04-11,BDI,1875.0,SYNTHETIC_DEMO
2023-04-11,BCI,2695.7,SYNTHETIC_DEMO
2023-04-11,BPI,1755.8,SYNTHETIC_DEMO
2023-04-11,BSI,1365.6,SYNTHETIC_DEMO
2023-04-11,BHSI,775.0,SYNTHETIC_DEMO
2023-04-12,BDI,1850.9,SYNTHETIC_DEMO
2023-04-12,BCI,2652.9,SYNTHETIC_DEMO
2023-04-12,BPI,1702.1,SYNTHETIC_DEMO
2023-04-12,BSI,1340.3,SYNTHETIC_DEMO
2023-04-12,BHSI,779.2,SYNTHETIC_DEMO
2023-04-13,BDI,1853.5,SYNTHETIC_DEMO
2023-04-13,BCI,2642.7,SYNTHETIC_DEMO
2023-04-13,BPI,1725.7,SYNTHETIC_DEMO
2023-04-13,BSI,1339.7,SYNTHETIC_DEMO
2023-04-13,BHSI,787.0,SYNTHETIC_DEMO
2023-04-14,BDI,1842.0,SYNTHETIC_DEMO
2023-04-14,BCI,2560.4,SYNTHETIC_DEMO
2023-04-14,BPI,1663.1,SYNTHETIC_DEMO
2023-04-14,BSI,1293.9,SYNTHETIC_DEMO
2023-04-14,BHSI,784.6,SYNTHETIC_DEMO
2023-04-15,BDI,1835.7,SYNTHETIC_DEMO
2023-04-15,BCI,2670.9,SYNTHETIC_DEMO
2023-04-15,BPI,1642.8,SYNTHETIC_DEMO
2023-04-15,BSI,1312.2,SYNTHETIC_DEMO
2023-04-15,BHSI,766.4,SYNTHETIC_DEMO
2023-04-16,BDI,1786.4,SYNTHETIC_DEMO
2023-04-16,BCI,2534.9,SYNTHETIC_DEMO
2023-04-16,BPI,1600.0,SYNTHETIC_DEMO
2023-04-16,BSI,1258.3,SYNTHETIC_DEMO
2023-04-16,BHSI,740.2,SYNTHETIC_DEMO
2023-04-17,BDI,1834.5,SYNTHETIC_DEMO
2023-04-17,BCI,2620.5,SYNTHETIC_DEMO
2023-04-17,BPI,1671.4,SYNTHETIC_DEMO
2023-04-17,BSI,1329.3,SYNTHETIC_DEMO
2023-04-17,BHSI,788.3,SYNTHETIC_DEMO
2023-04-18,BDI,1799.3,SYNTHETIC_DEMO
2023-04-18,BCI,2608.0,SYNTHETIC_DEMO
2023-04-18,BPI,1670.4,SYNTHETIC_DEMO
2023-04-18,BSI,1317.4,SYNTHETIC_DEMO
2023-04-18,BHSI,748.7,SYNTHETIC_DEMO
2023-04-19,BDI,1807.4,SYNTHETIC_DEMO
2023-04-19,BCI,2550.4,SYNTHETIC_DEMO
2023-04-19,BPI,1668.1,SYNTHETIC_DEMO
2023-04-19,BSI,1313.9,SYNTHETIC_DEMO
2023-04-19,BHSI,739.9,SYNTHETIC_DEMO
2023-04-20,BDI,1800.3,SYNTHETIC_DEMO
2023-04-20,BCI,2496.6,SYNTHETIC_DEMO
2023-04-20,BPI,1716.9,SYNTHETIC_DEMO
2023-04-20,BSI,1316.0,SYNTHETIC_DEMO
2023-04-20,BHSI,755.4,SYNTHETIC_DEMO
2023-04-21,BDI,1864.1,SYNTHETIC_DEMO
2023-04-21,BCI,2618.5,SYNTHETIC_DEMO
2023-04-21,BPI,1697.8,SYNTHETIC_DEMO
2023-04-21,BSI,1337.5,SYNTHETIC_DEMO
2023-04-21,BHSI,785.9,SYNTHETIC_DEMO
2023-04-22,BDI,1872.9,SYNTHETIC_DEMO
2023-04-22,BCI,2636.0,SYNTHETIC_DEMO
2023-04-22,BPI,1753.9,SYNTHETIC_DEMO
2023-04-22,BSI,1339.3,SYNTHETIC_DEMO
2023-04-22,BHSI,792.4,SYNTHETIC_DEMO
2023-04-23,BDI,1884.9,SYNTHETIC_DEMO
2023-04-23,BCI,2702.1,SYNTHETIC_DEMO
2023-04-23,BPI,1733.8,SYNTHETIC_DEMO
2023-04-23,BSI,1399.5,SYNTHETIC_DEMO
2023-04-23,BHSI,779.5,SYNTHETIC_DEMO
2023-04-24,BDI,1876.7,SYNTHETIC_DEMO
2023-04-24,BCI,2645.6,SYNTHETIC_DEMO
2023-04-24,BPI,1724.2,SYNTHETIC_DEMO
2023-04-24,BSI,1326.5,SYNTHETIC_DEMO
2023-04-24,BHSI,798.4,SYNTHETIC_DEMO
2023-04-25,BDI,1872.2,SYNTHETIC_DEMO
2023-04-25,BCI,2571.5,SYNTHETIC_DEMO
2023-04-25,BPI,1683.1,SYNTHETIC_DEMO
2023-04-25,BSI,1343.3,SYNTHETIC_DEMO
2023-04-25,BHSI,773.8,SYNTHETIC_DEMO
2023-04-26,BDI,1875.1,SYNTHETIC_DEMO
2023-04-26,BCI,2590.0,SYNTHETIC_DEMO
2023-04-26,BPI,1779.1,SYNTHETIC_DEMO
2023-04-26,BSI,1339.3,SYNTHETIC_DEMO
2023-04-26,BHSI,777.5,SYNTHETIC_DEMO
2023-04-27,BDI,1879.2,SYNTHETIC_DEMO
2023-04-27,BCI,2634.2,SYNTHETIC_DEMO
2023-04-27,BPI,1766.4,SYNTHETIC_DEMO
2023-04-27,BSI,1332.3,SYNTHETIC_DEMO
2023-04-27,BHSI,778.4,SYNTHETIC_DEMO
2023-04-28,BDI,1879.5,SYNTHETIC_DEMO
2023-04-28,BCI,2653.4,SYNTHETIC_DEMO
2023-04-28,BPI,1759.8,SYNTHETIC_DEMO
2023-04-28,BSI,1355.7,SYNTHETIC_DEMO
2023-04-28,BHSI,774.9,SYNTHETIC_DEMO
2023-04-29,BDI,1852.7,SYNTHETIC_DEMO
2023-04-29,BCI,2603.6,SYNTHETIC_DEMO
2023-04-29,BPI,1719.3,SYNTHETIC_DEMO
2023-04-29,BSI,1279.3,SYNTHETIC_DEMO
2023-04-29,BHSI,813.3,SYNTHETIC_DEMO
2023-04-30,BDI,1862.1,SYNTHETIC_DEMO
2023-04-30,BCI,2619.4,SYNTHETIC_DEMO
2023-04-30,BPI,1660.4,SYNTHETIC_DEMO
2023-04-30,BSI,1324.1,SYNTHETIC_DEMO
2023-04-30,BHSI,788.5,SYNTHETIC_DEMO
2023-05-01,BDI,1828.6,SYNTHETIC_DEMO
2023-05-01,BCI,2597.3,SYNTHETIC_DEMO
2023-05-01,BPI,1703.0,SYNTHETIC_DEMO
2023-05-01,BSI,1328.6,SYNTHETIC_DEMO
2023-05-01,BHSI,770.8,SYNTHETIC_DEMO
2023-05-02,BDI,1827.1,SYNTHETIC_DEMO
2023-05-02,BCI,2611.4,SYNTHETIC_DEMO
2023-05-02,BPI,1680.3,SYNTHETIC_DEMO
2023-05-02,BSI,1320.7,SYNTHETIC_DEMO
2023-05-02,BHSI,783.3,SYNTHETIC_DEMO
2023-05-03,BDI,1779.2,SYNTHETIC_DEMO
2023-05-03,BCI,2456.2,SYNTHETIC_DEMO
2023-05-03,BPI,1653.9,SYNTHETIC_DEMO
2023-05-03,BSI,1266.7,SYNTHETIC_DEMO
2023-05-03,BHSI,739.3,SYNTHETIC_DEMO
2023-05-04,BDI,1795.2,SYNTHETIC_DEMO
2023-05-04,BCI,2594.0,SYNTHETIC_DEMO
2023-05-04,BPI,1683.4,SYNTHETIC_DEMO
2023-05-04,BSI,1286.9,SYNTHETIC_DEMO
2023-05-04,BHSI,742.2,SYNTHETIC_DEMO
2023-05-05,BDI,1756.3,SYNTHETIC_DEMO
2023-05-05,BCI,2498.8,SYNTHETIC_DEMO
2023-05-05,BPI,1641.8,SYNTHETIC_DEMO
2023-05-05,BSI,1296.9,SYNTHETIC_DEMO
2023-05-05,BHSI,739.9,SYNTHETIC_DEMO
2023-05-06,BDI,1787.6,SYNTHETIC_DEMO
2023-05-06,BCI,2487.0,SYNTHETIC_DEMO
2023-05-06,BPI,1658.1,SYNTHETIC_DEMO
2023-05-06,BSI,1315.3,SYNTHETIC_DEMO
2023-05-06,BHSI,747.2,SYNTHETIC_DEMO
2023-05-07,BDI,1762.4,SYNTHETIC_DEMO
2023-05-07,BCI,2457.6,SYNTHETIC_DEMO
2023-05-07,BPI,1631.5,SYNTHETIC_DEMO
2023-05-07,BSI,1282.4,SYNTHETIC_DEMO
2023-05-07,BHSI,747.0,SYNTHETIC_DEMO
2023-05-08,BDI,1784.4,SYNTHETIC_DEMO
2023-05-08,BCI,2598.9,SYNTHETIC_DEMO
2023-05-08,BPI,1636.7,SYNTHETIC_DEMO
2023-05-08,BSI,1271.1,SYNTHETIC_DEMO
2023-05-08,BHSI,765.0,SYNTHETIC_DEMO
2023-05-09,BDI,1834.1,SYNTHETIC_DEMO
2023-05-09,BCI,2566.9,SYNTHETIC_DEMO
2023-05-09,BPI,1665.2,SYNTHETIC_DEMO
2023-05-09,BSI,1332.4,SYNTHETIC_DEMO
2023-05-09,BHSI,778.7,SYNTHETIC_DEMO
2023-05-10,BDI,1878.4,SYNTHETIC_DEMO
2023-05-10,BCI,2657.7,SYNTHETIC_DEMO
2023-05-10,BPI,1725.0,SYNTHETIC_DEMO
2023-05-10,BSI,1366.3,SYNTHETIC_DEMO
2023-05-10,BHSI,784.8,SYNTHETIC_DEMO
2023-05-11,BDI,1870.8,SYNTHETIC_DEMO
2023-05-11,BCI,2648.3,SYNTHETIC_DEMO
2023-05-11,BPI,1672.7,SYNTHETIC_DEMO
2023-05-11,BSI,1338.1,SYNTHETIC_DEMO
2023-05-11,BHSI,808.8,SYNTHETIC_DEMO
2023-05-12,BDI,1867.9,SYNTHETIC_DEMO
2023-05-12,BCI,2679.5,SYNTHETIC_DEMO
2023-05-12,BPI,1690.1,SYNTHETIC_DEMO
2023-05-12,BSI,1364.4,SYNTHETIC_DEMO
2023-05-12,BHSI,791.0,SYNTHETIC_DEMO
2023-05-13,BDI,1846.4,SYNTHETIC_DEMO
2023-05-13,BCI,2549.9,SYNTHETIC_DEMO
2023-05-13,BPI,1695.5,SYNTHETIC_DEMO
2023-05-13,BSI,1315.8,SYNTHETIC_DEMO
2023-05-13,BHSI,781.4,SYNTHETIC_DEMO
2023-05-14,BDI,1845.7,SYNTHETIC_DEMO
2023-05-14,BCI,2573.4,SYNTHETIC_DEMO
2023-05-14,BPI,1637.7,SYNTHETIC_DEMO
2023-05-14,BSI,1341.6,SYNTHETIC_DEMO
2023-05-14,BHSI,777.3,SYNTHETIC_DEMO
2023-05-15,BDI,1819.0,SYNTHETIC_DEMO
2023-05-15,BCI,2556.9,SYNTHETIC_DEMO
2023-05-15,BPI,1625.7,SYNTHETIC_DEMO
2023-05-15,BSI,1309.0,SYNTHETIC_DEMO
2023-05-15,BHSI,769.0,SYNTHETIC_DEMO
2023-05-16,BDI,1841.4,SYNTHETIC_DEMO
2023-05-16,BCI,2663.1,SYNTHETIC_DEMO
2023-05-16,BPI,1660.7,SYNTHETIC_DEMO
2023-05-16,BSI,1333.2,SYNTHETIC_DEMO
2023-05-16,BHSI,768.9,SYNTHETIC_DEMO
2023-05-17,BDI,1819.9,SYNTHETIC_DEMO
2023-05-17,BCI,2502.7,SYNTHETIC_DEMO
2023-05-17,BPI,1669.3,SYNTHETIC_DEMO
2023-05-17,BSI,1322.7,SYNTHETIC_DEMO
2023-05-17,BHSI,750.9,SYNTHETIC_DEMO
2023-05-18,BDI,1857.7,SYNTHETIC_DEMO
2023-05-18,BCI,2663.9,SYNTHETIC_DEMO
2023-05-18,BPI,1723.9,SYNTHETIC_DEMO
2023-05-18,BSI,1338.2,SYNTHETIC_DEMO
2023-05-18,BHSI,791.2,SYNTHETIC_DEMO
2023-05-19,BDI,1844.8,SYNTHETIC_DEMO
2023-05-19,BCI,2624.4,SYNTHETIC_DEMO
2023-05-19,BPI,1693.5,SYNTHETIC_DEMO
2023-05-19,BSI,1352.0,SYNTHETIC_DEMO
2023-05-19,BHSI,767.3,SYNTHETIC_DEMO
2023-05-20,BDI,1832.3,SYNTHETIC_DEMO
2023-05-20,BCI,2590.7,SYNTHETIC_DEMO
2023-05-20,BPI,1653.9,SYNTHETIC_DEMO
2023-05-20,BSI,1367.8,SYNTHETIC_DEMO
2023-05-20,BHSI,786.6,SYNTHETIC_DEMO
2023-05-21,BDI,1814.6,SYNTHETIC_DEMO
2023-05-21,BCI,2650.1,SYNTHETIC_DEMO
2023-05-21,BPI,1684.6,SYNTHETIC_DEMO
2023-05-21,BSI,1321.1,SYNTHETIC_DEMO
2023-05-21,BHSI,755.8,SYNTHETIC_DEMO
2023-05-22,BDI,1794.4,SYNTHETIC_DEMO
2023-05-22,BCI,2524.6,SYNTHETIC_DEMO
2023-05-22,BPI,1703.0,SYNTHETIC_DEMO
2023-05-22,BSI,1276.3,SYNTHETIC_DEMO
2023-05-22,BHSI,767.6,SYNTHETIC_DEMO
2023-05-23,BDI,1818.5,SYNTHETIC_DEMO
2023-05-23,BCI,2646.2,SYNTHETIC_DEMO
2023-05-23,BPI,1639.5,SYNTHETIC_DEMO
2023-05-23,BSI,1288.5,SYNTHETIC_DEMO
2023-05-23,BHSI,768.7,SYNTHETIC_DEMO
2023-05-24,BDI,1871.3,SYNTHETIC_DEMO
2023-05-24,BCI,2625.4,SYNTHETIC_DEMO
2023-05-24,BPI,1689.3,SYNTHETIC_DEMO
2023-05-24,BSI,1312.1,SYNTHETIC_DEMO
2023-05-24,BHSI,779.2,SYNTHETIC_DEMO
2023-05-25,BDI,1869.2,SYNTHETIC_DEMO
2023-05-25,BCI,2568.5,SYNTHETIC_DEMO
2023-05-25,BPI,1722.4,SYNTHETIC_DEMO
2023-05-25,BSI,1356.7,SYNTHETIC_DEMO
2023-05-25,BHSI,785.7,SYNTHETIC_DEMO
2023-05-26,BDI,1864.7,SYNTHETIC_DEMO
2023-05-26,BCI,2686.3,SYNTHETIC_DEMO
2023-05-26,BPI,1774.6,SYNTHETIC_DEMO
2023-05-26,BSI,1348.5,SYNTHETIC_DEMO
2023-05-26,BHSI,789.9,SYNTHETIC_DEMO
2023-05-27,BDI,1860.5,SYNTHETIC_DEMO
2023-05-27,BCI,2594.4,SYNTHETIC_DEMO
2023-05-27,BPI,1707.1,SYNTHETIC_DEMO
2023-05-27,BSI,1369.0,SYNTHETIC_DEMO
2023-05-27,BHSI,784.0,SYNTHETIC_DEMO
2023-05-28,BDI,1936.8,SYNTHETIC_DEMO
2023-05-28,BCI,2745.7,SYNTHETIC_DEMO
2023-05-28,BPI,1800.6,SYNTHETIC_DEMO
2023-05-28,BSI,1363.9,SYNTHETIC_DEMO
2023-05-28,BHSI,810.3,SYNTHETIC_DEMO
2023-05-29,BDI,1884.2,SYNTHETIC_DEMO
2023-05-29,BCI,2771.0,SYNTHETIC_DEMO
2023-05-29,BPI,1700.4,SYNTHETIC_DEMO
2023-05-29,BSI,1342.1,SYNTHETIC_DEMO
2023-05-29,BHSI,807.6,SYNTHETIC_DEMO
2023-05-30,BDI,1902.3,SYNTHETIC_DEMO
2023-05-30,BCI,2770.4,SYNTHETIC_DEMO
2023-05-30,BPI,1773.3,SYNTHETIC_DEMO
2023-05-30,BSI,1354.2,SYNTHETIC_DEMO
2023-05-30,BHSI,801.7,SYNTHETIC_DEMO
2023-05-31,BDI,1879.4,SYNTHETIC_DEMO
2023-05-31,BCI,2644.7,SYNTHETIC_DEMO
2023-05-31,BPI,1758.1,SYNTHETIC_DEMO
2023-05-31,BSI,1380.2,SYNTHETIC_DEMO
2023-05-31,BHSI,778.8,SYNTHETIC_DEMO
2023-06-01,BDI,1926.3,SYNTHETIC_DEMO
2023-06-01,BCI,2708.4,SYNTHETIC_DEMO
2023-06-01,BPI,1755.2,SYNTHETIC_DEMO
2023-06-01,BSI,1393.5,SYNTHETIC_DEMO
2023-06-01,BHSI,841.1,SYNTHETIC_DEMO
2023-06-02,BDI,1962.5,SYNTHETIC_DEMO
2023-06-02,BCI,2835.5,SYNTHETIC_DEMO
2023-06-02,BPI,1765.5,SYNTHETIC_DEMO
2023-06-02,BSI,1376.0,SYNTHETIC_DEMO
2023-06-02,BHSI,836.1,SYNTHETIC_DEMO
2023-06-03,BDI,1997.5,SYNTHETIC_DEMO
2023-06-03,BCI,2838.0,SYNTHETIC_DEMO
2023-06-03,BPI,1881.0,SYNTHETIC_DEMO
2023-06-03,BSI,1426.0,SYNTHETIC_DEMO
2023-06-03,BHSI,857.3,SYNTHETIC_DEMO
2023-06-04,BDI,1990.2,SYNTHETIC_DEMO
2023-06-04,BCI,2860.0,SYNTHETIC_DEMO
2023-06-04,BPI,1818.1,SYNTHETIC_DEMO
2023-06-04,BSI,1422.0,SYNTHETIC_DEMO
2023-06-04,BHSI,846.4,SYNTHETIC_DEMO
2023-06-05,BDI,1979.9,SYNTHETIC_DEMO
2023-06-05,BCI,2867.3,SYNTHETIC_DEMO
2023-06-05,BPI,1820.7,SYNTHETIC_DEMO
2023-06-05,BSI,1456.7,SYNTHETIC_DEMO
2023-06-05,BHSI,831.7,SYNTHETIC_DEMO
2023-06-06,BDI,1941.9,SYNTHETIC_DEMO
2023-06-06,BCI,2783.6,SYNTHETIC_DEMO
2023-06-06,BPI,1782.4,SYNTHETIC_DEMO
2023-06-06,BSI,1414.6,SYNTHETIC_DEMO
2023-06-06,BHSI,807.9,SYNTHETIC_DEMO
2023-06-07,BDI,1955.9,SYNTHETIC_DEMO
2023-06-07,BCI,2747.0,SYNTHETIC_DEMO
2023-06-07,BPI,1796.9,SYNTHETIC_DEMO
2023-06-07,BSI,1406.8,SYNTHETIC_DEMO
2023-06-07,BHSI,828.1,SYNTHETIC_DEMO
2023-06-08,BDI,1938.3,SYNTHETIC_DEMO
2023-06-08,BCI,2804.5,SYNTHETIC_DEMO
2023-06-08,BPI,1778.2,SYNTHETIC_DEMO
2023-06-08,BSI,1401.6,SYNTHETIC_DEMO
2023-06-08,BHSI,804.0,SYNTHETIC_DEMO
2023-06-09,BDI,1894.6,SYNTHETIC_DEMO
2023-06-09,BCI,2728.0,SYNTHETIC_DEMO
2023-06-09,BPI,1744.3,SYNTHETIC_DEMO
2023-06-09,BSI,1340.2,SYNTHETIC_DEMO
2023-06-09,BHSI,800.3,SYNTHETIC_DEMO
2023-06-10,BDI,1854.4,SYNTHETIC_DEMO
2023-06-10,BCI,2617.3,SYNTHETIC_DEMO
2023-06-10,BPI,1688.5,SYNTHETIC_DEMO
2023-06-10,BSI,1338.2,SYNTHETIC_DEMO
2023-06-10,BHSI,794.7,SYNTHETIC_DEMO
2023-06-11,BDI,1870.5,SYNTHETIC_DEMO
2023-06-11,BCI,2652.2,SYNTHETIC_DEMO
2023-06-11,BPI,1713.6,SYNTHETIC_DEMO
2023-06-11,BSI,1343.9,SYNTHETIC_DEMO
2023-06-11,BHSI,802.0,SYNTHETIC_DEMO
2023-06-12,BDI,1811.3,SYNTHETIC_DEMO
2023-06-12,BCI,2572.2,SYNTHETIC_DEMO
2023-06-12,BPI,1680.1,SYNTHETIC_DEMO
2023-06-12,BSI,1335.7,SYNTHETIC_DEMO
2023-06-12,BHSI,774.1,SYNTHETIC_DEMO
2023-06-13,BDI,1843.7,SYNTHETIC_DEMO
2023-06-13,BCI,2730.6,SYNTHETIC_DEMO
2023-06-13,BPI,1694.7,SYNTHETIC_DEMO
2023-06-13,BSI,1326.5,SYNTHETIC_DEMO
2023-06-13,BHSI,759.0,SYNTHETIC_DEMO
2023-06-14,BDI,1849.5,SYNTHETIC_DEMO
2023-06-14,BCI,2631.8,SYNTHETIC_DEMO
2023-06-14,BPI,1713.4,SYNTHETIC_DEMO
2023-06-14,BSI,1330.8,SYNTHETIC_DEMO
2023-06-14,BHSI,763.3,SYNTHETIC_DEMO
2023-06-15,BDI,1861.4,SYNTHETIC_DEMO
2023-06-15,BCI,2658.5,SYNTHETIC_DEMO
2023-06-15,BPI,1722.8,SYNTHETIC_DEMO
2023-06-15,BSI,1319.6,SYNTHETIC_DEMO
2023-06-15,BHSI,785.4,SYNTHETIC_DEMO
2023-06-16,BDI,1863.4,SYNTHETIC_DEMO
2023-06-16,BCI,2628.9,SYNTHETIC_DEMO
2023-06-16,BPI,1737.7,SYNTHETIC_DEMO
2023-06-16,BSI,1313.1,SYNTHETIC_DEMO
2023-06-16,BHSI,788.4,SYNTHETIC_DEMO
2023-06-17,BDI,1840.5,SYNTHETIC_DEMO
2023-06-17,BCI,2592.8,SYNTHETIC_DEMO
2023-06-17,BPI,1702.1,SYNTHETIC_DEMO
2023-06-17,BSI,1310.6,SYNTHETIC_DEMO
2023-06-17,BHSI,793.2,SYNTHETIC_DEMO
2023-06-18,BDI,1791.9,SYNTHETIC_DEMO
2023-06-18,BCI,2502.7,SYNTHETIC_DEMO
2023-06-18,BPI,1614.5,SYNTHETIC_DEMO
2023-06-18,BSI,1286.8,SYNTHETIC_DEMO
2023-06-18,BHSI,751.2,SYNTHETIC_DEMO
2023-06-19,BDI,1850.8,SYNTHETIC_DEMO
2023-06-19,BCI,2671.5,SYNTHETIC_DEMO
2023-06-19,BPI,1687.1,SYNTHETIC_DEMO
2023-06-19,BSI,1323.2,SYNTHETIC_DEMO
2023-06-19,BHSI,764.9,SYNTHETIC_DEMO
2023-06-20,BDI,1825.8,SYNTHETIC_DEMO
2023-06-20,BCI,2647.0,SYNTHETIC_DEMO
2023-06-20,BPI,1697.1,SYNTHETIC_DEMO
2023-06-20,BSI,1329.8,SYNTHETIC_DEMO
2023-06-20,BHSI,769.2,SYNTHETIC_DEMO
2023-06-21,BDI,1843.8,SYNTHETIC_DEMO
2023-06-21,BCI,2668.9,SYNTHETIC_DEMO
2023-06-21,BPI,1738.6,SYNTHETIC_DEMO
2023-06-21,BSI,1315.3,SYNTHETIC_DEMO
2023-06-21,BHSI,781.7,SYNTHETIC_DEMO
2023-06-22,BDI,1784.8,SYNTHETIC_DEMO
2023-06-22,BCI,2565.4,SYNTHETIC_DEMO
2023-06-22,BPI,1652.9,SYNTHETIC_DEMO
2023-06-22,BSI,1288.9,SYNTHETIC_DEMO
2023-06-22,BHSI,743.2,SYNTHETIC_DEMO
2023-06-23,BDI,1801.0,SYNTHETIC_DEMO
2023-06-23,BCI,2559.3,SYNTHETIC_DEMO
2023-06-23,BPI,1664.2,SYNTHETIC_DEMO
2023-06-23,BSI,1299.9,SYNTHETIC_DEMO
2023-06-23,BHSI,744.2,SYNTHETIC_DEMO
2023-06-24,BDI,1804.3,SYNTHETIC_DEMO
2023-06-24,BCI,2567.1,SYNTHETIC_DEMO
2023-06-24,BPI,1631.4,SYNTHETIC_DEMO
2023-06-24,BSI,1305.8,SYNTHETIC_DEMO
2023-06-24,BHSI,761.9,SYNTHETIC_DEMO
2023-06-25,BDI,1867.2,SYNTHETIC_DEMO
2023-06-25,BCI,2708.1,SYNTHETIC_DEMO
2023-06-25,BPI,1694.7,SYNTHETIC_DEMO
2023-06-25,BSI,1336.6,SYNTHETIC_DEMO
2023-06-25,BHSI,763.6,SYNTHETIC_DEMO
2023-06-26,BDI,1847.6,SYNTHETIC_DEMO
2023-06-26,BCI,2706.1,SYNTHETIC_DEMO
2023-06-26,BPI,1707.7,SYNTHETIC_DEMO
2023-06-26,BSI,1354.4,SYNTHETIC_DEMO
2023-06-26,BHSI,769.6,SYNTHETIC_DEMO
2023-06-27,BDI,1879.9,SYNTHETIC_DEMO
2023-06-27,BCI,2717.0,SYNTHETIC_DEMO
2023-06-27,BPI,1682.6,SYNTHETIC_DEMO
2023-06-27,BSI,1352.4,SYNTHETIC_DEMO
2023-06-27,BHSI,801.8,SYNTHETIC_DEMO
2023-06-28,BDI,1925.8,SYNTHETIC_DEMO
2023-06-28,BCI,2788.9,SYNTHETIC_DEMO
2023-06-28,BPI,1826.8,SYNTHETIC_DEMO
2023-06-28,BSI,1398.5,SYNTHETIC_DEMO
2023-06-28,BHSI,810.5,SYNTHETIC_DEMO
2023-06-29,BDI,1894.3,SYNTHETIC_DEMO
2023-06-29,BCI,2723.3,SYNTHETIC_DEMO
2023-06-29,BPI,1786.5,SYNTHETIC_DEMO
2023-06-29,BSI,1406.8,SYNTHETIC_DEMO
2023-06-29,BHSI,799.0,SYNTHETIC_DEMO
2023-06-30,BDI,1855.0,SYNTHETIC_DEMO
2023-06-30,BCI,2676.5,SYNTHETIC_DEMO
2023-06-30,BPI,1721.6,SYNTHETIC_DEMO
2023-06-30,BSI,1320.5,SYNTHETIC_DEMO
2023-06-30,BHSI,772.6,SYNTHETIC_DEMO
2023-07-01,BDI,1918.3,SYNTHETIC_DEMO
2023-07-01,BCI,2759.3,SYNTHETIC_DEMO
2023-07-01,BPI,1779.0,SYNTHETIC_DEMO
2023-07-01,BSI,1373.2,SYNTHETIC_DEMO
2023-07-01,BHSI,794.3,SYNTHETIC_DEMO
2023-07-02,BDI,1924.9,SYNTHETIC_DEMO
2023-07-02,BCI,2708.7,SYNTHETIC_DEMO
2023-07-02,BPI,1823.6,SYNTHETIC_DEMO
2023-07-02,BSI,1365.0,SYNTHETIC_DEMO
2023-07-02,BHSI,785.0,SYNTHETIC_DEMO
2023-07-03,BDI,1927.0,SYNTHETIC_DEMO
2023-07-03,BCI,2691.4,SYNTHETIC_DEMO
2023-07-03,BPI,1809.3,SYNTHETIC_DEMO
2023-07-03,BSI,1386.4,SYNTHETIC_DEMO
2023-07-03,BHSI,799.1,SYNTHETIC_DEMO
2023-07-04,BDI,1972.2,SYNTHETIC_DEMO
2023-07-04,BCI,2778.2,SYNTHETIC_DEMO
2023-07-04,BPI,1818.6,SYNTHETIC_DEMO
2023-07-04,BSI,1433.9,SYNTHETIC_DEMO
2023-07-04,BHSI,836.4,SYNTHETIC_DEMO
2023-07-05,BDI,1993.9,SYNTHETIC_DEMO
2023-07-05,BCI,2886.3,SYNTHETIC_DEMO
2023-07-05,BPI,1841.7,SYNTHETIC_DEMO
2023-07-05,BSI,1415.0,SYNTHETIC_DEMO
2023-07-05,BHSI,838.8,SYNTHETIC_DEMO
2023-07-06,BDI,2022.7,SYNTHETIC_DEMO
2023-07-06,BCI,2818.0,SYNTHETIC_DEMO
2023-07-06,BPI,1887.1,SYNTHETIC_DEMO
2023-07-06,BSI,1462.1,SYNTHETIC_DEMO
2023-07-06,BHSI,837.0,SYNTHETIC_DEMO
2023-07-07,BDI,2041.7,SYNTHETIC_DEMO
2023-07-07,BCI,2950.3,SYNTHETIC_DEMO
2023-07-07,BPI,1898.4,SYNTHETIC_DEMO
2023-07-07,BSI,1495.4,SYNTHETIC_DEMO
2023-07-07,BHSI,877.6,SYNTHETIC_DEMO
2023-07-08,BDI,2024.9,SYNTHETIC_DEMO
2023-07-08,BCI,2833.1,SYNTHETIC_DEMO
2023-07-08,BPI,1867.5,SYNTHETIC_DEMO
2023-07-08,BSI,1475.4,SYNTHETIC_DEMO
2023-07-08,BHSI,855.4,SYNTHETIC_DEMO
2023-07-09,BDI,2058.6,SYNTHETIC_DEMO
2023-07-09,BCI,2929.1,SYNTHETIC_DEMO
2023-07-09,BPI,1944.1,SYNTHETIC_DEMO
2023-07-09,BSI,1515.9,SYNTHETIC_DEMO
2023-07-09,BHSI,862.8,SYNTHETIC_DEMO
2023-07-10,BDI,2074.0,SYNTHETIC_DEMO
2023-07-10,BCI,2958.5,SYNTHETIC_DEMO
2023-07-10,BPI,1871.7,SYNTHETIC_DEMO
2023-07-10,BSI,1465.8,SYNTHETIC_DEMO
2023-07-10,BHSI,863.8,SYNTHETIC_DEMO
2023-07-11,BDI,2065.3,SYNTHETIC_DEMO
2023-07-11,BCI,2928.6,SYNTHETIC_DEMO
2023-07-11,BPI,1904.6,SYNTHETIC_DEMO
2023-07-11,BSI,1500.2,SYNTHETIC_DEMO
2023-07-11,BHSI,873.6,SYNTHETIC_DEMO
2023-07-12,BDI,2050.2,SYNTHETIC_DEMO
2023-07-12,BCI,2953.1,SYNTHETIC_DEMO
2023-07-12,BPI,1910.9,SYNTHETIC_DEMO
2023-07-12,BSI,1470.5,SYNTHETIC_DEMO
2023-07-12,BHSI,864.7,SYNTHETIC_DEMO
2023-07-13,BDI,2042.7,SYNTHETIC_DEMO
2023-07-13,BCI,2909.2,SYNTHETIC_DEMO
2023-07-13,BPI,1833.9,SYNTHETIC_DEMO
2023-07-13,BSI,1465.6,SYNTHETIC_DEMO
2023-07-13,BHSI,858.7,SYNTHETIC_DEMO
2023-07-14,BDI,2075.3,SYNTHETIC_DEMO
2023-07-14,BCI,2963.6,SYNTHETIC_DEMO
2023-07-14,BPI,1898.2,SYNTHETIC_DEMO
2023-07-14,BSI,1482.3,SYNTHETIC_DEMO
2023-07-14,BHSI,857.4,SYNTHETIC_DEMO
2023-07-15,BDI,2075.4,SYNTHETIC_DEMO
2023-07-15,BCI,2912.8,SYNTHETIC_DEMO
2023-07-15,BPI,1903.3,SYNTHETIC_DEMO
2023-07-15,BSI,1499.0,SYNTHETIC_DEMO
2023-07-15,BHSI,888.4,SYNTHETIC_DEMO
2023-07-16,BDI,2080.1,SYNTHETIC_DEMO
2023-07-16,BCI,2845.8,SYNTHETIC_DEMO
2023-07-16,BPI,1895.7,SYNTHETIC_DEMO
2023-07-16,BSI,1501.8,SYNTHETIC_DEMO
2023-07-16,BHSI,872.0,SYNTHETIC_DEMO
2023-07-17,BDI,2066.7,SYNTHETIC_DEMO
2023-07-17,BCI,2999.7,SYNTHETIC_DEMO
2023-07-17,BPI,1954.7,SYNTHETIC_DEMO
2023-07-17,BSI,1485.5,SYNTHETIC_DEMO
2023-07-17,BHSI,894.5,SYNTHETIC_DEMO
2023-07-18,BDI,2059.1,SYNTHETIC_DEMO
2023-07-18,BCI,2957.8,SYNTHETIC_DEMO
2023-07-18,BPI,1890.2,SYNTHETIC_DEMO
2023-07-18,BSI,1455.5,SYNTHETIC_DEMO
2023-07-18,BHSI,854.7,SYNTHETIC_DEMO
2023-07-19,BDI,2074.1,SYNTHETIC_DEMO
2023-07-19,BCI,2945.9,SYNTHETIC_DEMO
2023-07-19,BPI,1920.9,SYNTHETIC_DEMO
2023-07-19,BSI,1509.0,SYNTHETIC_DEMO
2023-07-19,BHSI,858.5,SYNTHETIC_DEMO
2023-07-20,BDI,2114.4,SYNTHETIC_DEMO
2023-07-20,BCI,2990.8,SYNTHETIC_DEMO
2023-07-20,BPI,1990.1,SYNTHETIC_DEMO
2023-07-20,BSI,1526.4,SYNTHETIC_DEMO
2023-07-20,BHSI,879.8,SYNTHETIC_DEMO
2023-07-21,BDI,2134.5,SYNTHETIC_DEMO
2023-07-21,BCI,3068.0,SYNTHETIC_DEMO
2023-07-21,BPI,1954.6,SYNTHETIC_DEMO
2023-07-21,BSI,1524.1,SYNTHETIC_DEMO
2023-07-21,BHSI,884.0,SYNTHETIC_DEMO
2023-07-22,BDI,2171.3,SYNTHETIC_DEMO
2023-07-22,BCI,3082.5,SYNTHETIC_DEMO
2023-07-22,BPI,2000.5,SYNTHETIC_DEMO
2023-07-22,BSI,1566.9,SYNTHETIC_DEMO
2023-07-22,BHSI,904.1,SYNTHETIC_DEMO
2023-07-23,BDI,2211.1,SYNTHETIC_DEMO
2023-07-23,BCI,3107.7,SYNTHETIC_DEMO
2023-07-23,BPI,1998.1,SYNTHETIC_DEMO
2023-07-23,BSI,1582.8,SYNTHETIC_DEMO
2023-07-23,BHSI,922.2,SYNTHETIC_DEMO
2023-07-24,BDI,2195.8,SYNTHETIC_DEMO
2023-07-24,BCI,3100.3,SYNTHETIC_DEMO
2023-07-24,BPI,1979.6,SYNTHETIC_DEMO
2023-07-24,BSI,1562.6,SYNTHETIC_DEMO
2023-07-24,BHSI,912.3,SYNTHETIC_DEMO
2023-07-25,BDI,2215.4,SYNTHETIC_DEMO
2023-07-25,BCI,3186.2,SYNTHETIC_DEMO
2023-07-25,BPI,1987.5,SYNTHETIC_DEMO
2023-07-25,BSI,1613.8,SYNTHETIC_DEMO
2023-07-25,BHSI,929.2,SYNTHETIC_DEMO
2023-07-26,BDI,2201.6,SYNTHETIC_DEMO
2023-07-26,BCI,3114.2,SYNTHETIC_DEMO
2023-07-26,BPI,2039.0,SYNTHETIC_DEMO
2023-07-26,BSI,1562.6,SYNTHETIC_DEMO
2023-07-26,BHSI,929.7,SYNTHETIC_DEMO
2023-07-27,BDI,2217.7,SYNTHETIC_DEMO
2023-07-27,BCI,3180.3,SYNTHETIC_DEMO
2023-07-27,BPI,2047.6,SYNTHETIC_DEMO
2023-07-27,BSI,1613.0,SYNTHETIC_DEMO
2023-07-27,BHSI,941.3,SYNTHETIC_DEMO
2023-07-28,BDI,2131.6,SYNTHETIC_DEMO
2023-07-28,BCI,3062.3,SYNTHETIC_DEMO
2023-07-28,BPI,1958.2,SYNTHETIC_DEMO
2023-07-28,BSI,1536.4,SYNTHETIC_DEMO
2023-07-28,BHSI,910.9,SYNTHETIC_DEMO
2023-07-29,BDI,2131.2,SYNTHETIC_DEMO
2023-07-29,BCI,3061.1,SYNTHETIC_DEMO
2023-07-29,BPI,1949.4,SYNTHETIC_DEMO
2023-07-29,BSI,1528.6,SYNTHETIC_DEMO
2023-07-29,BHSI,903.8,SYNTHETIC_DEMO
2023-07-30,BDI,2090.5,SYNTHETIC_DEMO
2023-07-30,BCI,2985.7,SYNTHETIC_DEMO
2023-07-30,BPI,1882.9,SYNTHETIC_DEMO
2023-07-30,BSI,1504.6,SYNTHETIC_DEMO
2023-07-30,BHSI,876.8,SYNTHETIC_DEMO
2023-07-31,BDI,2092.3,SYNTHETIC_DEMO
2023-07-31,BCI,2958.8,SYNTHETIC_DEMO
2023-07-31,BPI,1905.1,SYNTHETIC_DEMO
2023-07-31,BSI,1499.4,SYNTHETIC_DEMO
2023-07-31,BHSI,890.4,SYNTHETIC_DEMO
2023-08-01,BDI,2125.2,SYNTHETIC_DEMO
2023-08-01,BCI,2989.1,SYNTHETIC_DEMO
2023-08-01,BPI,1914.2,SYNTHETIC_DEMO
2023-08-01,BSI,1531.4,SYNTHETIC_DEMO
2023-08-01,BHSI,883.7,SYNTHETIC_DEMO
2023-08-02,BDI,2068.2,SYNTHETIC_DEMO
2023-08-02,BCI,2979.5,SYNTHETIC_DEMO
2023-08-02,BPI,1928.8,SYNTHETIC_DEMO
2023-08-02,BSI,1453.4,SYNTHETIC_DEMO
2023-08-02,BHSI,881.3,SYNTHETIC_DEMO
2023-08-03,BDI,2023.0,SYNTHETIC_DEMO
2023-08-03,BCI,2901.9,SYNTHETIC_DEMO
2023-08-03,BPI,1840.5,SYNTHETIC_DEMO
2023-08-03,BSI,1470.7,SYNTHETIC_DEMO
2023-08-03,BHSI,873.9,SYNTHETIC_DEMO
2023-08-04,BDI,2048.5,SYNTHETIC_DEMO
2023-08-04,BCI,2843.2,SYNTHETIC_DEMO
2023-08-04,BPI,1914.1,SYNTHETIC_DEMO
2023-08-04,BSI,1509.0,SYNTHETIC_DEMO
2023-08-04,BHSI,877.0,SYNTHETIC_DEMO
2023-08-05,BDI,2027.1,SYNTHETIC_DEMO
2023-08-05,BCI,2893.2,SYNTHETIC_DEMO
2023-08-05,BPI,1878.4,SYNTHETIC_DEMO
2023-08-05,BSI,1453.7,SYNTHETIC_DEMO
2023-08-05,BHSI,853.8,SYNTHETIC_DEMO
2023-08-06,BDI,1986.0,SYNTHETIC_DEMO
2023-08-06,BCI,2839.2,SYNTHETIC_DEMO
2023-08-06,BPI,1846.2,SYNTHETIC_DEMO
2023-08-06,BSI,1424.4,SYNTHETIC_DEMO
2023-08-06,BHSI,831.0,SYNTHETIC_DEMO
2023-08-07,BDI,1931.2,SYNTHETIC_DEMO
2023-08-07,BCI,2679.5,SYNTHETIC_DEMO
2023-08-07,BPI,1774.8,SYNTHETIC_DEMO
2023-08-07,BSI,1388.6,SYNTHETIC_DEMO
2023-08-07,BHSI,847.3,SYNTHETIC_DEMO
2023-08-08,BDI,1975.6,SYNTHETIC_DEMO
2023-08-08,BCI,2835.1,SYNTHETIC_DEMO
2023-08-08,BPI,1832.1,SYNTHETIC_DEMO
2023-08-08,BSI,1423.5,SYNTHETIC_DEMO
2023-08-08,BHSI,835.6,SYNTHETIC_DEMO
2023-08-09,BDI,1991.5,SYNTHETIC_DEMO
2023-08-09,BCI,2903.9,SYNTHETIC_DEMO
2023-08-09,BPI,1811.4,SYNTHETIC_DEMO
2023-08-09,BSI,1419.0,SYNTHETIC_DEMO
2023-08-09,BHSI,823.2,SYNTHETIC_DEMO
2023-08-10,BDI,1976.0,SYNTHETIC_DEMO
2023-08-10,BCI,2761.6,SYNTHETIC_DEMO
2023-08-10,BPI,1792.3,SYNTHETIC_DEMO
2023-08-10,BSI,1413.8,SYNTHETIC_DEMO
2023-08-10,BHSI,833.3,SYNTHETIC_DEMO
2023-08-11,BDI,2018.2,SYNTHETIC_DEMO
2023-08-11,BCI,2915.2,SYNTHETIC_DEMO
2023-08-11,BPI,1855.5,SYNTHETIC_DEMO
2023-08-11,BSI,1465.3,SYNTHETIC_DEMO
2023-08-11,BHSI,848.1,SYNTHETIC_DEMO
2023-08-12,BDI,2034.6,SYNTHETIC_DEMO
2023-08-12,BCI,2789.7,SYNTHETIC_DEMO
2023-08-12,BPI,1878.1,SYNTHETIC_DEMO
2023-08-12,BSI,1467.2,SYNTHETIC_DEMO
2023-08-12,BHSI,858.2,SYNTHETIC_DEMO
2023-08-13,BDI,2042.7,SYNTHETIC_DEMO
2023-08-13,BCI,2868.5,SYNTHETIC_DEMO
2023-08-13,BPI,1880.1,SYNTHETIC_DEMO
2023-08-13,BSI,1474.7,SYNTHETIC_DEMO
2023-08-13,BHSI,874.9,SYNTHETIC_DEMO
2023-08-14,BDI,2041.5,SYNTHETIC_DEMO
2023-08-14,BCI,3019.0,SYNTHETIC_DEMO
2023-08-14,BPI,1858.4,SYNTHETIC_DEMO
2023-08-14,BSI,1479.6,SYNTHETIC_DEMO
2023-08-14,BHSI,857.6,SYNTHETIC_DEMO
2023-08-15,BDI,2044.4,SYNTHETIC_DEMO
2023-08-15,BCI,2941.5,SYNTHETIC_DEMO
2023-08-15,BPI,1881.1,SYNTHETIC_DEMO
2023-08-15,BSI,1488.0,SYNTHETIC_DEMO
2023-08-15,BHSI,853.2,SYNTHETIC_DEMO
2023-08-16,BDI,2002.1,SYNTHETIC_DEMO
2023-08-16,BCI,2833.7,SYNTHETIC_DEMO
2023-08-16,BPI,1870.8,SYNTHETIC_DEMO
2023-08-16,BSI,1425.1,SYNTHETIC_DEMO
2023-08-16,BHSI,862.1,SYNTHETIC_DEMO
2023-08-17,BDI,1998.8,SYNTHETIC_DEMO
2023-08-17,BCI,2842.1,SYNTHETIC_DEMO
2023-08-17,BPI,1825.1,SYNTHETIC_DEMO
2023-08-17,BSI,1439.0,SYNTHETIC_DEMO
2023-08-17,BHSI,856.9,SYNTHETIC_DEMO
2023-08-18,BDI,1925.9,SYNTHETIC_DEMO
2023-08-18,BCI,2752.4,SYNTHETIC_DEMO
2023-08-18,BPI,1753.3,SYNTHETIC_DEMO
2023-08-18,BSI,1414.1,SYNTHETIC_DEMO
2023-08-18,BHSI,827.0,SYNTHETIC_DEMO
2023-08-19,BDI,1933.2,SYNTHETIC_DEMO
2023-08-19,BCI,2757.4,SYNTHETIC_DEMO
2023-08-19,BPI,1810.4,SYNTHETIC_DEMO
2023-08-19,BSI,1390.0,SYNTHETIC_DEMO
2023-08-19,BHSI,802.1,SYNTHETIC_DEMO
2023-08-20,BDI,1935.1,SYNTHETIC_DEMO
2023-08-20,BCI,2754.5,SYNTHETIC_DEMO
2023-08-20,BPI,1797.4,SYNTHETIC_DEMO
2023-08-20,BSI,1410.9,SYNTHETIC_DEMO
2023-08-20,BHSI,809.4,SYNTHETIC_DEMO
2023-08-21,BDI,1931.4,SYNTHETIC_DEMO
2023-08-21,BCI,2782.8,SYNTHETIC_DEMO
2023-08-21,BPI,1734.8,SYNTHETIC_DEMO
2023-08-21,BSI,1440.1,SYNTHETIC_DEMO
2023-08-21,BHSI,830.3,SYNTHETIC_DEMO
2023-08-22,BDI,1965.2,SYNTHETIC_DEMO
2023-08-22,BCI,2826.0,SYNTHETIC_DEMO
2023-08-22,BPI,1796.3,SYNTHETIC_DEMO
2023-08-22,BSI,1407.2,SYNTHETIC_DEMO
2023-08-22,BHSI,809.2,SYNTHETIC_DEMO
2023-08-23,BDI,1982.4,SYNTHETIC_DEMO
2023-08-23,BCI,2905.8,SYNTHETIC_DEMO
2023-08-23,BPI,1844.0,SYNTHETIC_DEMO
2023-08-23,BSI,1419.3,SYNTHETIC_DEMO
2023-08-23,BHSI,830.3,SYNTHETIC_DEMO
2023-08-24,BDI,2010.3,SYNTHETIC_DEMO
2023-08-24,BCI,2814.2,SYNTHETIC_DEMO
2023-08-24,BPI,1886.9,SYNTHETIC_DEMO
2023-08-24,BSI,1460.3,SYNTHETIC_DEMO
2023-08-24,BHSI,830.9,SYNTHETIC_DEMO
2023-08-25,BDI,2002.1,SYNTHETIC_DEMO
2023-08-25,BCI,2835.5,SYNTHETIC_DEMO
2023-08-25,BPI,1814.3,SYNTHETIC_DEMO
2023-08-25,BSI,1420.6,SYNTHETIC_DEMO
2023-08-25,BHSI,831.0,SYNTHETIC_DEMO
2023-08-26,BDI,1992.9,SYNTHETIC_DEMO
2023-08-26,BCI,2810.0,SYNTHETIC_DEMO
2023-08-26,BPI,1814.9,SYNTHETIC_DEMO
2023-08-26,BSI,1454.3,SYNTHETIC_DEMO
2023-08-26,BHSI,856.8,SYNTHETIC_DEMO
2023-08-27,BDI,1982.3,SYNTHETIC_DEMO
2023-08-27,BCI,2792.4,SYNTHETIC_DEMO
2023-08-27,BPI,1808.8,SYNTHETIC_DEMO
2023-08-27,BSI,1462.3,SYNTHETIC_DEMO
2023-08-27,BHSI,811.8,SYNTHETIC_DEMO
2023-08-28,BDI,1984.1,SYNTHETIC_DEMO
2023-08-28,BCI,2852.3,SYNTHETIC_DEMO
2023-08-28,BPI,1795.3,SYNTHETIC_DEMO
2023-08-28,BSI,1456.9,SYNTHETIC_DEMO
2023-08-28,BHSI,848.6,SYNTHETIC_DEMO
2023-08-29,BDI,1972.8,SYNTHETIC_DEMO
2023-08-29,BCI,2767.1,SYNTHETIC_DEMO
2023-08-29,BPI,1852.2,SYNTHETIC_DEMO
2023-08-29,BSI,1419.1,SYNTHETIC_DEMO
2023-08-29,BHSI,837.6,SYNTHETIC_DEMO
2023-08-30,BDI,1980.9,SYNTHETIC_DEMO
2023-08-30,BCI,2767.0,SYNTHETIC_DEMO
2023-08-30,BPI,1802.6,SYNTHETIC_DEMO
2023-08-30,BSI,1445.2,SYNTHETIC_DEMO
2023-08-30,BHSI,829.3,SYNTHETIC_DEMO
2023-08-31,BDI,1957.4,SYNTHETIC_DEMO
2023-08-31,BCI,2765.3,SYNTHETIC_DEMO
2023-08-31,BPI,1774.7,SYNTHETIC_DEMO
2023-08-31,BSI,1424.1,SYNTHETIC_DEMO
2023-08-31,BHSI,814.4,SYNTHETIC_DEMO
2023-09-01,BDI,1961.2,SYNTHETIC_DEMO
2023-09-01,BCI,2725.8,SYNTHETIC_DEMO
2023-09-01,BPI,1834.4,SYNTHETIC_DEMO
2023-09-01,BSI,1401.5,SYNTHETIC_DEMO
2023-09-01,BHSI,818.5,SYNTHETIC_DEMO
2023-09-02,BDI,1975.0,SYNTHETIC_DEMO
2023-09-02,BCI,2853.8,SYNTHETIC_DEMO
2023-09-02,BPI,1814.0,SYNTHETIC_DEMO
2023-09-02,BSI,1413.7,SYNTHETIC_DEMO
2023-09-02,BHSI,864.1,SYNTHETIC_DEMO
2023-09-03,BDI,2032.0,SYNTHETIC_DEMO
2023-09-03,BCI,2854.6,SYNTHETIC_DEMO
2023-09-03,BPI,1848.7,SYNTHETIC_DEMO
2023-09-03,BSI,1493.3,SYNTHETIC_DEMO
2023-09-03,BHSI,851.3,SYNTHETIC_DEMO
2023-09-04,BDI,2078.2,SYNTHETIC_DEMO
2023-09-04,BCI,2962.2,SYNTHETIC_DEMO
2023-09-04,BPI,1918.3,SYNTHETIC_DEMO
2023-09-04,BSI,1488.2,SYNTHETIC_DEMO
2023-09-04,BHSI,893.9,SYNTHETIC_DEMO
2023-09-05,BDI,2050.7,SYNTHETIC_DEMO
2023-09-05,BCI,2918.9,SYNTHETIC_DEMO
2023-09-05,BPI,1893.5,SYNTHETIC_DEMO
2023-09-05,BSI,1464.6,SYNTHETIC_DEMO
2023-09-05,BHSI,863.6,SYNTHETIC_DEMO
2023-09-06,BDI,2030.5,SYNTHETIC_DEMO
2023-09-06,BCI,2892.5,SYNTHETIC_DEMO
2023-09-06,BPI,1820.8,SYNTHETIC_DEMO
2023-09-06,BSI,1486.5,SYNTHETIC_DEMO
2023-09-06,BHSI,860.6,SYNTHETIC_DEMO
2023-09-07,BDI,2013.8,SYNTHETIC_DEMO
2023-09-07,BCI,2837.4,SYNTHETIC_DEMO
2023-09-07,BPI,1839.2,SYNTHETIC_DEMO
2023-09-07,BSI,1437.3,SYNTHETIC_DEMO
2023-09-07,BHSI,854.9,SYNTHETIC_DEMO
2023-09-08,BDI,1979.2,SYNTHETIC_DEMO
2023-09-08,BCI,2774.2,SYNTHETIC_DEMO
2023-09-08,BPI,1828.9,SYNTHETIC_DEMO
2023-09-08,BSI,1443.6,SYNTHETIC_DEMO
2023-09-08,BHSI,830.4,SYNTHETIC_DEMO
2023-09-09,BDI,1957.9,SYNTHETIC_DEMO
2023-09-09,BCI,2802.0,SYNTHETIC_DEMO
2023-09-09,BPI,1800.2,SYNTHETIC_DEMO
2023-09-09,BSI,1424.8,SYNTHETIC_DEMO
2023-09-09,BHSI,840.2,SYNTHETIC_DEMO
2023-09-10,BDI,1954.4,SYNTHETIC_DEMO
2023-09-10,BCI,2729.2,SYNTHETIC_DEMO
2023-09-10,BPI,1798.9,SYNTHETIC_DEMO
2023-09-10,BSI,1425.9,SYNTHETIC_DEMO
2023-09-10,BHSI,822.8,SYNTHETIC_DEMO
2023-09-11,BDI,1989.6,SYNTHETIC_DEMO
2023-09-11,BCI,2833.3,SYNTHETIC_DEMO
2023-09-11,BPI,1843.1,SYNTHETIC_DEMO
2023-09-11,BSI,1444.6,SYNTHETIC_DEMO
2023-09-11,BHSI,837.4,SYNTHETIC_DEMO
2023-09-12,BDI,2061.4,SYNTHETIC_DEMO
2023-09-12,BCI,2884.3,SYNTHETIC_DEMO
2023-09-12,BPI,1900.3,SYNTHETIC_DEMO
2023-09-12,BSI,1490.9,SYNTHETIC_DEMO
2023-09-12,BHSI,866.0,SYNTHETIC_DEMO
2023-09-13,BDI,2025.1,SYNTHETIC_DEMO
2023-09-13,BCI,2878.9,SYNTHETIC_DEMO
2023-09-13,BPI,1845.3,SYNTHETIC_DEMO
2023-09-13,BSI,1488.2,SYNTHETIC_DEMO
2023-09-13,BHSI,841.8,SYNTHETIC_DEMO
2023-09-14,BDI,1922.2,SYNTHETIC_DEMO
2023-09-14,BCI,2753.9,SYNTHETIC_DEMO
2023-09-14,BPI,1783.0,SYNTHETIC_DEMO
2023-09-14,BSI,1371.9,SYNTHETIC_DEMO
2023-09-14,BHSI,800.7,SYNTHETIC_DEMO
2023-09-15,BDI,1908.6,SYNTHETIC_DEMO
2023-09-15,BCI,2621.4,SYNTHETIC_DEMO
2023-09-15,BPI,1789.1,SYNTHETIC_DEMO
2023-09-15,BSI,1380.1,SYNTHETIC_DEMO
2023-09-15,BHSI,803.3,SYNTHETIC_DEMO
2023-09-16,BDI,1907.9,SYNTHETIC_DEMO
2023-09-16,BCI,2669.9,SYNTHETIC_DEMO
2023-09-16,BPI,1774.0,SYNTHETIC_DEMO
2023-09-16,BSI,1372.0,SYNTHETIC_DEMO
2023-09-16,BHSI,812.1,SYNTHETIC_DEMO
2023-09-17,BDI,1882.0,SYNTHETIC_DEMO
2023-09-17,BCI,2666.4,SYNTHETIC_DEMO
2023-09-17,BPI,1756.3,SYNTHETIC_DEMO
2023-09-17,BSI,1361.0,SYNTHETIC_DEMO
2023-09-17,BHSI,812.6,SYNTHETIC_DEMO
2023-09-18,BDI,1886.7,SYNTHETIC_DEMO
2023-09-18,BCI,2728.5,SYNTHETIC_DEMO
2023-09-18,BPI,1713.5,SYNTHETIC_DEMO
2023-09-18,BSI,1367.7,SYNTHETIC_DEMO
2023-09-18,BHSI,803.8,SYNTHETIC_DEMO
2023-09-19,BDI,1854.8,SYNTHETIC_DEMO
2023-09-19,BCI,2615.9,SYNTHETIC_DEMO
2023-09-19,BPI,1700.1,SYNTHETIC_DEMO
2023-09-19,BSI,1317.3,SYNTHETIC_DEMO
2023-09-19,BHSI,783.7,SYNTHETIC_DEMO
2023-09-20,BDI,1842.0,SYNTHETIC_DEMO
2023-09-20,BCI,2546.5,SYNTHETIC_DEMO
2023-09-20,BPI,1692.0,SYNTHETIC_DEMO
2023-09-20,BSI,1325.1,SYNTHETIC_DEMO
2023-09-20,BHSI,776.0,SYNTHETIC_DEMO
2023-09-21,BDI,1847.8,SYNTHETIC_DEMO
2023-09-21,BCI,2575.1,SYNTHETIC_DEMO
2023-09-21,BPI,1688.8,SYNTHETIC_DEMO
2023-09-21,BSI,1364.5,SYNTHETIC_DEMO
2023-09-21,BHSI,772.2,SYNTHETIC_DEMO
2023-09-22,BDI,1846.6,SYNTHETIC_DEMO
2023-09-22,BCI,2542.0,SYNTHETIC_DEMO
2023-09-22,BPI,1743.5,SYNTHETIC_DEMO
2023-09-22,BSI,1354.5,SYNTHETIC_DEMO
2023-09-22,BHSI,773.3,SYNTHETIC_DEMO
2023-09-23,BDI,1802.9,SYNTHETIC_DEMO
2023-09-23,BCI,2566.8,SYNTHETIC_DEMO
2023-09-23,BPI,1641.1,SYNTHETIC_DEMO
2023-09-23,BSI,1288.6,SYNTHETIC_DEMO
2023-09-23,BHSI,755.0,SYNTHETIC_DEMO
2023-09-24,BDI,1793.2,SYNTHETIC_DEMO
2023-09-24,BCI,2500.8,SYNTHETIC_DEMO
2023-09-24,BPI,1635.7,SYNTHETIC_DEMO
2023-09-24,BSI,1303.2,SYNTHETIC_DEMO
2023-09-24,BHSI,753.0,SYNTHETIC_DEMO
2023-09-25,BDI,1768.7,SYNTHETIC_DEMO
2023-09-25,BCI,2576.6,SYNTHETIC_DEMO
2023-09-25,BPI,1617.3,SYNTHETIC_DEMO
2023-09-25,BSI,1277.9,SYNTHETIC_DEMO
2023-09-25,BHSI,743.0,SYNTHETIC_DEMO
2023-09-26,BDI,1798.1,SYNTHETIC_DEMO
2023-09-26,BCI,2563.6,SYNTHETIC_DEMO
2023-09-26,BPI,1680.8,SYNTHETIC_DEMO
2023-09-26,BSI,1314.3,SYNTHETIC_DEMO
2023-09-26,BHSI,760.0,SYNTHETIC_DEMO
2023-09-27,BDI,1824.3,SYNTHETIC_DEMO
2023-09-27,BCI,2557.7,SYNTHETIC_DEMO
2023-09-27,BPI,1677.8,SYNTHETIC_DEMO
2023-09-27,BSI,1320.9,SYNTHETIC_DEMO
2023-09-27,BHSI,775.7,SYNTHETIC_DEMO
2023-09-28,BDI,1872.0,SYNTHETIC_DEMO
2023-09-28,BCI,2717.3,SYNTHETIC_DEMO
2023-09-28,BPI,1701.0,SYNTHETIC_DEMO
2023-09-28,BSI,1346.2,SYNTHETIC_DEMO
2023-09-28,BHSI,789.4,SYNTHETIC_DEMO
2023-09-29,BDI,1852.6,SYNTHETIC_DEMO
2023-09-29,BCI,2641.6,SYNTHETIC_DEMO
2023-09-29,BPI,1700.8,SYNTHETIC_DEMO
2023-09-29,BSI,1321.0,SYNTHETIC_DEMO
2023-09-29,BHSI,799.4,SYNTHETIC_DEMO
2023-09-30,BDI,1850.4,SYNTHETIC_DEMO
2023-09-30,BCI,2607.4,SYNTHETIC_DEMO
2023-09-30,BPI,1699.0,SYNTHETIC_DEMO
2023-09-30,BSI,1347.0,SYNTHETIC_DEMO
2023-09-30,BHSI,759.4,SYNTHETIC_DEMO
2023-10-01,BDI,1852.2,SYNTHETIC_DEMO
2023-10-01,BCI,2629.7,SYNTHETIC_DEMO
2023-10-01,BPI,1666.1,SYNTHETIC_DEMO
2023-10-01,BSI,1342.9,SYNTHETIC_DEMO
2023-10-01,BHSI,765.1,SYNTHETIC_DEMO
2023-10-02,BDI,1893.7,SYNTHETIC_DEMO
2023-10-02,BCI,2737.1,SYNTHETIC_DEMO
2023-10-02,BPI,1745.0,SYNTHETIC_DEMO
2023-10-02,BSI,1370.7,SYNTHETIC_DEMO
2023-10-02,BHSI,779.1,SYNTHETIC_DEMO
2023-10-03,BDI,1931.3,SYNTHETIC_DEMO
2023-10-03,BCI,2695.4,SYNTHETIC_DEMO
2023-10-03,BPI,1783.0,SYNTHETIC_DEMO
2023-10-03,BSI,1385.8,SYNTHETIC_DEMO
2023-10-03,BHSI,819.4,SYNTHETIC_DEMO
2023-10-04,BDI,1899.1,SYNTHETIC_DEMO
2023-10-04,BCI,2681.2,SYNTHETIC_DEMO
2023-10-04,BPI,1708.4,SYNTHETIC_DEMO
2023-10-04,BSI,1372.6,SYNTHETIC_DEMO
2023-10-04,BHSI,828.3,SYNTHETIC_DEMO
2023-10-05,BDI,1855.6,SYNTHETIC_DEMO
2023-10-05,BCI,2653.9,SYNTHETIC_DEMO
2023-10-05,BPI,1710.8,SYNTHETIC_DEMO
2023-10-05,BSI,1349.6,SYNTHETIC_DEMO
2023-10-05,BHSI,762.5,SYNTHETIC_DEMO
2023-10-06,BDI,1758.8,SYNTHETIC_DEMO
2023-10-06,BCI,2456.5,SYNTHETIC_DEMO
2023-10-06,BPI,1643.3,SYNTHETIC_DEMO
2023-10-06,BSI,1280.9,SYNTHETIC_DEMO
2023-10-06,BHSI,743.2,SYNTHETIC_DEMO
2023-10-07,BDI,1757.2,SYNTHETIC_DEMO
2023-10-07,BCI,2522.4,SYNTHETIC_DEMO
2023-10-07,BPI,1597.9,SYNTHETIC_DEMO
2023-10-07,BSI,1246.0,SYNTHETIC_DEMO
2023-10-07,BHSI,740.0,SYNTHETIC_DEMO
2023-10-08,BDI,1766.0,SYNTHETIC_DEMO
2023-10-08,BCI,2497.1,SYNTHETIC_DEMO
2023-10-08,BPI,1632.4,SYNTHETIC_DEMO
2023-10-08,BSI,1258.3,SYNTHETIC_DEMO
2023-10-08,BHSI,754.8,SYNTHETIC_DEMO
2023-10-09,BDI,1739.7,SYNTHETIC_DEMO
2023-10-09,BCI,2482.4,SYNTHETIC_DEMO
2023-10-09,BPI,1639.7,SYNTHETIC_DEMO
2023-10-09,BSI,1282.1,SYNTHETIC_DEMO
2023-10-09,BHSI,725.3,SYNTHETIC_DEMO
2023-10-10,BDI,1706.8,SYNTHETIC_DEMO
2023-10-10,BCI,2413.0,SYNTHETIC_DEMO
2023-10-10,BPI,1612.3,SYNTHETIC_DEMO
2023-10-10,BSI,1223.1,SYNTHETIC_DEMO
2023-10-10,BHSI,729.3,SYNTHETIC_DEMO
2023-10-11,BDI,1748.5,SYNTHETIC_DEMO
2023-10-11,BCI,2460.0,SYNTHETIC_DEMO
2023-10-11,BPI,1625.4,SYNTHETIC_DEMO
2023-10-11,BSI,1234.6,SYNTHETIC_DEMO
2023-10-11,BHSI,732.4,SYNTHETIC_DEMO
2023-10-12,BDI,1727.3,SYNTHETIC_DEMO
2023-10-12,BCI,2508.3,SYNTHETIC_DEMO
2023-10-12,BPI,1626.8,SYNTHETIC_DEMO
2023-10-12,BSI,1213.7,SYNTHETIC_DEMO
2023-10-12,BHSI,717.7,SYNTHETIC_DEMO
2023-10-13,BDI,1722.6,SYNTHETIC_DEMO
2023-10-13,BCI,2379.5,SYNTHETIC_DEMO
2023-10-13,BPI,1609.1,SYNTHETIC_DEMO
2023-10-13,BSI,1250.2,SYNTHETIC_DEMO
2023-10-13,BHSI,723.6,SYNTHETIC_DEMO
2023-10-14,BDI,1754.8,SYNTHETIC_DEMO
2023-10-14,BCI,2495.2,SYNTHETIC_DEMO
2023-10-14,BPI,1576.0,SYNTHETIC_DEMO
2023-10-14,BSI,1247.0,SYNTHETIC_DEMO
2023-10-14,BHSI,737.1,SYNTHETIC_DEMO
2023-10-15,BDI,1673.6,SYNTHETIC_DEMO
2023-10-15,BCI,2414.0,SYNTHETIC_DEMO
2023-10-15,BPI,1540.6,SYNTHETIC_DEMO
2023-10-15,BSI,1190.0,SYNTHETIC_DEMO
2023-10-15,BHSI,691.4,SYNTHETIC_DEMO
2023-10-16,BDI,1725.2,SYNTHETIC_DEMO
2023-10-16,BCI,2495.1,SYNTHETIC_DEMO
2023-10-16,BPI,1592.7,SYNTHETIC_DEMO
2023-10-16,BSI,1229.6,SYNTHETIC_DEMO
2023-10-16,BHSI,717.8,SYNTHETIC_DEMO
2023-10-17,BDI,1691.2,SYNTHETIC_DEMO
2023-10-17,BCI,2404.6,SYNTHETIC_DEMO
2023-10-17,BPI,1571.2,SYNTHETIC_DEMO
2023-10-17,BSI,1183.9,SYNTHETIC_DEMO
2023-10-17,BHSI,703.8,SYNTHETIC_DEMO
2023-10-18,BDI,1658.1,SYNTHETIC_DEMO
2023-10-18,BCI,2343.4,SYNTHETIC_DEMO
2023-10-18,BPI,1491.8,SYNTHETIC_DEMO
2023-10-18,BSI,1207.5,SYNTHETIC_DEMO
2023-10-18,BHSI,693.5,SYNTHETIC_DEMO
2023-10-19,BDI,1645.3,SYNTHETIC_DEMO
2023-10-19,BCI,2307.7,SYNTHETIC_DEMO
2023-10-19,BPI,1519.6,SYNTHETIC_DEMO
2023-10-19,BSI,1221.5,SYNTHETIC_DEMO
2023-10-19,BHSI,686.7,SYNTHETIC_DEMO
2023-10-20,BDI,1678.3,SYNTHETIC_DEMO
2023-10-20,BCI,2409.5,SYNTHETIC_DEMO
2023-10-20,BPI,1506.3,SYNTHETIC_DEMO
2023-10-20,BSI,1176.5,SYNTHETIC_DEMO
2023-10-20,BHSI,700.3,SYNTHETIC_DEMO
2023-10-21,BDI,1698.5,SYNTHETIC_DEMO
2023-10-21,BCI,2378.1,SYNTHETIC_DEMO
2023-10-21,BPI,1579.5,SYNTHETIC_DEMO
2023-10-21,BSI,1227.1,SYNTHETIC_DEMO
2023-10-21,BHSI,709.0,SYNTHETIC_DEMO
2023-10-22,BDI,1705.0,SYNTHETIC_DEMO
2023-10-22,BCI,2433.9,SYNTHETIC_DEMO
2023-10-22,BPI,1536.2,SYNTHETIC_DEMO
2023-10-22,BSI,1224.5,SYNTHETIC_DEMO
2023-10-22,BHSI,701.4,SYNTHETIC_DEMO
2023-10-23,BDI,1684.5,SYNTHETIC_DEMO
2023-10-23,BCI,2357.8,SYNTHETIC_DEMO
2023-10-23,BPI,1512.3,SYNTHETIC_DEMO
2023-10-23,BSI,1234.1,SYNTHETIC_DEMO
2023-10-23,BHSI,712.5,SYNTHETIC_DEMO
2023-10-24,BDI,1714.8,SYNTHETIC_DEMO
2023-10-24,BCI,2464.5,SYNTHETIC_DEMO
2023-10-24,BPI,1555.6,SYNTHETIC_DEMO
2023-10-24,BSI,1247.7,SYNTHETIC_DEMO
2023-10-24,BHSI,712.4,SYNTHETIC_DEMO
2023-10-25,BDI,1679.2,SYNTHETIC_DEMO
2023-10-25,BCI,2432.0,SYNTHETIC_DEMO
2023-10-25,BPI,1521.8,SYNTHETIC_DEMO
2023-10-25,BSI,1223.9,SYNTHETIC_DEMO
2023-10-25,BHSI,722.3,SYNTHETIC_DEMO
2023-10-26,BDI,1736.8,SYNTHETIC_DEMO
2023-10-26,BCI,2565.2,SYNTHETIC_DEMO
2023-10-26,BPI,1568.7,SYNTHETIC_DEMO
2023-10-26,BSI,1226.1,SYNTHETIC_DEMO
2023-10-26,BHSI,738.7,SYNTHETIC_DEMO
2023-10-27,BDI,1761.2,SYNTHETIC_DEMO
2023-10-27,BCI,2511.9,SYNTHETIC_DEMO
2023-10-27,BPI,1630.3,SYNTHETIC_DEMO
2023-10-27,BSI,1269.7,SYNTHETIC_DEMO
2023-10-27,BHSI,741.6,SYNTHETIC_DEMO
2023-10-28,BDI,1763.6,SYNTHETIC_DEMO
2023-10-28,BCI,2462.0,SYNTHETIC_DEMO
2023-10-28,BPI,1631.8,SYNTHETIC_DEMO
2023-10-28,BSI,1258.6,SYNTHETIC_DEMO
2023-10-28,BHSI,727.6,SYNTHETIC_DEMO
2023-10-29,BDI,1702.7,SYNTHETIC_DEMO
2023-10-29,BCI,2372.9,SYNTHETIC_DEMO
2023-10-29,BPI,1560.5,SYNTHETIC_DEMO
2023-10-29,BSI,1213.7,SYNTHETIC_DEMO
2023-10-29,BHSI,741.9,SYNTHETIC_DEMO
2023-10-30,BDI,1686.1,SYNTHETIC_DEMO
2023-10-30,BCI,2400.4,SYNTHETIC_DEMO
2023-10-30,BPI,1545.0,SYNTHETIC_DEMO
2023-10-30,BSI,1214.9,SYNTHETIC_DEMO
2023-10-30,BHSI,700.2,SYNTHETIC_DEMO
2023-10-31,BDI,1706.5,SYNTHETIC_DEMO
2023-10-31,BCI,2463.3,SYNTHETIC_DEMO
2023-10-31,BPI,1529.0,SYNTHETIC_DEMO
2023-10-31,BSI,1233.7,SYNTHETIC_DEMO
2023-10-31,BHSI,716.5,SYNTHETIC_DEMO
2023-11-01,BDI,1706.0,SYNTHETIC_DEMO
2023-11-01,BCI,2398.7,SYNTHETIC_DEMO
2023-11-01,BPI,1571.9,SYNTHETIC_DEMO
2023-11-01,BSI,1250.0,SYNTHETIC_DEMO
2023-11-01,BHSI,705.0,SYNTHETIC_DEMO
2023-11-02,BDI,1743.7,SYNTHETIC_DEMO
2023-11-02,BCI,2503.2,SYNTHETIC_DEMO
2023-11-02,BPI,1611.7,SYNTHETIC_DEMO
2023-11-02,BSI,1246.6,SYNTHETIC_DEMO
2023-11-02,BHSI,751.6,SYNTHETIC_DEMO
2023-11-03,BDI,1746.7,SYNTHETIC_DEMO
2023-11-03,BCI,2477.9,SYNTHETIC_DEMO
2023-11-03,BPI,1611.9,SYNTHETIC_DEMO
2023-11-03,BSI,1242.8,SYNTHETIC_DEMO
2023-11-03,BHSI,716.1,SYNTHETIC_DEMO
2023-11-04,BDI,1726.4,SYNTHETIC_DEMO
2023-11-04,BCI,2427.1,SYNTHETIC_DEMO
2023-11-04,BPI,1578.8,SYNTHETIC_DEMO
2023-11-04,BSI,1237.4,SYNTHETIC_DEMO
2023-11-04,BHSI,737.3,SYNTHETIC_DEMO
2023-11-05,BDI,1699.9,SYNTHETIC_DEMO
2023-11-05,BCI,2429.8,SYNTHETIC_DEMO
2023-11-05,BPI,1595.1,SYNTHETIC_DEMO
2023-11-05,BSI,1235.0,SYNTHETIC_DEMO
2023-11-05,BHSI,703.1,SYNTHETIC_DEMO
2023-11-06,BDI,1721.1,SYNTHETIC_DEMO
2023-11-06,BCI,2509.6,SYNTHETIC_DEMO
2023-11-06,BPI,1569.3,SYNTHETIC_DEMO
2023-11-06,BSI,1246.5,SYNTHETIC_DEMO
2023-11-06,BHSI,732.3,SYNTHETIC_DEMO
2023-11-07,BDI,1734.4,SYNTHETIC_DEMO
2023-11-07,BCI,2451.9,SYNTHETIC_DEMO
2023-11-07,BPI,1594.3,SYNTHETIC_DEMO
2023-11-07,BSI,1242.9,SYNTHETIC_DEMO
2023-11-07,BHSI,731.9,SYNTHETIC_DEMO
2023-11-08,BDI,1735.0,SYNTHETIC_DEMO
2023-11-08,BCI,2435.7,SYNTHETIC_DEMO
2023-11-08,BPI,1602.8,SYNTHETIC_DEMO
2023-11-08,BSI,1250.7,SYNTHETIC_DEMO
2023-11-08,BHSI,731.5,SYNTHETIC_DEMO
2023-11-09,BDI,1632.1,SYNTHETIC_DEMO
2023-11-09,BCI,2205.5,SYNTHETIC_DEMO
2023-11-09,BPI,1481.9,SYNTHETIC_DEMO
2023-11-09,BSI,1162.1,SYNTHETIC_DEMO
2023-11-09,BHSI,678.2,SYNTHETIC_DEMO
2023-11-10,BDI,1644.0,SYNTHETIC_DEMO
2023-11-10,BCI,2296.8,SYNTHETIC_DEMO
2023-11-10,BPI,1521.6,SYNTHETIC_DEMO
2023-11-10,BSI,1175.7,SYNTHETIC_DEMO
2023-11-10,BHSI,686.5,SYNTHETIC_DEMO
2023-11-11,BDI,1611.5,SYNTHETIC_DEMO
2023-11-11,BCI,2312.8,SYNTHETIC_DEMO
2023-11-11,BPI,1459.8,SYNTHETIC_DEMO
2023-11-11,BSI,1156.8,SYNTHETIC_DEMO
2023-11-11,BHSI,664.1,SYNTHETIC_DEMO
2023-11-12,BDI,1595.9,SYNTHETIC_DEMO
2023-11-12,BCI,2271.1,SYNTHETIC_DEMO
2023-11-12,BPI,1480.6,SYNTHETIC_DEMO
2023-11-12,BSI,1108.5,SYNTHETIC_DEMO
2023-11-12,BHSI,677.0,SYNTHETIC_DEMO
2023-11-13,BDI,1553.3,SYNTHETIC_DEMO
2023-11-13,BCI,2275.8,SYNTHETIC_DEMO
2023-11-13,BPI,1422.8,SYNTHETIC_DEMO
2023-11-13,BSI,1110.2,SYNTHETIC_DEMO
2023-11-13,BHSI,668.8,SYNTHETIC_DEMO
2023-11-14,BDI,1602.1,SYNTHETIC_DEMO
2023-11-14,BCI,2243.2,SYNTHETIC_DEMO
2023-11-14,BPI,1402.8,SYNTHETIC_DEMO
2023-11-14,BSI,1134.7,SYNTHETIC_DEMO
2023-11-14,BHSI,685.0,SYNTHETIC_DEMO
2023-11-15,BDI,1591.1,SYNTHETIC_DEMO
2023-11-15,BCI,2248.5,SYNTHETIC_DEMO
2023-11-15,BPI,1487.7,SYNTHETIC_DEMO
2023-11-15,BSI,1133.8,SYNTHETIC_DEMO
2023-11-15,BHSI,673.7,SYNTHETIC_DEMO
2023-11-16,BDI,1602.6,SYNTHETIC_DEMO
2023-11-16,BCI,2289.1,SYNTHETIC_DEMO
2023-11-16,BPI,1464.7,SYNTHETIC_DEMO
2023-11-16,BSI,1169.5,SYNTHETIC_DEMO
2023-11-16,BHSI,686.9,SYNTHETIC_DEMO
2023-11-17,BDI,1621.6,SYNTHETIC_DEMO
2023-11-17,BCI,2302.3,SYNTHETIC_DEMO
2023-11-17,BPI,1517.8,SYNTHETIC_DEMO
2023-11-17,BSI,1172.2,SYNTHETIC_DEMO
2023-11-17,BHSI,694.2,SYNTHETIC_DEMO
2023-11-18,BDI,1603.9,SYNTHETIC_DEMO
2023-11-18,BCI,2334.8,SYNTHETIC_DEMO
2023-11-18,BPI,1477.2,SYNTHETIC_DEMO
2023-11-18,BSI,1145.4,SYNTHETIC_DEMO
2023-11-18,BHSI,673.0,SYNTHETIC_DEMO
2023-11-19,BDI,1573.2,SYNTHETIC_DEMO
2023-11-19,BCI,2144.9,SYNTHETIC_DEMO
2023-11-19,BPI,1516.5,SYNTHETIC_DEMO
2023-11-19,BSI,1131.4,SYNTHETIC_DEMO
2023-11-19,BHSI,645.7,SYNTHETIC_DEMO
2023-11-20,BDI,1562.9,SYNTHETIC_DEMO
2023-11-20,BCI,2314.8,SYNTHETIC_DEMO
2023-11-20,BPI,1407.2,SYNTHETIC_DEMO
2023-11-20,BSI,1097.6,SYNTHETIC_DEMO
2023-11-20,BHSI,682.5,SYNTHETIC_DEMO
2023-11-21,BDI,1568.3,SYNTHETIC_DEMO
2023-11-21,BCI,2270.3,SYNTHETIC_DEMO
2023-11-21,BPI,1467.0,SYNTHETIC_DEMO
2023-11-21,BSI,1128.8,SYNTHETIC_DEMO
2023-11-21,BHSI,659.7,SYNTHETIC_DEMO
2023-11-22,BDI,1607.5,SYNTHETIC_DEMO
2023-11-22,BCI,2319.1,SYNTHETIC_DEMO
2023-11-22,BPI,1491.8,SYNTHETIC_DEMO
2023-11-22,BSI,1153.8,SYNTHETIC_DEMO
2023-11-22,BHSI,691.9,SYNTHETIC_DEMO
2023-11-23,BDI,1593.9,SYNTHETIC_DEMO
2023-11-23,BCI,2331.9,SYNTHETIC_DEMO
2023-11-23,BPI,1443.2,SYNTHETIC_DEMO
2023-11-23,BSI,1141.8,SYNTHETIC_DEMO
2023-11-23,BHSI,676.9,SYNTHETIC_DEMO
2023-11-24,BDI,1572.0,SYNTHETIC_DEMO
2023-11-24,BCI,2209.7,SYNTHETIC_DEMO
2023-11-24,BPI,1419.0,SYNTHETIC_DEMO
2023-11-24,BSI,1130.6,SYNTHETIC_DEMO
2023-11-24,BHSI,663.8,SYNTHETIC_DEMO
2023-11-25,BDI,1564.2,SYNTHETIC_DEMO
2023-11-25,BCI,2192.5,SYNTHETIC_DEMO
2023-11-25,BPI,1469.1,SYNTHETIC_DEMO
2023-11-25,BSI,1143.6,SYNTHETIC_DEMO
2023-11-25,BHSI,666.3,SYNTHETIC_DEMO
2023-11-26,BDI,1587.5,SYNTHETIC_DEMO
2023-11-26,BCI,2358.1,SYNTHETIC_DEMO
2023-11-26,BPI,1423.1,SYNTHETIC_DEMO
2023-11-26,BSI,1141.7,SYNTHETIC_DEMO
2023-11-26,BHSI,681.2,SYNTHETIC_DEMO
2023-11-27,BDI,1571.8,SYNTHETIC_DEMO
2023-11-27,BCI,2257.3,SYNTHETIC_DEMO
2023-11-27,BPI,1462.9,SYNTHETIC_DEMO
2023-11-27,BSI,1148.0,SYNTHETIC_DEMO
2023-11-27,BHSI,664.0,SYNTHETIC_DEMO
2023-11-28,BDI,1570.8,SYNTHETIC_DEMO
2023-11-28,BCI,2223.6,SYNTHETIC_DEMO
2023-11-28,BPI,1471.6,SYNTHETIC_DEMO
2023-11-28,BSI,1147.0,SYNTHETIC_DEMO
2023-11-28,BHSI,673.0,SYNTHETIC_DEMO
2023-11-29,BDI,1543.0,SYNTHETIC_DEMO
2023-11-29,BCI,2198.2,SYNTHETIC_DEMO
2023-11-29,BPI,1438.7,SYNTHETIC_DEMO
2023-11-29,BSI,1089.1,SYNTHETIC_DEMO
2023-11-29,BHSI,659.6,SYNTHETIC_DEMO
2023-11-30,BDI,1539.1,SYNTHETIC_DEMO
2023-11-30,BCI,2203.2,SYNTHETIC_DEMO
2023-11-30,BPI,1378.2,SYNTHETIC_DEMO
2023-11-30,BSI,1124.7,SYNTHETIC_DEMO
2023-11-30,BHSI,628.5,SYNTHETIC_DEMO
2023-12-01,BDI,1523.1,SYNTHETIC_DEMO
2023-12-01,BCI,2125.8,SYNTHETIC_DEMO
2023-12-01,BPI,1383.3,SYNTHETIC_DEMO
2023-12-01,BSI,1102.2,SYNTHETIC_DEMO
2023-12-01,BHSI,625.3,SYNTHETIC_DEMO
2023-12-02,BDI,1529.6,SYNTHETIC_DEMO
2023-12-02,BCI,2146.7,SYNTHETIC_DEMO
2023-12-02,BPI,1379.9,SYNTHETIC_DEMO
2023-12-02,BSI,1094.5,SYNTHETIC_DEMO
2023-12-02,BHSI,626.9,SYNTHETIC_DEMO
2023-12-03,BDI,1533.7,SYNTHETIC_DEMO
2023-12-03,BCI,2164.7,SYNTHETIC_DEMO
2023-12-03,BPI,1436.1,SYNTHETIC_DEMO
2023-12-03,BSI,1101.7,SYNTHETIC_DEMO
2023-12-03,BHSI,663.2,SYNTHETIC_DEMO
2023-12-04,BDI,1604.6,SYNTHETIC_DEMO
2023-12-04,BCI,2260.3,SYNTHETIC_DEMO
2023-12-04,BPI,1493.7,SYNTHETIC_DEMO
2023-12-04,BSI,1173.1,SYNTHETIC_DEMO
2023-12-04,BHSI,674.1,SYNTHETIC_DEMO
2023-12-05,BDI,1581.6,SYNTHETIC_DEMO
2023-12-05,BCI,2338.0,SYNTHETIC_DEMO
2023-12-05,BPI,1437.1,SYNTHETIC_DEMO
2023-12-05,BSI,1150.7,SYNTHETIC_DEMO
2023-12-05,BHSI,665.2,SYNTHETIC_DEMO
2023-12-06,BDI,1524.4,SYNTHETIC_DEMO
2023-12-06,BCI,2097.1,SYNTHETIC_DEMO
2023-12-06,BPI,1378.5,SYNTHETIC_DEMO
2023-12-06,BSI,1072.3,SYNTHETIC_DEMO
2023-12-06,BHSI,633.4,SYNTHETIC_DEMO
2023-12-07,BDI,1540.8,SYNTHETIC_DEMO
2023-12-07,BCI,2196.1,SYNTHETIC_DEMO
2023-12-07,BPI,1449.0,SYNTHETIC_DEMO
2023-12-07,BSI,1098.3,SYNTHETIC_DEMO
2023-12-07,BHSI,628.3,SYNTHETIC_DEMO
2023-12-08,BDI,1564.0,SYNTHETIC_DEMO
2023-12-08,BCI,2142.0,SYNTHETIC_DEMO
2023-12-08,BPI,1446.5,SYNTHETIC_DEMO
2023-12-08,BSI,1108.8,SYNTHETIC_DEMO
2023-12-08,BHSI,653.8,SYNTHETIC_DEMO
2023-12-09,BDI,1574.7,SYNTHETIC_DEMO
2023-12-09,BCI,2198.4,SYNTHETIC_DEMO
2023-12-09,BPI,1486.8,SYNTHETIC_DEMO
2023-12-09,BSI,1116.8,SYNTHETIC_DEMO
2023-12-09,BHSI,674.8,SYNTHETIC_DEMO
2023-12-10,BDI,1583.4,SYNTHETIC_DEMO
2023-12-10,BCI,2328.8,SYNTHETIC_DEMO
2023-12-10,BPI,1442.6,SYNTHETIC_DEMO
2023-12-10,BSI,1125.8,SYNTHETIC_DEMO
2023-12-10,BHSI,672.6,SYNTHETIC_DEMO
2023-12-11,BDI,1641.6,SYNTHETIC_DEMO
2023-12-11,BCI,2312.8,SYNTHETIC_DEMO
2023-12-11,BPI,1498.9,SYNTHETIC_DEMO
2023-12-11,BSI,1183.3,SYNTHETIC_DEMO
2023-12-11,BHSI,679.4,SYNTHETIC_DEMO
2023-12-12,BDI,1664.0,SYNTHETIC_DEMO
2023-12-12,BCI,2356.3,SYNTHETIC_DEMO
2023-12-12,BPI,1526.3,SYNTHETIC_DEMO
2023-12-12,BSI,1221.5,SYNTHETIC_DEMO
2023-12-12,BHSI,707.0,SYNTHETIC_DEMO
2023-12-13,BDI,1698.2,SYNTHETIC_DEMO
2023-12-13,BCI,2342.4,SYNTHETIC_DEMO
2023-12-13,BPI,1581.3,SYNTHETIC_DEMO
2023-12-13,BSI,1236.0,SYNTHETIC_DEMO
2023-12-13,BHSI,705.4,SYNTHETIC_DEMO
2023-12-14,BDI,1687.0,SYNTHETIC_DEMO
2023-12-14,BCI,2376.0,SYNTHETIC_DEMO
2023-12-14,BPI,1576.6,SYNTHETIC_DEMO
2023-12-14,BSI,1219.3,SYNTHETIC_DEMO
2023-12-14,BHSI,705.9,SYNTHETIC_DEMO
2023-12-15,BDI,1716.0,SYNTHETIC_DEMO
2023-12-15,BCI,2389.4,SYNTHETIC_DEMO
2023-12-15,BPI,1592.5,SYNTHETIC_DEMO
2023-12-15,BSI,1232.1,SYNTHETIC_DEMO
2023-12-15,BHSI,713.6,SYNTHETIC_DEMO
2023-12-16,BDI,1695.1,SYNTHETIC_DEMO
2023-12-16,BCI,2406.4,SYNTHETIC_DEMO
2023-12-16,BPI,1563.6,SYNTHETIC_DEMO
2023-12-16,BSI,1222.0,SYNTHETIC_DEMO
2023-12-16,BHSI,693.0,SYNTHETIC_DEMO
2023-12-17,BDI,1720.6,SYNTHETIC_DEMO
2023-12-17,BCI,2406.3,SYNTHETIC_DEMO
2023-12-17,BPI,1594.9,SYNTHETIC_DEMO
2023-12-17,BSI,1239.8,SYNTHETIC_DEMO
2023-12-17,BHSI,727.1,SYNTHETIC_DEMO
2023-12-18,BDI,1717.5,SYNTHETIC_DEMO
2023-12-18,BCI,2411.9,SYNTHETIC_DEMO
2023-12-18,BPI,1582.3,SYNTHETIC_DEMO
2023-12-18,BSI,1247.9,SYNTHETIC_DEMO
2023-12-18,BHSI,729.5,SYNTHETIC_DEMO
2023-12-19,BDI,1755.9,SYNTHETIC_DEMO
2023-12-19,BCI,2480.9,SYNTHETIC_DEMO
2023-12-19,BPI,1608.5,SYNTHETIC_DEMO
2023-12-19,BSI,1277.6,SYNTHETIC_DEMO
2023-12-19,BHSI,742.1,SYNTHETIC_DEMO
2023-12-20,BDI,1727.6,SYNTHETIC_DEMO
2023-12-20,BCI,2480.4,SYNTHETIC_DEMO
2023-12-20,BPI,1641.7,SYNTHETIC_DEMO
2023-12-20,BSI,1261.2,SYNTHETIC_DEMO
2023-12-20,BHSI,696.0,SYNTHETIC_DEMO
2023-12-21,BDI,1721.6,SYNTHETIC_DEMO
2023-12-21,BCI,2476.7,SYNTHETIC_DEMO
2023-12-21,BPI,1618.5,SYNTHETIC_DEMO
2023-12-21,BSI,1239.2,SYNTHETIC_DEMO
2023-12-21,BHSI,738.4,SYNTHETIC_DEMO
2023-12-22,BDI,1680.6,SYNTHETIC_DEMO
2023-12-22,BCI,2410.1,SYNTHETIC_DEMO
2023-12-22,BPI,1562.5,SYNTHETIC_DEMO
2023-12-22,BSI,1189.7,SYNTHETIC_DEMO
2023-12-22,BHSI,695.0,SYNTHETIC_DEMO
2023-12-23,BDI,1678.4,SYNTHETIC_DEMO
2023-12-23,BCI,2431.9,SYNTHETIC_DEMO
2023-12-23,BPI,1540.0,SYNTHETIC_DEMO
2023-12-23,BSI,1202.7,SYNTHETIC_DEMO
2023-12-23,BHSI,689.0,SYNTHETIC_DEMO
2023-12-24,BDI,1665.7,SYNTHETIC_DEMO
2023-12-24,BCI,2333.5,SYNTHETIC_DEMO
2023-12-24,BPI,1502.8,SYNTHETIC_DEMO
2023-12-24,BSI,1200.8,SYNTHETIC_DEMO
2023-12-24,BHSI,686.7,SYNTHETIC_DEMO
2023-12-25,BDI,1689.9,SYNTHETIC_DEMO
2023-12-25,BCI,2404.8,SYNTHETIC_DEMO
2023-12-25,BPI,1555.0,SYNTHETIC_DEMO
2023-12-25,BSI,1180.1,SYNTHETIC_DEMO
2023-12-25,BHSI,693.9,SYNTHETIC_DEMO
2023-12-26,BDI,1663.6,SYNTHETIC_DEMO
2023-12-26,BCI,2396.2,SYNTHETIC_DEMO
2023-12-26,BPI,1502.4,SYNTHETIC_DEMO
2023-12-26,BSI,1161.7,SYNTHETIC_DEMO
2023-12-26,BHSI,700.7,SYNTHETIC_DEMO
2023-12-27,BDI,1616.9,SYNTHETIC_DEMO
2023-12-27,BCI,2280.4,SYNTHETIC_DEMO
2023-12-27,BPI,1501.8,SYNTHETIC_DEMO
2023-12-27,BSI,1146.8,SYNTHETIC_DEMO
2023-12-27,BHSI,693.9,SYNTHETIC_DEMO
2023-12-28,BDI,1610.5,SYNTHETIC_DEMO
2023-12-28,BCI,2288.0,SYNTHETIC_DEMO
2023-12-28,BPI,1491.4,SYNTHETIC_DEMO
2023-12-28,BSI,1156.2,SYNTHETIC_DEMO
2023-12-28,BHSI,682.3,SYNTHETIC_DEMO
2023-12-29,BDI,1602.5,SYNTHETIC_DEMO
2023-12-29,BCI,2278.0,SYNTHETIC_DEMO
2023-12-29,BPI,1490.3,SYNTHETIC_DEMO
2023-12-29,BSI,1136.0,SYNTHETIC_DEMO
2023-12-29,BHSI,684.4,SYNTHETIC_DEMO
2023-12-30,BDI,1619.9,SYNTHETIC_DEMO
2023-12-30,BCI,2321.9,SYNTHETIC_DEMO
2023-12-30,BPI,1506.1,SYNTHETIC_DEMO
2023-12-30,BSI,1151.1,SYNTHETIC_DEMO
2023-12-30,BHSI,694.1,SYNTHETIC_DEMO
2023-12-31,BDI,1628.7,SYNTHETIC_DEMO
2023-12-31,BCI,2372.1,SYNTHETIC_DEMO
2023-12-31,BPI,1469.2,SYNTHETIC_DEMO
2023-12-31,BSI,1141.6,SYNTHETIC_DEMO
2023-12-31,BHSI,686.9,SYNTHETIC_DEMO
2024-01-01,BDI,1621.3,SYNTHETIC_DEMO
2024-01-01,BCI,2307.3,SYNTHETIC_DEMO
2024-01-01,BPI,1502.1,SYNTHETIC_DEMO
2024-01-01,BSI,1161.6,SYNTHETIC_DEMO
2024-01-01,BHSI,687.8,SYNTHETIC_DEMO
2024-01-02,BDI,1650.3,SYNTHETIC_DEMO
2024-01-02,BCI,2374.7,SYNTHETIC_DEMO
2024-01-02,BPI,1540.3,SYNTHETIC_DEMO
2024-01-02,BSI,1191.3,SYNTHETIC_DEMO
2024-01-02,BHSI,708.0,SYNTHETIC_DEMO
2024-01-03,BDI,1645.6,SYNTHETIC_DEMO
2024-01-03,BCI,2325.3,SYNTHETIC_DEMO
2024-01-03,BPI,1524.4,SYNTHETIC_DEMO
2024-01-03,BSI,1186.2,SYNTHETIC_DEMO
2024-01-03,BHSI,694.9,SYNTHETIC_DEMO
2024-01-04,BDI,1692.4,SYNTHETIC_DEMO
2024-01-04,BCI,2486.5,SYNTHETIC_DEMO
2024-01-04,BPI,1554.0,SYNTHETIC_DEMO
2024-01-04,BSI,1215.8,SYNTHETIC_DEMO
2024-01-04,BHSI,740.0,SYNTHETIC_DEMO
2024-01-05,BDI,1709.6,SYNTHETIC_DEMO
2024-01-05,BCI,2457.5,SYNTHETIC_DEMO
2024-01-05,BPI,1548.8,SYNTHETIC_DEMO
2024-01-05,BSI,1195.3,SYNTHETIC_DEMO
2024-01-05,BHSI,736.6,SYNTHETIC_DEMO
2024-01-06,BDI,1729.0,SYNTHETIC_DEMO
2024-01-06,BCI,2414.2,SYNTHETIC_DEMO
2024-01-06,BPI,1556.9,SYNTHETIC_DEMO
2024-01-06,BSI,1257.4,SYNTHETIC_DEMO
2024-01-06,BHSI,717.1,SYNTHETIC_DEMO
2024-01-07,BDI,1751.7,SYNTHETIC_DEMO
2024-01-07,BCI,2466.6,SYNTHETIC_DEMO
2024-01-07,BPI,1577.4,SYNTHETIC_DEMO
2024-01-07,BSI,1269.4,SYNTHETIC_DEMO
2024-01-07,BHSI,737.1,SYNTHETIC_DEMO
2024-01-08,BDI,1751.0,SYNTHETIC_DEMO
2024-01-08,BCI,2472.1,SYNTHETIC_DEMO
2024-01-08,BPI,1647.6,SYNTHETIC_DEMO
2024-01-08,BSI,1258.1,SYNTHETIC_DEMO
2024-01-08,BHSI,716.4,SYNTHETIC_DEMO
2024-01-09,BDI,1715.6,SYNTHETIC_DEMO
2024-01-09,BCI,2431.2,SYNTHETIC_DEMO
2024-01-09,BPI,1557.0,SYNTHETIC_DEMO
2024-01-09,BSI,1223.6,SYNTHETIC_DEMO
2024-01-09,BHSI,727.7,SYNTHETIC_DEMO
2024-01-10,BDI,1731.5,SYNTHETIC_DEMO
2024-01-10,BCI,2511.9,SYNTHETIC_DEMO
2024-01-10,BPI,1614.8,SYNTHETIC_DEMO
2024-01-10,BSI,1233.8,SYNTHETIC_DEMO
2024-01-10,BHSI,720.4,SYNTHETIC_DEMO
2024-01-11,BDI,1715.9,SYNTHETIC_DEMO
2024-01-11,BCI,2466.1,SYNTHETIC_DEMO
2024-01-11,BPI,1587.5,SYNTHETIC_DEMO
2024-01-11,BSI,1216.1,SYNTHETIC_DEMO
2024-01-11,BHSI,721.0,SYNTHETIC_DEMO
2024-01-12,BDI,1715.6,SYNTHETIC_DEMO
2024-01-12,BCI,2371.7,SYNTHETIC_DEMO
2024-01-12,BPI,1552.6,SYNTHETIC_DEMO
2024-01-12,BSI,1228.7,SYNTHETIC_DEMO
2024-01-12,BHSI,732.6,SYNTHETIC_DEMO
2024-01-13,BDI,1701.4,SYNTHETIC_DEMO
2024-01-13,BCI,2405.1,SYNTHETIC_DEMO
2024-01-13,BPI,1549.9,SYNTHETIC_DEMO
2024-01-13,BSI,1197.4,SYNTHETIC_DEMO
2024-01-13,BHSI,708.5,SYNTHETIC_DEMO
2024-01-14,BDI,1703.3,SYNTHETIC_DEMO
2024-01-14,BCI,2438.0,SYNTHETIC_DEMO
2024-01-14,BPI,1539.1,SYNTHETIC_DEMO
2024-01-14,BSI,1255.0,SYNTHETIC_DEMO
2024-01-14,BHSI,714.1,SYNTHETIC_DEMO
2024-01-15,BDI,1704.2,SYNTHETIC_DEMO
2024-01-15,BCI,2407.4,SYNTHETIC_DEMO
2024-01-15,BPI,1574.6,SYNTHETIC_DEMO
2024-01-15,BSI,1230.3,SYNTHETIC_DEMO
2024-01-15,BHSI,702.2,SYNTHETIC_DEMO
2024-01-16,BDI,1709.4,SYNTHETIC_DEMO
2024-01-16,BCI,2459.2,SYNTHETIC_DEMO
2024-01-16,BPI,1564.7,SYNTHETIC_DEMO
2024-01-16,BSI,1244.2,SYNTHETIC_DEMO
2024-01-16,BHSI,703.9,SYNTHETIC_DEMO
2024-01-17,BDI,1728.4,SYNTHETIC_DEMO
2024-01-17,BCI,2444.5,SYNTHETIC_DEMO
2024-01-17,BPI,1587.8,SYNTHETIC_DEMO
2024-01-17,BSI,1244.6,SYNTHETIC_DEMO
2024-01-17,BHSI,715.6,SYNTHETIC_DEMO
2024-01-18,BDI,1728.6,SYNTHETIC_DEMO
2024-01-18,BCI,2449.1,SYNTHETIC_DEMO
2024-01-18,BPI,1559.1,SYNTHETIC_DEMO
2024-01-18,BSI,1241.1,SYNTHETIC_DEMO
2024-01-18,BHSI,704.8,SYNTHETIC_DEMO
2024-01-19,BDI,1745.2,SYNTHETIC_DEMO
2024-01-19,BCI,2459.8,SYNTHETIC_DEMO
2024-01-19,BPI,1665.7,SYNTHETIC_DEMO
2024-01-19,BSI,1260.0,SYNTHETIC_DEMO
2024-01-19,BHSI,720.8,SYNTHETIC_DEMO
2024-01-20,BDI,1776.2,SYNTHETIC_DEMO
2024-01-20,BCI,2545.3,SYNTHETIC_DEMO
2024-01-20,BPI,1603.3,SYNTHETIC_DEMO
2024-01-20,BSI,1314.4,SYNTHETIC_DEMO
2024-01-20,BHSI,739.9,SYNTHETIC_DEMO
2024-01-21,BDI,1789.5,SYNTHETIC_DEMO
2024-01-21,BCI,2578.8,SYNTHETIC_DEMO
2024-01-21,BPI,1649.9,SYNTHETIC_DEMO
2024-01-21,BSI,1284.6,SYNTHETIC_DEMO
2024-01-21,BHSI,754.6,SYNTHETIC_DEMO
2024-01-22,BDI,1834.2,SYNTHETIC_DEMO
2024-01-22,BCI,2572.6,SYNTHETIC_DEMO
2024-01-22,BPI,1666.6,SYNTHETIC_DEMO
2024-01-22,BSI,1282.8,SYNTHETIC_DEMO
2024-01-22,BHSI,779.9,SYNTHETIC_DEMO
2024-01-23,BDI,1837.1,SYNTHETIC_DEMO
2024-01-23,BCI,2643.7,SYNTHETIC_DEMO
2024-01-23,BPI,1712.3,SYNTHETIC_DEMO
2024-01-23,BSI,1338.7,SYNTHETIC_DEMO
2024-01-23,BHSI,781.4,SYNTHETIC_DEMO
2024-01-24,BDI,1819.3,SYNTHETIC_DEMO
2024-01-24,BCI,2597.2,SYNTHETIC_DEMO
2024-01-24,BPI,1694.2,SYNTHETIC_DEMO
2024-01-24,BSI,1288.3,SYNTHETIC_DEMO
2024-01-24,BHSI,758.6,SYNTHETIC_DEMO
2024-01-25,BDI,1867.7,SYNTHETIC_DEMO
2024-01-25,BCI,2699.5,SYNTHETIC_DEMO
2024-01-25,BPI,1737.6,SYNTHETIC_DEMO
2024-01-25,BSI,1356.7,SYNTHETIC_DEMO
2024-01-25,BHSI,778.2,SYNTHETIC_DEMO
2024-01-26,BDI,1848.9,SYNTHETIC_DEMO
2024-01-26,BCI,2614.3,SYNTHETIC_DEMO
2024-01-26,BPI,1679.7,SYNTHETIC_DEMO
2024-01-26,BSI,1301.1,SYNTHETIC_DEMO
2024-01-26,BHSI,772.0,SYNTHETIC_DEMO
2024-01-27,BDI,1825.4,SYNTHETIC_DEMO
2024-01-27,BCI,2602.8,SYNTHETIC_DEMO
2024-01-27,BPI,1675.0,SYNTHETIC_DEMO
2024-01-27,BSI,1284.2,SYNTHETIC_DEMO
2024-01-27,BHSI,768.6,SYNTHETIC_DEMO
2024-01-28,BDI,1780.5,SYNTHETIC_DEMO
2024-01-28,BCI,2568.5,SYNTHETIC_DEMO
2024-01-28,BPI,1630.5,SYNTHETIC_DEMO
2024-01-28,BSI,1291.9,SYNTHETIC_DEMO
2024-01-28,BHSI,737.1,SYNTHETIC_DEMO
2024-01-29,BDI,1795.5,SYNTHETIC_DEMO
2024-01-29,BCI,2514.6,SYNTHETIC_DEMO
2024-01-29,BPI,1649.6,SYNTHETIC_DEMO
2024-01-29,BSI,1297.3,SYNTHETIC_DEMO
2024-01-29,BHSI,756.0,SYNTHETIC_DEMO
2024-01-30,BDI,1693.5,SYNTHETIC_DEMO
2024-01-30,BCI,2398.3,SYNTHETIC_DEMO
2024-01-30,BPI,1552.4,SYNTHETIC_DEMO
2024-01-30,BSI,1212.8,SYNTHETIC_DEMO
2024-01-30,BHSI,706.2,SYNTHETIC_DEMO
2024-01-31,BDI,1678.0,SYNTHETIC_DEMO
2024-01-31,BCI,2306.9,SYNTHETIC_DEMO
2024-01-31,BPI,1504.8,SYNTHETIC_DEMO
2024-01-31,BSI,1197.7,SYNTHETIC_DEMO
2024-01-31,BHSI,725.0,SYNTHETIC_DEMO
2024-02-01,BDI,1736.6,SYNTHETIC_DEMO
2024-02-01,BCI,2402.0,SYNTHETIC_DEMO
2024-02-01,BPI,1596.4,SYNTHETIC_DEMO
2024-02-01,BSI,1232.4,SYNTHETIC_DEMO
2024-02-01,BHSI,700.6,SYNTHETIC_DEMO
2024-02-02,BDI,1732.5,SYNTHETIC_DEMO
2024-02-02,BCI,2417.4,SYNTHETIC_DEMO
2024-02-02,BPI,1587.2,SYNTHETIC_DEMO
2024-02-02,BSI,1238.6,SYNTHETIC_DEMO
2024-02-02,BHSI,731.5,SYNTHETIC_DEMO
2024-02-03,BDI,1738.1,SYNTHETIC_DEMO
2024-02-03,BCI,2451.1,SYNTHETIC_DEMO
2024-02-03,BPI,1596.0,SYNTHETIC_DEMO
2024-02-03,BSI,1256.7,SYNTHETIC_DEMO
2024-02-03,BHSI,701.3,SYNTHETIC_DEMO
2024-02-04,BDI,1751.0,SYNTHETIC_DEMO
2024-02-04,BCI,2469.2,SYNTHETIC_DEMO
2024-02-04,BPI,1581.3,SYNTHETIC_DEMO
2024-02-04,BSI,1235.3,SYNTHETIC_DEMO
2024-02-04,BHSI,733.7,SYNTHETIC_DEMO
2024-02-05,BDI,1757.1,SYNTHETIC_DEMO
2024-02-05,BCI,2552.5,SYNTHETIC_DEMO
2024-02-05,BPI,1566.5,SYNTHETIC_DEMO
2024-02-05,BSI,1239.0,SYNTHETIC_DEMO
2024-02-05,BHSI,733.0,SYNTHETIC_DEMO
2024-02-06,BDI,1761.6,SYNTHETIC_DEMO
2024-02-06,BCI,2556.8,SYNTHETIC_DEMO
2024-02-06,BPI,1605.6,SYNTHETIC_DEMO
2024-02-06,BSI,1288.9,SYNTHETIC_DEMO
2024-02-06,BHSI,733.0,SYNTHETIC_DEMO
2024-02-07,BDI,1760.9,SYNTHETIC_DEMO
2024-02-07,BCI,2466.0,SYNTHETIC_DEMO
2024-02-07,BPI,1582.4,SYNTHETIC_DEMO
2024-02-07,BSI,1252.5,SYNTHETIC_DEMO
2024-02-07,BHSI,744.5,SYNTHETIC_DEMO
2024-02-08,BDI,1765.5,SYNTHETIC_DEMO
2024-02-08,BCI,2501.0,SYNTHETIC_DEMO
2024-02-08,BPI,1598.5,SYNTHETIC_DEMO
2024-02-08,BSI,1279.7,SYNTHETIC_DEMO
2024-02-08,BHSI,741.7,SYNTHETIC_DEMO
2024-02-09,BDI,1781.7,SYNTHETIC_DEMO
2024-02-09,BCI,2558.7,SYNTHETIC_DEMO
2024-02-09,BPI,1651.0,SYNTHETIC_DEMO
2024-02-09,BSI,1273.6,SYNTHETIC_DEMO
2024-02-09,BHSI,745.8,SYNTHETIC_DEMO
2024-02-10,BDI,1729.2,SYNTHETIC_DEMO
2024-02-10,BCI,2427.8,SYNTHETIC_DEMO
2024-02-10,BPI,1606.3,SYNTHETIC_DEMO
2024-02-10,BSI,1236.4,SYNTHETIC_DEMO
2024-02-10,BHSI,724.1,SYNTHETIC_DEMO
2024-02-11,BDI,1773.9,SYNTHETIC_DEMO
2024-02-11,BCI,2531.2,SYNTHETIC_DEMO
2024-02-11,BPI,1613.5,SYNTHETIC_DEMO
2024-02-11,BSI,1245.1,SYNTHETIC_DEMO
2024-02-11,BHSI,739.0,SYNTHETIC_DEMO
2024-02-12,BDI,1810.8,SYNTHETIC_DEMO
2024-02-12,BCI,2584.2,SYNTHETIC_DEMO
2024-02-12,BPI,1663.3,SYNTHETIC_DEMO
2024-02-12,BSI,1310.3,SYNTHETIC_DEMO
2024-02-12,BHSI,763.5,SYNTHETIC_DEMO
2024-02-13,BDI,1858.7,SYNTHETIC_DEMO
2024-02-13,BCI,2595.4,SYNTHETIC_DEMO
2024-02-13,BPI,1659.0,SYNTHETIC_DEMO
2024-02-13,BSI,1327.0,SYNTHETIC_DEMO
2024-02-13,BHSI,765.2,SYNTHETIC_DEMO
2024-02-14,BDI,1877.8,SYNTHETIC_DEMO
2024-02-14,BCI,2764.3,SYNTHETIC_DEMO
2024-02-14,BPI,1727.7,SYNTHETIC_DEMO
2024-02-14,BSI,1358.2,SYNTHETIC_DEMO
2024-02-14,BHSI,796.0,SYNTHETIC_DEMO
2024-02-15,BDI,1847.6,SYNTHETIC_DEMO
2024-02-15,BCI,2609.4,SYNTHETIC_DEMO
2024-02-15,BPI,1712.3,SYNTHETIC_DEMO
2024-02-15,BSI,1345.5,SYNTHETIC_DEMO
2024-02-15,BHSI,798.9,SYNTHETIC_DEMO
2024-02-16,BDI,1854.7,SYNTHETIC_DEMO
2024-02-16,BCI,2654.4,SYNTHETIC_DEMO
2024-02-16,BPI,1671.8,SYNTHETIC_DEMO
2024-02-16,BSI,1349.4,SYNTHETIC_DEMO
2024-02-16,BHSI,774.5,SYNTHETIC_DEMO
2024-02-17,BDI,1864.1,SYNTHETIC_DEMO
2024-02-17,BCI,2614.7,SYNTHETIC_DEMO
2024-02-17,BPI,1669.1,SYNTHETIC_DEMO
2024-02-17,BSI,1360.7,SYNTHETIC_DEMO
2024-02-17,BHSI,785.5,SYNTHETIC_DEMO
2024-02-18,BDI,1825.6,SYNTHETIC_DEMO
2024-02-18,BCI,2648.6,SYNTHETIC_DEMO
2024-02-18,BPI,1723.6,SYNTHETIC_DEMO
2024-02-18,BSI,1320.8,SYNTHETIC_DEMO
2024-02-18,BHSI,755.3,SYNTHETIC_DEMO
2024-02-19,BDI,1836.5,SYNTHETIC_DEMO
2024-02-19,BCI,2539.4,SYNTHETIC_DEMO
2024-02-19,BPI,1703.4,SYNTHETIC_DEMO
2024-02-19,BSI,1333.4,SYNTHETIC_DEMO
2024-02-19,BHSI,769.9,SYNTHETIC_DEMO
2024-02-20,BDI,1831.2,SYNTHETIC_DEMO
2024-02-20,BCI,2643.8,SYNTHETIC_DEMO
2024-02-20,BPI,1715.9,SYNTHETIC_DEMO
2024-02-20,BSI,1296.6,SYNTHETIC_DEMO
2024-02-20,BHSI,781.6,SYNTHETIC_DEMO
2024-02-21,BDI,1859.8,SYNTHETIC_DEMO
2024-02-21,BCI,2647.9,SYNTHETIC_DEMO
2024-02-21,BPI,1743.2,SYNTHETIC_DEMO
2024-02-21,BSI,1348.9,SYNTHETIC_DEMO
2024-02-21,BHSI,777.3,SYNTHETIC_DEMO
2024-02-22,BDI,1869.3,SYNTHETIC_DEMO
2024-02-22,BCI,2682.9,SYNTHETIC_DEMO
2024-02-22,BPI,1706.5,SYNTHETIC_DEMO
2024-02-22,BSI,1346.7,SYNTHETIC_DEMO
2024-02-22,BHSI,794.2,SYNTHETIC_DEMO
2024-02-23,BDI,1846.9,SYNTHETIC_DEMO
2024-02-23,BCI,2621.0,SYNTHETIC_DEMO
2024-02-23,BPI,1651.6,SYNTHETIC_DEMO
2024-02-23,BSI,1333.7,SYNTHETIC_DEMO
2024-02-23,BHSI,775.7,SYNTHETIC_DEMO
2024-02-24,BDI,1846.8,SYNTHETIC_DEMO
2024-02-24,BCI,2619.5,SYNTHETIC_DEMO
2024-02-24,BPI,1660.9,SYNTHETIC_DEMO
2024-02-24,BSI,1344.7,SYNTHETIC_DEMO
2024-02-24,BHSI,783.9,SYNTHETIC_DEMO
2024-02-25,BDI,1851.0,SYNTHETIC_DEMO
2024-02-25,BCI,2619.0,SYNTHETIC_DEMO
2024-02-25,BPI,1740.4,SYNTHETIC_DEMO
2024-02-25,BSI,1345.1,SYNTHETIC_DEMO
2024-02-25,BHSI,767.1,SYNTHETIC_DEMO
2024-02-26,BDI,1875.3,SYNTHETIC_DEMO
2024-02-26,BCI,2638.6,SYNTHETIC_DEMO
2024-02-26,BPI,1713.1,SYNTHETIC_DEMO
2024-02-26,BSI,1329.4,SYNTHETIC_DEMO
2024-02-26,BHSI,775.7,SYNTHETIC_DEMO
2024-02-27,BDI,1899.2,SYNTHETIC_DEMO
2024-02-27,BCI,2697.5,SYNTHETIC_DEMO
2024-02-27,BPI,1762.0,SYNTHETIC_DEMO
2024-02-27,BSI,1361.8,SYNTHETIC_DEMO
2024-02-27,BHSI,789.0,SYNTHETIC_DEMO
2024-02-28,BDI,1872.8,SYNTHETIC_DEMO
2024-02-28,BCI,2610.6,SYNTHETIC_DEMO
2024-02-28,BPI,1712.6,SYNTHETIC_DEMO
2024-02-28,BSI,1381.7,SYNTHETIC_DEMO
2024-02-28,BHSI,786.7,SYNTHETIC_DEMO
2024-02-29,BDI,1900.7,SYNTHETIC_DEMO
2024-02-29,BCI,2734.4,SYNTHETIC_DEMO
2024-02-29,BPI,1784.2,SYNTHETIC_DEMO
2024-02-29,BSI,1353.1,SYNTHETIC_DEMO
2024-02-29,BHSI,798.1,SYNTHETIC_DEMO
2024-03-01,BDI,1959.9,SYNTHETIC_DEMO
2024-03-01,BCI,2804.6,SYNTHETIC_DEMO
2024-03-01,BPI,1802.3,SYNTHETIC_DEMO
2024-03-01,BSI,1409.1,SYNTHETIC_DEMO
2024-03-01,BHSI,812.2,SYNTHETIC_DEMO
2024-03-02,BDI,1952.7,SYNTHETIC_DEMO
2024-03-02,BCI,2770.2,SYNTHETIC_DEMO
2024-03-02,BPI,1746.8,SYNTHETIC_DEMO
2024-03-02,BSI,1404.1,SYNTHETIC_DEMO
2024-03-02,BHSI,828.8,SYNTHETIC_DEMO
2024-03-03,BDI,1883.9,SYNTHETIC_DEMO
2024-03-03,BCI,2657.3,SYNTHETIC_DEMO
2024-03-03,BPI,1680.6,SYNTHETIC_DEMO
2024-03-03,BSI,1362.1,SYNTHETIC_DEMO
2024-03-03,BHSI,803.3,SYNTHETIC_DEMO
2024-03-04,BDI,1847.6,SYNTHETIC_DEMO
2024-03-04,BCI,2595.7,SYNTHETIC_DEMO
2024-03-04,BPI,1688.7,SYNTHETIC_DEMO
2024-03-04,BSI,1356.0,SYNTHETIC_DEMO
2024-03-04,BHSI,771.8,SYNTHETIC_DEMO
2024-03-05,BDI,1853.9,SYNTHETIC_DEMO
2024-03-05,BCI,2627.4,SYNTHETIC_DEMO
2024-03-05,BPI,1679.7,SYNTHETIC_DEMO
2024-03-05,BSI,1328.1,SYNTHETIC_DEMO
2024-03-05,BHSI,799.1,SYNTHETIC_DEMO
2024-03-06,BDI,1887.5,SYNTHETIC_DEMO
2024-03-06,BCI,2586.4,SYNTHETIC_DEMO
2024-03-06,BPI,1702.1,SYNTHETIC_DEMO
2024-03-06,BSI,1387.7,SYNTHETIC_DEMO
2024-03-06,BHSI,801.3,SYNTHETIC_DEMO
2024-03-07,BDI,1893.6,SYNTHETIC_DEMO
2024-03-07,BCI,2696.2,SYNTHETIC_DEMO
2024-03-07,BPI,1748.7,SYNTHETIC_DEMO
2024-03-07,BSI,1371.2,SYNTHETIC_DEMO
2024-03-07,BHSI,810.7,SYNTHETIC_DEMO
2024-03-08,BDI,1900.4,SYNTHETIC_DEMO
2024-03-08,BCI,2707.6,SYNTHETIC_DEMO
2024-03-08,BPI,1723.4,SYNTHETIC_DEMO
2024-03-08,BSI,1369.9,SYNTHETIC_DEMO
2024-03-08,BHSI,797.4,SYNTHETIC_DEMO
2024-03-09,BDI,1902.6,SYNTHETIC_DEMO
2024-03-09,BCI,2668.0,SYNTHETIC_DEMO
2024-03-09,BPI,1724.3,SYNTHETIC_DEMO
2024-03-09,BSI,1366.8,SYNTHETIC_DEMO
2024-03-09,BHSI,781.4,SYNTHETIC_DEMO
2024-03-10,BDI,1863.8,SYNTHETIC_DEMO
2024-03-10,BCI,2637.9,SYNTHETIC_DEMO
2024-03-10,BPI,1742.7,SYNTHETIC_DEMO
2024-03-10,BSI,1353.9,SYNTHETIC_DEMO
2024-03-10,BHSI,793.2,SYNTHETIC_DEMO
2024-03-11,BDI,1871.3,SYNTHETIC_DEMO
2024-03-11,BCI,2659.2,SYNTHETIC_DEMO
2024-03-11,BPI,1730.1,SYNTHETIC_DEMO
2024-03-11,BSI,1355.2,SYNTHETIC_DEMO
2024-03-11,BHSI,791.5,SYNTHETIC_DEMO
2024-03-12,BDI,1841.4,SYNTHETIC_DEMO
2024-03-12,BCI,2562.1,SYNTHETIC_DEMO
2024-03-12,BPI,1680.4,SYNTHETIC_DEMO
2024-03-12,BSI,1304.4,SYNTHETIC_DEMO
2024-03-12,BHSI,756.5,SYNTHETIC_DEMO
2024-03-13,BDI,1886.2,SYNTHETIC_DEMO
2024-03-13,BCI,2660.9,SYNTHETIC_DEMO
2024-03-13,BPI,1737.7,SYNTHETIC_DEMO
2024-03-13,BSI,1336.9,SYNTHETIC_DEMO
2024-03-13,BHSI,794.0,SYNTHETIC_DEMO
2024-03-14,BDI,1873.4,SYNTHETIC_DEMO
2024-03-14,BCI,2733.9,SYNTHETIC_DEMO
2024-03-14,BPI,1729.3,SYNTHETIC_DEMO
2024-03-14,BSI,1373.0,SYNTHETIC_DEMO
2024-03-14,BHSI,796.7,SYNTHETIC_DEMO
2024-03-15,BDI,1889.9,SYNTHETIC_DEMO
2024-03-15,BCI,2744.3,SYNTHETIC_DEMO
2024-03-15,BPI,1727.6,SYNTHETIC_DEMO
2024-03-15,BSI,1389.9,SYNTHETIC_DEMO
2024-03-15,BHSI,812.7,SYNTHETIC_DEMO
2024-03-16,BDI,1868.4,SYNTHETIC_DEMO
2024-03-16,BCI,2708.3,SYNTHETIC_DEMO
2024-03-16,BPI,1706.4,SYNTHETIC_DEMO
2024-03-16,BSI,1295.1,SYNTHETIC_DEMO
2024-03-16,BHSI,788.6,SYNTHETIC_DEMO
2024-03-17,BDI,1869.1,SYNTHETIC_DEMO
2024-03-17,BCI,2678.3,SYNTHETIC_DEMO
2024-03-17,BPI,1765.4,SYNTHETIC_DEMO
2024-03-17,BSI,1337.3,SYNTHETIC_DEMO
2024-03-17,BHSI,775.6,SYNTHETIC_DEMO
2024-03-18,BDI,1890.4,SYNTHETIC_DEMO
2024-03-18,BCI,2804.8,SYNTHETIC_DEMO
2024-03-18,BPI,1733.9,SYNTHETIC_DEMO
2024-03-18,BSI,1379.2,SYNTHETIC_DEMO
2024-03-18,BHSI,794.8,SYNTHETIC_DEMO
2024-03-19,BDI,1921.0,SYNTHETIC_DEMO
2024-03-19,BCI,2702.5,SYNTHETIC_DEMO
2024-03-19,BPI,1799.3,SYNTHETIC_DEMO
2024-03-19,BSI,1361.8,SYNTHETIC_DEMO
2024-03-19,BHSI,793.8,SYNTHETIC_DEMO
2024-03-20,BDI,1889.1,SYNTHETIC_DEMO
2024-03-20,BCI,2663.5,SYNTHETIC_DEMO
2024-03-20,BPI,1730.3,SYNTHETIC_DEMO
2024-03-20,BSI,1365.7,SYNTHETIC_DEMO
2024-03-20,BHSI,785.0,SYNTHETIC_DEMO
2024-03-21,BDI,1885.8,SYNTHETIC_DEMO
2024-03-21,BCI,2669.6,SYNTHETIC_DEMO
2024-03-21,BPI,1738.5,SYNTHETIC_DEMO
2024-03-21,BSI,1367.7,SYNTHETIC_DEMO
2024-03-21,BHSI,795.0,SYNTHETIC_DEMO
2024-03-22,BDI,1895.3,SYNTHETIC_DEMO
2024-03-22,BCI,2729.1,SYNTHETIC_DEMO
2024-03-22,BPI,1728.0,SYNTHETIC_DEMO
2024-03-22,BSI,1371.5,SYNTHETIC_DEMO
2024-03-22,BHSI,811.1,SYNTHETIC_DEMO
2024-03-23,BDI,1872.4,SYNTHETIC_DEMO
2024-03-23,BCI,2629.1,SYNTHETIC_DEMO
2024-03-23,BPI,1717.3,SYNTHETIC_DEMO
2024-03-23,BSI,1344.9,SYNTHETIC_DEMO
2024-03-23,BHSI,801.4,SYNTHETIC_DEMO
2024-03-24,BDI,1908.5,SYNTHETIC_DEMO
2024-03-24,BCI,2753.0,SYNTHETIC_DEMO
2024-03-24,BPI,1762.2,SYNTHETIC_DEMO
2024-03-24,BSI,1367.1,SYNTHETIC_DEMO
2024-03-24,BHSI,807.9,SYNTHETIC_DEMO
2024-03-25,BDI,1881.4,SYNTHETIC_DEMO
2024-03-25,BCI,2621.3,SYNTHETIC_DEMO
2024-03-25,BPI,1785.7,SYNTHETIC_DEMO
2024-03-25,BSI,1346.6,SYNTHETIC_DEMO
2024-03-25,BHSI,799.6,SYNTHETIC_DEMO
2024-03-26,BDI,1877.7,SYNTHETIC_DEMO
2024-03-26,BCI,2679.5,SYNTHETIC_DEMO
2024-03-26,BPI,1748.9,SYNTHETIC_DEMO
2024-03-26,BSI,1373.9,SYNTHETIC_DEMO
2024-03-26,BHSI,784.1,SYNTHETIC_DEMO
2024-03-27,BDI,1868.9,SYNTHETIC_DEMO
2024-03-27,BCI,2553.1,SYNTHETIC_DEMO
2024-03-27,BPI,1743.5,SYNTHETIC_DEMO
2024-03-27,BSI,1353.5,SYNTHETIC_DEMO
2024-03-27,BHSI,782.3,SYNTHETIC_DEMO
2024-03-28,BDI,1898.6,SYNTHETIC_DEMO
2024-03-28,BCI,2685.5,SYNTHETIC_DEMO
2024-03-28,BPI,1710.9,SYNTHETIC_DEMO
2024-03-28,BSI,1352.2,SYNTHETIC_DEMO
2024-03-28,BHSI,787.3,SYNTHETIC_DEMO
2024-03-29,BDI,1938.9,SYNTHETIC_DEMO
2024-03-29,BCI,2721.2,SYNTHETIC_DEMO
2024-03-29,BPI,1770.8,SYNTHETIC_DEMO
2024-03-29,BSI,1390.1,SYNTHETIC_DEMO
2024-03-29,BHSI,819.3,SYNTHETIC_DEMO
2024-03-30,BDI,1890.4,SYNTHETIC_DEMO
2024-03-30,BCI,2665.5,SYNTHETIC_DEMO
2024-03-30,BPI,1705.8,SYNTHETIC_DEMO
2024-03-30,BSI,1361.1,SYNTHETIC_DEMO
2024-03-30,BHSI,815.3,SYNTHETIC_DEMO
2024-03-31,BDI,1895.5,SYNTHETIC_DEMO
2024-03-31,BCI,2727.9,SYNTHETIC_DEMO
2024-03-31,BPI,1779.1,SYNTHETIC_DEMO
2024-03-31,BSI,1364.1,SYNTHETIC_DEMO
2024-03-31,BHSI,777.8,SYNTHETIC_DEMO
2024-04-01,BDI,1873.2,SYNTHETIC_DEMO
2024-04-01,BCI,2691.0,SYNTHETIC_DEMO
2024-04-01,BPI,1705.9,SYNTHETIC_DEMO
2024-04-01,BSI,1344.5,SYNTHETIC_DEMO
2024-04-01,BHSI,784.5,SYNTHETIC_DEMO
2024-04-02,BDI,1929.2,SYNTHETIC_DEMO
2024-04-02,BCI,2780.3,SYNTHETIC_DEMO
2024-04-02,BPI,1771.9,SYNTHETIC_DEMO
2024-04-02,BSI,1387.8,SYNTHETIC_DEMO
2024-04-02,BHSI,809.0,SYNTHETIC_DEMO
2024-04-03,BDI,1937.5,SYNTHETIC_DEMO
2024-04-03,BCI,2694.8,SYNTHETIC_DEMO
2024-04-03,BPI,1773.0,SYNTHETIC_DEMO
2024-04-03,BSI,1398.3,SYNTHETIC_DEMO
2024-04-03,BHSI,807.8,SYNTHETIC_DEMO
2024-04-04,BDI,1918.0,SYNTHETIC_DEMO
2024-04-04,BCI,2731.8,SYNTHETIC_DEMO
2024-04-04,BPI,1719.0,SYNTHETIC_DEMO
2024-04-04,BSI,1397.2,SYNTHETIC_DEMO
2024-04-04,BHSI,804.9,SYNTHETIC_DEMO
2024-04-05,BDI,1908.3,SYNTHETIC_DEMO
2024-04-05,BCI,2683.2,SYNTHETIC_DEMO
2024-04-05,BPI,1765.8,SYNTHETIC_DEMO
2024-04-05,BSI,1351.3,SYNTHETIC_DEMO
2024-04-05,BHSI,808.9,SYNTHETIC_DEMO
2024-04-06,BDI,1941.3,SYNTHETIC_DEMO
2024-04-06,BCI,2777.0,SYNTHETIC_DEMO
2024-04-06,BPI,1800.0,SYNTHETIC_DEMO
2024-04-06,BSI,1400.9,SYNTHETIC_DEMO
2024-04-06,BHSI,810.2,SYNTHETIC_DEMO
2024-04-07,BDI,1953.6,SYNTHETIC_DEMO
2024-04-07,BCI,2704.6,SYNTHETIC_DEMO
2024-04-07,BPI,1764.2,SYNTHETIC_DEMO
2024-04-07,BSI,1408.5,SYNTHETIC_DEMO
2024-04-07,BHSI,831.1,SYNTHETIC_DEMO
2024-04-08,BDI,1903.9,SYNTHETIC_DEMO
2024-04-08,BCI,2743.4,SYNTHETIC_DEMO
2024-04-08,BPI,1776.0,SYNTHETIC_DEMO
2024-04-08,BSI,1393.7,SYNTHETIC_DEMO
2024-04-08,BHSI,772.9,SYNTHETIC_DEMO
2024-04-09,BDI,1901.5,SYNTHETIC_DEMO
2024-04-09,BCI,2601.6,SYNTHETIC_DEMO
2024-04-09,BPI,1771.4,SYNTHETIC_DEMO
2024-04-09,BSI,1379.7,SYNTHETIC_DEMO
2024-04-09,BHSI,778.1,SYNTHETIC_DEMO
2024-04-10,BDI,1855.0,SYNTHETIC_DEMO
2024-04-10,BCI,2676.4,SYNTHETIC_DEMO
2024-04-10,BPI,1695.4,SYNTHETIC_DEMO
2024-04-10,BSI,1353.5,SYNTHETIC_DEMO
2024-04-10,BHSI,807.1,SYNTHETIC_DEMO
2024-04-11,BDI,1856.1,SYNTHETIC_DEMO
2024-04-11,BCI,2657.8,SYNTHETIC_DEMO
2024-04-11,BPI,1687.6,SYNTHETIC_DEMO
2024-04-11,BSI,1347.8,SYNTHETIC_DEMO
2024-04-11,BHSI,778.6,SYNTHETIC_DEMO
2024-04-12,BDI,1840.9,SYNTHETIC_DEMO
2024-04-12,BCI,2580.1,SYNTHETIC_DEMO
2024-04-12,BPI,1694.0,SYNTHETIC_DEMO
2024-04-12,BSI,1318.1,SYNTHETIC_DEMO
2024-04-12,BHSI,781.2,SYNTHETIC_DEMO
2024-04-13,BDI,1839.8,SYNTHETIC_DEMO
2024-04-13,BCI,2617.7,SYNTHETIC_DEMO
2024-04-13,BPI,1685.4,SYNTHETIC_DEMO
2024-04-13,BSI,1321.4,SYNTHETIC_DEMO
2024-04-13,BHSI,776.0,SYNTHETIC_DEMO
2024-04-14,BDI,1868.7,SYNTHETIC_DEMO
2024-04-14,BCI,2614.7,SYNTHETIC_DEMO
2024-04-14,BPI,1739.7,SYNTHETIC_DEMO
2024-04-14,BSI,1355.5,SYNTHETIC_DEMO
2024-04-14,BHSI,777.7,SYNTHETIC_DEMO
2024-04-15,BDI,1848.9,SYNTHETIC_DEMO
2024-04-15,BCI,2603.7,SYNTHETIC_DEMO
2024-04-15,BPI,1664.9,SYNTHETIC_DEMO
2024-04-15,BSI,1360.0,SYNTHETIC_DEMO
2024-04-15,BHSI,774.1,SYNTHETIC_DEMO
2024-04-16,BDI,1875.9,SYNTHETIC_DEMO
2024-04-16,BCI,2618.4,SYNTHETIC_DEMO
2024-04-16,BPI,1699.1,SYNTHETIC_DEMO
2024-04-16,BSI,1360.9,SYNTHETIC_DEMO
2024-04-16,BHSI,802.1,SYNTHETIC_DEMO
2024-04-17,BDI,1855.5,SYNTHETIC_DEMO
2024-04-17,BCI,2610.6,SYNTHETIC_DEMO
2024-04-17,BPI,1735.2,SYNTHETIC_DEMO
2024-04-17,BSI,1343.4,SYNTHETIC_DEMO
2024-04-17,BHSI,776.8,SYNTHETIC_DEMO
2024-04-18,BDI,1849.3,SYNTHETIC_DEMO
2024-04-18,BCI,2616.2,SYNTHETIC_DEMO
2024-04-18,BPI,1727.4,SYNTHETIC_DEMO
2024-04-18,BSI,1355.4,SYNTHETIC_DEMO
2024-04-18,BHSI,789.1,SYNTHETIC_DEMO
2024-04-19,BDI,1876.1,SYNTHETIC_DEMO
2024-04-19,BCI,2656.5,SYNTHETIC_DEMO
2024-04-19,BPI,1724.3,SYNTHETIC_DEMO
2024-04-19,BSI,1358.4,SYNTHETIC_DEMO
2024-04-19,BHSI,798.4,SYNTHETIC_DEMO
2024-04-20,BDI,1868.4,SYNTHETIC_DEMO
2024-04-20,BCI,2651.9,SYNTHETIC_DEMO
2024-04-20,BPI,1693.2,SYNTHETIC_DEMO
2024-04-20,BSI,1308.4,SYNTHETIC_DEMO
2024-04-20,BHSI,797.8,SYNTHETIC_DEMO
2024-04-21,BDI,1883.8,SYNTHETIC_DEMO
2024-04-21,BCI,2595.5,SYNTHETIC_DEMO
2024-04-21,BPI,1699.7,SYNTHETIC_DEMO
2024-04-21,BSI,1329.7,SYNTHETIC_DEMO
2024-04-21,BHSI,798.0,SYNTHETIC_DEMO
2024-04-22,BDI,1858.3,SYNTHETIC_DEMO
2024-04-22,BCI,2598.7,SYNTHETIC_DEMO
2024-04-22,BPI,1706.1,SYNTHETIC_DEMO
2024-04-22,BSI,1319.8,SYNTHETIC_DEMO
2024-04-22,BHSI,787.9,SYNTHETIC_DEMO
2024-04-23,BDI,1771.5,SYNTHETIC_DEMO
2024-04-23,BCI,2451.6,SYNTHETIC_DEMO
2024-04-23,BPI,1604.8,SYNTHETIC_DEMO
2024-04-23,BSI,1268.3,SYNTHETIC_DEMO
2024-04-23,BHSI,727.3,SYNTHETIC_DEMO
2024-04-24,BDI,1794.3,SYNTHETIC_DEMO
2024-04-24,BCI,2648.9,SYNTHETIC_DEMO
2024-04-24,BPI,1646.4,SYNTHETIC_DEMO
2024-04-24,BSI,1313.5,SYNTHETIC_DEMO
2024-04-24,BHSI,764.1,SYNTHETIC_DEMO
2024-04-25,BDI,1799.1,SYNTHETIC_DEMO
2024-04-25,BCI,2552.1,SYNTHETIC_DEMO
2024-04-25,BPI,1651.8,SYNTHETIC_DEMO
2024-04-25,BSI,1333.6,SYNTHETIC_DEMO
2024-04-25,BHSI,741.1,SYNTHETIC_DEMO
2024-04-26,BDI,1747.8,SYNTHETIC_DEMO
2024-04-26,BCI,2493.6,SYNTHETIC_DEMO
2024-04-26,BPI,1625.5,SYNTHETIC_DEMO
2024-04-26,BSI,1264.6,SYNTHETIC_DEMO
2024-04-26,BHSI,752.7,SYNTHETIC_DEMO
2024-04-27,BDI,1783.0,SYNTHETIC_DEMO
2024-04-27,BCI,2592.7,SYNTHETIC_DEMO
2024-04-27,BPI,1630.6,SYNTHETIC_DEMO
2024-04-27,BSI,1287.7,SYNTHETIC_DEMO
2024-04-27,BHSI,764.1,SYNTHETIC_DEMO
2024-04-28,BDI,1785.4,SYNTHETIC_DEMO
2024-04-28,BCI,2571.0,SYNTHETIC_DEMO
2024-04-28,BPI,1675.1,SYNTHETIC_DEMO
2024-04-28,BSI,1273.6,SYNTHETIC_DEMO
2024-04-28,BHSI,757.2,SYNTHETIC_DEMO
2024-04-29,BDI,1778.5,SYNTHETIC_DEMO
2024-04-29,BCI,2605.9,SYNTHETIC_DEMO
2024-04-29,BPI,1634.0,SYNTHETIC_DEMO
2024-04-29,BSI,1285.7,SYNTHETIC_DEMO
2024-04-29,BHSI,760.4,SYNTHETIC_DEMO
2024-04-30,BDI,1779.7,SYNTHETIC_DEMO
2024-04-30,BCI,2520.4,SYNTHETIC_DEMO
2024-04-30,BPI,1668.6,SYNTHETIC_DEMO
2024-04-30,BSI,1307.2,SYNTHETIC_DEMO
2024-04-30,BHSI,727.8,SYNTHETIC_DEMO
2024-05-01,BDI,1797.7,SYNTHETIC_DEMO
2024-05-01,BCI,2631.0,SYNTHETIC_DEMO
2024-05-01,BPI,1684.4,SYNTHETIC_DEMO
2024-05-01,BSI,1281.4,SYNTHETIC_DEMO
2024-05-01,BHSI,748.5,SYNTHETIC_DEMO
2024-05-02,BDI,1775.3,SYNTHETIC_DEMO
2024-05-02,BCI,2532.8,SYNTHETIC_DEMO
2024-05-02,BPI,1627.4,SYNTHETIC_DEMO
2024-05-02,BSI,1273.1,SYNTHETIC_DEMO
2024-05-02,BHSI,743.4,SYNTHETIC_DEMO
2024-05-03,BDI,1742.5,SYNTHETIC_DEMO
2024-05-03,BCI,2443.7,SYNTHETIC_DEMO
2024-05-03,BPI,1602.3,SYNTHETIC_DEMO
2024-05-03,BSI,1208.7,SYNTHETIC_DEMO
2024-05-03,BHSI,745.6,SYNTHETIC_DEMO
2024-05-04,BDI,1714.7,SYNTHETIC_DEMO
2024-05-04,BCI,2396.8,SYNTHETIC_DEMO
2024-05-04,BPI,1569.3,SYNTHETIC_DEMO
2024-05-04,BSI,1250.9,SYNTHETIC_DEMO
2024-05-04,BHSI,704.4,SYNTHETIC_DEMO
2024-05-05,BDI,1748.1,SYNTHETIC_DEMO
2024-05-05,BCI,2421.1,SYNTHETIC_DEMO
2024-05-05,BPI,1621.9,SYNTHETIC_DEMO
2024-05-05,BSI,1247.6,SYNTHETIC_DEMO
2024-05-05,BHSI,727.4,SYNTHETIC_DEMO
2024-05-06,BDI,1682.2,SYNTHETIC_DEMO
2024-05-06,BCI,2275.5,SYNTHETIC_DEMO
2024-05-06,BPI,1556.6,SYNTHETIC_DEMO
2024-05-06,BSI,1191.5,SYNTHETIC_DEMO
2024-05-06,BHSI,686.3,SYNTHETIC_DEMO
2024-05-07,BDI,1698.0,SYNTHETIC_DEMO
2024-05-07,BCI,2458.0,SYNTHETIC_DEMO
2024-05-07,BPI,1561.5,SYNTHETIC_DEMO
2024-05-07,BSI,1194.4,SYNTHETIC_DEMO
2024-05-07,BHSI,687.5,SYNTHETIC_DEMO
2024-05-08,BDI,1668.2,SYNTHETIC_DEMO
2024-05-08,BCI,2357.6,SYNTHETIC_DEMO
2024-05-08,BPI,1533.7,SYNTHETIC_DEMO
2024-05-08,BSI,1193.1,SYNTHETIC_DEMO
2024-05-08,BHSI,698.8,SYNTHETIC_DEMO
2024-05-09,BDI,1703.3,SYNTHETIC_DEMO
2024-05-09,BCI,2510.2,SYNTHETIC_DEMO
2024-05-09,BPI,1567.7,SYNTHETIC_DEMO
2024-05-09,BSI,1243.8,SYNTHETIC_DEMO
2024-05-09,BHSI,714.2,SYNTHETIC_DEMO
2024-05-10,BDI,1684.8,SYNTHETIC_DEMO
2024-05-10,BCI,2393.6,SYNTHETIC_DEMO
2024-05-10,BPI,1580.0,SYNTHETIC_DEMO
2024-05-10,BSI,1231.7,SYNTHETIC_DEMO
2024-05-10,BHSI,722.1,SYNTHETIC_DEMO
2024-05-11,BDI,1651.2,SYNTHETIC_DEMO
2024-05-11,BCI,2316.4,SYNTHETIC_DEMO
2024-05-11,BPI,1538.8,SYNTHETIC_DEMO
2024-05-11,BSI,1185.9,SYNTHETIC_DEMO
2024-05-11,BHSI,698.3,SYNTHETIC_DEMO
2024-05-12,BDI,1572.0,SYNTHETIC_DEMO
2024-05-12,BCI,2219.6,SYNTHETIC_DEMO
2024-05-12,BPI,1478.3,SYNTHETIC_DEMO
2024-05-12,BSI,1103.2,SYNTHETIC_DEMO
2024-05-12,BHSI,658.4,SYNTHETIC_DEMO
2024-05-13,BDI,1615.3,SYNTHETIC_DEMO
2024-05-13,BCI,2340.8,SYNTHETIC_DEMO
2024-05-13,BPI,1478.3,SYNTHETIC_DEMO
2024-05-13,BSI,1160.3,SYNTHETIC_DEMO
2024-05-13,BHSI,672.8,SYNTHETIC_DEMO
2024-05-14,BDI,1567.2,SYNTHETIC_DEMO
2024-05-14,BCI,2200.8,SYNTHETIC_DEMO
2024-05-14,BPI,1423.5,SYNTHETIC_DEMO
2024-05-14,BSI,1147.0,SYNTHETIC_DEMO
2024-05-14,BHSI,651.1,SYNTHETIC_DEMO
2024-05-15,BDI,1592.8,SYNTHETIC_DEMO
2024-05-15,BCI,2271.3,SYNTHETIC_DEMO
2024-05-15,BPI,1438.9,SYNTHETIC_DEMO
2024-05-15,BSI,1109.4,SYNTHETIC_DEMO
2024-05-15,BHSI,671.5,SYNTHETIC_DEMO
2024-05-16,BDI,1607.1,SYNTHETIC_DEMO
2024-05-16,BCI,2327.3,SYNTHETIC_DEMO
2024-05-16,BPI,1472.8,SYNTHETIC_DEMO
2024-05-16,BSI,1162.7,SYNTHETIC_DEMO
2024-05-16,BHSI,671.7,SYNTHETIC_DEMO
2024-05-17,BDI,1570.0,SYNTHETIC_DEMO
2024-05-17,BCI,2235.5,SYNTHETIC_DEMO
2024-05-17,BPI,1447.1,SYNTHETIC_DEMO
2024-05-17,BSI,1142.5,SYNTHETIC_DEMO
2024-05-17,BHSI,654.6,SYNTHETIC_DEMO
2024-05-18,BDI,1629.9,SYNTHETIC_DEMO
2024-05-18,BCI,2365.0,SYNTHETIC_DEMO
2024-05-18,BPI,1504.3,SYNTHETIC_DEMO
2024-05-18,BSI,1198.5,SYNTHETIC_DEMO
2024-05-18,BHSI,688.0,SYNTHETIC_DEMO
2024-05-19,BDI,1570.9,SYNTHETIC_DEMO
2024-05-19,BCI,2186.6,SYNTHETIC_DEMO
2024-05-19,BPI,1436.1,SYNTHETIC_DEMO
2024-05-19,BSI,1147.7,SYNTHETIC_DEMO
2024-05-19,BHSI,672.3,SYNTHETIC_DEMO
2024-05-20,BDI,1630.8,SYNTHETIC_DEMO
2024-05-20,BCI,2303.5,SYNTHETIC_DEMO
2024-05-20,BPI,1494.3,SYNTHETIC_DEMO
2024-05-20,BSI,1197.9,SYNTHETIC_DEMO
2024-05-20,BHSI,692.7,SYNTHETIC_DEMO
2024-05-21,BDI,1643.9,SYNTHETIC_DEMO
2024-05-21,BCI,2309.0,SYNTHETIC_DEMO
2024-05-21,BPI,1501.6,SYNTHETIC_DEMO
2024-05-21,BSI,1174.4,SYNTHETIC_DEMO
2024-05-21,BHSI,686.0,SYNTHETIC_DEMO
2024-05-22,BDI,1649.8,SYNTHETIC_DEMO
2024-05-22,BCI,2231.7,SYNTHETIC_DEMO
2024-05-22,BPI,1560.3,SYNTHETIC_DEMO
2024-05-22,BSI,1206.1,SYNTHETIC_DEMO
2024-05-22,BHSI,712.3,SYNTHETIC_DEMO
2024-05-23,BDI,1636.2,SYNTHETIC_DEMO
2024-05-23,BCI,2317.3,SYNTHETIC_DEMO
2024-05-23,BPI,1511.4,SYNTHETIC_DEMO
2024-05-23,BSI,1146.7,SYNTHETIC_DEMO
2024-05-23,BHSI,679.7,SYNTHETIC_DEMO
2024-05-24,BDI,1615.4,SYNTHETIC_DEMO
2024-05-24,BCI,2344.6,SYNTHETIC_DEMO
2024-05-24,BPI,1457.5,SYNTHETIC_DEMO
2024-05-24,BSI,1157.5,SYNTHETIC_DEMO
2024-05-24,BHSI,672.2,SYNTHETIC_DEMO
2024-05-25,BDI,1572.1,SYNTHETIC_DEMO
2024-05-25,BCI,2242.6,SYNTHETIC_DEMO
2024-05-25,BPI,1403.3,SYNTHETIC_DEMO
2024-05-25,BSI,1168.7,SYNTHETIC_DEMO
2024-05-25,BHSI,671.6,SYNTHETIC_DEMO
2024-05-26,BDI,1589.2,SYNTHETIC_DEMO
2024-05-26,BCI,2232.1,SYNTHETIC_DEMO
2024-05-26,BPI,1444.8,SYNTHETIC_DEMO
2024-05-26,BSI,1148.6,SYNTHETIC_DEMO
2024-05-26,BHSI,680.3,SYNTHETIC_DEMO
2024-05-27,BDI,1591.6,SYNTHETIC_DEMO
2024-05-27,BCI,2249.8,SYNTHETIC_DEMO
2024-05-27,BPI,1471.0,SYNTHETIC_DEMO
2024-05-27,BSI,1129.9,SYNTHETIC_DEMO
2024-05-27,BHSI,654.5,SYNTHETIC_DEMO
2024-05-28,BDI,1623.8,SYNTHETIC_DEMO
2024-05-28,BCI,2268.1,SYNTHETIC_DEMO
2024-05-28,BPI,1480.8,SYNTHETIC_DEMO
2024-05-28,BSI,1210.9,SYNTHETIC_DEMO
2024-05-28,BHSI,680.3,SYNTHETIC_DEMO
2024-05-29,BDI,1647.8,SYNTHETIC_DEMO
2024-05-29,BCI,2359.0,SYNTHETIC_DEMO
2024-05-29,BPI,1496.9,SYNTHETIC_DEMO
2024-05-29,BSI,1194.1,SYNTHETIC_DEMO
2024-05-29,BHSI,689.9,SYNTHETIC_DEMO
2024-05-30,BDI,1691.3,SYNTHETIC_DEMO
2024-05-30,BCI,2396.6,SYNTHETIC_DEMO
2024-05-30,BPI,1551.4,SYNTHETIC_DEMO
2024-05-30,BSI,1238.8,SYNTHETIC_DEMO
2024-05-30,BHSI,705.2,SYNTHETIC_DEMO
2024-05-31,BDI,1708.9,SYNTHETIC_DEMO
2024-05-31,BCI,2382.0,SYNTHETIC_DEMO
2024-05-31,BPI,1588.4,SYNTHETIC_DEMO
2024-05-31,BSI,1225.7,SYNTHETIC_DEMO
2024-05-31,BHSI,716.9,SYNTHETIC_DEMO
2024-06-01,BDI,1748.3,SYNTHETIC_DEMO
2024-06-01,BCI,2474.9,SYNTHETIC_DEMO
2024-06-01,BPI,1633.8,SYNTHETIC_DEMO
2024-06-01,BSI,1234.6,SYNTHETIC_DEMO
2024-06-01,BHSI,739.3,SYNTHETIC_DEMO
2024-06-02,BDI,1774.7,SYNTHETIC_DEMO
2024-06-02,BCI,2585.5,SYNTHETIC_DEMO
2024-06-02,BPI,1631.9,SYNTHETIC_DEMO
2024-06-02,BSI,1275.2,SYNTHETIC_DEMO
2024-06-02,BHSI,720.1,SYNTHETIC_DEMO
2024-06-03,BDI,1810.6,SYNTHETIC_DEMO
2024-06-03,BCI,2560.7,SYNTHETIC_DEMO
2024-06-03,BPI,1692.5,SYNTHETIC_DEMO
2024-06-03,BSI,1312.7,SYNTHETIC_DEMO
2024-06-03,BHSI,762.0,SYNTHETIC_DEMO
2024-06-04,BDI,1775.7,SYNTHETIC_DEMO
2024-06-04,BCI,2559.1,SYNTHETIC_DEMO
2024-06-04,BPI,1617.9,SYNTHETIC_DEMO
2024-06-04,BSI,1240.8,SYNTHETIC_DEMO
2024-06-04,BHSI,741.8,SYNTHETIC_DEMO
2024-06-05,BDI,1793.9,SYNTHETIC_DEMO
2024-06-05,BCI,2506.1,SYNTHETIC_DEMO
2024-06-05,BPI,1655.7,SYNTHETIC_DEMO
2024-06-05,BSI,1228.7,SYNTHETIC_DEMO
2024-06-05,BHSI,736.4,SYNTHETIC_DEMO
2024-06-06,BDI,1742.6,SYNTHETIC_DEMO
2024-06-06,BCI,2454.8,SYNTHETIC_DEMO
2024-06-06,BPI,1593.6,SYNTHETIC_DEMO
2024-06-06,BSI,1280.9,SYNTHETIC_DEMO
2024-06-06,BHSI,719.8,SYNTHETIC_DEMO
2024-06-07,BDI,1755.7,SYNTHETIC_DEMO
2024-06-07,BCI,2466.2,SYNTHETIC_DEMO
2024-06-07,BPI,1612.0,SYNTHETIC_DEMO
2024-06-07,BSI,1297.1,SYNTHETIC_DEMO
2024-06-07,BHSI,728.4,SYNTHETIC_DEMO
2024-06-08,BDI,1759.7,SYNTHETIC_DEMO
2024-06-08,BCI,2511.1,SYNTHETIC_DEMO
2024-06-08,BPI,1603.6,SYNTHETIC_DEMO
2024-06-08,BSI,1259.2,SYNTHETIC_DEMO
2024-06-08,BHSI,739.6,SYNTHETIC_DEMO
2024-06-09,BDI,1745.1,SYNTHETIC_DEMO
2024-06-09,BCI,2543.6,SYNTHETIC_DEMO
2024-06-09,BPI,1609.5,SYNTHETIC_DEMO
2024-06-09,BSI,1258.0,SYNTHETIC_DEMO
2024-06-09,BHSI,730.3,SYNTHETIC_DEMO
2024-06-10,BDI,1741.0,SYNTHETIC_DEMO
2024-06-10,BCI,2513.0,SYNTHETIC_DEMO
2024-06-10,BPI,1628.0,SYNTHETIC_DEMO
2024-06-10,BSI,1236.7,SYNTHETIC_DEMO
2024-06-10,BHSI,723.7,SYNTHETIC_DEMO
2024-06-11,BDI,1716.5,SYNTHETIC_DEMO
2024-06-11,BCI,2492.7,SYNTHETIC_DEMO
2024-06-11,BPI,1557.4,SYNTHETIC_DEMO
2024-06-11,BSI,1242.9,SYNTHETIC_DEMO
2024-06-11,BHSI,709.2,SYNTHETIC_DEMO
2024-06-12,BDI,1761.3,SYNTHETIC_DEMO
2024-06-12,BCI,2502.3,SYNTHETIC_DEMO
2024-06-12,BPI,1624.6,SYNTHETIC_DEMO
2024-06-12,BSI,1289.5,SYNTHETIC_DEMO
2024-06-12,BHSI,730.2,SYNTHETIC_DEMO
2024-06-13,BDI,1774.8,SYNTHETIC_DEMO
2024-06-13,BCI,2485.4,SYNTHETIC_DEMO
2024-06-13,BPI,1612.5,SYNTHETIC_DEMO
2024-06-13,BSI,1290.7,SYNTHETIC_DEMO
2024-06-13,BHSI,753.1,SYNTHETIC_DEMO
2024-06-14,BDI,1838.9,SYNTHETIC_DEMO
2024-06-14,BCI,2658.4,SYNTHETIC_DEMO
2024-06-14,BPI,1679.1,SYNTHETIC_DEMO
2024-06-14,BSI,1338.5,SYNTHETIC_DEMO
2024-06-14,BHSI,763.1,SYNTHETIC_DEMO
2024-06-15,BDI,1854.4,SYNTHETIC_DEMO
2024-06-15,BCI,2611.4,SYNTHETIC_DEMO
2024-06-15,BPI,1747.9,SYNTHETIC_DEMO
2024-06-15,BSI,1307.7,SYNTHETIC_DEMO
2024-06-15,BHSI,770.5,SYNTHETIC_DEMO
2024-06-16,BDI,1863.1,SYNTHETIC_DEMO
2024-06-16,BCI,2643.1,SYNTHETIC_DEMO
2024-06-16,BPI,1713.3,SYNTHETIC_DEMO
2024-06-16,BSI,1329.9,SYNTHETIC_DEMO
2024-06-16,BHSI,785.6,SYNTHETIC_DEMO
2024-06-17,BDI,1833.9,SYNTHETIC_DEMO
2024-06-17,BCI,2629.5,SYNTHETIC_DEMO
2024-06-17,BPI,1702.6,SYNTHETIC_DEMO
2024-06-17,BSI,1306.0,SYNTHETIC_DEMO
2024-06-17,BHSI,756.3,SYNTHETIC_DEMO
2024-06-18,BDI,1825.5,SYNTHETIC_DEMO
2024-06-18,BCI,2578.0,SYNTHETIC_DEMO
2024-06-18,BPI,1667.5,SYNTHETIC_DEMO
2024-06-18,BSI,1301.8,SYNTHETIC_DEMO
2024-06-18,BHSI,767.8,SYNTHETIC_DEMO
2024-06-19,BDI,1780.8,SYNTHETIC_DEMO
2024-06-19,BCI,2603.3,SYNTHETIC_DEMO
2024-06-19,BPI,1629.5,SYNTHETIC_DEMO
2024-06-19,BSI,1304.8,SYNTHETIC_DEMO
2024-06-19,BHSI,748.4,SYNTHETIC_DEMO
2024-06-20,BDI,1792.1,SYNTHETIC_DEMO
2024-06-20,BCI,2610.5,SYNTHETIC_DEMO
2024-06-20,BPI,1604.2,SYNTHETIC_DEMO
2024-06-20,BSI,1291.9,SYNTHETIC_DEMO
2024-06-20,BHSI,750.9,SYNTHETIC_DEMO
2024-06-21,BDI,1818.5,SYNTHETIC_DEMO
2024-06-21,BCI,2630.7,SYNTHETIC_DEMO
2024-06-21,BPI,1668.1,SYNTHETIC_DEMO
2024-06-21,BSI,1293.8,SYNTHETIC_DEMO
2024-06-21,BHSI,749.9,SYNTHETIC_DEMO
2024-06-22,BDI,1834.5,SYNTHETIC_DEMO
2024-06-22,BCI,2617.2,SYNTHETIC_DEMO
2024-06-22,BPI,1713.8,SYNTHETIC_DEMO
2024-06-22,BSI,1305.7,SYNTHETIC_DEMO
2024-06-22,BHSI,752.6,SYNTHETIC_DEMO
2024-06-23,BDI,1829.2,SYNTHETIC_DEMO
2024-06-23,BCI,2579.9,SYNTHETIC_DEMO
2024-06-23,BPI,1684.5,SYNTHETIC_DEMO
2024-06-23,BSI,1306.2,SYNTHETIC_DEMO
2024-06-23,BHSI,767.9,SYNTHETIC_DEMO
2024-06-24,BDI,1780.6,SYNTHETIC_DEMO
2024-06-24,BCI,2568.5,SYNTHETIC_DEMO
2024-06-24,BPI,1625.8,SYNTHETIC_DEMO
2024-06-24,BSI,1283.7,SYNTHETIC_DEMO
2024-06-24,BHSI,739.2,SYNTHETIC_DEMO
2024-06-25,BDI,1780.4,SYNTHETIC_DEMO
2024-06-25,BCI,2513.5,SYNTHETIC_DEMO
2024-06-25,BPI,1659.9,SYNTHETIC_DEMO
2024-06-25,BSI,1265.0,SYNTHETIC_DEMO
2024-06-25,BHSI,721.2,SYNTHETIC_DEMO
2024-06-26,BDI,1800.4,SYNTHETIC_DEMO
2024-06-26,BCI,2559.5,SYNTHETIC_DEMO
2024-06-26,BPI,1627.1,SYNTHETIC_DEMO
2024-06-26,BSI,1287.1,SYNTHETIC_DEMO
2024-06-26,BHSI,768.6,SYNTHETIC_DEMO
2024-06-27,BDI,1841.9,SYNTHETIC_DEMO
2024-06-27,BCI,2587.4,SYNTHETIC_DEMO
2024-06-27,BPI,1719.5,SYNTHETIC_DEMO
2024-06-27,BSI,1315.5,SYNTHETIC_DEMO
2024-06-27,BHSI,786.0,SYNTHETIC_DEMO
2024-06-28,BDI,1857.4,SYNTHETIC_DEMO
2024-06-28,BCI,2657.5,SYNTHETIC_DEMO
2024-06-28,BPI,1682.3,SYNTHETIC_DEMO
2024-06-28,BSI,1339.4,SYNTHETIC_DEMO
2024-06-28,BHSI,773.3,SYNTHETIC_DEMO
2024-06-29,BDI,1842.9,SYNTHETIC_DEMO
2024-06-29,BCI,2578.8,SYNTHETIC_DEMO
2024-06-29,BPI,1672.1,SYNTHETIC_DEMO
2024-06-29,BSI,1343.1,SYNTHETIC_DEMO
2024-06-29,BHSI,779.1,SYNTHETIC_DEMO
2024-06-30,BDI,1823.6,SYNTHETIC_DEMO
2024-06-30,BCI,2618.8,SYNTHETIC_DEMO
2024-06-30,BPI,1679.3,SYNTHETIC_DEMO
2024-06-30,BSI,1326.0,SYNTHETIC_DEMO
2024-06-30,BHSI,756.8,SYNTHETIC_DEMO
2024-07-01,BDI,1856.1,SYNTHETIC_DEMO
2024-07-01,BCI,2546.5,SYNTHETIC_DEMO
2024-07-01,BPI,1725.7,SYNTHETIC_DEMO
2024-07-01,BSI,1343.1,SYNTHETIC_DEMO
2024-07-01,BHSI,763.4,SYNTHETIC_DEMO
2024-07-02,BDI,1884.0,SYNTHETIC_DEMO
2024-07-02,BCI,2745.5,SYNTHETIC_DEMO
2024-07-02,BPI,1718.8,SYNTHETIC_DEMO
2024-07-02,BSI,1349.5,SYNTHETIC_DEMO
2024-07-02,BHSI,806.2,SYNTHETIC_DEMO
2024-07-03,BDI,1879.2,SYNTHETIC_DEMO
2024-07-03,BCI,2628.3,SYNTHETIC_DEMO
2024-07-03,BPI,1754.2,SYNTHETIC_DEMO
2024-07-03,BSI,1336.7,SYNTHETIC_DEMO
2024-07-03,BHSI,793.7,SYNTHETIC_DEMO
2024-07-04,BDI,1907.4,SYNTHETIC_DEMO
2024-07-04,BCI,2716.1,SYNTHETIC_DEMO
2024-07-04,BPI,1821.2,SYNTHETIC_DEMO
2024-07-04,BSI,1366.5,SYNTHETIC_DEMO
2024-07-04,BHSI,811.8,SYNTHETIC_DEMO
2024-07-05,BDI,1883.5,SYNTHETIC_DEMO
2024-07-05,BCI,2711.0,SYNTHETIC_DEMO
2024-07-05,BPI,1739.6,SYNTHETIC_DEMO
2024-07-05,BSI,1363.1,SYNTHETIC_DEMO
2024-07-05,BHSI,801.3,SYNTHETIC_DEMO
2024-07-06,BDI,1882.4,SYNTHETIC_DEMO
2024-07-06,BCI,2699.5,SYNTHETIC_DEMO
2024-07-06,BPI,1713.5,SYNTHETIC_DEMO
2024-07-06,BSI,1367.9,SYNTHETIC_DEMO
2024-07-06,BHSI,780.3,SYNTHETIC_DEMO
2024-07-07,BDI,1866.0,SYNTHETIC_DEMO
2024-07-07,BCI,2621.0,SYNTHETIC_DEMO
2024-07-07,BPI,1745.5,SYNTHETIC_DEMO
2024-07-07,BSI,1336.3,SYNTHETIC_DEMO
2024-07-07,BHSI,747.6,SYNTHETIC_DEMO
2024-07-08,BDI,1848.1,SYNTHETIC_DEMO
2024-07-08,BCI,2591.7,SYNTHETIC_DEMO
2024-07-08,BPI,1716.1,SYNTHETIC_DEMO
2024-07-08,BSI,1339.4,SYNTHETIC_DEMO
2024-07-08,BHSI,792.6,SYNTHETIC_DEMO
2024-07-09,BDI,1880.1,SYNTHETIC_DEMO
2024-07-09,BCI,2584.7,SYNTHETIC_DEMO
2024-07-09,BPI,1761.5,SYNTHETIC_DEMO
2024-07-09,BSI,1356.9,SYNTHETIC_DEMO
2024-07-09,BHSI,764.0,SYNTHETIC_DEMO
2024-07-10,BDI,1885.2,SYNTHETIC_DEMO
2024-07-10,BCI,2645.2,SYNTHETIC_DEMO
2024-07-10,BPI,1725.7,SYNTHETIC_DEMO
2024-07-10,BSI,1358.0,SYNTHETIC_DEMO
2024-07-10,BHSI,786.2,SYNTHETIC_DEMO
2024-07-11,BDI,1936.1,SYNTHETIC_DEMO
2024-07-11,BCI,2696.1,SYNTHETIC_DEMO
2024-07-11,BPI,1831.6,SYNTHETIC_DEMO
2024-07-11,BSI,1406.1,SYNTHETIC_DEMO
2024-07-11,BHSI,796.3,SYNTHETIC_DEMO
2024-07-12,BDI,1951.4,SYNTHETIC_DEMO
2024-07-12,BCI,2790.6,SYNTHETIC_DEMO
2024-07-12,BPI,1797.5,SYNTHETIC_DEMO
2024-07-12,BSI,1426.9,SYNTHETIC_DEMO
2024-07-12,BHSI,809.3,SYNTHETIC_DEMO
2024-07-13,BDI,1971.0,SYNTHETIC_DEMO
2024-07-13,BCI,2836.1,SYNTHETIC_DEMO
2024-07-13,BPI,1804.1,SYNTHETIC_DEMO
2024-07-13,BSI,1435.0,SYNTHETIC_DEMO
2024-07-13,BHSI,844.7,SYNTHETIC_DEMO
2024-07-14,BDI,1943.5,SYNTHETIC_DEMO
2024-07-14,BCI,2792.7,SYNTHETIC_DEMO
2024-07-14,BPI,1782.6,SYNTHETIC_DEMO
2024-07-14,BSI,1371.7,SYNTHETIC_DEMO
2024-07-14,BHSI,827.6,SYNTHETIC_DEMO
2024-07-15,BDI,1972.2,SYNTHETIC_DEMO
2024-07-15,BCI,2765.3,SYNTHETIC_DEMO
2024-07-15,BPI,1787.3,SYNTHETIC_DEMO
2024-07-15,BSI,1412.6,SYNTHETIC_DEMO
2024-07-15,BHSI,817.7,SYNTHETIC_DEMO
2024-07-16,BDI,1993.9,SYNTHETIC_DEMO
2024-07-16,BCI,2860.5,SYNTHETIC_DEMO
2024-07-16,BPI,1839.9,SYNTHETIC_DEMO
2024-07-16,BSI,1478.6,SYNTHETIC_DEMO
2024-07-16,BHSI,858.9,SYNTHETIC_DEMO
2024-07-17,BDI,2042.4,SYNTHETIC_DEMO
2024-07-17,BCI,2898.4,SYNTHETIC_DEMO
2024-07-17,BPI,1881.1,SYNTHETIC_DEMO
2024-07-17,BSI,1472.2,SYNTHETIC_DEMO
2024-07-17,BHSI,858.7,SYNTHETIC_DEMO
2024-07-18,BDI,2075.2,SYNTHETIC_DEMO
2024-07-18,BCI,2868.2,SYNTHETIC_DEMO
2024-07-18,BPI,1894.9,SYNTHETIC_DEMO
2024-07-18,BSI,1509.6,SYNTHETIC_DEMO
2024-07-18,BHSI,876.1,SYNTHETIC_DEMO
2024-07-19,BDI,2075.9,SYNTHETIC_DEMO
2024-07-19,BCI,2867.2,SYNTHETIC_DEMO
2024-07-19,BPI,1899.5,SYNTHETIC_DEMO
2024-07-19,BSI,1480.8,SYNTHETIC_DEMO
2024-07-19,BHSI,878.9,SYNTHETIC_DEMO
2024-07-20,BDI,2091.4,SYNTHETIC_DEMO
2024-07-20,BCI,2991.3,SYNTHETIC_DEMO
2024-07-20,BPI,1973.9,SYNTHETIC_DEMO
2024-07-20,BSI,1511.8,SYNTHETIC_DEMO
2024-07-20,BHSI,864.0,SYNTHETIC_DEMO
2024-07-21,BDI,2104.9,SYNTHETIC_DEMO
2024-07-21,BCI,3010.1,SYNTHETIC_DEMO
2024-07-21,BPI,1936.9,SYNTHETIC_DEMO
2024-07-21,BSI,1495.5,SYNTHETIC_DEMO
2024-07-21,BHSI,888.9,SYNTHETIC_DEMO
2024-07-22,BDI,2141.1,SYNTHETIC_DEMO
2024-07-22,BCI,2952.8,SYNTHETIC_DEMO
2024-07-22,BPI,1927.8,SYNTHETIC_DEMO
2024-07-22,BSI,1530.4,SYNTHETIC_DEMO
2024-07-22,BHSI,926.5,SYNTHETIC_DEMO
2024-07-23,BDI,2172.1,SYNTHETIC_DEMO
2024-07-23,BCI,3015.2,SYNTHETIC_DEMO
2024-07-23,BPI,1958.8,SYNTHETIC_DEMO
2024-07-23,BSI,1539.8,SYNTHETIC_DEMO
2024-07-23,BHSI,903.6,SYNTHETIC_DEMO
2024-07-24,BDI,2111.7,SYNTHETIC_DEMO
2024-07-24,BCI,2943.8,SYNTHETIC_DEMO
2024-07-24,BPI,1964.8,SYNTHETIC_DEMO
2024-07-24,BSI,1496.6,SYNTHETIC_DEMO
2024-07-24,BHSI,889.9,SYNTHETIC_DEMO
2024-07-25,BDI,2147.3,SYNTHETIC_DEMO
2024-07-25,BCI,3097.1,SYNTHETIC_DEMO
2024-07-25,BPI,1996.8,SYNTHETIC_DEMO
2024-07-25,BSI,1516.4,SYNTHETIC_DEMO
2024-07-25,BHSI,922.6,SYNTHETIC_DEMO
2024-07-26,BDI,2112.4,SYNTHETIC_DEMO
2024-07-26,BCI,2981.2,SYNTHETIC_DEMO
2024-07-26,BPI,1940.5,SYNTHETIC_DEMO
2024-07-26,BSI,1501.5,SYNTHETIC_DEMO
2024-07-26,BHSI,899.7,SYNTHETIC_DEMO
2024-07-27,BDI,2091.6,SYNTHETIC_DEMO
2024-07-27,BCI,3085.4,SYNTHETIC_DEMO
2024-07-27,BPI,1915.5,SYNTHETIC_DEMO
2024-07-27,BSI,1481.4,SYNTHETIC_DEMO
2024-07-27,BHSI,876.5,SYNTHETIC_DEMO
2024-07-28,BDI,2025.2,SYNTHETIC_DEMO
2024-07-28,BCI,2893.6,SYNTHETIC_DEMO
2024-07-28,BPI,1882.6,SYNTHETIC_DEMO
2024-07-28,BSI,1439.2,SYNTHETIC_DEMO
2024-07-28,BHSI,838.1,SYNTHETIC_DEMO
2024-07-29,BDI,2083.8,SYNTHETIC_DEMO
2024-07-29,BCI,2917.7,SYNTHETIC_DEMO
2024-07-29,BPI,1902.4,SYNTHETIC_DEMO
2024-07-29,BSI,1502.9,SYNTHETIC_DEMO
2024-07-29,BHSI,875.6,SYNTHETIC_DEMO
2024-07-30,BDI,2096.9,SYNTHETIC_DEMO
2024-07-30,BCI,2891.0,SYNTHETIC_DEMO
2024-07-30,BPI,1912.6,SYNTHETIC_DEMO
2024-07-30,BSI,1516.1,SYNTHETIC_DEMO
2024-07-30,BHSI,876.3,SYNTHETIC_DEMO
2024-07-31,BDI,2070.3,SYNTHETIC_DEMO
2024-07-31,BCI,2944.2,SYNTHETIC_DEMO
2024-07-31,BPI,1881.3,SYNTHETIC_DEMO
2024-07-31,BSI,1478.4,SYNTHETIC_DEMO
2024-07-31,BHSI,862.0,SYNTHETIC_DEMO
2024-08-01,BDI,2091.2,SYNTHETIC_DEMO
2024-08-01,BCI,2995.7,SYNTHETIC_DEMO
2024-08-01,BPI,1949.2,SYNTHETIC_DEMO
2024-08-01,BSI,1491.8,SYNTHETIC_DEMO
2024-08-01,BHSI,865.6,SYNTHETIC_DEMO
2024-08-02,BDI,2102.4,SYNTHETIC_DEMO
2024-08-02,BCI,2932.2,SYNTHETIC_DEMO
2024-08-02,BPI,1958.0,SYNTHETIC_DEMO
2024-08-02,BSI,1519.6,SYNTHETIC_DEMO
2024-08-02,BHSI,878.5,SYNTHETIC_DEMO
2024-08-03,BDI,2106.6,SYNTHETIC_DEMO
2024-08-03,BCI,3044.2,SYNTHETIC_DEMO
2024-08-03,BPI,1964.9,SYNTHETIC_DEMO
2024-08-03,BSI,1513.0,SYNTHETIC_DEMO
2024-08-03,BHSI,889.2,SYNTHETIC_DEMO
2024-08-04,BDI,2077.4,SYNTHETIC_DEMO
2024-08-04,BCI,2855.1,SYNTHETIC_DEMO
2024-08-04,BPI,1955.0,SYNTHETIC_DEMO
2024-08-04,BSI,1502.6,SYNTHETIC_DEMO
2024-08-04,BHSI,849.2,SYNTHETIC_DEMO
2024-08-05,BDI,2089.3,SYNTHETIC_DEMO
2024-08-05,BCI,3017.5,SYNTHETIC_DEMO
2024-08-05,BPI,1956.7,SYNTHETIC_DEMO
2024-08-05,BSI,1516.7,SYNTHETIC_DEMO
2024-08-05,BHSI,869.6,SYNTHETIC_DEMO
2024-08-06,BDI,2060.7,SYNTHETIC_DEMO
2024-08-06,BCI,2942.2,SYNTHETIC_DEMO
2024-08-06,BPI,1896.3,SYNTHETIC_DEMO
2024-08-06,BSI,1485.0,SYNTHETIC_DEMO
2024-08-06,BHSI,862.6,SYNTHETIC_DEMO
2024-08-07,BDI,2071.4,SYNTHETIC_DEMO
2024-08-07,BCI,2867.6,SYNTHETIC_DEMO
2024-08-07,BPI,1910.6,SYNTHETIC_DEMO
2024-08-07,BSI,1489.4,SYNTHETIC_DEMO
2024-08-07,BHSI,875.3,SYNTHETIC_DEMO
2024-08-08,BDI,2049.9,SYNTHETIC_DEMO
2024-08-08,BCI,2921.8,SYNTHETIC_DEMO
2024-08-08,BPI,1847.0,SYNTHETIC_DEMO
2024-08-08,BSI,1495.7,SYNTHETIC_DEMO
2024-08-08,BHSI,870.3,SYNTHETIC_DEMO
2024-08-09,BDI,2030.5,SYNTHETIC_DEMO
2024-08-09,BCI,2952.0,SYNTHETIC_DEMO
2024-08-09,BPI,1858.4,SYNTHETIC_DEMO
2024-08-09,BSI,1436.3,SYNTHETIC_DEMO
2024-08-09,BHSI,858.2,SYNTHETIC_DEMO
2024-08-10,BDI,2073.8,SYNTHETIC_DEMO
2024-08-10,BCI,2938.0,SYNTHETIC_DEMO
2024-08-10,BPI,1907.7,SYNTHETIC_DEMO
2024-08-10,BSI,1526.0,SYNTHETIC_DEMO
2024-08-10,BHSI,871.6,SYNTHETIC_DEMO
2024-08-11,BDI,2036.2,SYNTHETIC_DEMO
2024-08-11,BCI,2960.7,SYNTHETIC_DEMO
2024-08-11,BPI,1865.0,SYNTHETIC_DEMO
2024-08-11,BSI,1468.6,SYNTHETIC_DEMO
2024-08-11,BHSI,856.0,SYNTHETIC_DEMO
2024-08-12,BDI,2035.0,SYNTHETIC_DEMO
2024-08-12,BCI,2776.3,SYNTHETIC_DEMO
2024-08-12,BPI,1895.4,SYNTHETIC_DEMO
2024-08-12,BSI,1455.5,SYNTHETIC_DEMO
2024-08-12,BHSI,844.5,SYNTHETIC_DEMO
2024-08-13,BDI,2069.1,SYNTHETIC_DEMO
2024-08-13,BCI,2891.5,SYNTHETIC_DEMO
2024-08-13,BPI,1900.5,SYNTHETIC_DEMO
2024-08-13,BSI,1490.2,SYNTHETIC_DEMO
2024-08-13,BHSI,866.1,SYNTHETIC_DEMO
2024-08-14,BDI,2085.0,SYNTHETIC_DEMO
2024-08-14,BCI,2922.1,SYNTHETIC_DEMO
2024-08-14,BPI,1890.6,SYNTHETIC_DEMO
2024-08-14,BSI,1503.3,SYNTHETIC_DEMO
2024-08-14,BHSI,874.9,SYNTHETIC_DEMO
2024-08-15,BDI,2111.9,SYNTHETIC_DEMO
2024-08-15,BCI,2998.3,SYNTHETIC_DEMO
2024-08-15,BPI,1939.8,SYNTHETIC_DEMO
2024-08-15,BSI,1528.4,SYNTHETIC_DEMO
2024-08-15,BHSI,886.3,SYNTHETIC_DEMO
2024-08-16,BDI,2083.7,SYNTHETIC_DEMO
2024-08-16,BCI,2964.6,SYNTHETIC_DEMO
2024-08-16,BPI,1906.4,SYNTHETIC_DEMO
2024-08-16,BSI,1504.1,SYNTHETIC_DEMO
2024-08-16,BHSI,886.9,SYNTHETIC_DEMO
2024-08-17,BDI,2063.1,SYNTHETIC_DEMO
2024-08-17,BCI,2994.2,SYNTHETIC_DEMO
2024-08-17,BPI,1900.4,SYNTHETIC_DEMO
2024-08-17,BSI,1522.0,SYNTHETIC_DEMO
2024-08-17,BHSI,860.4,SYNTHETIC_DEMO
2024-08-18,BDI,2053.5,SYNTHETIC_DEMO
2024-08-18,BCI,2962.9,SYNTHETIC_DEMO
2024-08-18,BPI,1881.9,SYNTHETIC_DEMO
2024-08-18,BSI,1468.7,SYNTHETIC_DEMO
2024-08-18,BHSI,868.6,SYNTHETIC_DEMO
2024-08-19,BDI,2070.0,SYNTHETIC_DEMO
2024-08-19,BCI,2936.1,SYNTHETIC_DEMO
2024-08-19,BPI,1908.5,SYNTHETIC_DEMO
2024-08-19,BSI,1489.9,SYNTHETIC_DEMO
2024-08-19,BHSI,844.5,SYNTHETIC_DEMO
2024-08-20,BDI,2074.6,SYNTHETIC_DEMO
2024-08-20,BCI,2959.6,SYNTHETIC_DEMO
2024-08-20,BPI,1923.9,SYNTHETIC_DEMO
2024-08-20,BSI,1456.7,SYNTHETIC_DEMO
2024-08-20,BHSI,905.5,SYNTHETIC_DEMO
2024-08-21,BDI,2132.2,SYNTHETIC_DEMO
2024-08-21,BCI,3031.2,SYNTHETIC_DEMO
2024-08-21,BPI,1979.4,SYNTHETIC_DEMO
2024-08-21,BSI,1586.6,SYNTHETIC_DEMO
2024-08-21,BHSI,899.1,SYNTHETIC_DEMO
2024-08-22,BDI,2114.2,SYNTHETIC_DEMO
2024-08-22,BCI,3076.8,SYNTHETIC_DEMO
2024-08-22,BPI,1941.9,SYNTHETIC_DEMO
2024-08-22,BSI,1524.2,SYNTHETIC_DEMO
2024-08-22,BHSI,890.6,SYNTHETIC_DEMO
2024-08-23,BDI,2125.6,SYNTHETIC_DEMO
2024-08-23,BCI,2951.0,SYNTHETIC_DEMO
2024-08-23,BPI,1940.9,SYNTHETIC_DEMO
2024-08-23,BSI,1529.5,SYNTHETIC_DEMO
2024-08-23,BHSI,882.2,SYNTHETIC_DEMO
2024-08-24,BDI,2122.8,SYNTHETIC_DEMO
2024-08-24,BCI,3057.2,SYNTHETIC_DEMO
2024-08-24,BPI,1986.3,SYNTHETIC_DEMO
2024-08-24,BSI,1543.3,SYNTHETIC_DEMO
2024-08-24,BHSI,892.8,SYNTHETIC_DEMO
2024-08-25,BDI,2109.2,SYNTHETIC_DEMO
2024-08-25,BCI,3019.1,SYNTHETIC_DEMO
2024-08-25,BPI,1917.4,SYNTHETIC_DEMO
2024-08-25,BSI,1531.4,SYNTHETIC_DEMO
2024-08-25,BHSI,889.6,SYNTHETIC_DEMO
2024-08-26,BDI,2131.3,SYNTHETIC_DEMO
2024-08-26,BCI,2949.5,SYNTHETIC_DEMO
2024-08-26,BPI,1980.1,SYNTHETIC_DEMO
2024-08-26,BSI,1516.3,SYNTHETIC_DEMO
2024-08-26,BHSI,868.1,SYNTHETIC_DEMO
2024-08-27,BDI,2141.3,SYNTHETIC_DEMO
2024-08-27,BCI,2965.4,SYNTHETIC_DEMO
2024-08-27,BPI,1918.7,SYNTHETIC_DEMO
2024-08-27,BSI,1560.5,SYNTHETIC_DEMO
2024-08-27,BHSI,903.3,SYNTHETIC_DEMO
2024-08-28,BDI,2137.8,SYNTHETIC_DEMO
2024-08-28,BCI,3060.6,SYNTHETIC_DEMO
2024-08-28,BPI,1934.1,SYNTHETIC_DEMO
2024-08-28,BSI,1528.0,SYNTHETIC_DEMO
2024-08-28,BHSI,889.1,SYNTHETIC_DEMO
2024-08-29,BDI,2149.2,SYNTHETIC_DEMO
2024-08-29,BCI,3050.4,SYNTHETIC_DEMO
2024-08-29,BPI,1957.0,SYNTHETIC_DEMO
2024-08-29,BSI,1520.2,SYNTHETIC_DEMO
2024-08-29,BHSI,874.8,SYNTHETIC_DEMO
2024-08-30,BDI,2152.3,SYNTHETIC_DEMO
2024-08-30,BCI,3112.2,SYNTHETIC_DEMO
2024-08-30,BPI,1974.3,SYNTHETIC_DEMO
2024-08-30,BSI,1537.3,SYNTHETIC_DEMO
2024-08-30,BHSI,882.7,SYNTHETIC_DEMO
2024-08-31,BDI,2085.9,SYNTHETIC_DEMO
2024-08-31,BCI,2914.1,SYNTHETIC_DEMO
2024-08-31,BPI,1929.4,SYNTHETIC_DEMO
2024-08-31,BSI,1501.0,SYNTHETIC_DEMO
2024-08-31,BHSI,864.0,SYNTHETIC_DEMO
2024-09-01,BDI,2066.2,SYNTHETIC_DEMO
2024-09-01,BCI,2913.0,SYNTHETIC_DEMO
2024-09-01,BPI,1903.3,SYNTHETIC_DEMO
2024-09-01,BSI,1486.9,SYNTHETIC_DEMO
2024-09-01,BHSI,871.0,SYNTHETIC_DEMO
2024-09-02,BDI,2071.6,SYNTHETIC_DEMO
2024-09-02,BCI,2967.2,SYNTHETIC_DEMO
2024-09-02,BPI,1908.4,SYNTHETIC_DEMO
2024-09-02,BSI,1475.2,SYNTHETIC_DEMO
2024-09-02,BHSI,895.2,SYNTHETIC_DEMO
2024-09-03,BDI,2038.7,SYNTHETIC_DEMO
2024-09-03,BCI,2869.1,SYNTHETIC_DEMO
2024-09-03,BPI,1892.8,SYNTHETIC_DEMO
2024-09-03,BSI,1460.0,SYNTHETIC_DEMO
2024-09-03,BHSI,859.5,SYNTHETIC_DEMO
2024-09-04,BDI,2015.2,SYNTHETIC_DEMO
2024-09-04,BCI,2794.7,SYNTHETIC_DEMO
2024-09-04,BPI,1902.7,SYNTHETIC_DEMO
2024-09-04,BSI,1451.8,SYNTHETIC_DEMO
2024-09-04,BHSI,872.7,SYNTHETIC_DEMO
2024-09-05,BDI,1994.9,SYNTHETIC_DEMO
2024-09-05,BCI,2798.6,SYNTHETIC_DEMO
2024-09-05,BPI,1893.8,SYNTHETIC_DEMO
2024-09-05,BSI,1417.4,SYNTHETIC_DEMO
2024-09-05,BHSI,847.9,SYNTHETIC_DEMO
2024-09-06,BDI,1967.5,SYNTHETIC_DEMO
2024-09-06,BCI,2750.0,SYNTHETIC_DEMO
2024-09-06,BPI,1786.2,SYNTHETIC_DEMO
2024-09-06,BSI,1410.7,SYNTHETIC_DEMO
2024-09-06,BHSI,828.2,SYNTHETIC_DEMO
2024-09-07,BDI,1975.5,SYNTHETIC_DEMO
2024-09-07,BCI,2792.9,SYNTHETIC_DEMO
2024-09-07,BPI,1807.8,SYNTHETIC_DEMO
2024-09-07,BSI,1416.4,SYNTHETIC_DEMO
2024-09-07,BHSI,837.3,SYNTHETIC_DEMO
2024-09-08,BDI,1961.2,SYNTHETIC_DEMO
2024-09-08,BCI,2806.9,SYNTHETIC_DEMO
2024-09-08,BPI,1770.2,SYNTHETIC_DEMO
2024-09-08,BSI,1374.4,SYNTHETIC_DEMO
2024-09-08,BHSI,800.7,SYNTHETIC_DEMO
2024-09-09,BDI,1946.5,SYNTHETIC_DEMO
2024-09-09,BCI,2757.1,SYNTHETIC_DEMO
2024-09-09,BPI,1817.3,SYNTHETIC_DEMO
2024-09-09,BSI,1389.9,SYNTHETIC_DEMO
2024-09-09,BHSI,811.8,SYNTHETIC_DEMO
2024-09-10,BDI,1916.0,SYNTHETIC_DEMO
2024-09-10,BCI,2731.3,SYNTHETIC_DEMO
2024-09-10,BPI,1744.9,SYNTHETIC_DEMO
2024-09-10,BSI,1364.1,SYNTHETIC_DEMO
2024-09-10,BHSI,787.3,SYNTHETIC_DEMO
2024-09-11,BDI,1844.6,SYNTHETIC_DEMO
2024-09-11,BCI,2699.0,SYNTHETIC_DEMO
2024-09-11,BPI,1724.1,SYNTHETIC_DEMO
2024-09-11,BSI,1318.5,SYNTHETIC_DEMO
2024-09-11,BHSI,778.4,SYNTHETIC_DEMO
2024-09-12,BDI,1817.8,SYNTHETIC_DEMO
2024-09-12,BCI,2566.2,SYNTHETIC_DEMO
2024-09-12,BPI,1677.6,SYNTHETIC_DEMO
2024-09-12,BSI,1289.4,SYNTHETIC_DEMO
2024-09-12,BHSI,779.8,SYNTHETIC_DEMO
2024-09-13,BDI,1838.0,SYNTHETIC_DEMO
2024-09-13,BCI,2554.3,SYNTHETIC_DEMO
2024-09-13,BPI,1707.3,SYNTHETIC_DEMO
2024-09-13,BSI,1325.6,SYNTHETIC_DEMO
2024-09-13,BHSI,770.9,SYNTHETIC_DEMO
2024-09-14,BDI,1887.8,SYNTHETIC_DEMO
2024-09-14,BCI,2721.1,SYNTHETIC_DEMO
2024-09-14,BPI,1763.9,SYNTHETIC_DEMO
2024-09-14,BSI,1358.4,SYNTHETIC_DEMO
2024-09-14,BHSI,800.7,SYNTHETIC_DEMO
2024-09-15,BDI,1922.8,SYNTHETIC_DEMO
2024-09-15,BCI,2713.2,SYNTHETIC_DEMO
2024-09-15,BPI,1780.2,SYNTHETIC_DEMO
2024-09-15,BSI,1385.2,SYNTHETIC_DEMO
2024-09-15,BHSI,800.8,SYNTHETIC_DEMO
2024-09-16,BDI,1930.6,SYNTHETIC_DEMO
2024-09-16,BCI,2714.0,SYNTHETIC_DEMO
2024-09-16,BPI,1723.4,SYNTHETIC_DEMO
2024-09-16,BSI,1395.5,SYNTHETIC_DEMO
2024-09-16,BHSI,839.1,SYNTHETIC_DEMO
2024-09-17,BDI,1954.7,SYNTHETIC_DEMO
2024-09-17,BCI,2811.0,SYNTHETIC_DEMO
2024-09-17,BPI,1776.7,SYNTHETIC_DEMO
2024-09-17,BSI,1407.3,SYNTHETIC_DEMO
2024-09-17,BHSI,828.9,SYNTHETIC_DEMO
2024-09-18,BDI,2027.9,SYNTHETIC_DEMO
2024-09-18,BCI,2837.9,SYNTHETIC_DEMO
2024-09-18,BPI,1900.1,SYNTHETIC_DEMO
2024-09-18,BSI,1477.4,SYNTHETIC_DEMO
2024-09-18,BHSI,856.1,SYNTHETIC_DEMO
2024-09-19,BDI,2027.3,SYNTHETIC_DEMO
2024-09-19,BCI,2879.6,SYNTHETIC_DEMO
2024-09-19,BPI,1874.7,SYNTHETIC_DEMO
2024-09-19,BSI,1434.0,SYNTHETIC_DEMO
2024-09-19,BHSI,861.1,SYNTHETIC_DEMO
2024-09-20,BDI,1990.6,SYNTHETIC_DEMO
2024-09-20,BCI,2797.4,SYNTHETIC_DEMO
2024-09-20,BPI,1850.8,SYNTHETIC_DEMO
2024-09-20,BSI,1417.9,SYNTHETIC_DEMO
2024-09-20,BHSI,837.0,SYNTHETIC_DEMO
2024-09-21,BDI,1988.3,SYNTHETIC_DEMO
2024-09-21,BCI,2792.0,SYNTHETIC_DEMO
2024-09-21,BPI,1826.1,SYNTHETIC_DEMO
2024-09-21,BSI,1442.7,SYNTHETIC_DEMO
2024-09-21,BHSI,810.3,SYNTHETIC_DEMO
2024-09-22,BDI,2045.5,SYNTHETIC_DEMO
2024-09-22,BCI,2981.4,SYNTHETIC_DEMO
2024-09-22,BPI,1924.9,SYNTHETIC_DEMO
2024-09-22,BSI,1484.2,SYNTHETIC_DEMO
2024-09-22,BHSI,868.0,SYNTHETIC_DEMO
2024-09-23,BDI,2004.8,SYNTHETIC_DEMO
2024-09-23,BCI,2768.8,SYNTHETIC_DEMO
2024-09-23,BPI,1887.7,SYNTHETIC_DEMO
2024-09-23,BSI,1477.0,SYNTHETIC_DEMO
2024-09-23,BHSI,846.0,SYNTHETIC_DEMO
2024-09-24,BDI,2000.4,SYNTHETIC_DEMO
2024-09-24,BCI,2831.0,SYNTHETIC_DEMO
2024-09-24,BPI,1855.8,SYNTHETIC_DEMO
2024-09-24,BSI,1410.9,SYNTHETIC_DEMO
2024-09-24,BHSI,831.1,SYNTHETIC_DEMO
2024-09-25,BDI,1967.8,SYNTHETIC_DEMO
2024-09-25,BCI,2852.8,SYNTHETIC_DEMO
2024-09-25,BPI,1812.9,SYNTHETIC_DEMO
2024-09-25,BSI,1388.9,SYNTHETIC_DEMO
2024-09-25,BHSI,811.8,SYNTHETIC_DEMO
2024-09-26,BDI,1962.3,SYNTHETIC_DEMO
2024-09-26,BCI,2728.3,SYNTHETIC_DEMO
2024-09-26,BPI,1799.9,SYNTHETIC_DEMO
2024-09-26,BSI,1415.8,SYNTHETIC_DEMO
2024-09-26,BHSI,835.1,SYNTHETIC_DEMO
2024-09-27,BDI,1996.3,SYNTHETIC_DEMO
2024-09-27,BCI,2786.3,SYNTHETIC_DEMO
2024-09-27,BPI,1834.4,SYNTHETIC_DEMO
2024-09-27,BSI,1395.4,SYNTHETIC_DEMO
2024-09-27,BHSI,842.5,SYNTHETIC_DEMO
2024-09-28,BDI,2005.5,SYNTHETIC_DEMO
2024-09-28,BCI,2812.7,SYNTHETIC_DEMO
2024-09-28,BPI,1845.4,SYNTHETIC_DEMO
2024-09-28,BSI,1428.8,SYNTHETIC_DEMO
2024-09-28,BHSI,842.2,SYNTHETIC_DEMO
2024-09-29,BDI,2006.7,SYNTHETIC_DEMO
2024-09-29,BCI,2881.3,SYNTHETIC_DEMO
2024-09-29,BPI,1866.3,SYNTHETIC_DEMO
2024-09-29,BSI,1444.1,SYNTHETIC_DEMO
2024-09-29,BHSI,865.4,SYNTHETIC_DEMO
2024-09-30,BDI,2039.9,SYNTHETIC_DEMO
2024-09-30,BCI,2852.3,SYNTHETIC_DEMO
2024-09-30,BPI,1885.0,SYNTHETIC_DEMO
2024-09-30,BSI,1462.2,SYNTHETIC_DEMO
2024-09-30,BHSI,848.1,SYNTHETIC_DEMO
2024-10-01,BDI,2004.7,SYNTHETIC_DEMO
2024-10-01,BCI,2828.4,SYNTHETIC_DEMO
2024-10-01,BPI,1806.5,SYNTHETIC_DEMO
2024-10-01,BSI,1462.3,SYNTHETIC_DEMO
2024-10-01,BHSI,831.8,SYNTHETIC_DEMO
2024-10-02,BDI,1997.6,SYNTHETIC_DEMO
2024-10-02,BCI,2756.9,SYNTHETIC_DEMO
2024-10-02,BPI,1858.3,SYNTHETIC_DEMO
2024-10-02,BSI,1460.8,SYNTHETIC_DEMO
2024-10-02,BHSI,856.2,SYNTHETIC_DEMO
2024-10-03,BDI,1993.3,SYNTHETIC_DEMO
2024-10-03,BCI,2837.8,SYNTHETIC_DEMO
2024-10-03,BPI,1814.2,SYNTHETIC_DEMO
2024-10-03,BSI,1424.5,SYNTHETIC_DEMO
2024-10-03,BHSI,844.1,SYNTHETIC_DEMO
2024-10-04,BDI,1955.2,SYNTHETIC_DEMO
2024-10-04,BCI,2787.2,SYNTHETIC_DEMO
2024-10-04,BPI,1771.9,SYNTHETIC_DEMO
2024-10-04,BSI,1386.9,SYNTHETIC_DEMO
2024-10-04,BHSI,828.9,SYNTHETIC_DEMO
2024-10-05,BDI,1916.7,SYNTHETIC_DEMO
2024-10-05,BCI,2765.3,SYNTHETIC_DEMO
2024-10-05,BPI,1764.3,SYNTHETIC_DEMO
2024-10-05,BSI,1366.5,SYNTHETIC_DEMO
2024-10-05,BHSI,798.4,SYNTHETIC_DEMO
2024-10-06,BDI,1903.8,SYNTHETIC_DEMO
2024-10-06,BCI,2699.9,SYNTHETIC_DEMO
2024-10-06,BPI,1798.4,SYNTHETIC_DEMO
2024-10-06,BSI,1365.7,SYNTHETIC_DEMO
2024-10-06,BHSI,793.1,SYNTHETIC_DEMO
2024-10-07,BDI,1908.5,SYNTHETIC_DEMO
2024-10-07,BCI,2773.7,SYNTHETIC_DEMO
2024-10-07,BPI,1794.2,SYNTHETIC_DEMO
2024-10-07,BSI,1415.6,SYNTHETIC_DEMO
2024-10-07,BHSI,787.9,SYNTHETIC_DEMO
2024-10-08,BDI,1910.9,SYNTHETIC_DEMO
2024-10-08,BCI,2632.4,SYNTHETIC_DEMO
2024-10-08,BPI,1787.4,SYNTHETIC_DEMO
2024-10-08,BSI,1399.3,SYNTHETIC_DEMO
2024-10-08,BHSI,807.1,SYNTHETIC_DEMO
2024-10-09,BDI,1897.1,SYNTHETIC_DEMO
2024-10-09,BCI,2670.9,SYNTHETIC_DEMO
2024-10-09,BPI,1708.6,SYNTHETIC_DEMO
2024-10-09,BSI,1341.5,SYNTHETIC_DEMO
2024-10-09,BHSI,814.4,SYNTHETIC_DEMO
2024-10-10,BDI,1897.3,SYNTHETIC_DEMO
2024-10-10,BCI,2715.2,SYNTHETIC_DEMO
2024-10-10,BPI,1764.4,SYNTHETIC_DEMO
2024-10-10,BSI,1372.4,SYNTHETIC_DEMO
2024-10-10,BHSI,782.5,SYNTHETIC_DEMO
2024-10-11,BDI,1856.3,SYNTHETIC_DEMO
2024-10-11,BCI,2604.0,SYNTHETIC_DEMO
2024-10-11,BPI,1698.9,SYNTHETIC_DEMO
2024-10-11,BSI,1338.2,SYNTHETIC_DEMO
2024-10-11,BHSI,788.8,SYNTHETIC_DEMO
2024-10-12,BDI,1849.3,SYNTHETIC_DEMO
2024-10-12,BCI,2585.7,SYNTHETIC_DEMO
2024-10-12,BPI,1687.8,SYNTHETIC_DEMO
2024-10-12,BSI,1325.3,SYNTHETIC_DEMO
2024-10-12,BHSI,781.6,SYNTHETIC_DEMO
2024-10-13,BDI,1883.6,SYNTHETIC_DEMO
2024-10-13,BCI,2626.3,SYNTHETIC_DEMO
2024-10-13,BPI,1705.9,SYNTHETIC_DEMO
2024-10-13,BSI,1383.3,SYNTHETIC_DEMO
2024-10-13,BHSI,792.7,SYNTHETIC_DEMO
2024-10-14,BDI,1845.9,SYNTHETIC_DEMO
2024-10-14,BCI,2630.7,SYNTHETIC_DEMO
2024-10-14,BPI,1640.8,SYNTHETIC_DEMO
2024-10-14,BSI,1314.5,SYNTHETIC_DEMO
2024-10-14,BHSI,783.5,SYNTHETIC_DEMO
2024-10-15,BDI,1799.5,SYNTHETIC_DEMO
2024-10-15,BCI,2579.3,SYNTHETIC_DEMO
2024-10-15,BPI,1666.2,SYNTHETIC_DEMO
2024-10-15,BSI,1286.3,SYNTHETIC_DEMO
2024-10-15,BHSI,743.0,SYNTHETIC_DEMO
2024-10-16,BDI,1787.4,SYNTHETIC_DEMO
2024-10-16,BCI,2557.5,SYNTHETIC_DEMO
2024-10-16,BPI,1643.5,SYNTHETIC_DEMO
2024-10-16,BSI,1289.7,SYNTHETIC_DEMO
2024-10-16,BHSI,757.5,SYNTHETIC_DEMO
2024-10-17,BDI,1818.2,SYNTHETIC_DEMO
2024-10-17,BCI,2573.9,SYNTHETIC_DEMO
2024-10-17,BPI,1673.7,SYNTHETIC_DEMO
2024-10-17,BSI,1326.3,SYNTHETIC_DEMO
2024-10-17,BHSI,765.1,SYNTHETIC_DEMO
2024-10-18,BDI,1855.0,SYNTHETIC_DEMO
2024-10-18,BCI,2643.1,SYNTHETIC_DEMO
2024-10-18,BPI,1702.2,SYNTHETIC_DEMO
2024-10-18,BSI,1304.9,SYNTHETIC_DEMO
2024-10-18,BHSI,782.3,SYNTHETIC_DEMO
2024-10-19,BDI,1785.4,SYNTHETIC_DEMO
2024-10-19,BCI,2623.6,SYNTHETIC_DEMO
2024-10-19,BPI,1639.9,SYNTHETIC_DEMO
2024-10-19,BSI,1284.2,SYNTHETIC_DEMO
2024-10-19,BHSI,748.4,SYNTHETIC_DEMO
2024-10-20,BDI,1745.0,SYNTHETIC_DEMO
2024-10-20,BCI,2435.5,SYNTHETIC_DEMO
2024-10-20,BPI,1606.0,SYNTHETIC_DEMO
2024-10-20,BSI,1274.7,SYNTHETIC_DEMO
2024-10-20,BHSI,754.6,SYNTHETIC_DEMO
2024-10-21,BDI,1682.9,SYNTHETIC_DEMO
2024-10-21,BCI,2362.4,SYNTHETIC_DEMO
2024-10-21,BPI,1550.0,SYNTHETIC_DEMO
2024-10-21,BSI,1227.2,SYNTHETIC_DEMO
2024-10-21,BHSI,704.7,SYNTHETIC_DEMO
2024-10-22,BDI,1704.7,SYNTHETIC_DEMO
2024-10-22,BCI,2439.9,SYNTHETIC_DEMO
2024-10-22,BPI,1616.9,SYNTHETIC_DEMO
2024-10-22,BSI,1253.5,SYNTHETIC_DEMO
2024-10-22,BHSI,706.4,SYNTHETIC_DEMO
2024-10-23,BDI,1748.9,SYNTHETIC_DEMO
2024-10-23,BCI,2451.9,SYNTHETIC_DEMO
2024-10-23,BPI,1613.5,SYNTHETIC_DEMO
2024-10-23,BSI,1238.7,SYNTHETIC_DEMO
2024-10-23,BHSI,731.7,SYNTHETIC_DEMO
2024-10-24,BDI,1725.5,SYNTHETIC_DEMO
2024-10-24,BCI,2434.4,SYNTHETIC_DEMO
2024-10-24,BPI,1593.9,SYNTHETIC_DEMO
2024-10-24,BSI,1238.9,SYNTHETIC_DEMO
2024-10-24,BHSI,721.6,SYNTHETIC_DEMO
2024-10-25,BDI,1727.5,SYNTHETIC_DEMO
2024-10-25,BCI,2459.4,SYNTHETIC_DEMO
2024-10-25,BPI,1567.3,SYNTHETIC_DEMO
2024-10-25,BSI,1242.9,SYNTHETIC_DEMO
2024-10-25,BHSI,717.0,SYNTHETIC_DEMO
2024-10-26,BDI,1747.8,SYNTHETIC_DEMO
2024-10-26,BCI,2522.7,SYNTHETIC_DEMO
2024-10-26,BPI,1625.7,SYNTHETIC_DEMO
2024-10-26,BSI,1280.5,SYNTHETIC_DEMO
2024-10-26,BHSI,745.4,SYNTHETIC_DEMO
2024-10-27,BDI,1737.7,SYNTHETIC_DEMO
2024-10-27,BCI,2474.6,SYNTHETIC_DEMO
2024-10-27,BPI,1568.7,SYNTHETIC_DEMO
2024-10-27,BSI,1250.1,SYNTHETIC_DEMO
2024-10-27,BHSI,736.3,SYNTHETIC_DEMO
2024-10-28,BDI,1767.7,SYNTHETIC_DEMO
2024-10-28,BCI,2566.5,SYNTHETIC_DEMO
2024-10-28,BPI,1634.9,SYNTHETIC_DEMO
2024-10-28,BSI,1284.7,SYNTHETIC_DEMO
2024-10-28,BHSI,735.2,SYNTHETIC_DEMO
2024-10-29,BDI,1793.0,SYNTHETIC_DEMO
2024-10-29,BCI,2481.5,SYNTHETIC_DEMO
2024-10-29,BPI,1682.8,SYNTHETIC_DEMO
2024-10-29,BSI,1296.6,SYNTHETIC_DEMO
2024-10-29,BHSI,757.0,SYNTHETIC_DEMO
2024-10-30,BDI,1736.2,SYNTHETIC_DEMO
2024-10-30,BCI,2481.4,SYNTHETIC_DEMO
2024-10-30,BPI,1619.2,SYNTHETIC_DEMO
2024-10-30,BSI,1277.2,SYNTHETIC_DEMO
2024-10-30,BHSI,723.7,SYNTHETIC_DEMO
2024-10-31,BDI,1762.6,SYNTHETIC_DEMO
2024-10-31,BCI,2434.9,SYNTHETIC_DEMO
2024-10-31,BPI,1609.9,SYNTHETIC_DEMO
2024-10-31,BSI,1276.7,SYNTHETIC_DEMO
2024-10-31,BHSI,737.3,SYNTHETIC_DEMO
2024-11-01,BDI,1736.8,SYNTHETIC_DEMO
2024-11-01,BCI,2372.3,SYNTHETIC_DEMO
2024-11-01,BPI,1583.6,SYNTHETIC_DEMO
2024-11-01,BSI,1253.8,SYNTHETIC_DEMO
2024-11-01,BHSI,713.7,SYNTHETIC_DEMO
2024-11-02,BDI,1747.2,SYNTHETIC_DEMO
2024-11-02,BCI,2469.7,SYNTHETIC_DEMO
2024-11-02,BPI,1642.0,SYNTHETIC_DEMO
2024-11-02,BSI,1257.3,SYNTHETIC_DEMO
2024-11-02,BHSI,737.5,SYNTHETIC_DEMO
2024-11-03,BDI,1710.5,SYNTHETIC_DEMO
2024-11-03,BCI,2444.1,SYNTHETIC_DEMO
2024-11-03,BPI,1570.2,SYNTHETIC_DEMO
2024-11-03,BSI,1223.5,SYNTHETIC_DEMO
2024-11-03,BHSI,719.6,SYNTHETIC_DEMO
2024-11-04,BDI,1690.9,SYNTHETIC_DEMO
2024-11-04,BCI,2407.2,SYNTHETIC_DEMO
2024-11-04,BPI,1567.2,SYNTHETIC_DEMO
2024-11-04,BSI,1248.7,SYNTHETIC_DEMO
2024-11-04,BHSI,689.6,SYNTHETIC_DEMO
2024-11-05,BDI,1757.1,SYNTHETIC_DEMO
2024-11-05,BCI,2477.9,SYNTHETIC_DEMO
2024-11-05,BPI,1633.8,SYNTHETIC_DEMO
2024-11-05,BSI,1264.8,SYNTHETIC_DEMO
2024-11-05,BHSI,733.8,SYNTHETIC_DEMO
2024-11-06,BDI,1723.7,SYNTHETIC_DEMO
2024-11-06,BCI,2439.5,SYNTHETIC_DEMO
2024-11-06,BPI,1586.8,SYNTHETIC_DEMO
2024-11-06,BSI,1230.0,SYNTHETIC_DEMO
2024-11-06,BHSI,730.9,SYNTHETIC_DEMO
2024-11-07,BDI,1692.9,SYNTHETIC_DEMO
2024-11-07,BCI,2392.2,SYNTHETIC_DEMO
2024-11-07,BPI,1547.2,SYNTHETIC_DEMO
2024-11-07,BSI,1244.6,SYNTHETIC_DEMO
2024-11-07,BHSI,719.2,SYNTHETIC_DEMO
2024-11-08,BDI,1678.6,SYNTHETIC_DEMO
2024-11-08,BCI,2344.2,SYNTHETIC_DEMO
2024-11-08,BPI,1555.1,SYNTHETIC_DEMO
2024-11-08,BSI,1192.3,SYNTHETIC_DEMO
2024-11-08,BHSI,710.3,SYNTHETIC_DEMO
2024-11-09,BDI,1572.8,SYNTHETIC_DEMO
2024-11-09,BCI,2153.5,SYNTHETIC_DEMO
2024-11-09,BPI,1438.9,SYNTHETIC_DEMO
2024-11-09,BSI,1130.7,SYNTHETIC_DEMO
2024-11-09,BHSI,656.8,SYNTHETIC_DEMO
2024-11-10,BDI,1590.2,SYNTHETIC_DEMO
2024-11-10,BCI,2239.7,SYNTHETIC_DEMO
2024-11-10,BPI,1474.7,SYNTHETIC_DEMO
2024-11-10,BSI,1142.0,SYNTHETIC_DEMO
2024-11-10,BHSI,654.3,SYNTHETIC_DEMO
2024-11-11,BDI,1567.4,SYNTHETIC_DEMO
2024-11-11,BCI,2221.4,SYNTHETIC_DEMO
2024-11-11,BPI,1447.4,SYNTHETIC_DEMO
2024-11-11,BSI,1123.1,SYNTHETIC_DEMO
2024-11-11,BHSI,649.4,SYNTHETIC_DEMO
2024-11-12,BDI,1507.7,SYNTHETIC_DEMO
2024-11-12,BCI,2162.2,SYNTHETIC_DEMO
2024-11-12,BPI,1392.3,SYNTHETIC_DEMO
2024-11-12,BSI,1087.3,SYNTHETIC_DEMO
2024-11-12,BHSI,623.9,SYNTHETIC_DEMO
2024-11-13,BDI,1443.0,SYNTHETIC_DEMO
2024-11-13,BCI,2043.4,SYNTHETIC_DEMO
2024-11-13,BPI,1363.4,SYNTHETIC_DEMO
2024-11-13,BSI,1049.6,SYNTHETIC_DEMO
2024-11-13,BHSI,607.4,SYNTHETIC_DEMO
2024-11-14,BDI,1467.5,SYNTHETIC_DEMO
2024-11-14,BCI,2212.8,SYNTHETIC_DEMO
2024-11-14,BPI,1334.0,SYNTHETIC_DEMO
2024-11-14,BSI,1045.4,SYNTHETIC_DEMO
2024-11-14,BHSI,616.9,SYNTHETIC_DEMO
2024-11-15,BDI,1461.1,SYNTHETIC_DEMO
2024-11-15,BCI,2054.0,SYNTHETIC_DEMO
2024-11-15,BPI,1348.5,SYNTHETIC_DEMO
2024-11-15,BSI,1046.7,SYNTHETIC_DEMO
2024-11-15,BHSI,629.3,SYNTHETIC_DEMO
2024-11-16,BDI,1529.0,SYNTHETIC_DEMO
2024-11-16,BCI,2151.3,SYNTHETIC_DEMO
2024-11-16,BPI,1392.9,SYNTHETIC_DEMO
2024-11-16,BSI,1095.6,SYNTHETIC_DEMO
2024-11-16,BHSI,634.2,SYNTHETIC_DEMO
2024-11-17,BDI,1607.5,SYNTHETIC_DEMO
2024-11-17,BCI,2243.0,SYNTHETIC_DEMO
2024-11-17,BPI,1482.8,SYNTHETIC_DEMO
2024-11-17,BSI,1184.5,SYNTHETIC_DEMO
2024-11-17,BHSI,688.1,SYNTHETIC_DEMO
2024-11-18,BDI,1565.9,SYNTHETIC_DEMO
2024-11-18,BCI,2229.4,SYNTHETIC_DEMO
2024-11-18,BPI,1469.0,SYNTHETIC_DEMO
2024-11-18,BSI,1126.9,SYNTHETIC_DEMO
2024-11-18,BHSI,659.9,SYNTHETIC_DEMO
2024-11-19,BDI,1506.5,SYNTHETIC_DEMO
2024-11-19,BCI,2155.1,SYNTHETIC_DEMO
2024-11-19,BPI,1387.0,SYNTHETIC_DEMO
2024-11-19,BSI,1083.0,SYNTHETIC_DEMO
2024-11-19,BHSI,635.6,SYNTHETIC_DEMO
2024-11-20,BDI,1535.4,SYNTHETIC_DEMO
2024-11-20,BCI,2252.6,SYNTHETIC_DEMO
2024-11-20,BPI,1410.2,SYNTHETIC_DEMO
2024-11-20,BSI,1102.8,SYNTHETIC_DEMO
2024-11-20,BHSI,670.3,SYNTHETIC_DEMO
2024-11-21,BDI,1513.7,SYNTHETIC_DEMO
2024-11-21,BCI,2212.3,SYNTHETIC_DEMO
2024-11-21,BPI,1353.8,SYNTHETIC_DEMO
2024-11-21,BSI,1111.1,SYNTHETIC_DEMO
2024-11-21,BHSI,626.8,SYNTHETIC_DEMO
2024-11-22,BDI,1492.7,SYNTHETIC_DEMO
2024-11-22,BCI,2104.1,SYNTHETIC_DEMO
2024-11-22,BPI,1367.8,SYNTHETIC_DEMO
2024-11-22,BSI,1082.2,SYNTHETIC_DEMO
2024-11-22,BHSI,653.4,SYNTHETIC_DEMO
2024-11-23,BDI,1495.2,SYNTHETIC_DEMO
2024-11-23,BCI,2165.5,SYNTHETIC_DEMO
2024-11-23,BPI,1364.3,SYNTHETIC_DEMO
2024-11-23,BSI,1068.6,SYNTHETIC_DEMO
2024-11-23,BHSI,617.2,SYNTHETIC_DEMO
2024-11-24,BDI,1463.4,SYNTHETIC_DEMO
2024-11-24,BCI,2063.3,SYNTHETIC_DEMO
2024-11-24,BPI,1311.6,SYNTHETIC_DEMO
2024-11-24,BSI,1081.5,SYNTHETIC_DEMO
2024-11-24,BHSI,629.6,SYNTHETIC_DEMO
2024-11-25,BDI,1379.2,SYNTHETIC_DEMO
2024-11-25,BCI,1964.8,SYNTHETIC_DEMO
2024-11-25,BPI,1258.2,SYNTHETIC_DEMO
2024-11-25,BSI,1003.8,SYNTHETIC_DEMO
2024-11-25,BHSI,584.1,SYNTHETIC_DEMO
2024-11-26,BDI,1392.1,SYNTHETIC_DEMO
2024-11-26,BCI,1929.2,SYNTHETIC_DEMO
2024-11-26,BPI,1286.5,SYNTHETIC_DEMO
2024-11-26,BSI,1033.8,SYNTHETIC_DEMO
2024-11-26,BHSI,567.1,SYNTHETIC_DEMO
2024-11-27,BDI,1379.1,SYNTHETIC_DEMO
2024-11-27,BCI,2010.0,SYNTHETIC_DEMO
2024-11-27,BPI,1283.6,SYNTHETIC_DEMO
2024-11-27,BSI,990.4,SYNTHETIC_DEMO
2024-11-27,BHSI,591.6,SYNTHETIC_DEMO
2024-11-28,BDI,1361.7,SYNTHETIC_DEMO
2024-11-28,BCI,1881.3,SYNTHETIC_DEMO
2024-11-28,BPI,1293.5,SYNTHETIC_DEMO
2024-11-28,BSI,970.5,SYNTHETIC_DEMO
2024-11-28,BHSI,581.0,SYNTHETIC_DEMO
2024-11-29,BDI,1334.7,SYNTHETIC_DEMO
2024-11-29,BCI,1862.8,SYNTHETIC_DEMO
2024-11-29,BPI,1232.1,SYNTHETIC_DEMO
2024-11-29,BSI,963.8,SYNTHETIC_DEMO
2024-11-29,BHSI,569.1,SYNTHETIC_DEMO
2024-11-30,BDI,1367.0,SYNTHETIC_DEMO
2024-11-30,BCI,1904.2,SYNTHETIC_DEMO
2024-11-30,BPI,1320.6,SYNTHETIC_DEMO
2024-11-30,BSI,953.3,SYNTHETIC_DEMO
2024-11-30,BHSI,571.6,SYNTHETIC_DEMO
2024-12-01,BDI,1367.7,SYNTHETIC_DEMO
2024-12-01,BCI,1973.4,SYNTHETIC_DEMO
2024-12-01,BPI,1246.9,SYNTHETIC_DEMO
2024-12-01,BSI,963.3,SYNTHETIC_DEMO
2024-12-01,BHSI,574.7,SYNTHETIC_DEMO
2024-12-02,BDI,1387.9,SYNTHETIC_DEMO
2024-12-02,BCI,1937.1,SYNTHETIC_DEMO
2024-12-02,BPI,1265.0,SYNTHETIC_DEMO
2024-12-02,BSI,998.4,SYNTHETIC_DEMO
2024-12-02,BHSI,576.1,SYNTHETIC_DEMO
2024-12-03,BDI,1387.4,SYNTHETIC_DEMO
2024-12-03,BCI,1899.3,SYNTHETIC_DEMO
2024-12-03,BPI,1322.4,SYNTHETIC_DEMO
2024-12-03,BSI,1008.7,SYNTHETIC_DEMO
2024-12-03,BHSI,573.3,SYNTHETIC_DEMO
2024-12-04,BDI,1376.4,SYNTHETIC_DEMO
2024-12-04,BCI,2020.0,SYNTHETIC_DEMO
2024-12-04,BPI,1244.9,SYNTHETIC_DEMO
2024-12-04,BSI,997.7,SYNTHETIC_DEMO
2024-12-04,BHSI,571.5,SYNTHETIC_DEMO
2024-12-05,BDI,1387.3,SYNTHETIC_DEMO
2024-12-05,BCI,1964.5,SYNTHETIC_DEMO
2024-12-05,BPI,1271.3,SYNTHETIC_DEMO
2024-12-05,BSI,996.8,SYNTHETIC_DEMO
2024-12-05,BHSI,573.0,SYNTHETIC_DEMO
2024-12-06,BDI,1342.7,SYNTHETIC_DEMO
2024-12-06,BCI,1969.1,SYNTHETIC_DEMO
2024-12-06,BPI,1234.7,SYNTHETIC_DEMO
2024-12-06,BSI,974.1,SYNTHETIC_DEMO
2024-12-06,BHSI,567.9,SYNTHETIC_DEMO
2024-12-07,BDI,1353.8,SYNTHETIC_DEMO
2024-12-07,BCI,1926.9,SYNTHETIC_DEMO
2024-12-07,BPI,1249.0,SYNTHETIC_DEMO
2024-12-07,BSI,956.3,SYNTHETIC_DEMO
2024-12-07,BHSI,578.4,SYNTHETIC_DEMO
2024-12-08,BDI,1401.1,SYNTHETIC_DEMO
2024-12-08,BCI,1940.9,SYNTHETIC_DEMO
2024-12-08,BPI,1268.8,SYNTHETIC_DEMO
2024-12-08,BSI,1032.3,SYNTHETIC_DEMO
2024-12-08,BHSI,593.0,SYNTHETIC_DEMO
2024-12-09,BDI,1414.6,SYNTHETIC_DEMO
2024-12-09,BCI,1919.0,SYNTHETIC_DEMO
2024-12-09,BPI,1306.7,SYNTHETIC_DEMO
2024-12-09,BSI,1003.7,SYNTHETIC_DEMO
2024-12-09,BHSI,606.2,SYNTHETIC_DEMO
2024-12-10,BDI,1373.2,SYNTHETIC_DEMO
2024-12-10,BCI,2022.0,SYNTHETIC_DEMO
2024-12-10,BPI,1299.6,SYNTHETIC_DEMO
2024-12-10,BSI,994.8,SYNTHETIC_DEMO
2024-12-10,BHSI,576.9,SYNTHETIC_DEMO
2024-12-11,BDI,1371.6,SYNTHETIC_DEMO
2024-12-11,BCI,1957.8,SYNTHETIC_DEMO
2024-12-11,BPI,1282.2,SYNTHETIC_DEMO
2024-12-11,BSI,1017.4,SYNTHETIC_DEMO
2024-12-11,BHSI,589.8,SYNTHETIC_DEMO
2024-12-12,BDI,1333.8,SYNTHETIC_DEMO
2024-12-12,BCI,1969.8,SYNTHETIC_DEMO
2024-12-12,BPI,1240.6,SYNTHETIC_DEMO
2024-12-12,BSI,971.5,SYNTHETIC_DEMO
2024-12-12,BHSI,567.3,SYNTHETIC_DEMO
2024-12-13,BDI,1314.7,SYNTHETIC_DEMO
2024-12-13,BCI,1846.0,SYNTHETIC_DEMO
2024-12-13,BPI,1218.6,SYNTHETIC_DEMO
2024-12-13,BSI,984.0,SYNTHETIC_DEMO
2024-12-13,BHSI,523.8,SYNTHETIC_DEMO
2024-12-14,BDI,1334.6,SYNTHETIC_DEMO
2024-12-14,BCI,1844.1,SYNTHETIC_DEMO
2024-12-14,BPI,1184.1,SYNTHETIC_DEMO
2024-12-14,BSI,948.9,SYNTHETIC_DEMO
2024-12-14,BHSI,571.3,SYNTHETIC_DEMO
2024-12-15,BDI,1303.1,SYNTHETIC_DEMO
2024-12-15,BCI,1814.2,SYNTHETIC_DEMO
2024-12-15,BPI,1170.9,SYNTHETIC_DEMO
2024-12-15,BSI,902.2,SYNTHETIC_DEMO
2024-12-15,BHSI,530.0,SYNTHETIC_DEMO
2024-12-16,BDI,1325.2,SYNTHETIC_DEMO
2024-12-16,BCI,1894.5,SYNTHETIC_DEMO
2024-12-16,BPI,1255.3,SYNTHETIC_DEMO
2024-12-16,BSI,978.4,SYNTHETIC_DEMO
2024-12-16,BHSI,569.9,SYNTHETIC_DEMO
2024-12-17,BDI,1314.2,SYNTHETIC_DEMO
2024-12-17,BCI,1865.9,SYNTHETIC_DEMO
2024-12-17,BPI,1207.1,SYNTHETIC_DEMO
2024-12-17,BSI,945.4,SYNTHETIC_DEMO
2024-12-17,BHSI,550.7,SYNTHETIC_DEMO
2024-12-18,BDI,1329.5,SYNTHETIC_DEMO
2024-12-18,BCI,1888.3,SYNTHETIC_DEMO
2024-12-18,BPI,1241.0,SYNTHETIC_DEMO
2024-12-18,BSI,954.6,SYNTHETIC_DEMO
2024-12-18,BHSI,560.2,SYNTHETIC_DEMO
2024-12-19,BDI,1381.8,SYNTHETIC_DEMO
2024-12-19,BCI,1952.9,SYNTHETIC_DEMO
2024-12-19,BPI,1274.0,SYNTHETIC_DEMO
2024-12-19,BSI,1000.9,SYNTHETIC_DEMO
2024-12-19,BHSI,576.3,SYNTHETIC_DEMO
2024-12-20,BDI,1415.2,SYNTHETIC_DEMO
2024-12-20,BCI,2028.4,SYNTHETIC_DEMO
2024-12-20,BPI,1269.1,SYNTHETIC_DEMO
2024-12-20,BSI,1036.6,SYNTHETIC_DEMO
2024-12-20,BHSI,602.1,SYNTHETIC_DEMO
2024-12-21,BDI,1423.0,SYNTHETIC_DEMO
2024-12-21,BCI,2012.9,SYNTHETIC_DEMO
2024-12-21,BPI,1312.9,SYNTHETIC_DEMO
2024-12-21,BSI,1029.1,SYNTHETIC_DEMO
2024-12-21,BHSI,589.0,SYNTHETIC_DEMO
2024-12-22,BDI,1448.7,SYNTHETIC_DEMO
2024-12-22,BCI,2094.7,SYNTHETIC_DEMO
2024-12-22,BPI,1336.1,SYNTHETIC_DEMO
2024-12-22,BSI,1032.8,SYNTHETIC_DEMO
2024-12-22,BHSI,607.1,SYNTHETIC_DEMO
2024-12-23,BDI,1454.8,SYNTHETIC_DEMO
2024-12-23,BCI,2057.6,SYNTHETIC_DEMO
2024-12-23,BPI,1356.4,SYNTHETIC_DEMO
2024-12-23,BSI,1057.2,SYNTHETIC_DEMO
2024-12-23,BHSI,622.1,SYNTHETIC_DEMO
2024-12-24,BDI,1464.9,SYNTHETIC_DEMO
2024-12-24,BCI,2097.7,SYNTHETIC_DEMO
2024-12-24,BPI,1395.3,SYNTHETIC_DEMO
2024-12-24,BSI,1037.3,SYNTHETIC_DEMO
2024-12-24,BHSI,621.4,SYNTHETIC_DEMO
2024-12-25,BDI,1520.6,SYNTHETIC_DEMO
2024-12-25,BCI,2203.2,SYNTHETIC_DEMO
2024-12-25,BPI,1437.9,SYNTHETIC_DEMO
2024-12-25,BSI,1066.5,SYNTHETIC_DEMO
2024-12-25,BHSI,613.3,SYNTHETIC_DEMO
2024-12-26,BDI,1532.1,SYNTHETIC_DEMO
2024-12-26,BCI,2192.4,SYNTHETIC_DEMO
2024-12-26,BPI,1419.9,SYNTHETIC_DEMO
2024-12-26,BSI,1107.8,SYNTHETIC_DEMO
2024-12-26,BHSI,640.6,SYNTHETIC_DEMO
2024-12-27,BDI,1507.3,SYNTHETIC_DEMO
2024-12-27,BCI,2123.0,SYNTHETIC_DEMO
2024-12-27,BPI,1384.4,SYNTHETIC_DEMO
2024-12-27,BSI,1071.9,SYNTHETIC_DEMO
2024-12-27,BHSI,647.9,SYNTHETIC_DEMO
2024-12-28,BDI,1470.2,SYNTHETIC_DEMO
2024-12-28,BCI,2088.1,SYNTHETIC_DEMO
2024-12-28,BPI,1347.5,SYNTHETIC_DEMO
2024-12-28,BSI,1058.2,SYNTHETIC_DEMO
2024-12-28,BHSI,614.1,SYNTHETIC_DEMO
2024-12-29,BDI,1491.3,SYNTHETIC_DEMO
2024-12-29,BCI,2135.0,SYNTHETIC_DEMO
2024-12-29,BPI,1357.3,SYNTHETIC_DEMO
2024-12-29,BSI,1055.0,SYNTHETIC_DEMO
2024-12-29,BHSI,625.0,SYNTHETIC_DEMO
2024-12-30,BDI,1471.2,SYNTHETIC_DEMO
2024-12-30,BCI,2059.9,SYNTHETIC_DEMO
2024-12-30,BPI,1395.7,SYNTHETIC_DEMO
2024-12-30,BSI,1077.7,SYNTHETIC_DEMO
2024-12-30,BHSI,609.3,SYNTHETIC_DEMO
2024-12-31,BDI,1461.8,SYNTHETIC_DEMO
2024-12-31,BCI,2057.9,SYNTHETIC_DEMO
2024-12-31,BPI,1406.4,SYNTHETIC_DEMO
2024-12-31,BSI,1037.4,SYNTHETIC_DEMO
2024-12-31,BHSI,615.8,SYNTHETIC_DEMO
